timestamp,import_kw
2025-12-31T23:00:00Z,20405.1
2025-12-31T23:15:00Z,22872.7
2025-12-31T23:30:00Z,22687.0
2025-12-31T23:45:00Z,21544.7
2026-01-01T00:00:00Z,23844.0
2026-01-01T00:15:00Z,16074.0
2026-01-01T00:30:00Z,24137.8
2026-01-01T00:45:00Z,23468.9
2026-01-01T01:00:00Z,20636.9
2026-01-01T01:15:00Z,20616.9
2026-01-01T01:30:00Z,24170.3
2026-01-01T01:45:00Z,24152.7
2026-01-01T02:00:00Z,16396.0
2026-01-01T02:15:00Z,24213.0
2026-01-01T02:30:00Z,23251.9
2026-01-01T02:45:00Z,17094.1
2026-01-01T03:00:00Z,22428.9
2026-01-01T03:15:00Z,23829.1
2026-01-01T03:30:00Z,21864.0
2026-01-01T03:45:00Z,23637.6
2026-01-01T04:00:00Z,22420.0
2026-01-01T04:15:00Z,22410.3
2026-01-01T04:30:00Z,20258.6
2026-01-01T04:45:00Z,22153.0
2026-01-01T05:00:00Z,13992.4
2026-01-01T05:15:00Z,23376.5
2026-01-01T05:30:00Z,19665.0
2026-01-01T05:45:00Z,16217.9
2026-01-01T06:00:00Z,14259.0
2026-01-01T06:15:00Z,8039.0
2026-01-01T06:30:00Z,14611.8
2026-01-01T06:45:00Z,6288.5
2026-01-01T07:00:00Z,15754.1
2026-01-01T07:15:00Z,13836.0
2026-01-01T07:30:00Z,16786.8
2026-01-01T07:45:00Z,17842.0
2026-01-01T08:00:00Z,10758.4
2026-01-01T08:15:00Z,17099.3
2026-01-01T08:30:00Z,18428.5
2026-01-01T08:45:00Z,14093.5
2026-01-01T09:00:00Z,22867.4
2026-01-01T09:15:00Z,16138.5
2026-01-01T09:30:00Z,9222.6
2026-01-01T09:45:00Z,12623.3
2026-01-01T10:00:00Z,13220.9
2026-01-01T10:15:00Z,20718.9
2026-01-01T10:30:00Z,13645.0
2026-01-01T10:45:00Z,12154.0
2026-01-01T11:00:00Z,14919.8
2026-01-01T11:15:00Z,19742.7
2026-01-01T11:30:00Z,19170.1
2026-01-01T11:45:00Z,17207.0
2026-01-01T12:00:00Z,18122.8
2026-01-01T12:15:00Z,17201.5
2026-01-01T12:30:00Z,11572.3
2026-01-01T12:45:00Z,12153.3
2026-01-01T13:00:00Z,10515.5
2026-01-01T13:15:00Z,17356.0
2026-01-01T13:30:00Z,8836.1
2026-01-01T13:45:00Z,16824.4
2026-01-01T14:00:00Z,9801.6
2026-01-01T14:15:00Z,14132.7
2026-01-01T14:30:00Z,20113.3
2026-01-01T14:45:00Z,16537.0
2026-01-01T15:00:00Z,13336.0
2026-01-01T15:15:00Z,14056.4
2026-01-01T15:30:00Z,18180.9
2026-01-01T15:45:00Z,15152.8
2026-01-01T16:00:00Z,14566.6
2026-01-01T16:15:00Z,10859.6
2026-01-01T16:30:00Z,14400.8
2026-01-01T16:45:00Z,8624.1
2026-01-01T17:00:00Z,12937.6
2026-01-01T17:15:00Z,17531.4
2026-01-01T17:30:00Z,20049.6
2026-01-01T17:45:00Z,13930.9
2026-01-01T18:00:00Z,11100.6
2026-01-01T18:15:00Z,19003.1
2026-01-01T18:30:00Z,14476.5
2026-01-01T18:45:00Z,10469.4
2026-01-01T19:00:00Z,16201.9
2026-01-01T19:15:00Z,18787.9
2026-01-01T19:30:00Z,12943.1
2026-01-01T19:45:00Z,14465.1
2026-01-01T20:00:00Z,13560.4
2026-01-01T20:15:00Z,14529.5
2026-01-01T20:30:00Z,14101.5
2026-01-01T20:45:00Z,20642.5
2026-01-01T21:00:00Z,23189.0
2026-01-01T21:15:00Z,23226.9
2026-01-01T21:30:00Z,24870.2
2026-01-01T21:45:00Z,19305.2
2026-01-01T22:00:00Z,21603.4
2026-01-01T22:15:00Z,22893.9
2026-01-01T22:30:00Z,19825.5
2026-01-01T22:45:00Z,22439.9
2026-01-01T23:00:00Z,17958.6
2026-01-01T23:15:00Z,18833.8
2026-01-01T23:30:00Z,21048.1
2026-01-01T23:45:00Z,24073.6
2026-01-02T00:00:00Z,23725.5
2026-01-02T00:15:00Z,23754.9
2026-01-02T00:30:00Z,20767.8
2026-01-02T00:45:00Z,20255.5
2026-01-02T01:00:00Z,19355.7
2026-01-02T01:15:00Z,24506.1
2026-01-02T01:30:00Z,22529.6
2026-01-02T01:45:00Z,20794.9
2026-01-02T02:00:00Z,21915.2
2026-01-02T02:15:00Z,21515.2
2026-01-02T02:30:00Z,23849.6
2026-01-02T02:45:00Z,22896.5
2026-01-02T03:00:00Z,20737.1
2026-01-02T03:15:00Z,22002.7
2026-01-02T03:30:00Z,21382.9
2026-01-02T03:45:00Z,20501.3
2026-01-02T04:00:00Z,21981.1
2026-01-02T04:15:00Z,23918.0
2026-01-02T04:30:00Z,23987.6
2026-01-02T04:45:00Z,23470.0
2026-01-02T05:00:00Z,16215.9
2026-01-02T05:15:00Z,18707.8
2026-01-02T05:30:00Z,16232.4
2026-01-02T05:45:00Z,18427.4
2026-01-02T06:00:00Z,13416.0
2026-01-02T06:15:00Z,14116.5
2026-01-02T06:30:00Z,16525.3
2026-01-02T06:45:00Z,18589.0
2026-01-02T07:00:00Z,18642.2
2026-01-02T07:15:00Z,19573.1
2026-01-02T07:30:00Z,13137.7
2026-01-02T07:45:00Z,19968.9
2026-01-02T08:00:00Z,10213.7
2026-01-02T08:15:00Z,12461.1
2026-01-02T08:30:00Z,20341.7
2026-01-02T08:45:00Z,10435.4
2026-01-02T09:00:00Z,12391.4
2026-01-02T09:15:00Z,16875.9
2026-01-02T09:30:00Z,12922.3
2026-01-02T09:45:00Z,20235.0
2026-01-02T10:00:00Z,22577.8
2026-01-02T10:15:00Z,12945.0
2026-01-02T10:30:00Z,10921.1
2026-01-02T10:45:00Z,17580.4
2026-01-02T11:00:00Z,12647.1
2026-01-02T11:15:00Z,23210.6
2026-01-02T11:30:00Z,23478.1
2026-01-02T11:45:00Z,18220.3
2026-01-02T12:00:00Z,8499.5
2026-01-02T12:15:00Z,7670.2
2026-01-02T12:30:00Z,10879.2
2026-01-02T12:45:00Z,17450.2
2026-01-02T13:00:00Z,16196.2
2026-01-02T13:15:00Z,12729.0
2026-01-02T13:30:00Z,17562.9
2026-01-02T13:45:00Z,22826.2
2026-01-02T14:00:00Z,18340.0
2026-01-02T14:15:00Z,8736.6
2026-01-02T14:30:00Z,22228.7
2026-01-02T14:45:00Z,15122.8
2026-01-02T15:00:00Z,10270.9
2026-01-02T15:15:00Z,16860.7
2026-01-02T15:30:00Z,12794.3
2026-01-02T15:45:00Z,19830.9
2026-01-02T16:00:00Z,14034.7
2026-01-02T16:15:00Z,9800.0
2026-01-02T16:30:00Z,10870.7
2026-01-02T16:45:00Z,19701.8
2026-01-02T17:00:00Z,21477.7
2026-01-02T17:15:00Z,11435.8
2026-01-02T17:30:00Z,19583.0
2026-01-02T17:45:00Z,18790.6
2026-01-02T18:00:00Z,18820.7
2026-01-02T18:15:00Z,10240.8
2026-01-02T18:30:00Z,23100.8
2026-01-02T18:45:00Z,19115.3
2026-01-02T19:00:00Z,23744.2
2026-01-02T19:15:00Z,19367.0
2026-01-02T19:30:00Z,22928.4
2026-01-02T19:45:00Z,14190.3
2026-01-02T20:00:00Z,18747.8
2026-01-02T20:15:00Z,14669.3
2026-01-02T20:30:00Z,14188.4
2026-01-02T20:45:00Z,14419.2
2026-01-02T21:00:00Z,20613.5
2026-01-02T21:15:00Z,20650.0
2026-01-02T21:30:00Z,21715.1
2026-01-02T21:45:00Z,19483.4
2026-01-02T22:00:00Z,19840.6
2026-01-02T22:15:00Z,23466.7
2026-01-02T22:30:00Z,22251.9
2026-01-02T22:45:00Z,22322.4
2026-01-02T23:00:00Z,20552.0
2026-01-02T23:15:00Z,21286.4
2026-01-02T23:30:00Z,21649.3
2026-01-02T23:45:00Z,22072.2
2026-01-03T00:00:00Z,22384.2
2026-01-03T00:15:00Z,22528.7
2026-01-03T00:30:00Z,23358.9
2026-01-03T00:45:00Z,20449.6
2026-01-03T01:00:00Z,23953.0
2026-01-03T01:15:00Z,23362.1
2026-01-03T01:30:00Z,22298.2
2026-01-03T01:45:00Z,22696.3
2026-01-03T02:00:00Z,21120.7
2026-01-03T02:15:00Z,24144.1
2026-01-03T02:30:00Z,20085.1
2026-01-03T02:45:00Z,21203.8
2026-01-03T03:00:00Z,15894.5
2026-01-03T03:15:00Z,23166.2
2026-01-03T03:30:00Z,17254.0
2026-01-03T03:45:00Z,23381.0
2026-01-03T04:00:00Z,19998.7
2026-01-03T04:15:00Z,23423.5
2026-01-03T04:30:00Z,22985.0
2026-01-03T04:45:00Z,23514.1
2026-01-03T05:00:00Z,19290.2
2026-01-03T05:15:00Z,24008.3
2026-01-03T05:30:00Z,21634.8
2026-01-03T05:45:00Z,22046.6
2026-01-03T06:00:00Z,22834.0
2026-01-03T06:15:00Z,22352.6
2026-01-03T06:30:00Z,21104.3
2026-01-03T06:45:00Z,21723.0
2026-01-03T07:00:00Z,22754.3
2026-01-03T07:15:00Z,24087.9
2026-01-03T07:30:00Z,19508.3
2026-01-03T07:45:00Z,22929.0
2026-01-03T08:00:00Z,23132.8
2026-01-03T08:15:00Z,22311.3
2026-01-03T08:30:00Z,23174.7
2026-01-03T08:45:00Z,21403.5
2026-01-03T09:00:00Z,18500.4
2026-01-03T09:15:00Z,21386.9
2026-01-03T09:30:00Z,21156.6
2026-01-03T09:45:00Z,21108.6
2026-01-03T10:00:00Z,23268.7
2026-01-03T10:15:00Z,21533.9
2026-01-03T10:30:00Z,22033.3
2026-01-03T10:45:00Z,21932.0
2026-01-03T11:00:00Z,17864.0
2026-01-03T11:15:00Z,19345.5
2026-01-03T11:30:00Z,17576.3
2026-01-03T11:45:00Z,21143.8
2026-01-03T12:00:00Z,20836.3
2026-01-03T12:15:00Z,15205.0
2026-01-03T12:30:00Z,22028.6
2026-01-03T12:45:00Z,20750.2
2026-01-03T13:00:00Z,21709.5
2026-01-03T13:15:00Z,18315.9
2026-01-03T13:30:00Z,16804.3
2026-01-03T13:45:00Z,18556.5
2026-01-03T14:00:00Z,23068.1
2026-01-03T14:15:00Z,22167.5
2026-01-03T14:30:00Z,22713.2
2026-01-03T14:45:00Z,18354.8
2026-01-03T15:00:00Z,17946.4
2026-01-03T15:15:00Z,20155.7
2026-01-03T15:30:00Z,21930.0
2026-01-03T15:45:00Z,21874.8
2026-01-03T16:00:00Z,22689.9
2026-01-03T16:15:00Z,20118.3
2026-01-03T16:30:00Z,17683.2
2026-01-03T16:45:00Z,20190.3
2026-01-03T17:00:00Z,23015.7
2026-01-03T17:15:00Z,22747.5
2026-01-03T17:30:00Z,23632.0
2026-01-03T17:45:00Z,23108.8
2026-01-03T18:00:00Z,21218.3
2026-01-03T18:15:00Z,22765.4
2026-01-03T18:30:00Z,17177.3
2026-01-03T18:45:00Z,16078.6
2026-01-03T19:00:00Z,21388.6
2026-01-03T19:15:00Z,23994.9
2026-01-03T19:30:00Z,23934.1
2026-01-03T19:45:00Z,23042.3
2026-01-03T20:00:00Z,23905.8
2026-01-03T20:15:00Z,24069.6
2026-01-03T20:30:00Z,21764.8
2026-01-03T20:45:00Z,20567.6
2026-01-03T21:00:00Z,23557.8
2026-01-03T21:15:00Z,15554.1
2026-01-03T21:30:00Z,18570.4
2026-01-03T21:45:00Z,22963.0
2026-01-03T22:00:00Z,16742.8
2026-01-03T22:15:00Z,23201.8
2026-01-03T22:30:00Z,24386.5
2026-01-03T22:45:00Z,19600.4
2026-01-03T23:00:00Z,23854.5
2026-01-03T23:15:00Z,21662.1
2026-01-03T23:30:00Z,21779.6
2026-01-03T23:45:00Z,24158.7
2026-01-04T00:00:00Z,20351.0
2026-01-04T00:15:00Z,19894.4
2026-01-04T00:30:00Z,23821.0
2026-01-04T00:45:00Z,17659.0
2026-01-04T01:00:00Z,21287.2
2026-01-04T01:15:00Z,21934.8
2026-01-04T01:30:00Z,21680.7
2026-01-04T01:45:00Z,23929.6
2026-01-04T02:00:00Z,19130.0
2026-01-04T02:15:00Z,23091.6
2026-01-04T02:30:00Z,24554.8
2026-01-04T02:45:00Z,15145.2
2026-01-04T03:00:00Z,18078.2
2026-01-04T03:15:00Z,23171.7
2026-01-04T03:30:00Z,22458.4
2026-01-04T03:45:00Z,21809.3
2026-01-04T04:00:00Z,23246.5
2026-01-04T04:15:00Z,14387.4
2026-01-04T04:30:00Z,22973.4
2026-01-04T04:45:00Z,22756.9
2026-01-04T05:00:00Z,21629.2
2026-01-04T05:15:00Z,23922.8
2026-01-04T05:30:00Z,20297.3
2026-01-04T05:45:00Z,18379.5
2026-01-04T06:00:00Z,21786.4
2026-01-04T06:15:00Z,23289.8
2026-01-04T06:30:00Z,23542.5
2026-01-04T06:45:00Z,13987.0
2026-01-04T07:00:00Z,23053.7
2026-01-04T07:15:00Z,22294.8
2026-01-04T07:30:00Z,19852.5
2026-01-04T07:45:00Z,23302.5
2026-01-04T08:00:00Z,22829.6
2026-01-04T08:15:00Z,22337.9
2026-01-04T08:30:00Z,21973.1
2026-01-04T08:45:00Z,19190.7
2026-01-04T09:00:00Z,19388.8
2026-01-04T09:15:00Z,19936.7
2026-01-04T09:30:00Z,22400.5
2026-01-04T09:45:00Z,18233.1
2026-01-04T10:00:00Z,23517.7
2026-01-04T10:15:00Z,20942.7
2026-01-04T10:30:00Z,18134.0
2026-01-04T10:45:00Z,20225.4
2026-01-04T11:00:00Z,22519.3
2026-01-04T11:15:00Z,21389.0
2026-01-04T11:30:00Z,15105.7
2026-01-04T11:45:00Z,21059.1
2026-01-04T12:00:00Z,20189.4
2026-01-04T12:15:00Z,15127.2
2026-01-04T12:30:00Z,21339.2
2026-01-04T12:45:00Z,21858.9
2026-01-04T13:00:00Z,21496.9
2026-01-04T13:15:00Z,21006.8
2026-01-04T13:30:00Z,23571.4
2026-01-04T13:45:00Z,18680.0
2026-01-04T14:00:00Z,17324.8
2026-01-04T14:15:00Z,23619.5
2026-01-04T14:30:00Z,19471.1
2026-01-04T14:45:00Z,21526.4
2026-01-04T15:00:00Z,19081.4
2026-01-04T15:15:00Z,21702.0
2026-01-04T15:30:00Z,22602.6
2026-01-04T15:45:00Z,19665.2
2026-01-04T16:00:00Z,17543.6
2026-01-04T16:15:00Z,19214.0
2026-01-04T16:30:00Z,22182.7
2026-01-04T16:45:00Z,23461.2
2026-01-04T17:00:00Z,21667.9
2026-01-04T17:15:00Z,23057.2
2026-01-04T17:30:00Z,23040.8
2026-01-04T17:45:00Z,23706.1
2026-01-04T18:00:00Z,16869.5
2026-01-04T18:15:00Z,17945.9
2026-01-04T18:30:00Z,19085.3
2026-01-04T18:45:00Z,22910.3
2026-01-04T19:00:00Z,24183.4
2026-01-04T19:15:00Z,19993.1
2026-01-04T19:30:00Z,23817.0
2026-01-04T19:45:00Z,20802.3
2026-01-04T20:00:00Z,21656.9
2026-01-04T20:15:00Z,20636.4
2026-01-04T20:30:00Z,18156.1
2026-01-04T20:45:00Z,13987.5
2026-01-04T21:00:00Z,23622.3
2026-01-04T21:15:00Z,20562.8
2026-01-04T21:30:00Z,20338.3
2026-01-04T21:45:00Z,15128.9
2026-01-04T22:00:00Z,23745.1
2026-01-04T22:15:00Z,21824.1
2026-01-04T22:30:00Z,22724.6
2026-01-04T22:45:00Z,19365.1
2026-01-04T23:00:00Z,23473.0
2026-01-04T23:15:00Z,23399.0
2026-01-04T23:30:00Z,18322.7
2026-01-04T23:45:00Z,24338.3
2026-01-05T00:00:00Z,23126.9
2026-01-05T00:15:00Z,23407.7
2026-01-05T00:30:00Z,23278.8
2026-01-05T00:45:00Z,18421.3
2026-01-05T01:00:00Z,20652.4
2026-01-05T01:15:00Z,20951.8
2026-01-05T01:30:00Z,19086.2
2026-01-05T01:45:00Z,9940.8
2026-01-05T02:00:00Z,18589.6
2026-01-05T02:15:00Z,16289.7
2026-01-05T02:30:00Z,14974.9
2026-01-05T02:45:00Z,22513.4
2026-01-05T03:00:00Z,20885.0
2026-01-05T03:15:00Z,21492.1
2026-01-05T03:30:00Z,18082.9
2026-01-05T03:45:00Z,22568.0
2026-01-05T04:00:00Z,14343.7
2026-01-05T04:15:00Z,23791.0
2026-01-05T04:30:00Z,17020.4
2026-01-05T04:45:00Z,23114.8
2026-01-05T05:00:00Z,15223.7
2026-01-05T05:15:00Z,13767.9
2026-01-05T05:30:00Z,22737.6
2026-01-05T05:45:00Z,17959.3
2026-01-05T06:00:00Z,17716.7
2026-01-05T06:15:00Z,10017.8
2026-01-05T06:30:00Z,9475.8
2026-01-05T06:45:00Z,15174.1
2026-01-05T07:00:00Z,17462.9
2026-01-05T07:15:00Z,17125.4
2026-01-05T07:30:00Z,17549.2
2026-01-05T07:45:00Z,14758.4
2026-01-05T08:00:00Z,8205.4
2026-01-05T08:15:00Z,13762.2
2026-01-05T08:30:00Z,17172.2
2026-01-05T08:45:00Z,17532.0
2026-01-05T09:00:00Z,16230.4
2026-01-05T09:15:00Z,8820.6
2026-01-05T09:30:00Z,12757.4
2026-01-05T09:45:00Z,9832.9
2026-01-05T10:00:00Z,17935.7
2026-01-05T10:15:00Z,18125.3
2026-01-05T10:30:00Z,13001.7
2026-01-05T10:45:00Z,12599.0
2026-01-05T11:00:00Z,18106.3
2026-01-05T11:15:00Z,11723.4
2026-01-05T11:30:00Z,11525.2
2026-01-05T11:45:00Z,13598.8
2026-01-05T12:00:00Z,10210.9
2026-01-05T12:15:00Z,17723.9
2026-01-05T12:30:00Z,12656.6
2026-01-05T12:45:00Z,13265.3
2026-01-05T13:00:00Z,18441.4
2026-01-05T13:15:00Z,20556.5
2026-01-05T13:30:00Z,16445.1
2026-01-05T13:45:00Z,13345.8
2026-01-05T14:00:00Z,14460.2
2026-01-05T14:15:00Z,18829.4
2026-01-05T14:30:00Z,13517.2
2026-01-05T14:45:00Z,22319.4
2026-01-05T15:00:00Z,17773.6
2026-01-05T15:15:00Z,15404.8
2026-01-05T15:30:00Z,15214.9
2026-01-05T15:45:00Z,14299.2
2026-01-05T16:00:00Z,19249.5
2026-01-05T16:15:00Z,13247.4
2026-01-05T16:30:00Z,10254.6
2026-01-05T16:45:00Z,10050.8
2026-01-05T17:00:00Z,12867.3
2026-01-05T17:15:00Z,11354.8
2026-01-05T17:30:00Z,14697.6
2026-01-05T17:45:00Z,19482.6
2026-01-05T18:00:00Z,18375.8
2026-01-05T18:15:00Z,23666.9
2026-01-05T18:30:00Z,9878.6
2026-01-05T18:45:00Z,18780.9
2026-01-05T19:00:00Z,13975.0
2026-01-05T19:15:00Z,14700.9
2026-01-05T19:30:00Z,21935.2
2026-01-05T19:45:00Z,20188.9
2026-01-05T20:00:00Z,10067.4
2026-01-05T20:15:00Z,9800.3
2026-01-05T20:30:00Z,17794.4
2026-01-05T20:45:00Z,16086.9
2026-01-05T21:00:00Z,20953.0
2026-01-05T21:15:00Z,24289.9
2026-01-05T21:30:00Z,21694.2
2026-01-05T21:45:00Z,24229.0
2026-01-05T22:00:00Z,22277.2
2026-01-05T22:15:00Z,21725.4
2026-01-05T22:30:00Z,22939.3
2026-01-05T22:45:00Z,17735.0
2026-01-05T23:00:00Z,16876.6
2026-01-05T23:15:00Z,24194.4
2026-01-05T23:30:00Z,20596.6
2026-01-05T23:45:00Z,21546.2
2026-01-06T00:00:00Z,22504.0
2026-01-06T00:15:00Z,20842.5
2026-01-06T00:30:00Z,22180.0
2026-01-06T00:45:00Z,20426.0
2026-01-06T01:00:00Z,23643.5
2026-01-06T01:15:00Z,18897.5
2026-01-06T01:30:00Z,22179.6
2026-01-06T01:45:00Z,21199.3
2026-01-06T02:00:00Z,24459.6
2026-01-06T02:15:00Z,23566.4
2026-01-06T02:30:00Z,23958.3
2026-01-06T02:45:00Z,23512.6
2026-01-06T03:00:00Z,24469.7
2026-01-06T03:15:00Z,23643.7
2026-01-06T03:30:00Z,19411.1
2026-01-06T03:45:00Z,22946.8
2026-01-06T04:00:00Z,22569.4
2026-01-06T04:15:00Z,23036.2
2026-01-06T04:30:00Z,23140.9
2026-01-06T04:45:00Z,23849.9
2026-01-06T05:00:00Z,17204.6
2026-01-06T05:15:00Z,16750.2
2026-01-06T05:30:00Z,14767.5
2026-01-06T05:45:00Z,12176.8
2026-01-06T06:00:00Z,16330.3
2026-01-06T06:15:00Z,13010.5
2026-01-06T06:30:00Z,17595.5
2026-01-06T06:45:00Z,23683.4
2026-01-06T07:00:00Z,16928.6
2026-01-06T07:15:00Z,18639.0
2026-01-06T07:30:00Z,19526.6
2026-01-06T07:45:00Z,7207.9
2026-01-06T08:00:00Z,12589.9
2026-01-06T08:15:00Z,19137.7
2026-01-06T08:30:00Z,18342.0
2026-01-06T08:45:00Z,16078.3
2026-01-06T09:00:00Z,8091.1
2026-01-06T09:15:00Z,14804.9
2026-01-06T09:30:00Z,11210.7
2026-01-06T09:45:00Z,8231.5
2026-01-06T10:00:00Z,18591.0
2026-01-06T10:15:00Z,13850.9
2026-01-06T10:30:00Z,13297.0
2026-01-06T10:45:00Z,9389.4
2026-01-06T11:00:00Z,13637.3
2026-01-06T11:15:00Z,14323.4
2026-01-06T11:30:00Z,17115.9
2026-01-06T11:45:00Z,16105.7
2026-01-06T12:00:00Z,15956.3
2026-01-06T12:15:00Z,9513.0
2026-01-06T12:30:00Z,18718.3
2026-01-06T12:45:00Z,12638.6
2026-01-06T13:00:00Z,12511.4
2026-01-06T13:15:00Z,17100.9
2026-01-06T13:30:00Z,8405.5
2026-01-06T13:45:00Z,11802.9
2026-01-06T14:00:00Z,18288.9
2026-01-06T14:15:00Z,12917.6
2026-01-06T14:30:00Z,10215.5
2026-01-06T14:45:00Z,11503.0
2026-01-06T15:00:00Z,19218.1
2026-01-06T15:15:00Z,16945.8
2026-01-06T15:30:00Z,18689.0
2026-01-06T15:45:00Z,7668.7
2026-01-06T16:00:00Z,14007.0
2026-01-06T16:15:00Z,10198.9
2026-01-06T16:30:00Z,13723.6
2026-01-06T16:45:00Z,15473.3
2026-01-06T17:00:00Z,22440.0
2026-01-06T17:15:00Z,18655.5
2026-01-06T17:30:00Z,18898.5
2026-01-06T17:45:00Z,10657.9
2026-01-06T18:00:00Z,14473.3
2026-01-06T18:15:00Z,15261.4
2026-01-06T18:30:00Z,22873.9
2026-01-06T18:45:00Z,18512.6
2026-01-06T19:00:00Z,12188.8
2026-01-06T19:15:00Z,11553.5
2026-01-06T19:30:00Z,18735.1
2026-01-06T19:45:00Z,16278.5
2026-01-06T20:00:00Z,16888.0
2026-01-06T20:15:00Z,12148.1
2026-01-06T20:30:00Z,12084.8
2026-01-06T20:45:00Z,20306.5
2026-01-06T21:00:00Z,19236.6
2026-01-06T21:15:00Z,24477.7
2026-01-06T21:30:00Z,20482.6
2026-01-06T21:45:00Z,20923.5
2026-01-06T22:00:00Z,20544.1
2026-01-06T22:15:00Z,22836.0
2026-01-06T22:30:00Z,18568.4
2026-01-06T22:45:00Z,21480.2
2026-01-06T23:00:00Z,19380.1
2026-01-06T23:15:00Z,22340.5
2026-01-06T23:30:00Z,22648.5
2026-01-06T23:45:00Z,20795.1
2026-01-07T00:00:00Z,23812.1
2026-01-07T00:15:00Z,23540.4
2026-01-07T00:30:00Z,22400.7
2026-01-07T00:45:00Z,23664.6
2026-01-07T01:00:00Z,23486.2
2026-01-07T01:15:00Z,22343.4
2026-01-07T01:30:00Z,23982.2
2026-01-07T01:45:00Z,24736.1
2026-01-07T02:00:00Z,23569.7
2026-01-07T02:15:00Z,20242.2
2026-01-07T02:30:00Z,23108.2
2026-01-07T02:45:00Z,16887.5
2026-01-07T03:00:00Z,23608.0
2026-01-07T03:15:00Z,22275.8
2026-01-07T03:30:00Z,19759.0
2026-01-07T03:45:00Z,22723.4
2026-01-07T04:00:00Z,23353.0
2026-01-07T04:15:00Z,23231.6
2026-01-07T04:30:00Z,23309.2
2026-01-07T04:45:00Z,23036.1
2026-01-07T05:00:00Z,19032.1
2026-01-07T05:15:00Z,14909.2
2026-01-07T05:30:00Z,14834.9
2026-01-07T05:45:00Z,7936.8
2026-01-07T06:00:00Z,10545.1
2026-01-07T06:15:00Z,15472.9
2026-01-07T06:30:00Z,17322.0
2026-01-07T06:45:00Z,6375.3
2026-01-07T07:00:00Z,16816.0
2026-01-07T07:15:00Z,13296.4
2026-01-07T07:30:00Z,12869.4
2026-01-07T07:45:00Z,17685.9
2026-01-07T08:00:00Z,15304.0
2026-01-07T08:15:00Z,12173.0
2026-01-07T08:30:00Z,15798.1
2026-01-07T08:45:00Z,9903.4
2026-01-07T09:00:00Z,14908.6
2026-01-07T09:15:00Z,15545.9
2026-01-07T09:30:00Z,16924.0
2026-01-07T09:45:00Z,13724.1
2026-01-07T10:00:00Z,10210.9
2026-01-07T10:15:00Z,15071.4
2026-01-07T10:30:00Z,23182.1
2026-01-07T10:45:00Z,12506.3
2026-01-07T11:00:00Z,14401.3
2026-01-07T11:15:00Z,23445.5
2026-01-07T11:30:00Z,12753.6
2026-01-07T11:45:00Z,14069.6
2026-01-07T12:00:00Z,11474.9
2026-01-07T12:15:00Z,10668.1
2026-01-07T12:30:00Z,5330.4
2026-01-07T12:45:00Z,18627.7
2026-01-07T13:00:00Z,12227.8
2026-01-07T13:15:00Z,20999.6
2026-01-07T13:30:00Z,8608.0
2026-01-07T13:45:00Z,14121.0
2026-01-07T14:00:00Z,17722.8
2026-01-07T14:15:00Z,7628.3
2026-01-07T14:30:00Z,19746.5
2026-01-07T14:45:00Z,10913.6
2026-01-07T15:00:00Z,14095.7
2026-01-07T15:15:00Z,8115.7
2026-01-07T15:30:00Z,18360.1
2026-01-07T15:45:00Z,10326.6
2026-01-07T16:00:00Z,10195.7
2026-01-07T16:15:00Z,17374.4
2026-01-07T16:30:00Z,14792.7
2026-01-07T16:45:00Z,21869.2
2026-01-07T17:00:00Z,12075.0
2026-01-07T17:15:00Z,16134.5
2026-01-07T17:30:00Z,9937.1
2026-01-07T17:45:00Z,15017.7
2026-01-07T18:00:00Z,17736.9
2026-01-07T18:15:00Z,14158.8
2026-01-07T18:30:00Z,15901.8
2026-01-07T18:45:00Z,16910.0
2026-01-07T19:00:00Z,19790.5
2026-01-07T19:15:00Z,11776.2
2026-01-07T19:30:00Z,23441.5
2026-01-07T19:45:00Z,17848.3
2026-01-07T20:00:00Z,14936.5
2026-01-07T20:15:00Z,13728.5
2026-01-07T20:30:00Z,22650.9
2026-01-07T20:45:00Z,14141.0
2026-01-07T21:00:00Z,23649.3
2026-01-07T21:15:00Z,23806.7
2026-01-07T21:30:00Z,23739.6
2026-01-07T21:45:00Z,18929.1
2026-01-07T22:00:00Z,18810.3
2026-01-07T22:15:00Z,20154.4
2026-01-07T22:30:00Z,21221.8
2026-01-07T22:45:00Z,24209.2
2026-01-07T23:00:00Z,24186.1
2026-01-07T23:15:00Z,22245.6
2026-01-07T23:30:00Z,23806.8
2026-01-07T23:45:00Z,22548.0
2026-01-08T00:00:00Z,23326.5
2026-01-08T00:15:00Z,21442.8
2026-01-08T00:30:00Z,19198.4
2026-01-08T00:45:00Z,20588.0
2026-01-08T01:00:00Z,18853.8
2026-01-08T01:15:00Z,24367.4
2026-01-08T01:30:00Z,23327.3
2026-01-08T01:45:00Z,23057.3
2026-01-08T02:00:00Z,24552.4
2026-01-08T02:15:00Z,24576.3
2026-01-08T02:30:00Z,22385.5
2026-01-08T02:45:00Z,22931.4
2026-01-08T03:00:00Z,21807.8
2026-01-08T03:15:00Z,17090.9
2026-01-08T03:30:00Z,20438.6
2026-01-08T03:45:00Z,23802.9
2026-01-08T04:00:00Z,17310.0
2026-01-08T04:15:00Z,20393.9
2026-01-08T04:30:00Z,18764.5
2026-01-08T04:45:00Z,24205.6
2026-01-08T05:00:00Z,18663.2
2026-01-08T05:15:00Z,18378.5
2026-01-08T05:30:00Z,18871.2
2026-01-08T05:45:00Z,24346.3
2026-01-08T06:00:00Z,15066.5
2026-01-08T06:15:00Z,20828.9
2026-01-08T06:30:00Z,14674.3
2026-01-08T06:45:00Z,17457.0
2026-01-08T07:00:00Z,11171.6
2026-01-08T07:15:00Z,16645.6
2026-01-08T07:30:00Z,15023.1
2026-01-08T07:45:00Z,8745.1
2026-01-08T08:00:00Z,15295.2
2026-01-08T08:15:00Z,15592.3
2026-01-08T08:30:00Z,17710.1
2026-01-08T08:45:00Z,13405.3
2026-01-08T09:00:00Z,14246.7
2026-01-08T09:15:00Z,10854.2
2026-01-08T09:30:00Z,17180.7
2026-01-08T09:45:00Z,14790.2
2026-01-08T10:00:00Z,22062.9
2026-01-08T10:15:00Z,10104.2
2026-01-08T10:30:00Z,14207.1
2026-01-08T10:45:00Z,17689.8
2026-01-08T11:00:00Z,15305.1
2026-01-08T11:15:00Z,16600.5
2026-01-08T11:30:00Z,10841.9
2026-01-08T11:45:00Z,9064.4
2026-01-08T12:00:00Z,12878.1
2026-01-08T12:15:00Z,17452.1
2026-01-08T12:30:00Z,17828.6
2026-01-08T12:45:00Z,17012.6
2026-01-08T13:00:00Z,21687.9
2026-01-08T13:15:00Z,13238.3
2026-01-08T13:30:00Z,12096.3
2026-01-08T13:45:00Z,19978.5
2026-01-08T14:00:00Z,19195.1
2026-01-08T14:15:00Z,13885.3
2026-01-08T14:30:00Z,19553.8
2026-01-08T14:45:00Z,15379.8
2026-01-08T15:00:00Z,12671.3
2026-01-08T15:15:00Z,13779.1
2026-01-08T15:30:00Z,16271.9
2026-01-08T15:45:00Z,14168.4
2026-01-08T16:00:00Z,19121.5
2026-01-08T16:15:00Z,14421.3
2026-01-08T16:30:00Z,15247.6
2026-01-08T16:45:00Z,22652.2
2026-01-08T17:00:00Z,11904.7
2026-01-08T17:15:00Z,18439.8
2026-01-08T17:30:00Z,20727.5
2026-01-08T17:45:00Z,12430.8
2026-01-08T18:00:00Z,14260.6
2026-01-08T18:15:00Z,14395.0
2026-01-08T18:30:00Z,14987.6
2026-01-08T18:45:00Z,10944.5
2026-01-08T19:00:00Z,17992.5
2026-01-08T19:15:00Z,17015.5
2026-01-08T19:30:00Z,20638.5
2026-01-08T19:45:00Z,14140.8
2026-01-08T20:00:00Z,14915.6
2026-01-08T20:15:00Z,12733.3
2026-01-08T20:30:00Z,14304.5
2026-01-08T20:45:00Z,14019.4
2026-01-08T21:00:00Z,22040.3
2026-01-08T21:15:00Z,23142.8
2026-01-08T21:30:00Z,24150.5
2026-01-08T21:45:00Z,22819.1
2026-01-08T22:00:00Z,22384.9
2026-01-08T22:15:00Z,23198.3
2026-01-08T22:30:00Z,23693.0
2026-01-08T22:45:00Z,23934.4
2026-01-08T23:00:00Z,23619.4
2026-01-08T23:15:00Z,19320.9
2026-01-08T23:30:00Z,16066.9
2026-01-08T23:45:00Z,23151.6
2026-01-09T00:00:00Z,23091.4
2026-01-09T00:15:00Z,20519.9
2026-01-09T00:30:00Z,21448.2
2026-01-09T00:45:00Z,22989.4
2026-01-09T01:00:00Z,23399.0
2026-01-09T01:15:00Z,18388.9
2026-01-09T01:30:00Z,22442.4
2026-01-09T01:45:00Z,23082.5
2026-01-09T02:00:00Z,23951.2
2026-01-09T02:15:00Z,20236.7
2026-01-09T02:30:00Z,15857.3
2026-01-09T02:45:00Z,22850.1
2026-01-09T03:00:00Z,22272.3
2026-01-09T03:15:00Z,24049.3
2026-01-09T03:30:00Z,19818.9
2026-01-09T03:45:00Z,23391.1
2026-01-09T04:00:00Z,23155.0
2026-01-09T04:15:00Z,19631.5
2026-01-09T04:30:00Z,23606.5
2026-01-09T04:45:00Z,24006.4
2026-01-09T05:00:00Z,19611.5
2026-01-09T05:15:00Z,18934.9
2026-01-09T05:30:00Z,22690.6
2026-01-09T05:45:00Z,7807.5
2026-01-09T06:00:00Z,18021.9
2026-01-09T06:15:00Z,23704.4
2026-01-09T06:30:00Z,14274.9
2026-01-09T06:45:00Z,11731.6
2026-01-09T07:00:00Z,13771.5
2026-01-09T07:15:00Z,15929.7
2026-01-09T07:30:00Z,8977.1
2026-01-09T07:45:00Z,11862.2
2026-01-09T08:00:00Z,14117.5
2026-01-09T08:15:00Z,21579.2
2026-01-09T08:30:00Z,14102.5
2026-01-09T08:45:00Z,12935.4
2026-01-09T09:00:00Z,18796.5
2026-01-09T09:15:00Z,11077.3
2026-01-09T09:30:00Z,9480.5
2026-01-09T09:45:00Z,9384.9
2026-01-09T10:00:00Z,22795.9
2026-01-09T10:15:00Z,8356.7
2026-01-09T10:30:00Z,15166.4
2026-01-09T10:45:00Z,13597.8
2026-01-09T11:00:00Z,17988.5
2026-01-09T11:15:00Z,8039.7
2026-01-09T11:30:00Z,21178.8
2026-01-09T11:45:00Z,9461.9
2026-01-09T12:00:00Z,22949.7
2026-01-09T12:15:00Z,15116.9
2026-01-09T12:30:00Z,16551.7
2026-01-09T12:45:00Z,11601.3
2026-01-09T13:00:00Z,14662.3
2026-01-09T13:15:00Z,14978.5
2026-01-09T13:30:00Z,9954.4
2026-01-09T13:45:00Z,16552.0
2026-01-09T14:00:00Z,12805.1
2026-01-09T14:15:00Z,19949.6
2026-01-09T14:30:00Z,9114.4
2026-01-09T14:45:00Z,11163.4
2026-01-09T15:00:00Z,14206.1
2026-01-09T15:15:00Z,12605.5
2026-01-09T15:30:00Z,13275.9
2026-01-09T15:45:00Z,9659.5
2026-01-09T16:00:00Z,14171.6
2026-01-09T16:15:00Z,13885.7
2026-01-09T16:30:00Z,15440.0
2026-01-09T16:45:00Z,15133.0
2026-01-09T17:00:00Z,10190.2
2026-01-09T17:15:00Z,12828.3
2026-01-09T17:30:00Z,19228.1
2026-01-09T17:45:00Z,9124.4
2026-01-09T18:00:00Z,19086.0
2026-01-09T18:15:00Z,10206.0
2026-01-09T18:30:00Z,13888.2
2026-01-09T18:45:00Z,19150.7
2026-01-09T19:00:00Z,13378.8
2026-01-09T19:15:00Z,9726.1
2026-01-09T19:30:00Z,20137.6
2026-01-09T19:45:00Z,10354.5
2026-01-09T20:00:00Z,10879.0
2026-01-09T20:15:00Z,9331.2
2026-01-09T20:30:00Z,14596.2
2026-01-09T20:45:00Z,8239.4
2026-01-09T21:00:00Z,22944.8
2026-01-09T21:15:00Z,23920.5
2026-01-09T21:30:00Z,24175.4
2026-01-09T21:45:00Z,23270.7
2026-01-09T22:00:00Z,23523.6
2026-01-09T22:15:00Z,24204.4
2026-01-09T22:30:00Z,23411.3
2026-01-09T22:45:00Z,24551.2
2026-01-09T23:00:00Z,22261.9
2026-01-09T23:15:00Z,19400.8
2026-01-09T23:30:00Z,21632.9
2026-01-09T23:45:00Z,22955.7
2026-01-10T00:00:00Z,23519.9
2026-01-10T00:15:00Z,23766.4
2026-01-10T00:30:00Z,22964.1
2026-01-10T00:45:00Z,22832.4
2026-01-10T01:00:00Z,23545.8
2026-01-10T01:15:00Z,18043.3
2026-01-10T01:30:00Z,23703.7
2026-01-10T01:45:00Z,23568.7
2026-01-10T02:00:00Z,23195.1
2026-01-10T02:15:00Z,22956.7
2026-01-10T02:30:00Z,24078.8
2026-01-10T02:45:00Z,23725.9
2026-01-10T03:00:00Z,20481.8
2026-01-10T03:15:00Z,23827.5
2026-01-10T03:30:00Z,22240.9
2026-01-10T03:45:00Z,20171.9
2026-01-10T04:00:00Z,22780.7
2026-01-10T04:15:00Z,20366.6
2026-01-10T04:30:00Z,22376.1
2026-01-10T04:45:00Z,22553.2
2026-01-10T05:00:00Z,18746.0
2026-01-10T05:15:00Z,21295.9
2026-01-10T05:30:00Z,23900.9
2026-01-10T05:45:00Z,23863.5
2026-01-10T06:00:00Z,23355.1
2026-01-10T06:15:00Z,13723.9
2026-01-10T06:30:00Z,21326.1
2026-01-10T06:45:00Z,19293.6
2026-01-10T07:00:00Z,22693.7
2026-01-10T07:15:00Z,18748.6
2026-01-10T07:30:00Z,15808.9
2026-01-10T07:45:00Z,21790.6
2026-01-10T08:00:00Z,21401.9
2026-01-10T08:15:00Z,23217.2
2026-01-10T08:30:00Z,17680.9
2026-01-10T08:45:00Z,20045.2
2026-01-10T09:00:00Z,20654.1
2026-01-10T09:15:00Z,14465.2
2026-01-10T09:30:00Z,21938.1
2026-01-10T09:45:00Z,21469.5
2026-01-10T10:00:00Z,22073.6
2026-01-10T10:15:00Z,22272.6
2026-01-10T10:30:00Z,14972.0
2026-01-10T10:45:00Z,18934.5
2026-01-10T11:00:00Z,14742.2
2026-01-10T11:15:00Z,22152.3
2026-01-10T11:30:00Z,20088.7
2026-01-10T11:45:00Z,18164.9
2026-01-10T12:00:00Z,24022.7
2026-01-10T12:15:00Z,18726.1
2026-01-10T12:30:00Z,20715.1
2026-01-10T12:45:00Z,22511.9
2026-01-10T13:00:00Z,21610.7
2026-01-10T13:15:00Z,19814.4
2026-01-10T13:30:00Z,21098.0
2026-01-10T13:45:00Z,20938.8
2026-01-10T14:00:00Z,20908.8
2026-01-10T14:15:00Z,20496.9
2026-01-10T14:30:00Z,17240.4
2026-01-10T14:45:00Z,21744.5
2026-01-10T15:00:00Z,21272.3
2026-01-10T15:15:00Z,22444.5
2026-01-10T15:30:00Z,18744.7
2026-01-10T15:45:00Z,17969.1
2026-01-10T16:00:00Z,22528.1
2026-01-10T16:15:00Z,17652.7
2026-01-10T16:30:00Z,17916.5
2026-01-10T16:45:00Z,18456.4
2026-01-10T17:00:00Z,22100.2
2026-01-10T17:15:00Z,22281.5
2026-01-10T17:30:00Z,22462.2
2026-01-10T17:45:00Z,12211.1
2026-01-10T18:00:00Z,22387.5
2026-01-10T18:15:00Z,21057.6
2026-01-10T18:30:00Z,23685.4
2026-01-10T18:45:00Z,23408.6
2026-01-10T19:00:00Z,21455.7
2026-01-10T19:15:00Z,24307.9
2026-01-10T19:30:00Z,23652.2
2026-01-10T19:45:00Z,23140.9
2026-01-10T20:00:00Z,15019.5
2026-01-10T20:15:00Z,20300.9
2026-01-10T20:30:00Z,23820.3
2026-01-10T20:45:00Z,24120.9
2026-01-10T21:00:00Z,23573.3
2026-01-10T21:15:00Z,23200.1
2026-01-10T21:30:00Z,22230.1
2026-01-10T21:45:00Z,19417.0
2026-01-10T22:00:00Z,20489.1
2026-01-10T22:15:00Z,22430.6
2026-01-10T22:30:00Z,23343.3
2026-01-10T22:45:00Z,23932.2
2026-01-10T23:00:00Z,24282.1
2026-01-10T23:15:00Z,22057.2
2026-01-10T23:30:00Z,21881.5
2026-01-10T23:45:00Z,23944.4
2026-01-11T00:00:00Z,23249.3
2026-01-11T00:15:00Z,22587.4
2026-01-11T00:30:00Z,22338.0
2026-01-11T00:45:00Z,23733.8
2026-01-11T01:00:00Z,20473.2
2026-01-11T01:15:00Z,22752.1
2026-01-11T01:30:00Z,23511.8
2026-01-11T01:45:00Z,22854.4
2026-01-11T02:00:00Z,18543.6
2026-01-11T02:15:00Z,16837.1
2026-01-11T02:30:00Z,23046.2
2026-01-11T02:45:00Z,18712.6
2026-01-11T03:00:00Z,21685.3
2026-01-11T03:15:00Z,20578.5
2026-01-11T03:30:00Z,23890.1
2026-01-11T03:45:00Z,24325.5
2026-01-11T04:00:00Z,20057.2
2026-01-11T04:15:00Z,21627.0
2026-01-11T04:30:00Z,23427.2
2026-01-11T04:45:00Z,23971.1
2026-01-11T05:00:00Z,18539.9
2026-01-11T05:15:00Z,23200.2
2026-01-11T05:30:00Z,23498.9
2026-01-11T05:45:00Z,13955.1
2026-01-11T06:00:00Z,23472.8
2026-01-11T06:15:00Z,23014.0
2026-01-11T06:30:00Z,23625.3
2026-01-11T06:45:00Z,23299.2
2026-01-11T07:00:00Z,22357.4
2026-01-11T07:15:00Z,23911.0
2026-01-11T07:30:00Z,18294.9
2026-01-11T07:45:00Z,18671.8
2026-01-11T08:00:00Z,18570.4
2026-01-11T08:15:00Z,22177.1
2026-01-11T08:30:00Z,20934.4
2026-01-11T08:45:00Z,22014.2
2026-01-11T09:00:00Z,21439.6
2026-01-11T09:15:00Z,19506.0
2026-01-11T09:30:00Z,23056.8
2026-01-11T09:45:00Z,21227.5
2026-01-11T10:00:00Z,22715.5
2026-01-11T10:15:00Z,22697.7
2026-01-11T10:30:00Z,17296.5
2026-01-11T10:45:00Z,22446.6
2026-01-11T11:00:00Z,21336.4
2026-01-11T11:15:00Z,22297.2
2026-01-11T11:30:00Z,20995.2
2026-01-11T11:45:00Z,17247.9
2026-01-11T12:00:00Z,22409.0
2026-01-11T12:15:00Z,14899.7
2026-01-11T12:30:00Z,16204.4
2026-01-11T12:45:00Z,19404.7
2026-01-11T13:00:00Z,21680.5
2026-01-11T13:15:00Z,14490.8
2026-01-11T13:30:00Z,11909.1
2026-01-11T13:45:00Z,16925.4
2026-01-11T14:00:00Z,16397.3
2026-01-11T14:15:00Z,14502.0
2026-01-11T14:30:00Z,16147.0
2026-01-11T14:45:00Z,21567.8
2026-01-11T15:00:00Z,23740.3
2026-01-11T15:15:00Z,18800.0
2026-01-11T15:30:00Z,17615.8
2026-01-11T15:45:00Z,23186.2
2026-01-11T16:00:00Z,21387.0
2026-01-11T16:15:00Z,21105.1
2026-01-11T16:30:00Z,16233.6
2026-01-11T16:45:00Z,24212.0
2026-01-11T17:00:00Z,19611.9
2026-01-11T17:15:00Z,19078.2
2026-01-11T17:30:00Z,21263.5
2026-01-11T17:45:00Z,21969.0
2026-01-11T18:00:00Z,22683.2
2026-01-11T18:15:00Z,22310.9
2026-01-11T18:30:00Z,21406.2
2026-01-11T18:45:00Z,23845.6
2026-01-11T19:00:00Z,23822.9
2026-01-11T19:15:00Z,23677.3
2026-01-11T19:30:00Z,23177.6
2026-01-11T19:45:00Z,18077.5
2026-01-11T20:00:00Z,17834.8
2026-01-11T20:15:00Z,18181.2
2026-01-11T20:30:00Z,24129.2
2026-01-11T20:45:00Z,23641.7
2026-01-11T21:00:00Z,21855.2
2026-01-11T21:15:00Z,24020.3
2026-01-11T21:30:00Z,24685.9
2026-01-11T21:45:00Z,22735.2
2026-01-11T22:00:00Z,21506.6
2026-01-11T22:15:00Z,23715.4
2026-01-11T22:30:00Z,18565.5
2026-01-11T22:45:00Z,23373.4
2026-01-11T23:00:00Z,24013.3
2026-01-11T23:15:00Z,22302.1
2026-01-11T23:30:00Z,23987.2
2026-01-11T23:45:00Z,19710.1
2026-01-12T00:00:00Z,24215.7
2026-01-12T00:15:00Z,24631.0
2026-01-12T00:30:00Z,23138.4
2026-01-12T00:45:00Z,21321.2
2026-01-12T01:00:00Z,24024.8
2026-01-12T01:15:00Z,23004.1
2026-01-12T01:30:00Z,23198.0
2026-01-12T01:45:00Z,21411.6
2026-01-12T02:00:00Z,16306.3
2026-01-12T02:15:00Z,17651.4
2026-01-12T02:30:00Z,18760.8
2026-01-12T02:45:00Z,22581.4
2026-01-12T03:00:00Z,20444.5
2026-01-12T03:15:00Z,18082.9
2026-01-12T03:30:00Z,22643.5
2026-01-12T03:45:00Z,19634.3
2026-01-12T04:00:00Z,23797.7
2026-01-12T04:15:00Z,23075.9
2026-01-12T04:30:00Z,18517.4
2026-01-12T04:45:00Z,21852.7
2026-01-12T05:00:00Z,10233.8
2026-01-12T05:15:00Z,16597.2
2026-01-12T05:30:00Z,10589.5
2026-01-12T05:45:00Z,15451.0
2026-01-12T06:00:00Z,14558.3
2026-01-12T06:15:00Z,19549.4
2026-01-12T06:30:00Z,11220.6
2026-01-12T06:45:00Z,17453.2
2026-01-12T07:00:00Z,10971.7
2026-01-12T07:15:00Z,10629.3
2026-01-12T07:30:00Z,18166.0
2026-01-12T07:45:00Z,12187.6
2026-01-12T08:00:00Z,6658.9
2026-01-12T08:15:00Z,16484.8
2026-01-12T08:30:00Z,13000.0
2026-01-12T08:45:00Z,21032.1
2026-01-12T09:00:00Z,14310.9
2026-01-12T09:15:00Z,14295.8
2026-01-12T09:30:00Z,13055.1
2026-01-12T09:45:00Z,13302.1
2026-01-12T10:00:00Z,12322.8
2026-01-12T10:15:00Z,14505.6
2026-01-12T10:30:00Z,18032.5
2026-01-12T10:45:00Z,18983.3
2026-01-12T11:00:00Z,9242.3
2026-01-12T11:15:00Z,8898.1
2026-01-12T11:30:00Z,14560.8
2026-01-12T11:45:00Z,16646.6
2026-01-12T12:00:00Z,17026.3
2026-01-12T12:15:00Z,6152.9
2026-01-12T12:30:00Z,14346.9
2026-01-12T12:45:00Z,23124.4
2026-01-12T13:00:00Z,18308.5
2026-01-12T13:15:00Z,11765.8
2026-01-12T13:30:00Z,17350.4
2026-01-12T13:45:00Z,7616.9
2026-01-12T14:00:00Z,18790.2
2026-01-12T14:15:00Z,10374.6
2026-01-12T14:30:00Z,16138.2
2026-01-12T14:45:00Z,17487.2
2026-01-12T15:00:00Z,24313.2
2026-01-12T15:15:00Z,13246.6
2026-01-12T15:30:00Z,10566.7
2026-01-12T15:45:00Z,13012.3
2026-01-12T16:00:00Z,10541.9
2026-01-12T16:15:00Z,14606.9
2026-01-12T16:30:00Z,12823.4
2026-01-12T16:45:00Z,15112.3
2026-01-12T17:00:00Z,14658.7
2026-01-12T17:15:00Z,19678.8
2026-01-12T17:30:00Z,14652.7
2026-01-12T17:45:00Z,18930.5
2026-01-12T18:00:00Z,14698.0
2026-01-12T18:15:00Z,6968.5
2026-01-12T18:30:00Z,22137.6
2026-01-12T18:45:00Z,18769.4
2026-01-12T19:00:00Z,13728.6
2026-01-12T19:15:00Z,19766.9
2026-01-12T19:30:00Z,15202.6
2026-01-12T19:45:00Z,13236.9
2026-01-12T20:00:00Z,13016.0
2026-01-12T20:15:00Z,18532.2
2026-01-12T20:30:00Z,15053.8
2026-01-12T20:45:00Z,15458.5
2026-01-12T21:00:00Z,23263.3
2026-01-12T21:15:00Z,23620.5
2026-01-12T21:30:00Z,20017.2
2026-01-12T21:45:00Z,17611.7
2026-01-12T22:00:00Z,24095.1
2026-01-12T22:15:00Z,23088.8
2026-01-12T22:30:00Z,20398.0
2026-01-12T22:45:00Z,24572.9
2026-01-12T23:00:00Z,22006.5
2026-01-12T23:15:00Z,23737.5
2026-01-12T23:30:00Z,22821.8
2026-01-12T23:45:00Z,20975.6
2026-01-13T00:00:00Z,19202.7
2026-01-13T00:15:00Z,21243.2
2026-01-13T00:30:00Z,22270.0
2026-01-13T00:45:00Z,18631.4
2026-01-13T01:00:00Z,19403.7
2026-01-13T01:15:00Z,24247.9
2026-01-13T01:30:00Z,21320.6
2026-01-13T01:45:00Z,22815.1
2026-01-13T02:00:00Z,22981.8
2026-01-13T02:15:00Z,19141.0
2026-01-13T02:30:00Z,23031.4
2026-01-13T02:45:00Z,21436.1
2026-01-13T03:00:00Z,23505.9
2026-01-13T03:15:00Z,22281.3
2026-01-13T03:30:00Z,22859.3
2026-01-13T03:45:00Z,20026.2
2026-01-13T04:00:00Z,22354.5
2026-01-13T04:15:00Z,22592.9
2026-01-13T04:30:00Z,24017.8
2026-01-13T04:45:00Z,21322.4
2026-01-13T05:00:00Z,12965.4
2026-01-13T05:15:00Z,17576.5
2026-01-13T05:30:00Z,9810.2
2026-01-13T05:45:00Z,15571.2
2026-01-13T06:00:00Z,17536.1
2026-01-13T06:15:00Z,14343.5
2026-01-13T06:30:00Z,6567.5
2026-01-13T06:45:00Z,18848.6
2026-01-13T07:00:00Z,19392.9
2026-01-13T07:15:00Z,16338.9
2026-01-13T07:30:00Z,13394.4
2026-01-13T07:45:00Z,13721.8
2026-01-13T08:00:00Z,23713.1
2026-01-13T08:15:00Z,18193.2
2026-01-13T08:30:00Z,14496.0
2026-01-13T08:45:00Z,6423.3
2026-01-13T09:00:00Z,22501.1
2026-01-13T09:15:00Z,14976.6
2026-01-13T09:30:00Z,18028.3
2026-01-13T09:45:00Z,14759.5
2026-01-13T10:00:00Z,13354.6
2026-01-13T10:15:00Z,17586.1
2026-01-13T10:30:00Z,18227.6
2026-01-13T10:45:00Z,18841.0
2026-01-13T11:00:00Z,16457.3
2026-01-13T11:15:00Z,8847.2
2026-01-13T11:30:00Z,18457.0
2026-01-13T11:45:00Z,22290.2
2026-01-13T12:00:00Z,10492.6
2026-01-13T12:15:00Z,14522.5
2026-01-13T12:30:00Z,10829.9
2026-01-13T12:45:00Z,12151.6
2026-01-13T13:00:00Z,12458.5
2026-01-13T13:15:00Z,17259.0
2026-01-13T13:30:00Z,13160.9
2026-01-13T13:45:00Z,16221.9
2026-01-13T14:00:00Z,17748.1
2026-01-13T14:15:00Z,16493.5
2026-01-13T14:30:00Z,12714.0
2026-01-13T14:45:00Z,17442.1
2026-01-13T15:00:00Z,13712.0
2026-01-13T15:15:00Z,9164.1
2026-01-13T15:30:00Z,12271.3
2026-01-13T15:45:00Z,13652.6
2026-01-13T16:00:00Z,18332.9
2026-01-13T16:15:00Z,8468.2
2026-01-13T16:30:00Z,14351.1
2026-01-13T16:45:00Z,15129.0
2026-01-13T17:00:00Z,12736.1
2026-01-13T17:15:00Z,8571.8
2026-01-13T17:30:00Z,19429.6
2026-01-13T17:45:00Z,14515.5
2026-01-13T18:00:00Z,19629.9
2026-01-13T18:15:00Z,14502.1
2026-01-13T18:30:00Z,18257.3
2026-01-13T18:45:00Z,19193.3
2026-01-13T19:00:00Z,13601.1
2026-01-13T19:15:00Z,18454.0
2026-01-13T19:30:00Z,17108.6
2026-01-13T19:45:00Z,11585.0
2026-01-13T20:00:00Z,14287.1
2026-01-13T20:15:00Z,9183.3
2026-01-13T20:30:00Z,13179.5
2026-01-13T20:45:00Z,6983.3
2026-01-13T21:00:00Z,14636.7
2026-01-13T21:15:00Z,21523.6
2026-01-13T21:30:00Z,23369.6
2026-01-13T21:45:00Z,21076.0
2026-01-13T22:00:00Z,24403.3
2026-01-13T22:15:00Z,20362.1
2026-01-13T22:30:00Z,24143.1
2026-01-13T22:45:00Z,22280.6
2026-01-13T23:00:00Z,23343.9
2026-01-13T23:15:00Z,23639.9
2026-01-13T23:30:00Z,24843.7
2026-01-13T23:45:00Z,22262.4
2026-01-14T00:00:00Z,23137.2
2026-01-14T00:15:00Z,21307.1
2026-01-14T00:30:00Z,21052.3
2026-01-14T00:45:00Z,23698.5
2026-01-14T01:00:00Z,21826.9
2026-01-14T01:15:00Z,21148.9
2026-01-14T01:30:00Z,16008.4
2026-01-14T01:45:00Z,17124.1
2026-01-14T02:00:00Z,22922.8
2026-01-14T02:15:00Z,23170.1
2026-01-14T02:30:00Z,19486.5
2026-01-14T02:45:00Z,21909.9
2026-01-14T03:00:00Z,23049.9
2026-01-14T03:15:00Z,17966.9
2026-01-14T03:30:00Z,23018.5
2026-01-14T03:45:00Z,23813.5
2026-01-14T04:00:00Z,17428.7
2026-01-14T04:15:00Z,22914.6
2026-01-14T04:30:00Z,24054.3
2026-01-14T04:45:00Z,20645.0
2026-01-14T05:00:00Z,11719.7
2026-01-14T05:15:00Z,9066.7
2026-01-14T05:30:00Z,14657.9
2026-01-14T05:45:00Z,9831.2
2026-01-14T06:00:00Z,17972.9
2026-01-14T06:15:00Z,14166.2
2026-01-14T06:30:00Z,12962.9
2026-01-14T06:45:00Z,17005.3
2026-01-14T07:00:00Z,21998.9
2026-01-14T07:15:00Z,9796.2
2026-01-14T07:30:00Z,10841.0
2026-01-14T07:45:00Z,21704.3
2026-01-14T08:00:00Z,8400.6
2026-01-14T08:15:00Z,13704.1
2026-01-14T08:30:00Z,10296.6
2026-01-14T08:45:00Z,18434.1
2026-01-14T09:00:00Z,21773.7
2026-01-14T09:15:00Z,9677.7
2026-01-14T09:30:00Z,7439.1
2026-01-14T09:45:00Z,18888.3
2026-01-14T10:00:00Z,16304.8
2026-01-14T10:15:00Z,17017.6
2026-01-14T10:30:00Z,13304.9
2026-01-14T10:45:00Z,17670.9
2026-01-14T11:00:00Z,19113.0
2026-01-14T11:15:00Z,12906.6
2026-01-14T11:30:00Z,15472.0
2026-01-14T11:45:00Z,15377.6
2026-01-14T12:00:00Z,16466.1
2026-01-14T12:15:00Z,15178.1
2026-01-14T12:30:00Z,14209.0
2026-01-14T12:45:00Z,12957.0
2026-01-14T13:00:00Z,13538.6
2026-01-14T13:15:00Z,7383.1
2026-01-14T13:30:00Z,9762.6
2026-01-14T13:45:00Z,20362.0
2026-01-14T14:00:00Z,12775.1
2026-01-14T14:15:00Z,12233.2
2026-01-14T14:30:00Z,21996.3
2026-01-14T14:45:00Z,14596.8
2026-01-14T15:00:00Z,18655.5
2026-01-14T15:15:00Z,22129.0
2026-01-14T15:30:00Z,14252.0
2026-01-14T15:45:00Z,23012.6
2026-01-14T16:00:00Z,10782.9
2026-01-14T16:15:00Z,18129.0
2026-01-14T16:30:00Z,11367.2
2026-01-14T16:45:00Z,14087.8
2026-01-14T17:00:00Z,14269.8
2026-01-14T17:15:00Z,14130.7
2026-01-14T17:30:00Z,13272.3
2026-01-14T17:45:00Z,15716.9
2026-01-14T18:00:00Z,19381.6
2026-01-14T18:15:00Z,17959.0
2026-01-14T18:30:00Z,18278.6
2026-01-14T18:45:00Z,23459.5
2026-01-14T19:00:00Z,18174.3
2026-01-14T19:15:00Z,9943.0
2026-01-14T19:30:00Z,19885.8
2026-01-14T19:45:00Z,12136.4
2026-01-14T20:00:00Z,11472.7
2026-01-14T20:15:00Z,20833.4
2026-01-14T20:30:00Z,18249.7
2026-01-14T20:45:00Z,10959.1
2026-01-14T21:00:00Z,22387.7
2026-01-14T21:15:00Z,22037.8
2026-01-14T21:30:00Z,24064.6
2026-01-14T21:45:00Z,24071.2
2026-01-14T22:00:00Z,22849.9
2026-01-14T22:15:00Z,23270.8
2026-01-14T22:30:00Z,24020.0
2026-01-14T22:45:00Z,15984.6
2026-01-14T23:00:00Z,22813.3
2026-01-14T23:15:00Z,24553.4
2026-01-14T23:30:00Z,23838.1
2026-01-14T23:45:00Z,21973.3
2026-01-15T00:00:00Z,22839.4
2026-01-15T00:15:00Z,20115.8
2026-01-15T00:30:00Z,23993.2
2026-01-15T00:45:00Z,22436.3
2026-01-15T01:00:00Z,21885.4
2026-01-15T01:15:00Z,20875.2
2026-01-15T01:30:00Z,22030.3
2026-01-15T01:45:00Z,24364.7
2026-01-15T02:00:00Z,18437.5
2026-01-15T02:15:00Z,22111.7
2026-01-15T02:30:00Z,22614.9
2026-01-15T02:45:00Z,24124.4
2026-01-15T03:00:00Z,20512.7
2026-01-15T03:15:00Z,22809.4
2026-01-15T03:30:00Z,18913.2
2026-01-15T03:45:00Z,24519.2
2026-01-15T04:00:00Z,22493.1
2026-01-15T04:15:00Z,23134.5
2026-01-15T04:30:00Z,23472.4
2026-01-15T04:45:00Z,20418.9
2026-01-15T05:00:00Z,23274.3
2026-01-15T05:15:00Z,11680.1
2026-01-15T05:30:00Z,9775.7
2026-01-15T05:45:00Z,13900.1
2026-01-15T06:00:00Z,14652.7
2026-01-15T06:15:00Z,9815.3
2026-01-15T06:30:00Z,18837.8
2026-01-15T06:45:00Z,16632.5
2026-01-15T07:00:00Z,13931.2
2026-01-15T07:15:00Z,16902.1
2026-01-15T07:30:00Z,12231.5
2026-01-15T07:45:00Z,14412.1
2026-01-15T08:00:00Z,12129.6
2026-01-15T08:15:00Z,19022.9
2026-01-15T08:30:00Z,13149.2
2026-01-15T08:45:00Z,18138.7
2026-01-15T09:00:00Z,11907.6
2026-01-15T09:15:00Z,22479.7
2026-01-15T09:30:00Z,13989.1
2026-01-15T09:45:00Z,6822.5
2026-01-15T10:00:00Z,10948.0
2026-01-15T10:15:00Z,22760.6
2026-01-15T10:30:00Z,14701.9
2026-01-15T10:45:00Z,7744.9
2026-01-15T11:00:00Z,15978.8
2026-01-15T11:15:00Z,12576.6
2026-01-15T11:30:00Z,14987.1
2026-01-15T11:45:00Z,18458.9
2026-01-15T12:00:00Z,18517.4
2026-01-15T12:15:00Z,16822.7
2026-01-15T12:30:00Z,13077.8
2026-01-15T12:45:00Z,20249.1
2026-01-15T13:00:00Z,8768.7
2026-01-15T13:15:00Z,16663.9
2026-01-15T13:30:00Z,12141.4
2026-01-15T13:45:00Z,14097.0
2026-01-15T14:00:00Z,6280.3
2026-01-15T14:15:00Z,18447.1
2026-01-15T14:30:00Z,17764.0
2026-01-15T14:45:00Z,14841.9
2026-01-15T15:00:00Z,12791.4
2026-01-15T15:15:00Z,18070.0
2026-01-15T15:30:00Z,9943.6
2026-01-15T15:45:00Z,22831.1
2026-01-15T16:00:00Z,14272.8
2026-01-15T16:15:00Z,13809.7
2026-01-15T16:30:00Z,10509.4
2026-01-15T16:45:00Z,11403.6
2026-01-15T17:00:00Z,14919.5
2026-01-15T17:15:00Z,10325.9
2026-01-15T17:30:00Z,20077.0
2026-01-15T17:45:00Z,10034.4
2026-01-15T18:00:00Z,13905.6
2026-01-15T18:15:00Z,8462.3
2026-01-15T18:30:00Z,19503.7
2026-01-15T18:45:00Z,19763.6
2026-01-15T19:00:00Z,8329.2
2026-01-15T19:15:00Z,8028.4
2026-01-15T19:30:00Z,14796.3
2026-01-15T19:45:00Z,16330.3
2026-01-15T20:00:00Z,21284.8
2026-01-15T20:15:00Z,13969.7
2026-01-15T20:30:00Z,23005.3
2026-01-15T20:45:00Z,23582.3
2026-01-15T21:00:00Z,22765.6
2026-01-15T21:15:00Z,23574.2
2026-01-15T21:30:00Z,23556.6
2026-01-15T21:45:00Z,18355.3
2026-01-15T22:00:00Z,19374.2
2026-01-15T22:15:00Z,16101.5
2026-01-15T22:30:00Z,21550.3
2026-01-15T22:45:00Z,23871.0
2026-01-15T23:00:00Z,20789.1
2026-01-15T23:15:00Z,23710.9
2026-01-15T23:30:00Z,20769.7
2026-01-15T23:45:00Z,24150.2
2026-01-16T00:00:00Z,20002.8
2026-01-16T00:15:00Z,23147.7
2026-01-16T00:30:00Z,22403.2
2026-01-16T00:45:00Z,20186.5
2026-01-16T01:00:00Z,19211.0
2026-01-16T01:15:00Z,16338.8
2026-01-16T01:30:00Z,21168.4
2026-01-16T01:45:00Z,24002.7
2026-01-16T02:00:00Z,23820.0
2026-01-16T02:15:00Z,22581.0
2026-01-16T02:30:00Z,17455.8
2026-01-16T02:45:00Z,20648.7
2026-01-16T03:00:00Z,22329.0
2026-01-16T03:15:00Z,20877.8
2026-01-16T03:30:00Z,20737.7
2026-01-16T03:45:00Z,18136.3
2026-01-16T04:00:00Z,18827.3
2026-01-16T04:15:00Z,19977.1
2026-01-16T04:30:00Z,21931.6
2026-01-16T04:45:00Z,22095.8
2026-01-16T05:00:00Z,16103.2
2026-01-16T05:15:00Z,17667.7
2026-01-16T05:30:00Z,12819.3
2026-01-16T05:45:00Z,12965.1
2026-01-16T06:00:00Z,14752.3
2026-01-16T06:15:00Z,12225.4
2026-01-16T06:30:00Z,9848.5
2026-01-16T06:45:00Z,18167.8
2026-01-16T07:00:00Z,16630.7
2026-01-16T07:15:00Z,13391.0
2026-01-16T07:30:00Z,16144.2
2026-01-16T07:45:00Z,17742.6
2026-01-16T08:00:00Z,13282.8
2026-01-16T08:15:00Z,12218.5
2026-01-16T08:30:00Z,9790.5
2026-01-16T08:45:00Z,14527.5
2026-01-16T09:00:00Z,13822.9
2026-01-16T09:15:00Z,15481.6
2026-01-16T09:30:00Z,10154.0
2026-01-16T09:45:00Z,17414.7
2026-01-16T10:00:00Z,14006.2
2026-01-16T10:15:00Z,10504.3
2026-01-16T10:30:00Z,6716.3
2026-01-16T10:45:00Z,13628.7
2026-01-16T11:00:00Z,14101.4
2026-01-16T11:15:00Z,12115.2
2026-01-16T11:30:00Z,13559.9
2026-01-16T11:45:00Z,16748.9
2026-01-16T12:00:00Z,11933.6
2026-01-16T12:15:00Z,15152.5
2026-01-16T12:30:00Z,12980.7
2026-01-16T12:45:00Z,13987.2
2026-01-16T13:00:00Z,11637.1
2026-01-16T13:15:00Z,14328.9
2026-01-16T13:30:00Z,14001.6
2026-01-16T13:45:00Z,17073.9
2026-01-16T14:00:00Z,13436.2
2026-01-16T14:15:00Z,14110.1
2026-01-16T14:30:00Z,13791.3
2026-01-16T14:45:00Z,17410.6
2026-01-16T15:00:00Z,11689.6
2026-01-16T15:15:00Z,11264.0
2026-01-16T15:30:00Z,9467.4
2026-01-16T15:45:00Z,18868.0
2026-01-16T16:00:00Z,7073.3
2026-01-16T16:15:00Z,13238.1
2026-01-16T16:30:00Z,7816.6
2026-01-16T16:45:00Z,13263.5
2026-01-16T17:00:00Z,12160.2
2026-01-16T17:15:00Z,16000.6
2026-01-16T17:30:00Z,11261.3
2026-01-16T17:45:00Z,16283.3
2026-01-16T18:00:00Z,19160.6
2026-01-16T18:15:00Z,17808.0
2026-01-16T18:30:00Z,14806.0
2026-01-16T18:45:00Z,13514.4
2026-01-16T19:00:00Z,19273.8
2026-01-16T19:15:00Z,13979.9
2026-01-16T19:30:00Z,19078.3
2026-01-16T19:45:00Z,14718.3
2026-01-16T20:00:00Z,15275.1
2026-01-16T20:15:00Z,13743.1
2026-01-16T20:30:00Z,18255.0
2026-01-16T20:45:00Z,19151.9
2026-01-16T21:00:00Z,24523.1
2026-01-16T21:15:00Z,21712.2
2026-01-16T21:30:00Z,16509.2
2026-01-16T21:45:00Z,20969.3
2026-01-16T22:00:00Z,20125.3
2026-01-16T22:15:00Z,15691.2
2026-01-16T22:30:00Z,23388.3
2026-01-16T22:45:00Z,23514.4
2026-01-16T23:00:00Z,16789.4
2026-01-16T23:15:00Z,22001.4
2026-01-16T23:30:00Z,21533.1
2026-01-16T23:45:00Z,23296.9
2026-01-17T00:00:00Z,23617.9
2026-01-17T00:15:00Z,22640.8
2026-01-17T00:30:00Z,18190.2
2026-01-17T00:45:00Z,21550.4
2026-01-17T01:00:00Z,20121.5
2026-01-17T01:15:00Z,24209.6
2026-01-17T01:30:00Z,22088.3
2026-01-17T01:45:00Z,24022.0
2026-01-17T02:00:00Z,23570.6
2026-01-17T02:15:00Z,19965.5
2026-01-17T02:30:00Z,23881.0
2026-01-17T02:45:00Z,21787.2
2026-01-17T03:00:00Z,24286.6
2026-01-17T03:15:00Z,20536.0
2026-01-17T03:30:00Z,22323.8
2026-01-17T03:45:00Z,18243.2
2026-01-17T04:00:00Z,22732.4
2026-01-17T04:15:00Z,23089.1
2026-01-17T04:30:00Z,19804.7
2026-01-17T04:45:00Z,20845.3
2026-01-17T05:00:00Z,21737.5
2026-01-17T05:15:00Z,23516.7
2026-01-17T05:30:00Z,21798.6
2026-01-17T05:45:00Z,23126.9
2026-01-17T06:00:00Z,19779.9
2026-01-17T06:15:00Z,23250.3
2026-01-17T06:30:00Z,18182.1
2026-01-17T06:45:00Z,18440.0
2026-01-17T07:00:00Z,23298.0
2026-01-17T07:15:00Z,22324.8
2026-01-17T07:30:00Z,23244.4
2026-01-17T07:45:00Z,23782.4
2026-01-17T08:00:00Z,22727.8
2026-01-17T08:15:00Z,22534.4
2026-01-17T08:30:00Z,23167.5
2026-01-17T08:45:00Z,21436.5
2026-01-17T09:00:00Z,22727.8
2026-01-17T09:15:00Z,21277.3
2026-01-17T09:30:00Z,21025.2
2026-01-17T09:45:00Z,22804.0
2026-01-17T10:00:00Z,22684.2
2026-01-17T10:15:00Z,16028.0
2026-01-17T10:30:00Z,17391.4
2026-01-17T10:45:00Z,18014.0
2026-01-17T11:00:00Z,22157.0
2026-01-17T11:15:00Z,21374.4
2026-01-17T11:30:00Z,22022.1
2026-01-17T11:45:00Z,18989.8
2026-01-17T12:00:00Z,21177.6
2026-01-17T12:15:00Z,21583.9
2026-01-17T12:30:00Z,21486.8
2026-01-17T12:45:00Z,21968.7
2026-01-17T13:00:00Z,21474.5
2026-01-17T13:15:00Z,17245.4
2026-01-17T13:30:00Z,22933.7
2026-01-17T13:45:00Z,16838.4
2026-01-17T14:00:00Z,22561.1
2026-01-17T14:15:00Z,23675.7
2026-01-17T14:30:00Z,20966.4
2026-01-17T14:45:00Z,20564.2
2026-01-17T15:00:00Z,23381.0
2026-01-17T15:15:00Z,18393.2
2026-01-17T15:30:00Z,21571.6
2026-01-17T15:45:00Z,20186.9
2026-01-17T16:00:00Z,18814.8
2026-01-17T16:15:00Z,21047.6
2026-01-17T16:30:00Z,23185.4
2026-01-17T16:45:00Z,22628.9
2026-01-17T17:00:00Z,16816.0
2026-01-17T17:15:00Z,23244.3
2026-01-17T17:30:00Z,24016.4
2026-01-17T17:45:00Z,22352.4
2026-01-17T18:00:00Z,23216.8
2026-01-17T18:15:00Z,23074.1
2026-01-17T18:30:00Z,22639.8
2026-01-17T18:45:00Z,24181.3
2026-01-17T19:00:00Z,16531.6
2026-01-17T19:15:00Z,19385.7
2026-01-17T19:30:00Z,19035.1
2026-01-17T19:45:00Z,24301.9
2026-01-17T20:00:00Z,19051.1
2026-01-17T20:15:00Z,15087.9
2026-01-17T20:30:00Z,23298.4
2026-01-17T20:45:00Z,22618.9
2026-01-17T21:00:00Z,24388.4
2026-01-17T21:15:00Z,24598.1
2026-01-17T21:30:00Z,17113.6
2026-01-17T21:45:00Z,18564.1
2026-01-17T22:00:00Z,23409.0
2026-01-17T22:15:00Z,21529.8
2026-01-17T22:30:00Z,22100.3
2026-01-17T22:45:00Z,22061.6
2026-01-17T23:00:00Z,17455.0
2026-01-17T23:15:00Z,21661.1
2026-01-17T23:30:00Z,18861.2
2026-01-17T23:45:00Z,23444.2
2026-01-18T00:00:00Z,22844.6
2026-01-18T00:15:00Z,17439.7
2026-01-18T00:30:00Z,22347.7
2026-01-18T00:45:00Z,24209.5
2026-01-18T01:00:00Z,21385.3
2026-01-18T01:15:00Z,19907.9
2026-01-18T01:30:00Z,21224.5
2026-01-18T01:45:00Z,23191.4
2026-01-18T02:00:00Z,22237.6
2026-01-18T02:15:00Z,22947.3
2026-01-18T02:30:00Z,20304.2
2026-01-18T02:45:00Z,23349.9
2026-01-18T03:00:00Z,22250.2
2026-01-18T03:15:00Z,23877.6
2026-01-18T03:30:00Z,18530.2
2026-01-18T03:45:00Z,20072.1
2026-01-18T04:00:00Z,19831.3
2026-01-18T04:15:00Z,22804.1
2026-01-18T04:30:00Z,20407.8
2026-01-18T04:45:00Z,23067.3
2026-01-18T05:00:00Z,23995.2
2026-01-18T05:15:00Z,18000.5
2026-01-18T05:30:00Z,23310.4
2026-01-18T05:45:00Z,21561.7
2026-01-18T06:00:00Z,21820.9
2026-01-18T06:15:00Z,20886.7
2026-01-18T06:30:00Z,23561.6
2026-01-18T06:45:00Z,23351.7
2026-01-18T07:00:00Z,21621.1
2026-01-18T07:15:00Z,19641.2
2026-01-18T07:30:00Z,13421.9
2026-01-18T07:45:00Z,21071.7
2026-01-18T08:00:00Z,20506.1
2026-01-18T08:15:00Z,21722.7
2026-01-18T08:30:00Z,23107.2
2026-01-18T08:45:00Z,19355.6
2026-01-18T09:00:00Z,20037.9
2026-01-18T09:15:00Z,21001.3
2026-01-18T09:30:00Z,20962.9
2026-01-18T09:45:00Z,23437.5
2026-01-18T10:00:00Z,22072.9
2026-01-18T10:15:00Z,22083.3
2026-01-18T10:30:00Z,22956.9
2026-01-18T10:45:00Z,22638.5
2026-01-18T11:00:00Z,18311.5
2026-01-18T11:15:00Z,22744.5
2026-01-18T11:30:00Z,19999.1
2026-01-18T11:45:00Z,22380.3
2026-01-18T12:00:00Z,18408.0
2026-01-18T12:15:00Z,20856.7
2026-01-18T12:30:00Z,22223.6
2026-01-18T12:45:00Z,19818.3
2026-01-18T13:00:00Z,18109.8
2026-01-18T13:15:00Z,22396.1
2026-01-18T13:30:00Z,22979.1
2026-01-18T13:45:00Z,18712.0
2026-01-18T14:00:00Z,18920.4
2026-01-18T14:15:00Z,15040.3
2026-01-18T14:30:00Z,22952.0
2026-01-18T14:45:00Z,21986.0
2026-01-18T15:00:00Z,22746.9
2026-01-18T15:15:00Z,22632.3
2026-01-18T15:30:00Z,15829.2
2026-01-18T15:45:00Z,23348.1
2026-01-18T16:00:00Z,21954.3
2026-01-18T16:15:00Z,19728.2
2026-01-18T16:30:00Z,22737.3
2026-01-18T16:45:00Z,23106.4
2026-01-18T17:00:00Z,21189.7
2026-01-18T17:15:00Z,16064.5
2026-01-18T17:30:00Z,20366.1
2026-01-18T17:45:00Z,23726.7
2026-01-18T18:00:00Z,13891.2
2026-01-18T18:15:00Z,17489.8
2026-01-18T18:30:00Z,22402.5
2026-01-18T18:45:00Z,21789.0
2026-01-18T19:00:00Z,20630.1
2026-01-18T19:15:00Z,23795.2
2026-01-18T19:30:00Z,17867.8
2026-01-18T19:45:00Z,21433.0
2026-01-18T20:00:00Z,24452.0
2026-01-18T20:15:00Z,21239.9
2026-01-18T20:30:00Z,18798.4
2026-01-18T20:45:00Z,22354.7
2026-01-18T21:00:00Z,21353.7
2026-01-18T21:15:00Z,21070.1
2026-01-18T21:30:00Z,22148.8
2026-01-18T21:45:00Z,19907.2
2026-01-18T22:00:00Z,15451.1
2026-01-18T22:15:00Z,22884.8
2026-01-18T22:30:00Z,22532.6
2026-01-18T22:45:00Z,24109.5
2026-01-18T23:00:00Z,24117.0
2026-01-18T23:15:00Z,20161.3
2026-01-18T23:30:00Z,20566.0
2026-01-18T23:45:00Z,24087.1
2026-01-19T00:00:00Z,22325.7
2026-01-19T00:15:00Z,19018.7
2026-01-19T00:30:00Z,23740.4
2026-01-19T00:45:00Z,23667.7
2026-01-19T01:00:00Z,17937.1
2026-01-19T01:15:00Z,21977.8
2026-01-19T01:30:00Z,23332.3
2026-01-19T01:45:00Z,23279.0
2026-01-19T02:00:00Z,21297.0
2026-01-19T02:15:00Z,20524.4
2026-01-19T02:30:00Z,17297.5
2026-01-19T02:45:00Z,23514.1
2026-01-19T03:00:00Z,23053.5
2026-01-19T03:15:00Z,21732.7
2026-01-19T03:30:00Z,23014.0
2026-01-19T03:45:00Z,23450.3
2026-01-19T04:00:00Z,22384.6
2026-01-19T04:15:00Z,19592.8
2026-01-19T04:30:00Z,23164.1
2026-01-19T04:45:00Z,23767.8
2026-01-19T05:00:00Z,13307.2
2026-01-19T05:15:00Z,10848.3
2026-01-19T05:30:00Z,11423.4
2026-01-19T05:45:00Z,19125.4
2026-01-19T06:00:00Z,15543.9
2026-01-19T06:15:00Z,14067.2
2026-01-19T06:30:00Z,11569.6
2026-01-19T06:45:00Z,18382.9
2026-01-19T07:00:00Z,14085.5
2026-01-19T07:15:00Z,16697.8
2026-01-19T07:30:00Z,12699.7
2026-01-19T07:45:00Z,13406.8
2026-01-19T08:00:00Z,15678.5
2026-01-19T08:15:00Z,15659.3
2026-01-19T08:30:00Z,17019.1
2026-01-19T08:45:00Z,20862.7
2026-01-19T09:00:00Z,14857.1
2026-01-19T09:15:00Z,12877.7
2026-01-19T09:30:00Z,17391.5
2026-01-19T09:45:00Z,12404.8
2026-01-19T10:00:00Z,14622.5
2026-01-19T10:15:00Z,14830.8
2026-01-19T10:30:00Z,8472.0
2026-01-19T10:45:00Z,14133.7
2026-01-19T11:00:00Z,18571.2
2026-01-19T11:15:00Z,11987.8
2026-01-19T11:30:00Z,21918.8
2026-01-19T11:45:00Z,23222.9
2026-01-19T12:00:00Z,11651.8
2026-01-19T12:15:00Z,15139.3
2026-01-19T12:30:00Z,19472.8
2026-01-19T12:45:00Z,15390.6
2026-01-19T13:00:00Z,19431.3
2026-01-19T13:15:00Z,17959.3
2026-01-19T13:30:00Z,19625.9
2026-01-19T13:45:00Z,16722.4
2026-01-19T14:00:00Z,14085.9
2026-01-19T14:15:00Z,14255.6
2026-01-19T14:30:00Z,17131.8
2026-01-19T14:45:00Z,9483.7
2026-01-19T15:00:00Z,19646.7
2026-01-19T15:15:00Z,6687.0
2026-01-19T15:30:00Z,8631.1
2026-01-19T15:45:00Z,18944.9
2026-01-19T16:00:00Z,14597.3
2026-01-19T16:15:00Z,20432.0
2026-01-19T16:30:00Z,18552.4
2026-01-19T16:45:00Z,11790.6
2026-01-19T17:00:00Z,14272.4
2026-01-19T17:15:00Z,14519.9
2026-01-19T17:30:00Z,14532.4
2026-01-19T17:45:00Z,16948.1
2026-01-19T18:00:00Z,19021.5
2026-01-19T18:15:00Z,18773.6
2026-01-19T18:30:00Z,18215.4
2026-01-19T18:45:00Z,18063.0
2026-01-19T19:00:00Z,19060.0
2026-01-19T19:15:00Z,12500.9
2026-01-19T19:30:00Z,12513.1
2026-01-19T19:45:00Z,9440.2
2026-01-19T20:00:00Z,13012.2
2026-01-19T20:15:00Z,15256.0
2026-01-19T20:30:00Z,12270.7
2026-01-19T20:45:00Z,13981.5
2026-01-19T21:00:00Z,20774.2
2026-01-19T21:15:00Z,21436.9
2026-01-19T21:30:00Z,22190.8
2026-01-19T21:45:00Z,15536.1
2026-01-19T22:00:00Z,23524.5
2026-01-19T22:15:00Z,22030.7
2026-01-19T22:30:00Z,23781.3
2026-01-19T22:45:00Z,23333.3
2026-01-19T23:00:00Z,22551.1
2026-01-19T23:15:00Z,22976.5
2026-01-19T23:30:00Z,23539.7
2026-01-19T23:45:00Z,21981.8
2026-01-20T00:00:00Z,23171.9
2026-01-20T00:15:00Z,22569.4
2026-01-20T00:30:00Z,18072.0
2026-01-20T00:45:00Z,24098.8
2026-01-20T01:00:00Z,23147.1
2026-01-20T01:15:00Z,21222.8
2026-01-20T01:30:00Z,17216.2
2026-01-20T01:45:00Z,23560.8
2026-01-20T02:00:00Z,24656.0
2026-01-20T02:15:00Z,22108.3
2026-01-20T02:30:00Z,23006.7
2026-01-20T02:45:00Z,23465.2
2026-01-20T03:00:00Z,22882.5
2026-01-20T03:15:00Z,23888.2
2026-01-20T03:30:00Z,22343.7
2026-01-20T03:45:00Z,19056.7
2026-01-20T04:00:00Z,22958.4
2026-01-20T04:15:00Z,19096.6
2026-01-20T04:30:00Z,23447.8
2026-01-20T04:45:00Z,23320.4
2026-01-20T05:00:00Z,18246.0
2026-01-20T05:15:00Z,7936.4
2026-01-20T05:30:00Z,14446.6
2026-01-20T05:45:00Z,18961.9
2026-01-20T06:00:00Z,15749.3
2026-01-20T06:15:00Z,13854.8
2026-01-20T06:30:00Z,20480.3
2026-01-20T06:45:00Z,15393.1
2026-01-20T07:00:00Z,14646.7
2026-01-20T07:15:00Z,11060.7
2026-01-20T07:30:00Z,10049.3
2026-01-20T07:45:00Z,18773.7
2026-01-20T08:00:00Z,10182.2
2026-01-20T08:15:00Z,18919.8
2026-01-20T08:30:00Z,21856.0
2026-01-20T08:45:00Z,11674.1
2026-01-20T09:00:00Z,22774.8
2026-01-20T09:15:00Z,16651.3
2026-01-20T09:30:00Z,15975.7
2026-01-20T09:45:00Z,17661.7
2026-01-20T10:00:00Z,15305.1
2026-01-20T10:15:00Z,17123.4
2026-01-20T10:30:00Z,14730.6
2026-01-20T10:45:00Z,17618.9
2026-01-20T11:00:00Z,17472.5
2026-01-20T11:15:00Z,18147.6
2026-01-20T11:30:00Z,12848.0
2026-01-20T11:45:00Z,12872.4
2026-01-20T12:00:00Z,18409.6
2026-01-20T12:15:00Z,9433.0
2026-01-20T12:30:00Z,16554.9
2026-01-20T12:45:00Z,10840.8
2026-01-20T13:00:00Z,11253.4
2026-01-20T13:15:00Z,14662.6
2026-01-20T13:30:00Z,16734.8
2026-01-20T13:45:00Z,19226.6
2026-01-20T14:00:00Z,18319.7
2026-01-20T14:15:00Z,13144.9
2026-01-20T14:30:00Z,18841.2
2026-01-20T14:45:00Z,15689.0
2026-01-20T15:00:00Z,12034.0
2026-01-20T15:15:00Z,14362.7
2026-01-20T15:30:00Z,14052.8
2026-01-20T15:45:00Z,12443.9
2026-01-20T16:00:00Z,7943.6
2026-01-20T16:15:00Z,13235.0
2026-01-20T16:30:00Z,13325.3
2026-01-20T16:45:00Z,19624.8
2026-01-20T17:00:00Z,12913.8
2026-01-20T17:15:00Z,22421.2
2026-01-20T17:30:00Z,15653.5
2026-01-20T17:45:00Z,18000.3
2026-01-20T18:00:00Z,15724.5
2026-01-20T18:15:00Z,15498.1
2026-01-20T18:30:00Z,16289.4
2026-01-20T18:45:00Z,11133.0
2026-01-20T19:00:00Z,12439.8
2026-01-20T19:15:00Z,8107.5
2026-01-20T19:30:00Z,18795.3
2026-01-20T19:45:00Z,14511.7
2026-01-20T20:00:00Z,13029.6
2026-01-20T20:15:00Z,11620.6
2026-01-20T20:30:00Z,16331.0
2026-01-20T20:45:00Z,8385.7
2026-01-20T21:00:00Z,23715.0
2026-01-20T21:15:00Z,24517.9
2026-01-20T21:30:00Z,22909.1
2026-01-20T21:45:00Z,18919.5
2026-01-20T22:00:00Z,22757.6
2026-01-20T22:15:00Z,24137.6
2026-01-20T22:30:00Z,19305.6
2026-01-20T22:45:00Z,20484.1
2026-01-20T23:00:00Z,19466.6
2026-01-20T23:15:00Z,15826.2
2026-01-20T23:30:00Z,21911.0
2026-01-20T23:45:00Z,23122.5
2026-01-21T00:00:00Z,23917.7
2026-01-21T00:15:00Z,22587.1
2026-01-21T00:30:00Z,18232.9
2026-01-21T00:45:00Z,23657.5
2026-01-21T01:00:00Z,22277.9
2026-01-21T01:15:00Z,23909.2
2026-01-21T01:30:00Z,20578.3
2026-01-21T01:45:00Z,21598.0
2026-01-21T02:00:00Z,24239.0
2026-01-21T02:15:00Z,23689.1
2026-01-21T02:30:00Z,16883.5
2026-01-21T02:45:00Z,21984.2
2026-01-21T03:00:00Z,14737.2
2026-01-21T03:15:00Z,19132.8
2026-01-21T03:30:00Z,22440.7
2026-01-21T03:45:00Z,20082.1
2026-01-21T04:00:00Z,22751.2
2026-01-21T04:15:00Z,23627.4
2026-01-21T04:30:00Z,22878.5
2026-01-21T04:45:00Z,22275.8
2026-01-21T05:00:00Z,14067.2
2026-01-21T05:15:00Z,9975.3
2026-01-21T05:30:00Z,17082.0
2026-01-21T05:45:00Z,14739.1
2026-01-21T06:00:00Z,8087.6
2026-01-21T06:15:00Z,12236.5
2026-01-21T06:30:00Z,14326.2
2026-01-21T06:45:00Z,15288.9
2026-01-21T07:00:00Z,9115.5
2026-01-21T07:15:00Z,15489.9
2026-01-21T07:30:00Z,19068.2
2026-01-21T07:45:00Z,13343.9
2026-01-21T08:00:00Z,13659.3
2026-01-21T08:15:00Z,19348.3
2026-01-21T08:30:00Z,18072.3
2026-01-21T08:45:00Z,22405.4
2026-01-21T09:00:00Z,16341.6
2026-01-21T09:15:00Z,11662.1
2026-01-21T09:30:00Z,11911.7
2026-01-21T09:45:00Z,9817.4
2026-01-21T10:00:00Z,16406.0
2026-01-21T10:15:00Z,6066.0
2026-01-21T10:30:00Z,17758.5
2026-01-21T10:45:00Z,8798.7
2026-01-21T11:00:00Z,12400.7
2026-01-21T11:15:00Z,9984.1
2026-01-21T11:30:00Z,13323.5
2026-01-21T11:45:00Z,11995.1
2026-01-21T12:00:00Z,7844.4
2026-01-21T12:15:00Z,6843.0
2026-01-21T12:30:00Z,16346.6
2026-01-21T12:45:00Z,16643.6
2026-01-21T13:00:00Z,7973.3
2026-01-21T13:15:00Z,14189.3
2026-01-21T13:30:00Z,17167.0
2026-01-21T13:45:00Z,15691.8
2026-01-21T14:00:00Z,21389.0
2026-01-21T14:15:00Z,18009.8
2026-01-21T14:30:00Z,13895.8
2026-01-21T14:45:00Z,10202.8
2026-01-21T15:00:00Z,13701.2
2026-01-21T15:15:00Z,13025.8
2026-01-21T15:30:00Z,22583.1
2026-01-21T15:45:00Z,13711.6
2026-01-21T16:00:00Z,14840.1
2026-01-21T16:15:00Z,14371.1
2026-01-21T16:30:00Z,16761.1
2026-01-21T16:45:00Z,13450.0
2026-01-21T17:00:00Z,10162.9
2026-01-21T17:15:00Z,14312.7
2026-01-21T17:30:00Z,14461.6
2026-01-21T17:45:00Z,18794.3
2026-01-21T18:00:00Z,20975.1
2026-01-21T18:15:00Z,17010.5
2026-01-21T18:30:00Z,19036.5
2026-01-21T18:45:00Z,14115.9
2026-01-21T19:00:00Z,17658.9
2026-01-21T19:15:00Z,14259.8
2026-01-21T19:30:00Z,22783.0
2026-01-21T19:45:00Z,16054.3
2026-01-21T20:00:00Z,14185.0
2026-01-21T20:15:00Z,14498.3
2026-01-21T20:30:00Z,16231.6
2026-01-21T20:45:00Z,15178.6
2026-01-21T21:00:00Z,20847.0
2026-01-21T21:15:00Z,20148.9
2026-01-21T21:30:00Z,22850.6
2026-01-21T21:45:00Z,20470.7
2026-01-21T22:00:00Z,20841.9
2026-01-21T22:15:00Z,19770.0
2026-01-21T22:30:00Z,20934.1
2026-01-21T22:45:00Z,23976.5
2026-01-21T23:00:00Z,23804.2
2026-01-21T23:15:00Z,23286.6
2026-01-21T23:30:00Z,23931.8
2026-01-21T23:45:00Z,22696.9
2026-01-22T00:00:00Z,22074.0
2026-01-22T00:15:00Z,19888.7
2026-01-22T00:30:00Z,22299.0
2026-01-22T00:45:00Z,23522.5
2026-01-22T01:00:00Z,19863.8
2026-01-22T01:15:00Z,23139.6
2026-01-22T01:30:00Z,24011.4
2026-01-22T01:45:00Z,23598.9
2026-01-22T02:00:00Z,18799.0
2026-01-22T02:15:00Z,24103.8
2026-01-22T02:30:00Z,23425.4
2026-01-22T02:45:00Z,23497.6
2026-01-22T03:00:00Z,22232.4
2026-01-22T03:15:00Z,22894.5
2026-01-22T03:30:00Z,24796.1
2026-01-22T03:45:00Z,22887.6
2026-01-22T04:00:00Z,24186.5
2026-01-22T04:15:00Z,17186.7
2026-01-22T04:30:00Z,23606.1
2026-01-22T04:45:00Z,18338.0
2026-01-22T05:00:00Z,14986.0
2026-01-22T05:15:00Z,18897.9
2026-01-22T05:30:00Z,16367.9
2026-01-22T05:45:00Z,14867.5
2026-01-22T06:00:00Z,17304.4
2026-01-22T06:15:00Z,17176.0
2026-01-22T06:30:00Z,21982.9
2026-01-22T06:45:00Z,9812.0
2026-01-22T07:00:00Z,17985.1
2026-01-22T07:15:00Z,17711.3
2026-01-22T07:30:00Z,10954.9
2026-01-22T07:45:00Z,18073.3
2026-01-22T08:00:00Z,11607.1
2026-01-22T08:15:00Z,13319.8
2026-01-22T08:30:00Z,17607.0
2026-01-22T08:45:00Z,13818.7
2026-01-22T09:00:00Z,12901.1
2026-01-22T09:15:00Z,14342.5
2026-01-22T09:30:00Z,8853.1
2026-01-22T09:45:00Z,16463.5
2026-01-22T10:00:00Z,17100.9
2026-01-22T10:15:00Z,14916.9
2026-01-22T10:30:00Z,18514.4
2026-01-22T10:45:00Z,7723.0
2026-01-22T11:00:00Z,18259.8
2026-01-22T11:15:00Z,17132.1
2026-01-22T11:30:00Z,9956.3
2026-01-22T11:45:00Z,13553.0
2026-01-22T12:00:00Z,6895.7
2026-01-22T12:15:00Z,6773.5
2026-01-22T12:30:00Z,13649.5
2026-01-22T12:45:00Z,14597.7
2026-01-22T13:00:00Z,9748.6
2026-01-22T13:15:00Z,11520.3
2026-01-22T13:30:00Z,22201.5
2026-01-22T13:45:00Z,9173.8
2026-01-22T14:00:00Z,11668.0
2026-01-22T14:15:00Z,14177.7
2026-01-22T14:30:00Z,12014.4
2026-01-22T14:45:00Z,14998.3
2026-01-22T15:00:00Z,10930.9
2026-01-22T15:15:00Z,6908.6
2026-01-22T15:30:00Z,12027.8
2026-01-22T15:45:00Z,15717.2
2026-01-22T16:00:00Z,9168.0
2026-01-22T16:15:00Z,14643.5
2026-01-22T16:30:00Z,14881.8
2026-01-22T16:45:00Z,17887.7
2026-01-22T17:00:00Z,9286.8
2026-01-22T17:15:00Z,13197.1
2026-01-22T17:30:00Z,19593.9
2026-01-22T17:45:00Z,17690.7
2026-01-22T18:00:00Z,18658.8
2026-01-22T18:15:00Z,23402.5
2026-01-22T18:30:00Z,17703.0
2026-01-22T18:45:00Z,9135.6
2026-01-22T19:00:00Z,16631.2
2026-01-22T19:15:00Z,18465.6
2026-01-22T19:30:00Z,13911.4
2026-01-22T19:45:00Z,13444.3
2026-01-22T20:00:00Z,8655.8
2026-01-22T20:15:00Z,23616.9
2026-01-22T20:30:00Z,12690.2
2026-01-22T20:45:00Z,12507.2
2026-01-22T21:00:00Z,19861.9
2026-01-22T21:15:00Z,24379.5
2026-01-22T21:30:00Z,23519.6
2026-01-22T21:45:00Z,23707.0
2026-01-22T22:00:00Z,23372.6
2026-01-22T22:15:00Z,19571.7
2026-01-22T22:30:00Z,24264.6
2026-01-22T22:45:00Z,21656.0
2026-01-22T23:00:00Z,23929.4
2026-01-22T23:15:00Z,18526.0
2026-01-22T23:30:00Z,21305.2
2026-01-22T23:45:00Z,23777.0
2026-01-23T00:00:00Z,19438.7
2026-01-23T00:15:00Z,22957.1
2026-01-23T00:30:00Z,17749.1
2026-01-23T00:45:00Z,22026.0
2026-01-23T01:00:00Z,22838.6
2026-01-23T01:15:00Z,18653.8
2026-01-23T01:30:00Z,23769.3
2026-01-23T01:45:00Z,21987.0
2026-01-23T02:00:00Z,24459.1
2026-01-23T02:15:00Z,22954.8
2026-01-23T02:30:00Z,24413.8
2026-01-23T02:45:00Z,23692.5
2026-01-23T03:00:00Z,16300.0
2026-01-23T03:15:00Z,24182.2
2026-01-23T03:30:00Z,18338.0
2026-01-23T03:45:00Z,23355.2
2026-01-23T04:00:00Z,23118.8
2026-01-23T04:15:00Z,22605.0
2026-01-23T04:30:00Z,23538.1
2026-01-23T04:45:00Z,23526.9
2026-01-23T05:00:00Z,19963.9
2026-01-23T05:15:00Z,10481.6
2026-01-23T05:30:00Z,18627.5
2026-01-23T05:45:00Z,14698.6
2026-01-23T06:00:00Z,19386.4
2026-01-23T06:15:00Z,19817.3
2026-01-23T06:30:00Z,17996.9
2026-01-23T06:45:00Z,10088.5
2026-01-23T07:00:00Z,14692.6
2026-01-23T07:15:00Z,18994.2
2026-01-23T07:30:00Z,13763.6
2026-01-23T07:45:00Z,14678.0
2026-01-23T08:00:00Z,21512.2
2026-01-23T08:15:00Z,14358.6
2026-01-23T08:30:00Z,22921.8
2026-01-23T08:45:00Z,14731.2
2026-01-23T09:00:00Z,14947.1
2026-01-23T09:15:00Z,14592.0
2026-01-23T09:30:00Z,17022.9
2026-01-23T09:45:00Z,8696.6
2026-01-23T10:00:00Z,9706.3
2026-01-23T10:15:00Z,15836.7
2026-01-23T10:30:00Z,13440.8
2026-01-23T10:45:00Z,7288.3
2026-01-23T11:00:00Z,14628.1
2026-01-23T11:15:00Z,19040.3
2026-01-23T11:30:00Z,14406.1
2026-01-23T11:45:00Z,15979.3
2026-01-23T12:00:00Z,17937.9
2026-01-23T12:15:00Z,22052.8
2026-01-23T12:30:00Z,16143.4
2026-01-23T12:45:00Z,22026.4
2026-01-23T13:00:00Z,17653.7
2026-01-23T13:15:00Z,17947.5
2026-01-23T13:30:00Z,13393.4
2026-01-23T13:45:00Z,17038.7
2026-01-23T14:00:00Z,17109.7
2026-01-23T14:15:00Z,16388.7
2026-01-23T14:30:00Z,9539.0
2026-01-23T14:45:00Z,15777.1
2026-01-23T15:00:00Z,14611.8
2026-01-23T15:15:00Z,8627.5
2026-01-23T15:30:00Z,18397.5
2026-01-23T15:45:00Z,13110.1
2026-01-23T16:00:00Z,14053.5
2026-01-23T16:15:00Z,11972.7
2026-01-23T16:30:00Z,7554.5
2026-01-23T16:45:00Z,14567.8
2026-01-23T17:00:00Z,13949.0
2026-01-23T17:15:00Z,18041.4
2026-01-23T17:30:00Z,10276.5
2026-01-23T17:45:00Z,18551.5
2026-01-23T18:00:00Z,14067.1
2026-01-23T18:15:00Z,18560.3
2026-01-23T18:30:00Z,15172.7
2026-01-23T18:45:00Z,11019.9
2026-01-23T19:00:00Z,19643.1
2026-01-23T19:15:00Z,12370.6
2026-01-23T19:30:00Z,16978.7
2026-01-23T19:45:00Z,14239.6
2026-01-23T20:00:00Z,12900.2
2026-01-23T20:15:00Z,14730.8
2026-01-23T20:30:00Z,20844.1
2026-01-23T20:45:00Z,15357.4
2026-01-23T21:00:00Z,17194.2
2026-01-23T21:15:00Z,20780.7
2026-01-23T21:30:00Z,23230.3
2026-01-23T21:45:00Z,22628.3
2026-01-23T22:00:00Z,21456.5
2026-01-23T22:15:00Z,20830.7
2026-01-23T22:30:00Z,19797.0
2026-01-23T22:45:00Z,15354.8
2026-01-23T23:00:00Z,19294.0
2026-01-23T23:15:00Z,19272.7
2026-01-23T23:30:00Z,19357.4
2026-01-23T23:45:00Z,24192.0
2026-01-24T00:00:00Z,18302.5
2026-01-24T00:15:00Z,22395.3
2026-01-24T00:30:00Z,23707.8
2026-01-24T00:45:00Z,20493.4
2026-01-24T01:00:00Z,23043.5
2026-01-24T01:15:00Z,22715.2
2026-01-24T01:30:00Z,18739.9
2026-01-24T01:45:00Z,22978.6
2026-01-24T02:00:00Z,20224.0
2026-01-24T02:15:00Z,18706.3
2026-01-24T02:30:00Z,23210.6
2026-01-24T02:45:00Z,19878.0
2026-01-24T03:00:00Z,20473.7
2026-01-24T03:15:00Z,19947.6
2026-01-24T03:30:00Z,23750.7
2026-01-24T03:45:00Z,23056.3
2026-01-24T04:00:00Z,20096.1
2026-01-24T04:15:00Z,21593.2
2026-01-24T04:30:00Z,23418.1
2026-01-24T04:45:00Z,22270.3
2026-01-24T05:00:00Z,19665.5
2026-01-24T05:15:00Z,22301.8
2026-01-24T05:30:00Z,19202.7
2026-01-24T05:45:00Z,16027.6
2026-01-24T06:00:00Z,22557.0
2026-01-24T06:15:00Z,22872.7
2026-01-24T06:30:00Z,21852.4
2026-01-24T06:45:00Z,20126.4
2026-01-24T07:00:00Z,17369.0
2026-01-24T07:15:00Z,14850.4
2026-01-24T07:30:00Z,19690.0
2026-01-24T07:45:00Z,19520.0
2026-01-24T08:00:00Z,22546.1
2026-01-24T08:15:00Z,22862.5
2026-01-24T08:30:00Z,21728.9
2026-01-24T08:45:00Z,19291.2
2026-01-24T09:00:00Z,22123.6
2026-01-24T09:15:00Z,17838.4
2026-01-24T09:30:00Z,18371.6
2026-01-24T09:45:00Z,23203.6
2026-01-24T10:00:00Z,16626.6
2026-01-24T10:15:00Z,20753.5
2026-01-24T10:30:00Z,19814.0
2026-01-24T10:45:00Z,22590.6
2026-01-24T11:00:00Z,21388.4
2026-01-24T11:15:00Z,22180.0
2026-01-24T11:30:00Z,20116.6
2026-01-24T11:45:00Z,20097.0
2026-01-24T12:00:00Z,22379.7
2026-01-24T12:15:00Z,23692.5
2026-01-24T12:30:00Z,20794.9
2026-01-24T12:45:00Z,22384.6
2026-01-24T13:00:00Z,21145.7
2026-01-24T13:15:00Z,18237.3
2026-01-24T13:30:00Z,23705.3
2026-01-24T13:45:00Z,22067.3
2026-01-24T14:00:00Z,23560.5
2026-01-24T14:15:00Z,18539.0
2026-01-24T14:30:00Z,21236.4
2026-01-24T14:45:00Z,24160.9
2026-01-24T15:00:00Z,23406.4
2026-01-24T15:15:00Z,22513.1
2026-01-24T15:30:00Z,22538.5
2026-01-24T15:45:00Z,21425.3
2026-01-24T16:00:00Z,19761.1
2026-01-24T16:15:00Z,21703.9
2026-01-24T16:30:00Z,23942.0
2026-01-24T16:45:00Z,23857.9
2026-01-24T17:00:00Z,23376.2
2026-01-24T17:15:00Z,23473.4
2026-01-24T17:30:00Z,23765.9
2026-01-24T17:45:00Z,22784.7
2026-01-24T18:00:00Z,19060.2
2026-01-24T18:15:00Z,23778.8
2026-01-24T18:30:00Z,23951.8
2026-01-24T18:45:00Z,24021.7
2026-01-24T19:00:00Z,16960.7
2026-01-24T19:15:00Z,22769.8
2026-01-24T19:30:00Z,20044.4
2026-01-24T19:45:00Z,22428.0
2026-01-24T20:00:00Z,21721.4
2026-01-24T20:15:00Z,23867.3
2026-01-24T20:30:00Z,23789.7
2026-01-24T20:45:00Z,22139.7
2026-01-24T21:00:00Z,19957.6
2026-01-24T21:15:00Z,21423.6
2026-01-24T21:30:00Z,22096.6
2026-01-24T21:45:00Z,23341.4
2026-01-24T22:00:00Z,20811.3
2026-01-24T22:15:00Z,17725.2
2026-01-24T22:30:00Z,23575.5
2026-01-24T22:45:00Z,23613.8
2026-01-24T23:00:00Z,23430.2
2026-01-24T23:15:00Z,23978.5
2026-01-24T23:30:00Z,15966.6
2026-01-24T23:45:00Z,12552.3
2026-01-25T00:00:00Z,16626.8
2026-01-25T00:15:00Z,17248.7
2026-01-25T00:30:00Z,14125.1
2026-01-25T00:45:00Z,17334.7
2026-01-25T01:00:00Z,22739.8
2026-01-25T01:15:00Z,21890.9
2026-01-25T01:30:00Z,18823.4
2026-01-25T01:45:00Z,16736.3
2026-01-25T02:00:00Z,21486.4
2026-01-25T02:15:00Z,17899.1
2026-01-25T02:30:00Z,22228.7
2026-01-25T02:45:00Z,22797.1
2026-01-25T03:00:00Z,23115.3
2026-01-25T03:15:00Z,23658.2
2026-01-25T03:30:00Z,22786.2
2026-01-25T03:45:00Z,22660.5
2026-01-25T04:00:00Z,18023.2
2026-01-25T04:15:00Z,23662.6
2026-01-25T04:30:00Z,20250.4
2026-01-25T04:45:00Z,21051.7
2026-01-25T05:00:00Z,22800.8
2026-01-25T05:15:00Z,22229.6
2026-01-25T05:30:00Z,22246.3
2026-01-25T05:45:00Z,22534.8
2026-01-25T06:00:00Z,22700.5
2026-01-25T06:15:00Z,23135.0
2026-01-25T06:30:00Z,21824.5
2026-01-25T06:45:00Z,16924.7
2026-01-25T07:00:00Z,22893.2
2026-01-25T07:15:00Z,13303.9
2026-01-25T07:30:00Z,19913.2
2026-01-25T07:45:00Z,20280.2
2026-01-25T08:00:00Z,20542.0
2026-01-25T08:15:00Z,22469.5
2026-01-25T08:30:00Z,20809.3
2026-01-25T08:45:00Z,21287.4
2026-01-25T09:00:00Z,22303.4
2026-01-25T09:15:00Z,20791.1
2026-01-25T09:30:00Z,19932.5
2026-01-25T09:45:00Z,23097.8
2026-01-25T10:00:00Z,21964.1
2026-01-25T10:15:00Z,20848.4
2026-01-25T10:30:00Z,20277.6
2026-01-25T10:45:00Z,22704.6
2026-01-25T11:00:00Z,21644.0
2026-01-25T11:15:00Z,23557.4
2026-01-25T11:30:00Z,23504.2
2026-01-25T11:45:00Z,18539.4
2026-01-25T12:00:00Z,21753.5
2026-01-25T12:15:00Z,20370.6
2026-01-25T12:30:00Z,19982.6
2026-01-25T12:45:00Z,23163.6
2026-01-25T13:00:00Z,21438.4
2026-01-25T13:15:00Z,22997.1
2026-01-25T13:30:00Z,17959.4
2026-01-25T13:45:00Z,22542.2
2026-01-25T14:00:00Z,17538.4
2026-01-25T14:15:00Z,22465.9
2026-01-25T14:30:00Z,18955.4
2026-01-25T14:45:00Z,21634.9
2026-01-25T15:00:00Z,23498.8
2026-01-25T15:15:00Z,23810.7
2026-01-25T15:30:00Z,21680.6
2026-01-25T15:45:00Z,21117.9
2026-01-25T16:00:00Z,23417.0
2026-01-25T16:15:00Z,22793.9
2026-01-25T16:30:00Z,19007.5
2026-01-25T16:45:00Z,20782.9
2026-01-25T17:00:00Z,19829.0
2026-01-25T17:15:00Z,18850.6
2026-01-25T17:30:00Z,23761.3
2026-01-25T17:45:00Z,18881.5
2026-01-25T18:00:00Z,22417.5
2026-01-25T18:15:00Z,22060.3
2026-01-25T18:30:00Z,23274.5
2026-01-25T18:45:00Z,23037.8
2026-01-25T19:00:00Z,24151.3
2026-01-25T19:15:00Z,20544.6
2026-01-25T19:30:00Z,21888.2
2026-01-25T19:45:00Z,16121.3
2026-01-25T20:00:00Z,20300.3
2026-01-25T20:15:00Z,24054.0
2026-01-25T20:30:00Z,20701.8
2026-01-25T20:45:00Z,21313.5
2026-01-25T21:00:00Z,16212.6
2026-01-25T21:15:00Z,20821.6
2026-01-25T21:30:00Z,19538.6
2026-01-25T21:45:00Z,23024.1
2026-01-25T22:00:00Z,22308.0
2026-01-25T22:15:00Z,22592.2
2026-01-25T22:30:00Z,23402.9
2026-01-25T22:45:00Z,21970.3
2026-01-25T23:00:00Z,20392.6
2026-01-25T23:15:00Z,23431.5
2026-01-25T23:30:00Z,23575.9
2026-01-25T23:45:00Z,21562.0
2026-01-26T00:00:00Z,21760.3
2026-01-26T00:15:00Z,23473.7
2026-01-26T00:30:00Z,20530.4
2026-01-26T00:45:00Z,18797.7
2026-01-26T01:00:00Z,22616.8
2026-01-26T01:15:00Z,22727.9
2026-01-26T01:30:00Z,23358.3
2026-01-26T01:45:00Z,22457.8
2026-01-26T02:00:00Z,23857.0
2026-01-26T02:15:00Z,22679.3
2026-01-26T02:30:00Z,24607.8
2026-01-26T02:45:00Z,23682.7
2026-01-26T03:00:00Z,23432.7
2026-01-26T03:15:00Z,18964.3
2026-01-26T03:30:00Z,18880.8
2026-01-26T03:45:00Z,22396.6
2026-01-26T04:00:00Z,24033.1
2026-01-26T04:15:00Z,21713.1
2026-01-26T04:30:00Z,18726.6
2026-01-26T04:45:00Z,23577.4
2026-01-26T05:00:00Z,15471.7
2026-01-26T05:15:00Z,17110.9
2026-01-26T05:30:00Z,12409.8
2026-01-26T05:45:00Z,17625.5
2026-01-26T06:00:00Z,15218.5
2026-01-26T06:15:00Z,18368.9
2026-01-26T06:30:00Z,17543.1
2026-01-26T06:45:00Z,15767.3
2026-01-26T07:00:00Z,14229.0
2026-01-26T07:15:00Z,23761.3
2026-01-26T07:30:00Z,9192.0
2026-01-26T07:45:00Z,17362.1
2026-01-26T08:00:00Z,12353.0
2026-01-26T08:15:00Z,17112.7
2026-01-26T08:30:00Z,14508.5
2026-01-26T08:45:00Z,13660.5
2026-01-26T09:00:00Z,14775.5
2026-01-26T09:15:00Z,16523.9
2026-01-26T09:30:00Z,14621.5
2026-01-26T09:45:00Z,16831.0
2026-01-26T10:00:00Z,8303.9
2026-01-26T10:15:00Z,13473.0
2026-01-26T10:30:00Z,13776.6
2026-01-26T10:45:00Z,17517.3
2026-01-26T11:00:00Z,10824.2
2026-01-26T11:15:00Z,17485.9
2026-01-26T11:30:00Z,17439.1
2026-01-26T11:45:00Z,18237.2
2026-01-26T12:00:00Z,13150.6
2026-01-26T12:15:00Z,21107.8
2026-01-26T12:30:00Z,13772.3
2026-01-26T12:45:00Z,11100.5
2026-01-26T13:00:00Z,9115.3
2026-01-26T13:15:00Z,14165.0
2026-01-26T13:30:00Z,19906.2
2026-01-26T13:45:00Z,12198.9
2026-01-26T14:00:00Z,21513.3
2026-01-26T14:15:00Z,13115.9
2026-01-26T14:30:00Z,8742.8
2026-01-26T14:45:00Z,14568.9
2026-01-26T15:00:00Z,11413.0
2026-01-26T15:15:00Z,12713.4
2026-01-26T15:30:00Z,18173.8
2026-01-26T15:45:00Z,12782.2
2026-01-26T16:00:00Z,14168.5
2026-01-26T16:15:00Z,14010.9
2026-01-26T16:30:00Z,9535.7
2026-01-26T16:45:00Z,18462.4
2026-01-26T17:00:00Z,22879.4
2026-01-26T17:15:00Z,13606.4
2026-01-26T17:30:00Z,18620.8
2026-01-26T17:45:00Z,15499.1
2026-01-26T18:00:00Z,20339.1
2026-01-26T18:15:00Z,23953.6
2026-01-26T18:30:00Z,15064.2
2026-01-26T18:45:00Z,18783.6
2026-01-26T19:00:00Z,23505.6
2026-01-26T19:15:00Z,14160.0
2026-01-26T19:30:00Z,17916.6
2026-01-26T19:45:00Z,17161.5
2026-01-26T20:00:00Z,12908.7
2026-01-26T20:15:00Z,8173.2
2026-01-26T20:30:00Z,15063.7
2026-01-26T20:45:00Z,16822.8
2026-01-26T21:00:00Z,22546.7
2026-01-26T21:15:00Z,24801.8
2026-01-26T21:30:00Z,18358.4
2026-01-26T21:45:00Z,22188.9
2026-01-26T22:00:00Z,16955.6
2026-01-26T22:15:00Z,21670.2
2026-01-26T22:30:00Z,23828.5
2026-01-26T22:45:00Z,23984.8
2026-01-26T23:00:00Z,24052.1
2026-01-26T23:15:00Z,20734.2
2026-01-26T23:30:00Z,15768.6
2026-01-26T23:45:00Z,23804.4
2026-01-27T00:00:00Z,23757.0
2026-01-27T00:15:00Z,20264.3
2026-01-27T00:30:00Z,22849.8
2026-01-27T00:45:00Z,22791.9
2026-01-27T01:00:00Z,22104.3
2026-01-27T01:15:00Z,23456.7
2026-01-27T01:30:00Z,23501.6
2026-01-27T01:45:00Z,19180.9
2026-01-27T02:00:00Z,22552.5
2026-01-27T02:15:00Z,21175.1
2026-01-27T02:30:00Z,24061.3
2026-01-27T02:45:00Z,22483.2
2026-01-27T03:00:00Z,20849.1
2026-01-27T03:15:00Z,22797.6
2026-01-27T03:30:00Z,22061.0
2026-01-27T03:45:00Z,22673.8
2026-01-27T04:00:00Z,21643.1
2026-01-27T04:15:00Z,12106.9
2026-01-27T04:30:00Z,19351.8
2026-01-27T04:45:00Z,23725.7
2026-01-27T05:00:00Z,8519.3
2026-01-27T05:15:00Z,8227.4
2026-01-27T05:30:00Z,12332.2
2026-01-27T05:45:00Z,19696.4
2026-01-27T06:00:00Z,13925.7
2026-01-27T06:15:00Z,8623.7
2026-01-27T06:30:00Z,23770.9
2026-01-27T06:45:00Z,14987.9
2026-01-27T07:00:00Z,13537.7
2026-01-27T07:15:00Z,16841.2
2026-01-27T07:30:00Z,9890.2
2026-01-27T07:45:00Z,16758.7
2026-01-27T08:00:00Z,9868.5
2026-01-27T08:15:00Z,14515.7
2026-01-27T08:30:00Z,17395.4
2026-01-27T08:45:00Z,16331.3
2026-01-27T09:00:00Z,13944.2
2026-01-27T09:15:00Z,18797.8
2026-01-27T09:30:00Z,18600.1
2026-01-27T09:45:00Z,18444.3
2026-01-27T10:00:00Z,8678.2
2026-01-27T10:15:00Z,12526.5
2026-01-27T10:30:00Z,18226.6
2026-01-27T10:45:00Z,12017.2
2026-01-27T11:00:00Z,15854.6
2026-01-27T11:15:00Z,13602.8
2026-01-27T11:30:00Z,9993.1
2026-01-27T11:45:00Z,11363.3
2026-01-27T12:00:00Z,20671.6
2026-01-27T12:15:00Z,9133.3
2026-01-27T12:30:00Z,18666.8
2026-01-27T12:45:00Z,14488.1
2026-01-27T13:00:00Z,18010.8
2026-01-27T13:15:00Z,18748.7
2026-01-27T13:30:00Z,10178.0
2026-01-27T13:45:00Z,14561.0
2026-01-27T14:00:00Z,9954.4
2026-01-27T14:15:00Z,13449.8
2026-01-27T14:30:00Z,9823.4
2026-01-27T14:45:00Z,18684.0
2026-01-27T15:00:00Z,17556.8
2026-01-27T15:15:00Z,18682.9
2026-01-27T15:30:00Z,17961.4
2026-01-27T15:45:00Z,12685.2
2026-01-27T16:00:00Z,17074.7
2026-01-27T16:15:00Z,21533.4
2026-01-27T16:30:00Z,17708.7
2026-01-27T16:45:00Z,17877.3
2026-01-27T17:00:00Z,18667.3
2026-01-27T17:15:00Z,18629.9
2026-01-27T17:30:00Z,14629.0
2026-01-27T17:45:00Z,6580.7
2026-01-27T18:00:00Z,17404.7
2026-01-27T18:15:00Z,21833.8
2026-01-27T18:30:00Z,10260.3
2026-01-27T18:45:00Z,24104.1
2026-01-27T19:00:00Z,17638.1
2026-01-27T19:15:00Z,23145.8
2026-01-27T19:30:00Z,19551.9
2026-01-27T19:45:00Z,15678.3
2026-01-27T20:00:00Z,19191.7
2026-01-27T20:15:00Z,18443.9
2026-01-27T20:30:00Z,16747.2
2026-01-27T20:45:00Z,12935.8
2026-01-27T21:00:00Z,24569.3
2026-01-27T21:15:00Z,22045.8
2026-01-27T21:30:00Z,24975.5
2026-01-27T21:45:00Z,22550.2
2026-01-27T22:00:00Z,19599.5
2026-01-27T22:15:00Z,24383.2
2026-01-27T22:30:00Z,20138.8
2026-01-27T22:45:00Z,22759.2
2026-01-27T23:00:00Z,20847.7
2026-01-27T23:15:00Z,21204.0
2026-01-27T23:30:00Z,18482.7
2026-01-27T23:45:00Z,24432.9
2026-01-28T00:00:00Z,16406.0
2026-01-28T00:15:00Z,23682.7
2026-01-28T00:30:00Z,22419.9
2026-01-28T00:45:00Z,22896.3
2026-01-28T01:00:00Z,23439.0
2026-01-28T01:15:00Z,24584.9
2026-01-28T01:30:00Z,23135.9
2026-01-28T01:45:00Z,23620.6
2026-01-28T02:00:00Z,20650.1
2026-01-28T02:15:00Z,19430.1
2026-01-28T02:30:00Z,22150.1
2026-01-28T02:45:00Z,23156.6
2026-01-28T03:00:00Z,22147.0
2026-01-28T03:15:00Z,23253.8
2026-01-28T03:30:00Z,23247.0
2026-01-28T03:45:00Z,24377.1
2026-01-28T04:00:00Z,22567.5
2026-01-28T04:15:00Z,21381.5
2026-01-28T04:30:00Z,20806.6
2026-01-28T04:45:00Z,22196.7
2026-01-28T05:00:00Z,13004.8
2026-01-28T05:15:00Z,18047.6
2026-01-28T05:30:00Z,20118.2
2026-01-28T05:45:00Z,19577.2
2026-01-28T06:00:00Z,22331.8
2026-01-28T06:15:00Z,20039.5
2026-01-28T06:30:00Z,13823.0
2026-01-28T06:45:00Z,15771.3
2026-01-28T07:00:00Z,8851.6
2026-01-28T07:15:00Z,19967.5
2026-01-28T07:30:00Z,16330.4
2026-01-28T07:45:00Z,17932.4
2026-01-28T08:00:00Z,14704.4
2026-01-28T08:15:00Z,12543.2
2026-01-28T08:30:00Z,16234.0
2026-01-28T08:45:00Z,16430.9
2026-01-28T09:00:00Z,14372.3
2026-01-28T09:15:00Z,13504.0
2026-01-28T09:30:00Z,17776.5
2026-01-28T09:45:00Z,12384.0
2026-01-28T10:00:00Z,16109.5
2026-01-28T10:15:00Z,7863.7
2026-01-28T10:30:00Z,13382.6
2026-01-28T10:45:00Z,14016.4
2026-01-28T11:00:00Z,22252.2
2026-01-28T11:15:00Z,11795.7
2026-01-28T11:30:00Z,15298.1
2026-01-28T11:45:00Z,9095.4
2026-01-28T12:00:00Z,13314.8
2026-01-28T12:15:00Z,15190.9
2026-01-28T12:30:00Z,14876.0
2026-01-28T12:45:00Z,11476.4
2026-01-28T13:00:00Z,10868.9
2026-01-28T13:15:00Z,21320.1
2026-01-28T13:30:00Z,10557.1
2026-01-28T13:45:00Z,11377.3
2026-01-28T14:00:00Z,11879.1
2026-01-28T14:15:00Z,13167.8
2026-01-28T14:30:00Z,14544.0
2026-01-28T14:45:00Z,9741.5
2026-01-28T15:00:00Z,18987.5
2026-01-28T15:15:00Z,8551.2
2026-01-28T15:30:00Z,19122.1
2026-01-28T15:45:00Z,12789.4
2026-01-28T16:00:00Z,14812.3
2026-01-28T16:15:00Z,12864.6
2026-01-28T16:30:00Z,15886.5
2026-01-28T16:45:00Z,20927.8
2026-01-28T17:00:00Z,14323.4
2026-01-28T17:15:00Z,18782.8
2026-01-28T17:30:00Z,16679.7
2026-01-28T17:45:00Z,14754.5
2026-01-28T18:00:00Z,13129.3
2026-01-28T18:15:00Z,10842.8
2026-01-28T18:30:00Z,17165.6
2026-01-28T18:45:00Z,19150.2
2026-01-28T19:00:00Z,15717.3
2026-01-28T19:15:00Z,16102.2
2026-01-28T19:30:00Z,12822.7
2026-01-28T19:45:00Z,13387.7
2026-01-28T20:00:00Z,14195.0
2026-01-28T20:15:00Z,11447.0
2026-01-28T20:30:00Z,23898.8
2026-01-28T20:45:00Z,15395.8
2026-01-28T21:00:00Z,20831.2
2026-01-28T21:15:00Z,23725.9
2026-01-28T21:30:00Z,24069.9
2026-01-28T21:45:00Z,22675.7
2026-01-28T22:00:00Z,23675.9
2026-01-28T22:15:00Z,22997.8
2026-01-28T22:30:00Z,18258.1
2026-01-28T22:45:00Z,22227.0
2026-01-28T23:00:00Z,24133.6
2026-01-28T23:15:00Z,11514.8
2026-01-28T23:30:00Z,22600.9
2026-01-28T23:45:00Z,22984.3
2026-01-29T00:00:00Z,23131.2
2026-01-29T00:15:00Z,23583.7
2026-01-29T00:30:00Z,23091.2
2026-01-29T00:45:00Z,24121.3
2026-01-29T01:00:00Z,22759.2
2026-01-29T01:15:00Z,21496.1
2026-01-29T01:30:00Z,21599.6
2026-01-29T01:45:00Z,24299.0
2026-01-29T02:00:00Z,24336.3
2026-01-29T02:15:00Z,23929.9
2026-01-29T02:30:00Z,22947.7
2026-01-29T02:45:00Z,21497.5
2026-01-29T03:00:00Z,23117.8
2026-01-29T03:15:00Z,19845.1
2026-01-29T03:30:00Z,20370.2
2026-01-29T03:45:00Z,22754.0
2026-01-29T04:00:00Z,20735.3
2026-01-29T04:15:00Z,24587.0
2026-01-29T04:30:00Z,18945.8
2026-01-29T04:45:00Z,22478.5
2026-01-29T05:00:00Z,14555.8
2026-01-29T05:15:00Z,21485.7
2026-01-29T05:30:00Z,18921.6
2026-01-29T05:45:00Z,17838.9
2026-01-29T06:00:00Z,16835.9
2026-01-29T06:15:00Z,10050.7
2026-01-29T06:30:00Z,17465.7
2026-01-29T06:45:00Z,12806.5
2026-01-29T07:00:00Z,11035.0
2026-01-29T07:15:00Z,7297.6
2026-01-29T07:30:00Z,19979.3
2026-01-29T07:45:00Z,14477.2
2026-01-29T08:00:00Z,6907.2
2026-01-29T08:15:00Z,6622.9
2026-01-29T08:30:00Z,15820.3
2026-01-29T08:45:00Z,11940.5
2026-01-29T09:00:00Z,13890.0
2026-01-29T09:15:00Z,18802.9
2026-01-29T09:30:00Z,13077.7
2026-01-29T09:45:00Z,13175.2
2026-01-29T10:00:00Z,10674.9
2026-01-29T10:15:00Z,12431.2
2026-01-29T10:30:00Z,13750.4
2026-01-29T10:45:00Z,22092.0
2026-01-29T11:00:00Z,17333.1
2026-01-29T11:15:00Z,17709.0
2026-01-29T11:30:00Z,10617.6
2026-01-29T11:45:00Z,18437.8
2026-01-29T12:00:00Z,17952.6
2026-01-29T12:15:00Z,18025.4
2026-01-29T12:30:00Z,12850.7
2026-01-29T12:45:00Z,10911.5
2026-01-29T13:00:00Z,8238.4
2026-01-29T13:15:00Z,14015.5
2026-01-29T13:30:00Z,13994.6
2026-01-29T13:45:00Z,18276.3
2026-01-29T14:00:00Z,14471.7
2026-01-29T14:15:00Z,12340.8
2026-01-29T14:30:00Z,17493.2
2026-01-29T14:45:00Z,11867.0
2026-01-29T15:00:00Z,13062.2
2026-01-29T15:15:00Z,14713.7
2026-01-29T15:30:00Z,13121.6
2026-01-29T15:45:00Z,16769.7
2026-01-29T16:00:00Z,16169.9
2026-01-29T16:15:00Z,13637.1
2026-01-29T16:30:00Z,13160.7
2026-01-29T16:45:00Z,15085.5
2026-01-29T17:00:00Z,14665.1
2026-01-29T17:15:00Z,20238.3
2026-01-29T17:30:00Z,13958.3
2026-01-29T17:45:00Z,15117.2
2026-01-29T18:00:00Z,12242.0
2026-01-29T18:15:00Z,13467.2
2026-01-29T18:30:00Z,9988.4
2026-01-29T18:45:00Z,14708.8
2026-01-29T19:00:00Z,10238.0
2026-01-29T19:15:00Z,13883.9
2026-01-29T19:30:00Z,13986.0
2026-01-29T19:45:00Z,17470.5
2026-01-29T20:00:00Z,20852.5
2026-01-29T20:15:00Z,10079.9
2026-01-29T20:30:00Z,11377.3
2026-01-29T20:45:00Z,11779.1
2026-01-29T21:00:00Z,18967.5
2026-01-29T21:15:00Z,22602.7
2026-01-29T21:30:00Z,23153.3
2026-01-29T21:45:00Z,22906.0
2026-01-29T22:00:00Z,23409.3
2026-01-29T22:15:00Z,22863.1
2026-01-29T22:30:00Z,21622.7
2026-01-29T22:45:00Z,23582.1
2026-01-29T23:00:00Z,22848.5
2026-01-29T23:15:00Z,19274.9
2026-01-29T23:30:00Z,22917.8
2026-01-29T23:45:00Z,19063.4
2026-01-30T00:00:00Z,23530.1
2026-01-30T00:15:00Z,23738.2
2026-01-30T00:30:00Z,19662.9
2026-01-30T00:45:00Z,22340.9
2026-01-30T01:00:00Z,22293.6
2026-01-30T01:15:00Z,23429.6
2026-01-30T01:30:00Z,24371.8
2026-01-30T01:45:00Z,22439.4
2026-01-30T02:00:00Z,22800.0
2026-01-30T02:15:00Z,18879.3
2026-01-30T02:30:00Z,21912.5
2026-01-30T02:45:00Z,14426.9
2026-01-30T03:00:00Z,22324.3
2026-01-30T03:15:00Z,20683.2
2026-01-30T03:30:00Z,23767.7
2026-01-30T03:45:00Z,23557.2
2026-01-30T04:00:00Z,23319.4
2026-01-30T04:15:00Z,24365.2
2026-01-30T04:30:00Z,20474.8
2026-01-30T04:45:00Z,23329.2
2026-01-30T05:00:00Z,18234.7
2026-01-30T05:15:00Z,23776.0
2026-01-30T05:30:00Z,24160.1
2026-01-30T05:45:00Z,17668.4
2026-01-30T06:00:00Z,15001.9
2026-01-30T06:15:00Z,19149.0
2026-01-30T06:30:00Z,9449.0
2026-01-30T06:45:00Z,9400.3
2026-01-30T07:00:00Z,15570.4
2026-01-30T07:15:00Z,11821.0
2026-01-30T07:30:00Z,20225.6
2026-01-30T07:45:00Z,11862.0
2026-01-30T08:00:00Z,14524.5
2026-01-30T08:15:00Z,5887.9
2026-01-30T08:30:00Z,8746.5
2026-01-30T08:45:00Z,17426.3
2026-01-30T09:00:00Z,10455.7
2026-01-30T09:15:00Z,22362.9
2026-01-30T09:30:00Z,16051.7
2026-01-30T09:45:00Z,9588.4
2026-01-30T10:00:00Z,9076.9
2026-01-30T10:15:00Z,17664.1
2026-01-30T10:30:00Z,13111.9
2026-01-30T10:45:00Z,17739.1
2026-01-30T11:00:00Z,9538.5
2026-01-30T11:15:00Z,13487.0
2026-01-30T11:30:00Z,17484.3
2026-01-30T11:45:00Z,11502.9
2026-01-30T12:00:00Z,10888.8
2026-01-30T12:15:00Z,10303.8
2026-01-30T12:30:00Z,7051.2
2026-01-30T12:45:00Z,15417.0
2026-01-30T13:00:00Z,15214.8
2026-01-30T13:15:00Z,18253.9
2026-01-30T13:30:00Z,14897.5
2026-01-30T13:45:00Z,18828.2
2026-01-30T14:00:00Z,13756.3
2026-01-30T14:15:00Z,15005.6
2026-01-30T14:30:00Z,12390.0
2026-01-30T14:45:00Z,14899.1
2026-01-30T15:00:00Z,15002.8
2026-01-30T15:15:00Z,12871.8
2026-01-30T15:30:00Z,14470.2
2026-01-30T15:45:00Z,19376.8
2026-01-30T16:00:00Z,14050.1
2026-01-30T16:15:00Z,11032.4
2026-01-30T16:30:00Z,20764.0
2026-01-30T16:45:00Z,11794.4
2026-01-30T17:00:00Z,18666.2
2026-01-30T17:15:00Z,17546.8
2026-01-30T17:30:00Z,11172.0
2026-01-30T17:45:00Z,13356.9
2026-01-30T18:00:00Z,14545.6
2026-01-30T18:15:00Z,13136.8
2026-01-30T18:30:00Z,18602.6
2026-01-30T18:45:00Z,19466.6
2026-01-30T19:00:00Z,13746.7
2026-01-30T19:15:00Z,15470.9
2026-01-30T19:30:00Z,16836.2
2026-01-30T19:45:00Z,18047.1
2026-01-30T20:00:00Z,12885.8
2026-01-30T20:15:00Z,12221.8
2026-01-30T20:30:00Z,12642.9
2026-01-30T20:45:00Z,18772.6
2026-01-30T21:00:00Z,19053.1
2026-01-30T21:15:00Z,24699.8
2026-01-30T21:30:00Z,22794.7
2026-01-30T21:45:00Z,21729.7
2026-01-30T22:00:00Z,16461.3
2026-01-30T22:15:00Z,23507.1
2026-01-30T22:30:00Z,22260.4
2026-01-30T22:45:00Z,20445.6
2026-01-30T23:00:00Z,23967.5
2026-01-30T23:15:00Z,23727.4
2026-01-30T23:30:00Z,23017.5
2026-01-30T23:45:00Z,24779.7
2026-01-31T00:00:00Z,22545.2
2026-01-31T00:15:00Z,18748.1
2026-01-31T00:30:00Z,22919.0
2026-01-31T00:45:00Z,24065.3
2026-01-31T01:00:00Z,23793.1
2026-01-31T01:15:00Z,23116.0
2026-01-31T01:30:00Z,22829.9
2026-01-31T01:45:00Z,18799.3
2026-01-31T02:00:00Z,19616.5
2026-01-31T02:15:00Z,22069.3
2026-01-31T02:30:00Z,20420.9
2026-01-31T02:45:00Z,21843.3
2026-01-31T03:00:00Z,20975.0
2026-01-31T03:15:00Z,21096.4
2026-01-31T03:30:00Z,22477.7
2026-01-31T03:45:00Z,18237.5
2026-01-31T04:00:00Z,17832.2
2026-01-31T04:15:00Z,23411.4
2026-01-31T04:30:00Z,14334.8
2026-01-31T04:45:00Z,22435.1
2026-01-31T05:00:00Z,23705.6
2026-01-31T05:15:00Z,23575.9
2026-01-31T05:30:00Z,16126.1
2026-01-31T05:45:00Z,23192.8
2026-01-31T06:00:00Z,22930.3
2026-01-31T06:15:00Z,21423.5
2026-01-31T06:30:00Z,21938.1
2026-01-31T06:45:00Z,22929.8
2026-01-31T07:00:00Z,22462.2
2026-01-31T07:15:00Z,21372.4
2026-01-31T07:30:00Z,22186.0
2026-01-31T07:45:00Z,20689.2
2026-01-31T08:00:00Z,23471.0
2026-01-31T08:15:00Z,16817.6
2026-01-31T08:30:00Z,22806.0
2026-01-31T08:45:00Z,18498.4
2026-01-31T09:00:00Z,23633.1
2026-01-31T09:15:00Z,19227.1
2026-01-31T09:30:00Z,23654.6
2026-01-31T09:45:00Z,22258.4
2026-01-31T10:00:00Z,22841.0
2026-01-31T10:15:00Z,19122.7
2026-01-31T10:30:00Z,22648.5
2026-01-31T10:45:00Z,22904.7
2026-01-31T11:00:00Z,23343.5
2026-01-31T11:15:00Z,22386.1
2026-01-31T11:30:00Z,21622.3
2026-01-31T11:45:00Z,22350.8
2026-01-31T12:00:00Z,22326.2
2026-01-31T12:15:00Z,17698.5
2026-01-31T12:30:00Z,18013.9
2026-01-31T12:45:00Z,20459.3
2026-01-31T13:00:00Z,21264.1
2026-01-31T13:15:00Z,23318.9
2026-01-31T13:30:00Z,21268.8
2026-01-31T13:45:00Z,19162.7
2026-01-31T14:00:00Z,23729.4
2026-01-31T14:15:00Z,19636.5
2026-01-31T14:30:00Z,17405.5
2026-01-31T14:45:00Z,16458.9
2026-01-31T15:00:00Z,16067.9
2026-01-31T15:15:00Z,21018.9
2026-01-31T15:30:00Z,22736.6
2026-01-31T15:45:00Z,17035.2
2026-01-31T16:00:00Z,22648.4
2026-01-31T16:15:00Z,22251.2
2026-01-31T16:30:00Z,22478.1
2026-01-31T16:45:00Z,22324.5
2026-01-31T17:00:00Z,17995.2
2026-01-31T17:15:00Z,19373.6
2026-01-31T17:30:00Z,21589.4
2026-01-31T17:45:00Z,24016.1
2026-01-31T18:00:00Z,23196.0
2026-01-31T18:15:00Z,22760.2
2026-01-31T18:30:00Z,20435.9
2026-01-31T18:45:00Z,23405.5
2026-01-31T19:00:00Z,23607.9
2026-01-31T19:15:00Z,23200.9
2026-01-31T19:30:00Z,21535.5
2026-01-31T19:45:00Z,23854.8
2026-01-31T20:00:00Z,22970.4
2026-01-31T20:15:00Z,23662.9
2026-01-31T20:30:00Z,23472.8
2026-01-31T20:45:00Z,24473.6
2026-01-31T21:00:00Z,17329.2
2026-01-31T21:15:00Z,23667.0
2026-01-31T21:30:00Z,23385.8
2026-01-31T21:45:00Z,24246.8
2026-01-31T22:00:00Z,18457.3
2026-01-31T22:15:00Z,18618.1
2026-01-31T22:30:00Z,21464.6
2026-01-31T22:45:00Z,17829.7
2026-01-31T23:00:00Z,23047.2
2026-01-31T23:15:00Z,23558.2
2026-01-31T23:30:00Z,21431.1
2026-01-31T23:45:00Z,22427.6
2026-02-01T00:00:00Z,18502.3
2026-02-01T00:15:00Z,19058.3
2026-02-01T00:30:00Z,23046.3
2026-02-01T00:45:00Z,22279.3
2026-02-01T01:00:00Z,16975.6
2026-02-01T01:15:00Z,21178.6
2026-02-01T01:30:00Z,15080.3
2026-02-01T01:45:00Z,18733.2
2026-02-01T02:00:00Z,20373.6
2026-02-01T02:15:00Z,19270.5
2026-02-01T02:30:00Z,20624.3
2026-02-01T02:45:00Z,23149.3
2026-02-01T03:00:00Z,23162.4
2026-02-01T03:15:00Z,21393.7
2026-02-01T03:30:00Z,23806.6
2026-02-01T03:45:00Z,21683.0
2026-02-01T04:00:00Z,16214.5
2026-02-01T04:15:00Z,22419.3
2026-02-01T04:30:00Z,19549.6
2026-02-01T04:45:00Z,23629.1
2026-02-01T05:00:00Z,23756.4
2026-02-01T05:15:00Z,20722.4
2026-02-01T05:30:00Z,23052.2
2026-02-01T05:45:00Z,17543.6
2026-02-01T06:00:00Z,19521.9
2026-02-01T06:15:00Z,22554.2
2026-02-01T06:30:00Z,20779.2
2026-02-01T06:45:00Z,17884.9
2026-02-01T07:00:00Z,23793.4
2026-02-01T07:15:00Z,21853.9
2026-02-01T07:30:00Z,22442.0
2026-02-01T07:45:00Z,18905.9
2026-02-01T08:00:00Z,19555.3
2026-02-01T08:15:00Z,20353.8
2026-02-01T08:30:00Z,18060.8
2026-02-01T08:45:00Z,21491.0
2026-02-01T09:00:00Z,18280.9
2026-02-01T09:15:00Z,19622.1
2026-02-01T09:30:00Z,21473.8
2026-02-01T09:45:00Z,19207.9
2026-02-01T10:00:00Z,22326.3
2026-02-01T10:15:00Z,21068.2
2026-02-01T10:30:00Z,22757.1
2026-02-01T10:45:00Z,21877.1
2026-02-01T11:00:00Z,22737.6
2026-02-01T11:15:00Z,20938.8
2026-02-01T11:30:00Z,18905.1
2026-02-01T11:45:00Z,23293.0
2026-02-01T12:00:00Z,23675.4
2026-02-01T12:15:00Z,21049.6
2026-02-01T12:30:00Z,20748.8
2026-02-01T12:45:00Z,23504.3
2026-02-01T13:00:00Z,21508.3
2026-02-01T13:15:00Z,22096.3
2026-02-01T13:30:00Z,16478.2
2026-02-01T13:45:00Z,18849.9
2026-02-01T14:00:00Z,22494.6
2026-02-01T14:15:00Z,19828.5
2026-02-01T14:30:00Z,21576.5
2026-02-01T14:45:00Z,17375.6
2026-02-01T15:00:00Z,21366.2
2026-02-01T15:15:00Z,22724.3
2026-02-01T15:30:00Z,15229.9
2026-02-01T15:45:00Z,22829.3
2026-02-01T16:00:00Z,19460.3
2026-02-01T16:15:00Z,21860.2
2026-02-01T16:30:00Z,18454.7
2026-02-01T16:45:00Z,20787.9
2026-02-01T17:00:00Z,20610.3
2026-02-01T17:15:00Z,21191.8
2026-02-01T17:30:00Z,23492.9
2026-02-01T17:45:00Z,18400.9
2026-02-01T18:00:00Z,22590.5
2026-02-01T18:15:00Z,23018.0
2026-02-01T18:30:00Z,22404.9
2026-02-01T18:45:00Z,21018.6
2026-02-01T19:00:00Z,23158.2
2026-02-01T19:15:00Z,23630.1
2026-02-01T19:30:00Z,18410.7
2026-02-01T19:45:00Z,18867.3
2026-02-01T20:00:00Z,23438.9
2026-02-01T20:15:00Z,20440.7
2026-02-01T20:30:00Z,22358.0
2026-02-01T20:45:00Z,21970.4
2026-02-01T21:00:00Z,23467.3
2026-02-01T21:15:00Z,21009.6
2026-02-01T21:30:00Z,20923.7
2026-02-01T21:45:00Z,24430.0
2026-02-01T22:00:00Z,21034.1
2026-02-01T22:15:00Z,23328.9
2026-02-01T22:30:00Z,22751.0
2026-02-01T22:45:00Z,20645.7
2026-02-01T23:00:00Z,20251.8
2026-02-01T23:15:00Z,20597.2
2026-02-01T23:30:00Z,22777.6
2026-02-01T23:45:00Z,20778.9
2026-02-02T00:00:00Z,24142.2
2026-02-02T00:15:00Z,24820.9
2026-02-02T00:30:00Z,19618.1
2026-02-02T00:45:00Z,19155.1
2026-02-02T01:00:00Z,23769.5
2026-02-02T01:15:00Z,24303.1
2026-02-02T01:30:00Z,24546.2
2026-02-02T01:45:00Z,22356.2
2026-02-02T02:00:00Z,22468.1
2026-02-02T02:15:00Z,23958.1
2026-02-02T02:30:00Z,23542.3
2026-02-02T02:45:00Z,22175.0
2026-02-02T03:00:00Z,24245.4
2026-02-02T03:15:00Z,23689.2
2026-02-02T03:30:00Z,24258.2
2026-02-02T03:45:00Z,23079.7
2026-02-02T04:00:00Z,20285.7
2026-02-02T04:15:00Z,13891.9
2026-02-02T04:30:00Z,24365.8
2026-02-02T04:45:00Z,22603.0
2026-02-02T05:00:00Z,19699.1
2026-02-02T05:15:00Z,13622.4
2026-02-02T05:30:00Z,19155.0
2026-02-02T05:45:00Z,11047.2
2026-02-02T06:00:00Z,14618.2
2026-02-02T06:15:00Z,16561.5
2026-02-02T06:30:00Z,9771.5
2026-02-02T06:45:00Z,12979.3
2026-02-02T07:00:00Z,10481.4
2026-02-02T07:15:00Z,19599.7
2026-02-02T07:30:00Z,7470.3
2026-02-02T07:45:00Z,18019.3
2026-02-02T08:00:00Z,15399.9
2026-02-02T08:15:00Z,16634.1
2026-02-02T08:30:00Z,18517.4
2026-02-02T08:45:00Z,16758.4
2026-02-02T09:00:00Z,16447.4
2026-02-02T09:15:00Z,15117.8
2026-02-02T09:30:00Z,7429.4
2026-02-02T09:45:00Z,5926.3
2026-02-02T10:00:00Z,12986.2
2026-02-02T10:15:00Z,10640.9
2026-02-02T10:30:00Z,21003.3
2026-02-02T10:45:00Z,17601.6
2026-02-02T11:00:00Z,18414.7
2026-02-02T11:15:00Z,14073.0
2026-02-02T11:30:00Z,14134.0
2026-02-02T11:45:00Z,14427.6
2026-02-02T12:00:00Z,15168.9
2026-02-02T12:15:00Z,18318.9
2026-02-02T12:30:00Z,12233.9
2026-02-02T12:45:00Z,10493.8
2026-02-02T13:00:00Z,16888.7
2026-02-02T13:15:00Z,16751.6
2026-02-02T13:30:00Z,8008.0
2026-02-02T13:45:00Z,9188.9
2026-02-02T14:00:00Z,11044.4
2026-02-02T14:15:00Z,13452.4
2026-02-02T14:30:00Z,13364.3
2026-02-02T14:45:00Z,20307.0
2026-02-02T15:00:00Z,12276.6
2026-02-02T15:15:00Z,8773.5
2026-02-02T15:30:00Z,15035.5
2026-02-02T15:45:00Z,13591.8
2026-02-02T16:00:00Z,10177.0
2026-02-02T16:15:00Z,18691.2
2026-02-02T16:30:00Z,18665.4
2026-02-02T16:45:00Z,17559.7
2026-02-02T17:00:00Z,17837.3
2026-02-02T17:15:00Z,17625.7
2026-02-02T17:30:00Z,14308.5
2026-02-02T17:45:00Z,22211.6
2026-02-02T18:00:00Z,18600.9
2026-02-02T18:15:00Z,16766.2
2026-02-02T18:30:00Z,15757.6
2026-02-02T18:45:00Z,10542.2
2026-02-02T19:00:00Z,9827.7
2026-02-02T19:15:00Z,21287.3
2026-02-02T19:30:00Z,14680.0
2026-02-02T19:45:00Z,19905.4
2026-02-02T20:00:00Z,15799.6
2026-02-02T20:15:00Z,10207.2
2026-02-02T20:30:00Z,14763.3
2026-02-02T20:45:00Z,12747.4
2026-02-02T21:00:00Z,23239.1
2026-02-02T21:15:00Z,20782.7
2026-02-02T21:30:00Z,23490.4
2026-02-02T21:45:00Z,24613.0
2026-02-02T22:00:00Z,22441.6
2026-02-02T22:15:00Z,23426.8
2026-02-02T22:30:00Z,19985.8
2026-02-02T22:45:00Z,22736.5
2026-02-02T23:00:00Z,18286.6
2026-02-02T23:15:00Z,21988.2
2026-02-02T23:30:00Z,20321.5
2026-02-02T23:45:00Z,19802.0
2026-02-03T00:00:00Z,20517.0
2026-02-03T00:15:00Z,22193.1
2026-02-03T00:30:00Z,20340.8
2026-02-03T00:45:00Z,22733.5
2026-02-03T01:00:00Z,18955.1
2026-02-03T01:15:00Z,23640.2
2026-02-03T01:30:00Z,24359.4
2026-02-03T01:45:00Z,23143.8
2026-02-03T02:00:00Z,17206.1
2026-02-03T02:15:00Z,22062.1
2026-02-03T02:30:00Z,23773.9
2026-02-03T02:45:00Z,24138.3
2026-02-03T03:00:00Z,24131.5
2026-02-03T03:15:00Z,24097.2
2026-02-03T03:30:00Z,22653.6
2026-02-03T03:45:00Z,22127.2
2026-02-03T04:00:00Z,18226.3
2026-02-03T04:15:00Z,23998.2
2026-02-03T04:30:00Z,22346.0
2026-02-03T04:45:00Z,21216.6
2026-02-03T05:00:00Z,18312.1
2026-02-03T05:15:00Z,15889.1
2026-02-03T05:30:00Z,10822.6
2026-02-03T05:45:00Z,17361.3
2026-02-03T06:00:00Z,13159.9
2026-02-03T06:15:00Z,23081.2
2026-02-03T06:30:00Z,17348.0
2026-02-03T06:45:00Z,14011.3
2026-02-03T07:00:00Z,17360.1
2026-02-03T07:15:00Z,8530.1
2026-02-03T07:30:00Z,14914.9
2026-02-03T07:45:00Z,17877.7
2026-02-03T08:00:00Z,9796.7
2026-02-03T08:15:00Z,12263.2
2026-02-03T08:30:00Z,14071.6
2026-02-03T08:45:00Z,17073.1
2026-02-03T09:00:00Z,9037.5
2026-02-03T09:15:00Z,14852.7
2026-02-03T09:30:00Z,21163.6
2026-02-03T09:45:00Z,17938.6
2026-02-03T10:00:00Z,11467.5
2026-02-03T10:15:00Z,20472.0
2026-02-03T10:30:00Z,17393.5
2026-02-03T10:45:00Z,18844.2
2026-02-03T11:00:00Z,12418.5
2026-02-03T11:15:00Z,12943.2
2026-02-03T11:30:00Z,13351.9
2026-02-03T11:45:00Z,13268.0
2026-02-03T12:00:00Z,10805.8
2026-02-03T12:15:00Z,12878.9
2026-02-03T12:30:00Z,20088.1
2026-02-03T12:45:00Z,21361.5
2026-02-03T13:00:00Z,8250.0
2026-02-03T13:15:00Z,16914.7
2026-02-03T13:30:00Z,12517.3
2026-02-03T13:45:00Z,9659.9
2026-02-03T14:00:00Z,13160.5
2026-02-03T14:15:00Z,17836.6
2026-02-03T14:30:00Z,13935.9
2026-02-03T14:45:00Z,14314.4
2026-02-03T15:00:00Z,9947.1
2026-02-03T15:15:00Z,16376.1
2026-02-03T15:30:00Z,18869.0
2026-02-03T15:45:00Z,18026.0
2026-02-03T16:00:00Z,6314.3
2026-02-03T16:15:00Z,18015.4
2026-02-03T16:30:00Z,13465.1
2026-02-03T16:45:00Z,13363.6
2026-02-03T17:00:00Z,13795.3
2026-02-03T17:15:00Z,12591.7
2026-02-03T17:30:00Z,14069.2
2026-02-03T17:45:00Z,14960.4
2026-02-03T18:00:00Z,19372.7
2026-02-03T18:15:00Z,19952.7
2026-02-03T18:30:00Z,22956.1
2026-02-03T18:45:00Z,14152.9
2026-02-03T19:00:00Z,13270.1
2026-02-03T19:15:00Z,11627.8
2026-02-03T19:30:00Z,9376.8
2026-02-03T19:45:00Z,19480.4
2026-02-03T20:00:00Z,14911.4
2026-02-03T20:15:00Z,14523.4
2026-02-03T20:30:00Z,15193.3
2026-02-03T20:45:00Z,12865.5
2026-02-03T21:00:00Z,21525.1
2026-02-03T21:15:00Z,23607.4
2026-02-03T21:30:00Z,20767.9
2026-02-03T21:45:00Z,19739.8
2026-02-03T22:00:00Z,19672.6
2026-02-03T22:15:00Z,24533.8
2026-02-03T22:30:00Z,19531.2
2026-02-03T22:45:00Z,20829.8
2026-02-03T23:00:00Z,24804.3
2026-02-03T23:15:00Z,12512.5
2026-02-03T23:30:00Z,24420.9
2026-02-03T23:45:00Z,23076.8
2026-02-04T00:00:00Z,23015.0
2026-02-04T00:15:00Z,22401.9
2026-02-04T00:30:00Z,20442.1
2026-02-04T00:45:00Z,18989.7
2026-02-04T01:00:00Z,21218.0
2026-02-04T01:15:00Z,21874.7
2026-02-04T01:30:00Z,23984.0
2026-02-04T01:45:00Z,19512.0
2026-02-04T02:00:00Z,20038.6
2026-02-04T02:15:00Z,23523.7
2026-02-04T02:30:00Z,13017.3
2026-02-04T02:45:00Z,23287.5
2026-02-04T03:00:00Z,23640.3
2026-02-04T03:15:00Z,23651.8
2026-02-04T03:30:00Z,21237.4
2026-02-04T03:45:00Z,23072.3
2026-02-04T04:00:00Z,20068.8
2026-02-04T04:15:00Z,21209.3
2026-02-04T04:30:00Z,24209.2
2026-02-04T04:45:00Z,22875.3
2026-02-04T05:00:00Z,8036.1
2026-02-04T05:15:00Z,23154.3
2026-02-04T05:30:00Z,17246.1
2026-02-04T05:45:00Z,18138.3
2026-02-04T06:00:00Z,11598.2
2026-02-04T06:15:00Z,15101.5
2026-02-04T06:30:00Z,10716.8
2026-02-04T06:45:00Z,17895.4
2026-02-04T07:00:00Z,19384.1
2026-02-04T07:15:00Z,10069.5
2026-02-04T07:30:00Z,15644.2
2026-02-04T07:45:00Z,7138.5
2026-02-04T08:00:00Z,14616.7
2026-02-04T08:15:00Z,13188.8
2026-02-04T08:30:00Z,12340.2
2026-02-04T08:45:00Z,14169.3
2026-02-04T09:00:00Z,16161.6
2026-02-04T09:15:00Z,13969.0
2026-02-04T09:30:00Z,10850.2
2026-02-04T09:45:00Z,21597.5
2026-02-04T10:00:00Z,13571.5
2026-02-04T10:15:00Z,20510.0
2026-02-04T10:30:00Z,12659.1
2026-02-04T10:45:00Z,19161.4
2026-02-04T11:00:00Z,14542.0
2026-02-04T11:15:00Z,14399.3
2026-02-04T11:30:00Z,19276.3
2026-02-04T11:45:00Z,18334.0
2026-02-04T12:00:00Z,18198.3
2026-02-04T12:15:00Z,15503.7
2026-02-04T12:30:00Z,13141.7
2026-02-04T12:45:00Z,19375.4
2026-02-04T13:00:00Z,17804.0
2026-02-04T13:15:00Z,14844.2
2026-02-04T13:30:00Z,23392.1
2026-02-04T13:45:00Z,13572.3
2026-02-04T14:00:00Z,16229.0
2026-02-04T14:15:00Z,11276.1
2026-02-04T14:30:00Z,10895.6
2026-02-04T14:45:00Z,22052.2
2026-02-04T15:00:00Z,13342.8
2026-02-04T15:15:00Z,17553.3
2026-02-04T15:30:00Z,18716.1
2026-02-04T15:45:00Z,15646.7
2026-02-04T16:00:00Z,6237.6
2026-02-04T16:15:00Z,13708.4
2026-02-04T16:30:00Z,11981.6
2026-02-04T16:45:00Z,21219.1
2026-02-04T17:00:00Z,13851.8
2026-02-04T17:15:00Z,10282.0
2026-02-04T17:30:00Z,12236.8
2026-02-04T17:45:00Z,13201.2
2026-02-04T18:00:00Z,20528.3
2026-02-04T18:15:00Z,13941.7
2026-02-04T18:30:00Z,22886.8
2026-02-04T18:45:00Z,7997.6
2026-02-04T19:00:00Z,18319.2
2026-02-04T19:15:00Z,15322.0
2026-02-04T19:30:00Z,16728.5
2026-02-04T19:45:00Z,14256.0
2026-02-04T20:00:00Z,18610.8
2026-02-04T20:15:00Z,16236.1
2026-02-04T20:30:00Z,13609.5
2026-02-04T20:45:00Z,17127.3
2026-02-04T21:00:00Z,22196.7
2026-02-04T21:15:00Z,17761.6
2026-02-04T21:30:00Z,23171.9
2026-02-04T21:45:00Z,23895.0
2026-02-04T22:00:00Z,20541.6
2026-02-04T22:15:00Z,21774.3
2026-02-04T22:30:00Z,17303.3
2026-02-04T22:45:00Z,22796.2
2026-02-04T23:00:00Z,23975.0
2026-02-04T23:15:00Z,24348.6
2026-02-04T23:30:00Z,23696.1
2026-02-04T23:45:00Z,22706.1
2026-02-05T00:00:00Z,20226.8
2026-02-05T00:15:00Z,21457.5
2026-02-05T00:30:00Z,24875.2
2026-02-05T00:45:00Z,22625.3
2026-02-05T01:00:00Z,20886.7
2026-02-05T01:15:00Z,21454.0
2026-02-05T01:30:00Z,23493.7
2026-02-05T01:45:00Z,24378.3
2026-02-05T02:00:00Z,19421.3
2026-02-05T02:15:00Z,23579.2
2026-02-05T02:30:00Z,23137.1
2026-02-05T02:45:00Z,19263.2
2026-02-05T03:00:00Z,23356.8
2026-02-05T03:15:00Z,21552.1
2026-02-05T03:30:00Z,23607.7
2026-02-05T03:45:00Z,24187.7
2026-02-05T04:00:00Z,23978.7
2026-02-05T04:15:00Z,14564.4
2026-02-05T04:30:00Z,23773.2
2026-02-05T04:45:00Z,17244.2
2026-02-05T05:00:00Z,19866.4
2026-02-05T05:15:00Z,14210.0
2026-02-05T05:30:00Z,22952.5
2026-02-05T05:45:00Z,15831.3
2026-02-05T06:00:00Z,18675.7
2026-02-05T06:15:00Z,11192.0
2026-02-05T06:30:00Z,14189.7
2026-02-05T06:45:00Z,14992.7
2026-02-05T07:00:00Z,18892.1
2026-02-05T07:15:00Z,11539.5
2026-02-05T07:30:00Z,14669.3
2026-02-05T07:45:00Z,17364.9
2026-02-05T08:00:00Z,14754.3
2026-02-05T08:15:00Z,10168.3
2026-02-05T08:30:00Z,18162.6
2026-02-05T08:45:00Z,18360.5
2026-02-05T09:00:00Z,19995.0
2026-02-05T09:15:00Z,22762.8
2026-02-05T09:30:00Z,13931.3
2026-02-05T09:45:00Z,13981.1
2026-02-05T10:00:00Z,13515.9
2026-02-05T10:15:00Z,15422.4
2026-02-05T10:30:00Z,8997.5
2026-02-05T10:45:00Z,11763.4
2026-02-05T11:00:00Z,21698.3
2026-02-05T11:15:00Z,14274.2
2026-02-05T11:30:00Z,18749.9
2026-02-05T11:45:00Z,18205.9
2026-02-05T12:00:00Z,18276.4
2026-02-05T12:15:00Z,22867.1
2026-02-05T12:30:00Z,9883.4
2026-02-05T12:45:00Z,17916.3
2026-02-05T13:00:00Z,16541.8
2026-02-05T13:15:00Z,20450.2
2026-02-05T13:30:00Z,15865.6
2026-02-05T13:45:00Z,12092.3
2026-02-05T14:00:00Z,16953.3
2026-02-05T14:15:00Z,19155.5
2026-02-05T14:30:00Z,15447.4
2026-02-05T14:45:00Z,8439.4
2026-02-05T15:00:00Z,17492.3
2026-02-05T15:15:00Z,17173.6
2026-02-05T15:30:00Z,12664.1
2026-02-05T15:45:00Z,15338.6
2026-02-05T16:00:00Z,13546.9
2026-02-05T16:15:00Z,13011.9
2026-02-05T16:30:00Z,13826.5
2026-02-05T16:45:00Z,16390.7
2026-02-05T17:00:00Z,15028.1
2026-02-05T17:15:00Z,8757.6
2026-02-05T17:30:00Z,15212.6
2026-02-05T17:45:00Z,22818.1
2026-02-05T18:00:00Z,18803.8
2026-02-05T18:15:00Z,17057.8
2026-02-05T18:30:00Z,15757.4
2026-02-05T18:45:00Z,13694.9
2026-02-05T19:00:00Z,16454.7
2026-02-05T19:15:00Z,10449.6
2026-02-05T19:30:00Z,18293.8
2026-02-05T19:45:00Z,13937.3
2026-02-05T20:00:00Z,13508.1
2026-02-05T20:15:00Z,9827.2
2026-02-05T20:30:00Z,9025.0
2026-02-05T20:45:00Z,11360.0
2026-02-05T21:00:00Z,21555.8
2026-02-05T21:15:00Z,23288.2
2026-02-05T21:30:00Z,24809.1
2026-02-05T21:45:00Z,23210.9
2026-02-05T22:00:00Z,20873.0
2026-02-05T22:15:00Z,21321.7
2026-02-05T22:30:00Z,19213.2
2026-02-05T22:45:00Z,22184.7
2026-02-05T23:00:00Z,17898.6
2026-02-05T23:15:00Z,24514.6
2026-02-05T23:30:00Z,24148.7
2026-02-05T23:45:00Z,21913.5
2026-02-06T00:00:00Z,18755.2
2026-02-06T00:15:00Z,22825.4
2026-02-06T00:30:00Z,21365.8
2026-02-06T00:45:00Z,23510.3
2026-02-06T01:00:00Z,22610.5
2026-02-06T01:15:00Z,23430.3
2026-02-06T01:30:00Z,21942.6
2026-02-06T01:45:00Z,22008.0
2026-02-06T02:00:00Z,22789.6
2026-02-06T02:15:00Z,23499.6
2026-02-06T02:30:00Z,23295.4
2026-02-06T02:45:00Z,23540.4
2026-02-06T03:00:00Z,23316.2
2026-02-06T03:15:00Z,22479.5
2026-02-06T03:30:00Z,23133.4
2026-02-06T03:45:00Z,23114.3
2026-02-06T04:00:00Z,23616.5
2026-02-06T04:15:00Z,22934.6
2026-02-06T04:30:00Z,23723.5
2026-02-06T04:45:00Z,18454.0
2026-02-06T05:00:00Z,11236.5
2026-02-06T05:15:00Z,18728.2
2026-02-06T05:30:00Z,12380.3
2026-02-06T05:45:00Z,15261.2
2026-02-06T06:00:00Z,19342.3
2026-02-06T06:15:00Z,13416.5
2026-02-06T06:30:00Z,13198.0
2026-02-06T06:45:00Z,15350.8
2026-02-06T07:00:00Z,13210.9
2026-02-06T07:15:00Z,13727.6
2026-02-06T07:30:00Z,17471.3
2026-02-06T07:45:00Z,13176.2
2026-02-06T08:00:00Z,22007.3
2026-02-06T08:15:00Z,11706.8
2026-02-06T08:30:00Z,18823.7
2026-02-06T08:45:00Z,18982.4
2026-02-06T09:00:00Z,10321.0
2026-02-06T09:15:00Z,6333.5
2026-02-06T09:30:00Z,12192.8
2026-02-06T09:45:00Z,13661.4
2026-02-06T10:00:00Z,15338.1
2026-02-06T10:15:00Z,19525.5
2026-02-06T10:30:00Z,16953.1
2026-02-06T10:45:00Z,12819.7
2026-02-06T11:00:00Z,11584.3
2026-02-06T11:15:00Z,19125.7
2026-02-06T11:30:00Z,17582.5
2026-02-06T11:45:00Z,13130.1
2026-02-06T12:00:00Z,12747.9
2026-02-06T12:15:00Z,13150.5
2026-02-06T12:30:00Z,17512.9
2026-02-06T12:45:00Z,21925.7
2026-02-06T13:00:00Z,14792.1
2026-02-06T13:15:00Z,17285.3
2026-02-06T13:30:00Z,13485.4
2026-02-06T13:45:00Z,22237.3
2026-02-06T14:00:00Z,14295.6
2026-02-06T14:15:00Z,22629.5
2026-02-06T14:30:00Z,16274.0
2026-02-06T14:45:00Z,12218.0
2026-02-06T15:00:00Z,14325.0
2026-02-06T15:15:00Z,19314.8
2026-02-06T15:30:00Z,18642.6
2026-02-06T15:45:00Z,18573.5
2026-02-06T16:00:00Z,13538.1
2026-02-06T16:15:00Z,21634.4
2026-02-06T16:30:00Z,23314.7
2026-02-06T16:45:00Z,9687.8
2026-02-06T17:00:00Z,14902.7
2026-02-06T17:15:00Z,17265.7
2026-02-06T17:30:00Z,14894.9
2026-02-06T17:45:00Z,21804.9
2026-02-06T18:00:00Z,14530.8
2026-02-06T18:15:00Z,17210.4
2026-02-06T18:30:00Z,14692.8
2026-02-06T18:45:00Z,12945.0
2026-02-06T19:00:00Z,12046.8
2026-02-06T19:15:00Z,11707.4
2026-02-06T19:30:00Z,9871.3
2026-02-06T19:45:00Z,19211.9
2026-02-06T20:00:00Z,18975.7
2026-02-06T20:15:00Z,17411.3
2026-02-06T20:30:00Z,15154.8
2026-02-06T20:45:00Z,15988.2
2026-02-06T21:00:00Z,23697.4
2026-02-06T21:15:00Z,20954.7
2026-02-06T21:30:00Z,23866.4
2026-02-06T21:45:00Z,19168.3
2026-02-06T22:00:00Z,18274.7
2026-02-06T22:15:00Z,16732.2
2026-02-06T22:30:00Z,19334.7
2026-02-06T22:45:00Z,23618.0
2026-02-06T23:00:00Z,17059.0
2026-02-06T23:15:00Z,23155.9
2026-02-06T23:30:00Z,18943.9
2026-02-06T23:45:00Z,18954.0
2026-02-07T00:00:00Z,23308.0
2026-02-07T00:15:00Z,19828.1
2026-02-07T00:30:00Z,20172.3
2026-02-07T00:45:00Z,22481.6
2026-02-07T01:00:00Z,24399.3
2026-02-07T01:15:00Z,24057.3
2026-02-07T01:30:00Z,23004.0
2026-02-07T01:45:00Z,22641.4
2026-02-07T02:00:00Z,20199.7
2026-02-07T02:15:00Z,23562.8
2026-02-07T02:30:00Z,24342.6
2026-02-07T02:45:00Z,16445.5
2026-02-07T03:00:00Z,18789.4
2026-02-07T03:15:00Z,15814.5
2026-02-07T03:30:00Z,20197.8
2026-02-07T03:45:00Z,23189.3
2026-02-07T04:00:00Z,24310.5
2026-02-07T04:15:00Z,19783.3
2026-02-07T04:30:00Z,23186.8
2026-02-07T04:45:00Z,22761.9
2026-02-07T05:00:00Z,21614.9
2026-02-07T05:15:00Z,22979.2
2026-02-07T05:30:00Z,21247.6
2026-02-07T05:45:00Z,22132.8
2026-02-07T06:00:00Z,22682.3
2026-02-07T06:15:00Z,23557.5
2026-02-07T06:30:00Z,21014.5
2026-02-07T06:45:00Z,22120.3
2026-02-07T07:00:00Z,15612.7
2026-02-07T07:15:00Z,23318.2
2026-02-07T07:30:00Z,21294.2
2026-02-07T07:45:00Z,23374.6
2026-02-07T08:00:00Z,22208.2
2026-02-07T08:15:00Z,22007.7
2026-02-07T08:30:00Z,17966.5
2026-02-07T08:45:00Z,22415.5
2026-02-07T09:00:00Z,17090.5
2026-02-07T09:15:00Z,15371.8
2026-02-07T09:30:00Z,17343.5
2026-02-07T09:45:00Z,21901.6
2026-02-07T10:00:00Z,22152.4
2026-02-07T10:15:00Z,22186.9
2026-02-07T10:30:00Z,22973.5
2026-02-07T10:45:00Z,17676.9
2026-02-07T11:00:00Z,18418.1
2026-02-07T11:15:00Z,13602.5
2026-02-07T11:30:00Z,22614.0
2026-02-07T11:45:00Z,20420.1
2026-02-07T12:00:00Z,22497.6
2026-02-07T12:15:00Z,22892.7
2026-02-07T12:30:00Z,19481.6
2026-02-07T12:45:00Z,20601.3
2026-02-07T13:00:00Z,20937.2
2026-02-07T13:15:00Z,21494.2
2026-02-07T13:30:00Z,22375.4
2026-02-07T13:45:00Z,19615.0
2026-02-07T14:00:00Z,15709.8
2026-02-07T14:15:00Z,22050.1
2026-02-07T14:30:00Z,20023.4
2026-02-07T14:45:00Z,20134.5
2026-02-07T15:00:00Z,23755.8
2026-02-07T15:15:00Z,23672.7
2026-02-07T15:30:00Z,22229.5
2026-02-07T15:45:00Z,22377.5
2026-02-07T16:00:00Z,23604.3
2026-02-07T16:15:00Z,19380.7
2026-02-07T16:30:00Z,21796.7
2026-02-07T16:45:00Z,16134.7
2026-02-07T17:00:00Z,22514.8
2026-02-07T17:15:00Z,22716.1
2026-02-07T17:30:00Z,18754.1
2026-02-07T17:45:00Z,18076.3
2026-02-07T18:00:00Z,23020.9
2026-02-07T18:15:00Z,17508.7
2026-02-07T18:30:00Z,21997.7
2026-02-07T18:45:00Z,23185.1
2026-02-07T19:00:00Z,23690.1
2026-02-07T19:15:00Z,20156.4
2026-02-07T19:30:00Z,22922.9
2026-02-07T19:45:00Z,22125.7
2026-02-07T20:00:00Z,18415.3
2026-02-07T20:15:00Z,23015.1
2026-02-07T20:30:00Z,24039.0
2026-02-07T20:45:00Z,17778.4
2026-02-07T21:00:00Z,22057.8
2026-02-07T21:15:00Z,23386.6
2026-02-07T21:30:00Z,23072.1
2026-02-07T21:45:00Z,16613.1
2026-02-07T22:00:00Z,24628.8
2026-02-07T22:15:00Z,23888.3
2026-02-07T22:30:00Z,19014.6
2026-02-07T22:45:00Z,21408.2
2026-02-07T23:00:00Z,21601.3
2026-02-07T23:15:00Z,17819.1
2026-02-07T23:30:00Z,22933.4
2026-02-07T23:45:00Z,23054.4
2026-02-08T00:00:00Z,17092.3
2026-02-08T00:15:00Z,23600.3
2026-02-08T00:30:00Z,23935.1
2026-02-08T00:45:00Z,23634.7
2026-02-08T01:00:00Z,22708.2
2026-02-08T01:15:00Z,23510.2
2026-02-08T01:30:00Z,24483.6
2026-02-08T01:45:00Z,21978.3
2026-02-08T02:00:00Z,20190.3
2026-02-08T02:15:00Z,22806.5
2026-02-08T02:30:00Z,13793.4
2026-02-08T02:45:00Z,24141.1
2026-02-08T03:00:00Z,11661.4
2026-02-08T03:15:00Z,12290.9
2026-02-08T03:30:00Z,16026.2
2026-02-08T03:45:00Z,16363.7
2026-02-08T04:00:00Z,11663.8
2026-02-08T04:15:00Z,16898.5
2026-02-08T04:30:00Z,24227.7
2026-02-08T04:45:00Z,21642.0
2026-02-08T05:00:00Z,22790.5
2026-02-08T05:15:00Z,23072.7
2026-02-08T05:30:00Z,22010.8
2026-02-08T05:45:00Z,24213.7
2026-02-08T06:00:00Z,22918.3
2026-02-08T06:15:00Z,20920.6
2026-02-08T06:30:00Z,22455.9
2026-02-08T06:45:00Z,23580.5
2026-02-08T07:00:00Z,16783.6
2026-02-08T07:15:00Z,22459.3
2026-02-08T07:30:00Z,21801.6
2026-02-08T07:45:00Z,19079.0
2026-02-08T08:00:00Z,21989.8
2026-02-08T08:15:00Z,17501.0
2026-02-08T08:30:00Z,21915.5
2026-02-08T08:45:00Z,21667.7
2026-02-08T09:00:00Z,20271.9
2026-02-08T09:15:00Z,19511.9
2026-02-08T09:30:00Z,22928.7
2026-02-08T09:45:00Z,19498.9
2026-02-08T10:00:00Z,22362.2
2026-02-08T10:15:00Z,21043.1
2026-02-08T10:30:00Z,18764.9
2026-02-08T10:45:00Z,21779.9
2026-02-08T11:00:00Z,21763.7
2026-02-08T11:15:00Z,23027.0
2026-02-08T11:30:00Z,21311.7
2026-02-08T11:45:00Z,16625.2
2026-02-08T12:00:00Z,20330.6
2026-02-08T12:15:00Z,21476.8
2026-02-08T12:30:00Z,19933.3
2026-02-08T12:45:00Z,19646.6
2026-02-08T13:00:00Z,19661.2
2026-02-08T13:15:00Z,21812.4
2026-02-08T13:30:00Z,21578.0
2026-02-08T13:45:00Z,21038.7
2026-02-08T14:00:00Z,21904.3
2026-02-08T14:15:00Z,21995.5
2026-02-08T14:30:00Z,18012.1
2026-02-08T14:45:00Z,23751.6
2026-02-08T15:00:00Z,22987.7
2026-02-08T15:15:00Z,17837.5
2026-02-08T15:30:00Z,23125.1
2026-02-08T15:45:00Z,16521.5
2026-02-08T16:00:00Z,20576.9
2026-02-08T16:15:00Z,20285.8
2026-02-08T16:30:00Z,22692.4
2026-02-08T16:45:00Z,23597.0
2026-02-08T17:00:00Z,18268.1
2026-02-08T17:15:00Z,21388.1
2026-02-08T17:30:00Z,21585.9
2026-02-08T17:45:00Z,23379.0
2026-02-08T18:00:00Z,21596.6
2026-02-08T18:15:00Z,20890.1
2026-02-08T18:30:00Z,17758.1
2026-02-08T18:45:00Z,22277.6
2026-02-08T19:00:00Z,21404.1
2026-02-08T19:15:00Z,22978.5
2026-02-08T19:30:00Z,18703.1
2026-02-08T19:45:00Z,20839.3
2026-02-08T20:00:00Z,23935.1
2026-02-08T20:15:00Z,23315.1
2026-02-08T20:30:00Z,23742.6
2026-02-08T20:45:00Z,20161.5
2026-02-08T21:00:00Z,22633.3
2026-02-08T21:15:00Z,22680.7
2026-02-08T21:30:00Z,20503.4
2026-02-08T21:45:00Z,23296.2
2026-02-08T22:00:00Z,18684.9
2026-02-08T22:15:00Z,23078.1
2026-02-08T22:30:00Z,19134.8
2026-02-08T22:45:00Z,22807.6
2026-02-08T23:00:00Z,16466.0
2026-02-08T23:15:00Z,24102.2
2026-02-08T23:30:00Z,24222.6
2026-02-08T23:45:00Z,18918.2
2026-02-09T00:00:00Z,23610.2
2026-02-09T00:15:00Z,20523.9
2026-02-09T00:30:00Z,22825.7
2026-02-09T00:45:00Z,21257.0
2026-02-09T01:00:00Z,21604.2
2026-02-09T01:15:00Z,19016.3
2026-02-09T01:30:00Z,21756.6
2026-02-09T01:45:00Z,20859.1
2026-02-09T02:00:00Z,18192.3
2026-02-09T02:15:00Z,22752.9
2026-02-09T02:30:00Z,23107.6
2026-02-09T02:45:00Z,23818.4
2026-02-09T03:00:00Z,24154.2
2026-02-09T03:15:00Z,22871.4
2026-02-09T03:30:00Z,18928.5
2026-02-09T03:45:00Z,20925.1
2026-02-09T04:00:00Z,13139.7
2026-02-09T04:15:00Z,17305.3
2026-02-09T04:30:00Z,23876.8
2026-02-09T04:45:00Z,22222.9
2026-02-09T05:00:00Z,12334.6
2026-02-09T05:15:00Z,15658.0
2026-02-09T05:30:00Z,18854.7
2026-02-09T05:45:00Z,22125.3
2026-02-09T06:00:00Z,10789.3
2026-02-09T06:15:00Z,10936.8
2026-02-09T06:30:00Z,17002.9
2026-02-09T06:45:00Z,19372.8
2026-02-09T07:00:00Z,7852.0
2026-02-09T07:15:00Z,13482.6
2026-02-09T07:30:00Z,12256.9
2026-02-09T07:45:00Z,9183.8
2026-02-09T08:00:00Z,14423.1
2026-02-09T08:15:00Z,9979.4
2026-02-09T08:30:00Z,17104.4
2026-02-09T08:45:00Z,21787.5
2026-02-09T09:00:00Z,13311.4
2026-02-09T09:15:00Z,15477.5
2026-02-09T09:30:00Z,9706.2
2026-02-09T09:45:00Z,9484.8
2026-02-09T10:00:00Z,13486.8
2026-02-09T10:15:00Z,17356.6
2026-02-09T10:30:00Z,18346.2
2026-02-09T10:45:00Z,18246.9
2026-02-09T11:00:00Z,12434.5
2026-02-09T11:15:00Z,17223.2
2026-02-09T11:30:00Z,12590.6
2026-02-09T11:45:00Z,22044.0
2026-02-09T12:00:00Z,13080.1
2026-02-09T12:15:00Z,10145.1
2026-02-09T12:30:00Z,14196.1
2026-02-09T12:45:00Z,7566.2
2026-02-09T13:00:00Z,13992.2
2026-02-09T13:15:00Z,7761.3
2026-02-09T13:30:00Z,16066.0
2026-02-09T13:45:00Z,17412.5
2026-02-09T14:00:00Z,17090.0
2026-02-09T14:15:00Z,19130.5
2026-02-09T14:30:00Z,18467.5
2026-02-09T14:45:00Z,13980.6
2026-02-09T15:00:00Z,15555.0
2026-02-09T15:15:00Z,10812.3
2026-02-09T15:30:00Z,19072.3
2026-02-09T15:45:00Z,16035.2
2026-02-09T16:00:00Z,13817.5
2026-02-09T16:15:00Z,10311.8
2026-02-09T16:30:00Z,11965.9
2026-02-09T16:45:00Z,18184.8
2026-02-09T17:00:00Z,9844.5
2026-02-09T17:15:00Z,14773.2
2026-02-09T17:30:00Z,17934.2
2026-02-09T17:45:00Z,6686.2
2026-02-09T18:00:00Z,15308.8
2026-02-09T18:15:00Z,10719.6
2026-02-09T18:30:00Z,12204.2
2026-02-09T18:45:00Z,14384.8
2026-02-09T19:00:00Z,12987.3
2026-02-09T19:15:00Z,19345.0
2026-02-09T19:30:00Z,8906.0
2026-02-09T19:45:00Z,11019.0
2026-02-09T20:00:00Z,9755.9
2026-02-09T20:15:00Z,9993.6
2026-02-09T20:30:00Z,19556.7
2026-02-09T20:45:00Z,15131.5
2026-02-09T21:00:00Z,23677.0
2026-02-09T21:15:00Z,21654.1
2026-02-09T21:30:00Z,16656.1
2026-02-09T21:45:00Z,21811.6
2026-02-09T22:00:00Z,20415.8
2026-02-09T22:15:00Z,16726.1
2026-02-09T22:30:00Z,22631.5
2026-02-09T22:45:00Z,20872.6
2026-02-09T23:00:00Z,24502.8
2026-02-09T23:15:00Z,23274.9
2026-02-09T23:30:00Z,17319.7
2026-02-09T23:45:00Z,24093.1
2026-02-10T00:00:00Z,24011.1
2026-02-10T00:15:00Z,23249.2
2026-02-10T00:30:00Z,20539.5
2026-02-10T00:45:00Z,20651.6
2026-02-10T01:00:00Z,23313.9
2026-02-10T01:15:00Z,18023.2
2026-02-10T01:30:00Z,23477.4
2026-02-10T01:45:00Z,20339.8
2026-02-10T02:00:00Z,23638.2
2026-02-10T02:15:00Z,21227.8
2026-02-10T02:30:00Z,22488.3
2026-02-10T02:45:00Z,19553.0
2026-02-10T03:00:00Z,19100.8
2026-02-10T03:15:00Z,22222.2
2026-02-10T03:30:00Z,19824.2
2026-02-10T03:45:00Z,16075.0
2026-02-10T04:00:00Z,21921.8
2026-02-10T04:15:00Z,16753.2
2026-02-10T04:30:00Z,18791.0
2026-02-10T04:45:00Z,23813.5
2026-02-10T05:00:00Z,10507.3
2026-02-10T05:15:00Z,12631.6
2026-02-10T05:30:00Z,17143.3
2026-02-10T05:45:00Z,10834.2
2026-02-10T06:00:00Z,18529.5
2026-02-10T06:15:00Z,14844.5
2026-02-10T06:30:00Z,26180.0
2026-02-10T06:45:00Z,10732.3
2026-02-10T07:00:00Z,13950.8
2026-02-10T07:15:00Z,12522.5
2026-02-10T07:30:00Z,7524.1
2026-02-10T07:45:00Z,17657.7
2026-02-10T08:00:00Z,18421.8
2026-02-10T08:15:00Z,13193.6
2026-02-10T08:30:00Z,18343.5
2026-02-10T08:45:00Z,22406.6
2026-02-10T09:00:00Z,8257.5
2026-02-10T09:15:00Z,8275.9
2026-02-10T09:30:00Z,22324.9
2026-02-10T09:45:00Z,16593.4
2026-02-10T10:00:00Z,17403.2
2026-02-10T10:15:00Z,15459.0
2026-02-10T10:30:00Z,14283.3
2026-02-10T10:45:00Z,19035.6
2026-02-10T11:00:00Z,13940.2
2026-02-10T11:15:00Z,9651.8
2026-02-10T11:30:00Z,6862.1
2026-02-10T11:45:00Z,14134.1
2026-02-10T12:00:00Z,14882.9
2026-02-10T12:15:00Z,14929.9
2026-02-10T12:30:00Z,5360.6
2026-02-10T12:45:00Z,13037.6
2026-02-10T13:00:00Z,9608.8
2026-02-10T13:15:00Z,17024.8
2026-02-10T13:30:00Z,6452.8
2026-02-10T13:45:00Z,14426.8
2026-02-10T14:00:00Z,10668.7
2026-02-10T14:15:00Z,18430.3
2026-02-10T14:30:00Z,14218.4
2026-02-10T14:45:00Z,14227.7
2026-02-10T15:00:00Z,13734.7
2026-02-10T15:15:00Z,12163.4
2026-02-10T15:30:00Z,20805.5
2026-02-10T15:45:00Z,23077.1
2026-02-10T16:00:00Z,15110.6
2026-02-10T16:15:00Z,18677.7
2026-02-10T16:30:00Z,23118.7
2026-02-10T16:45:00Z,18773.1
2026-02-10T17:00:00Z,14391.2
2026-02-10T17:15:00Z,21562.8
2026-02-10T17:30:00Z,11196.9
2026-02-10T17:45:00Z,21628.1
2026-02-10T18:00:00Z,18006.8
2026-02-10T18:15:00Z,18358.3
2026-02-10T18:30:00Z,10093.2
2026-02-10T18:45:00Z,18309.3
2026-02-10T19:00:00Z,11585.8
2026-02-10T19:15:00Z,14789.7
2026-02-10T19:30:00Z,10304.7
2026-02-10T19:45:00Z,13335.2
2026-02-10T20:00:00Z,11575.0
2026-02-10T20:15:00Z,21572.4
2026-02-10T20:30:00Z,16813.0
2026-02-10T20:45:00Z,17685.0
2026-02-10T21:00:00Z,23196.0
2026-02-10T21:15:00Z,20461.2
2026-02-10T21:30:00Z,22340.8
2026-02-10T21:45:00Z,24098.7
2026-02-10T22:00:00Z,20957.6
2026-02-10T22:15:00Z,19487.1
2026-02-10T22:30:00Z,23857.4
2026-02-10T22:45:00Z,23667.1
2026-02-10T23:00:00Z,21678.5
2026-02-10T23:15:00Z,23333.6
2026-02-10T23:30:00Z,19557.6
2026-02-10T23:45:00Z,24293.0
2026-02-11T00:00:00Z,16347.3
2026-02-11T00:15:00Z,21617.7
2026-02-11T00:30:00Z,22373.5
2026-02-11T00:45:00Z,23916.1
2026-02-11T01:00:00Z,21302.8
2026-02-11T01:15:00Z,24316.0
2026-02-11T01:30:00Z,23716.6
2026-02-11T01:45:00Z,22627.6
2026-02-11T02:00:00Z,18480.4
2026-02-11T02:15:00Z,16290.0
2026-02-11T02:30:00Z,22833.9
2026-02-11T02:45:00Z,24223.9
2026-02-11T03:00:00Z,24521.8
2026-02-11T03:15:00Z,24033.2
2026-02-11T03:30:00Z,18810.1
2026-02-11T03:45:00Z,22639.1
2026-02-11T04:00:00Z,16447.3
2026-02-11T04:15:00Z,24175.1
2026-02-11T04:30:00Z,20517.3
2026-02-11T04:45:00Z,14060.7
2026-02-11T05:00:00Z,19448.4
2026-02-11T05:15:00Z,18355.1
2026-02-11T05:30:00Z,9765.9
2026-02-11T05:45:00Z,17094.6
2026-02-11T06:00:00Z,12204.2
2026-02-11T06:15:00Z,14908.6
2026-02-11T06:30:00Z,18675.8
2026-02-11T06:45:00Z,13839.9
2026-02-11T07:00:00Z,17706.5
2026-02-11T07:15:00Z,12468.1
2026-02-11T07:30:00Z,12603.6
2026-02-11T07:45:00Z,16088.3
2026-02-11T08:00:00Z,14019.4
2026-02-11T08:15:00Z,23309.1
2026-02-11T08:30:00Z,14605.6
2026-02-11T08:45:00Z,11959.2
2026-02-11T09:00:00Z,14878.7
2026-02-11T09:15:00Z,6633.3
2026-02-11T09:30:00Z,8898.3
2026-02-11T09:45:00Z,9424.0
2026-02-11T10:00:00Z,6913.3
2026-02-11T10:15:00Z,13400.3
2026-02-11T10:30:00Z,12373.7
2026-02-11T10:45:00Z,14836.9
2026-02-11T11:00:00Z,9743.8
2026-02-11T11:15:00Z,14092.0
2026-02-11T11:30:00Z,12045.3
2026-02-11T11:45:00Z,12685.1
2026-02-11T12:00:00Z,16948.0
2026-02-11T12:15:00Z,19212.5
2026-02-11T12:30:00Z,10922.4
2026-02-11T12:45:00Z,17758.3
2026-02-11T13:00:00Z,17430.7
2026-02-11T13:15:00Z,16434.6
2026-02-11T13:30:00Z,16803.0
2026-02-11T13:45:00Z,9429.7
2026-02-11T14:00:00Z,12612.7
2026-02-11T14:15:00Z,7642.8
2026-02-11T14:30:00Z,23187.0
2026-02-11T14:45:00Z,15593.6
2026-02-11T15:00:00Z,13512.9
2026-02-11T15:15:00Z,9970.1
2026-02-11T15:30:00Z,15009.4
2026-02-11T15:45:00Z,14559.1
2026-02-11T16:00:00Z,18741.4
2026-02-11T16:15:00Z,18792.4
2026-02-11T16:30:00Z,9542.4
2026-02-11T16:45:00Z,10383.1
2026-02-11T17:00:00Z,14699.4
2026-02-11T17:15:00Z,9492.0
2026-02-11T17:30:00Z,12828.3
2026-02-11T17:45:00Z,13172.0
2026-02-11T18:00:00Z,13952.4
2026-02-11T18:15:00Z,12536.6
2026-02-11T18:30:00Z,13165.3
2026-02-11T18:45:00Z,15519.5
2026-02-11T19:00:00Z,18540.9
2026-02-11T19:15:00Z,20533.9
2026-02-11T19:30:00Z,14728.1
2026-02-11T19:45:00Z,10999.9
2026-02-11T20:00:00Z,13690.3
2026-02-11T20:15:00Z,22359.2
2026-02-11T20:30:00Z,11381.2
2026-02-11T20:45:00Z,15674.3
2026-02-11T21:00:00Z,23705.8
2026-02-11T21:15:00Z,18991.9
2026-02-11T21:30:00Z,24022.3
2026-02-11T21:45:00Z,23059.6
2026-02-11T22:00:00Z,24049.8
2026-02-11T22:15:00Z,23672.3
2026-02-11T22:30:00Z,16044.3
2026-02-11T22:45:00Z,24185.9
2026-02-11T23:00:00Z,23445.7
2026-02-11T23:15:00Z,20486.5
2026-02-11T23:30:00Z,21029.8
2026-02-11T23:45:00Z,23196.3
2026-02-12T00:00:00Z,21261.3
2026-02-12T00:15:00Z,19047.3
2026-02-12T00:30:00Z,20542.4
2026-02-12T00:45:00Z,20878.7
2026-02-12T01:00:00Z,22732.3
2026-02-12T01:15:00Z,23343.5
2026-02-12T01:30:00Z,23444.9
2026-02-12T01:45:00Z,22927.0
2026-02-12T02:00:00Z,12071.1
2026-02-12T02:15:00Z,16218.8
2026-02-12T02:30:00Z,22492.9
2026-02-12T02:45:00Z,20591.1
2026-02-12T03:00:00Z,20548.8
2026-02-12T03:15:00Z,24390.4
2026-02-12T03:30:00Z,24201.6
2026-02-12T03:45:00Z,24058.0
2026-02-12T04:00:00Z,24478.2
2026-02-12T04:15:00Z,16232.7
2026-02-12T04:30:00Z,20273.8
2026-02-12T04:45:00Z,22704.7
2026-02-12T05:00:00Z,14408.2
2026-02-12T05:15:00Z,8534.8
2026-02-12T05:30:00Z,14883.6
2026-02-12T05:45:00Z,13627.1
2026-02-12T06:00:00Z,10399.0
2026-02-12T06:15:00Z,14531.8
2026-02-12T06:30:00Z,19264.5
2026-02-12T06:45:00Z,13698.1
2026-02-12T07:00:00Z,17809.9
2026-02-12T07:15:00Z,19037.8
2026-02-12T07:30:00Z,15213.2
2026-02-12T07:45:00Z,15425.7
2026-02-12T08:00:00Z,13354.1
2026-02-12T08:15:00Z,9784.9
2026-02-12T08:30:00Z,14284.4
2026-02-12T08:45:00Z,14246.5
2026-02-12T09:00:00Z,12095.7
2026-02-12T09:15:00Z,13981.0
2026-02-12T09:30:00Z,18757.7
2026-02-12T09:45:00Z,14516.6
2026-02-12T10:00:00Z,12945.0
2026-02-12T10:15:00Z,14877.8
2026-02-12T10:30:00Z,19794.5
2026-02-12T10:45:00Z,13558.8
2026-02-12T11:00:00Z,12285.4
2026-02-12T11:15:00Z,15434.2
2026-02-12T11:30:00Z,18257.4
2026-02-12T11:45:00Z,6517.7
2026-02-12T12:00:00Z,13946.6
2026-02-12T12:15:00Z,16035.6
2026-02-12T12:30:00Z,17891.6
2026-02-12T12:45:00Z,13070.6
2026-02-12T13:00:00Z,16347.7
2026-02-12T13:15:00Z,13464.9
2026-02-12T13:30:00Z,18411.4
2026-02-12T13:45:00Z,11893.1
2026-02-12T14:00:00Z,6584.4
2026-02-12T14:15:00Z,13866.1
2026-02-12T14:30:00Z,19898.7
2026-02-12T14:45:00Z,15306.2
2026-02-12T15:00:00Z,6653.6
2026-02-12T15:15:00Z,14146.4
2026-02-12T15:30:00Z,15452.2
2026-02-12T15:45:00Z,15477.6
2026-02-12T16:00:00Z,13653.2
2026-02-12T16:15:00Z,18821.9
2026-02-12T16:30:00Z,19625.8
2026-02-12T16:45:00Z,18432.1
2026-02-12T17:00:00Z,13573.8
2026-02-12T17:15:00Z,17299.0
2026-02-12T17:30:00Z,13656.1
2026-02-12T17:45:00Z,10263.7
2026-02-12T18:00:00Z,22254.4
2026-02-12T18:15:00Z,17454.9
2026-02-12T18:30:00Z,15594.8
2026-02-12T18:45:00Z,13062.4
2026-02-12T19:00:00Z,16541.3
2026-02-12T19:15:00Z,18975.5
2026-02-12T19:30:00Z,9833.7
2026-02-12T19:45:00Z,19219.8
2026-02-12T20:00:00Z,9433.1
2026-02-12T20:15:00Z,16066.3
2026-02-12T20:30:00Z,12315.4
2026-02-12T20:45:00Z,15752.8
2026-02-12T21:00:00Z,24585.8
2026-02-12T21:15:00Z,15074.3
2026-02-12T21:30:00Z,20536.7
2026-02-12T21:45:00Z,22377.4
2026-02-12T22:00:00Z,24275.0
2026-02-12T22:15:00Z,23099.5
2026-02-12T22:30:00Z,22921.2
2026-02-12T22:45:00Z,23657.7
2026-02-12T23:00:00Z,24370.7
2026-02-12T23:15:00Z,23281.3
2026-02-12T23:30:00Z,23778.3
2026-02-12T23:45:00Z,17942.1
2026-02-13T00:00:00Z,24444.2
2026-02-13T00:15:00Z,22714.8
2026-02-13T00:30:00Z,21598.4
2026-02-13T00:45:00Z,24047.4
2026-02-13T01:00:00Z,24424.8
2026-02-13T01:15:00Z,22852.7
2026-02-13T01:30:00Z,22011.3
2026-02-13T01:45:00Z,24058.2
2026-02-13T02:00:00Z,24121.2
2026-02-13T02:15:00Z,18889.4
2026-02-13T02:30:00Z,23819.6
2026-02-13T02:45:00Z,23312.6
2026-02-13T03:00:00Z,20520.3
2026-02-13T03:15:00Z,20208.6
2026-02-13T03:30:00Z,23576.4
2026-02-13T03:45:00Z,22635.9
2026-02-13T04:00:00Z,22584.0
2026-02-13T04:15:00Z,22472.4
2026-02-13T04:30:00Z,20868.8
2026-02-13T04:45:00Z,22366.8
2026-02-13T05:00:00Z,13715.5
2026-02-13T05:15:00Z,15221.2
2026-02-13T05:30:00Z,22450.8
2026-02-13T05:45:00Z,15822.9
2026-02-13T06:00:00Z,18431.9
2026-02-13T06:15:00Z,11709.8
2026-02-13T06:30:00Z,16188.4
2026-02-13T06:45:00Z,15432.1
2026-02-13T07:00:00Z,18236.2
2026-02-13T07:15:00Z,17471.7
2026-02-13T07:30:00Z,15943.7
2026-02-13T07:45:00Z,14621.8
2026-02-13T08:00:00Z,17795.7
2026-02-13T08:15:00Z,11831.7
2026-02-13T08:30:00Z,13563.7
2026-02-13T08:45:00Z,13329.1
2026-02-13T09:00:00Z,17241.3
2026-02-13T09:15:00Z,10832.5
2026-02-13T09:30:00Z,22581.5
2026-02-13T09:45:00Z,8899.1
2026-02-13T10:00:00Z,18190.5
2026-02-13T10:15:00Z,7882.8
2026-02-13T10:30:00Z,13557.3
2026-02-13T10:45:00Z,10162.9
2026-02-13T11:00:00Z,16310.8
2026-02-13T11:15:00Z,9203.1
2026-02-13T11:30:00Z,18226.5
2026-02-13T11:45:00Z,9987.5
2026-02-13T12:00:00Z,11960.1
2026-02-13T12:15:00Z,13332.6
2026-02-13T12:30:00Z,9535.8
2026-02-13T12:45:00Z,16500.3
2026-02-13T13:00:00Z,13495.2
2026-02-13T13:15:00Z,9833.4
2026-02-13T13:30:00Z,18818.1
2026-02-13T13:45:00Z,8670.4
2026-02-13T14:00:00Z,18993.6
2026-02-13T14:15:00Z,19374.3
2026-02-13T14:30:00Z,7855.9
2026-02-13T14:45:00Z,15642.1
2026-02-13T15:00:00Z,8550.0
2026-02-13T15:15:00Z,10200.9
2026-02-13T15:30:00Z,15860.9
2026-02-13T15:45:00Z,11556.0
2026-02-13T16:00:00Z,6743.1
2026-02-13T16:15:00Z,10024.4
2026-02-13T16:30:00Z,14143.4
2026-02-13T16:45:00Z,18772.6
2026-02-13T17:00:00Z,13427.4
2026-02-13T17:15:00Z,15574.7
2026-02-13T17:30:00Z,24066.6
2026-02-13T17:45:00Z,18208.0
2026-02-13T18:00:00Z,14528.7
2026-02-13T18:15:00Z,14214.7
2026-02-13T18:30:00Z,15814.7
2026-02-13T18:45:00Z,9422.2
2026-02-13T19:00:00Z,14696.6
2026-02-13T19:15:00Z,12626.9
2026-02-13T19:30:00Z,12793.3
2026-02-13T19:45:00Z,18188.7
2026-02-13T20:00:00Z,14600.0
2026-02-13T20:15:00Z,20635.0
2026-02-13T20:30:00Z,16192.2
2026-02-13T20:45:00Z,17668.3
2026-02-13T21:00:00Z,21097.5
2026-02-13T21:15:00Z,24302.1
2026-02-13T21:30:00Z,19703.5
2026-02-13T21:45:00Z,20887.4
2026-02-13T22:00:00Z,17256.3
2026-02-13T22:15:00Z,18238.0
2026-02-13T22:30:00Z,22026.4
2026-02-13T22:45:00Z,22007.1
2026-02-13T23:00:00Z,22970.4
2026-02-13T23:15:00Z,22596.7
2026-02-13T23:30:00Z,22590.8
2026-02-13T23:45:00Z,23542.8
2026-02-14T00:00:00Z,23998.8
2026-02-14T00:15:00Z,22989.5
2026-02-14T00:30:00Z,22397.0
2026-02-14T00:45:00Z,19976.5
2026-02-14T01:00:00Z,20872.4
2026-02-14T01:15:00Z,18262.5
2026-02-14T01:30:00Z,23760.3
2026-02-14T01:45:00Z,22023.4
2026-02-14T02:00:00Z,23339.0
2026-02-14T02:15:00Z,20193.4
2026-02-14T02:30:00Z,21195.3
2026-02-14T02:45:00Z,22988.9
2026-02-14T03:00:00Z,21956.7
2026-02-14T03:15:00Z,22487.2
2026-02-14T03:30:00Z,21608.6
2026-02-14T03:45:00Z,23617.2
2026-02-14T04:00:00Z,20977.6
2026-02-14T04:15:00Z,23895.4
2026-02-14T04:30:00Z,23815.8
2026-02-14T04:45:00Z,18943.6
2026-02-14T05:00:00Z,18830.2
2026-02-14T05:15:00Z,23288.0
2026-02-14T05:30:00Z,19154.7
2026-02-14T05:45:00Z,22906.4
2026-02-14T06:00:00Z,19635.6
2026-02-14T06:15:00Z,20251.6
2026-02-14T06:30:00Z,23624.8
2026-02-14T06:45:00Z,22012.2
2026-02-14T07:00:00Z,21289.7
2026-02-14T07:15:00Z,23110.4
2026-02-14T07:30:00Z,18168.1
2026-02-14T07:45:00Z,19427.3
2026-02-14T08:00:00Z,17621.3
2026-02-14T08:15:00Z,16416.3
2026-02-14T08:30:00Z,20482.8
2026-02-14T08:45:00Z,21159.7
2026-02-14T09:00:00Z,17011.4
2026-02-14T09:15:00Z,20319.0
2026-02-14T09:30:00Z,22286.3
2026-02-14T09:45:00Z,17745.5
2026-02-14T10:00:00Z,21896.9
2026-02-14T10:15:00Z,21437.0
2026-02-14T10:30:00Z,17264.7
2026-02-14T10:45:00Z,22383.6
2026-02-14T11:00:00Z,21673.1
2026-02-14T11:15:00Z,17097.1
2026-02-14T11:30:00Z,21799.9
2026-02-14T11:45:00Z,21873.7
2026-02-14T12:00:00Z,23965.9
2026-02-14T12:15:00Z,22448.2
2026-02-14T12:30:00Z,21762.3
2026-02-14T12:45:00Z,23263.7
2026-02-14T13:00:00Z,21586.7
2026-02-14T13:15:00Z,19844.7
2026-02-14T13:30:00Z,18452.2
2026-02-14T13:45:00Z,22743.0
2026-02-14T14:00:00Z,19845.9
2026-02-14T14:15:00Z,13937.3
2026-02-14T14:30:00Z,23085.6
2026-02-14T14:45:00Z,23309.2
2026-02-14T15:00:00Z,22010.7
2026-02-14T15:15:00Z,21638.9
2026-02-14T15:30:00Z,18483.1
2026-02-14T15:45:00Z,11366.5
2026-02-14T16:00:00Z,22816.9
2026-02-14T16:15:00Z,20388.8
2026-02-14T16:30:00Z,23690.1
2026-02-14T16:45:00Z,15340.6
2026-02-14T17:00:00Z,20941.9
2026-02-14T17:15:00Z,16719.2
2026-02-14T17:30:00Z,22251.1
2026-02-14T17:45:00Z,23869.2
2026-02-14T18:00:00Z,24308.2
2026-02-14T18:15:00Z,21986.9
2026-02-14T18:30:00Z,23312.1
2026-02-14T18:45:00Z,22595.9
2026-02-14T19:00:00Z,20609.7
2026-02-14T19:15:00Z,18028.6
2026-02-14T19:30:00Z,21985.1
2026-02-14T19:45:00Z,21745.2
2026-02-14T20:00:00Z,23449.4
2026-02-14T20:15:00Z,20229.6
2026-02-14T20:30:00Z,19929.4
2026-02-14T20:45:00Z,20984.2
2026-02-14T21:00:00Z,22722.0
2026-02-14T21:15:00Z,23068.1
2026-02-14T21:30:00Z,21238.4
2026-02-14T21:45:00Z,21218.2
2026-02-14T22:00:00Z,24098.1
2026-02-14T22:15:00Z,20450.8
2026-02-14T22:30:00Z,20132.7
2026-02-14T22:45:00Z,22818.8
2026-02-14T23:00:00Z,21808.1
2026-02-14T23:15:00Z,23430.2
2026-02-14T23:30:00Z,19986.3
2026-02-14T23:45:00Z,24299.6
2026-02-15T00:00:00Z,16182.4
2026-02-15T00:15:00Z,24015.0
2026-02-15T00:30:00Z,23901.3
2026-02-15T00:45:00Z,21887.9
2026-02-15T01:00:00Z,23190.3
2026-02-15T01:15:00Z,22762.2
2026-02-15T01:30:00Z,23916.0
2026-02-15T01:45:00Z,22557.7
2026-02-15T02:00:00Z,18219.9
2026-02-15T02:15:00Z,18379.0
2026-02-15T02:30:00Z,21948.5
2026-02-15T02:45:00Z,22782.7
2026-02-15T03:00:00Z,22573.7
2026-02-15T03:15:00Z,19390.7
2026-02-15T03:30:00Z,21092.7
2026-02-15T03:45:00Z,18613.4
2026-02-15T04:00:00Z,19981.7
2026-02-15T04:15:00Z,22366.9
2026-02-15T04:30:00Z,24260.7
2026-02-15T04:45:00Z,20313.1
2026-02-15T05:00:00Z,22741.5
2026-02-15T05:15:00Z,22730.9
2026-02-15T05:30:00Z,23289.1
2026-02-15T05:45:00Z,23971.8
2026-02-15T06:00:00Z,20207.6
2026-02-15T06:15:00Z,23104.8
2026-02-15T06:30:00Z,23315.1
2026-02-15T06:45:00Z,23877.5
2026-02-15T07:00:00Z,22391.0
2026-02-15T07:15:00Z,22784.0
2026-02-15T07:30:00Z,20233.4
2026-02-15T07:45:00Z,21926.3
2026-02-15T08:00:00Z,18583.0
2026-02-15T08:15:00Z,21934.8
2026-02-15T08:30:00Z,21526.6
2026-02-15T08:45:00Z,23106.9
2026-02-15T09:00:00Z,20646.8
2026-02-15T09:15:00Z,21281.6
2026-02-15T09:30:00Z,21982.8
2026-02-15T09:45:00Z,19048.7
2026-02-15T10:00:00Z,21648.6
2026-02-15T10:15:00Z,21352.1
2026-02-15T10:30:00Z,21083.5
2026-02-15T10:45:00Z,21982.6
2026-02-15T11:00:00Z,22690.0
2026-02-15T11:15:00Z,23836.9
2026-02-15T11:30:00Z,17925.6
2026-02-15T11:45:00Z,16272.7
2026-02-15T12:00:00Z,21352.3
2026-02-15T12:15:00Z,23243.4
2026-02-15T12:30:00Z,22438.6
2026-02-15T12:45:00Z,18637.6
2026-02-15T13:00:00Z,20984.8
2026-02-15T13:15:00Z,22543.7
2026-02-15T13:30:00Z,20061.3
2026-02-15T13:45:00Z,21560.2
2026-02-15T14:00:00Z,21178.5
2026-02-15T14:15:00Z,16734.9
2026-02-15T14:30:00Z,22812.8
2026-02-15T14:45:00Z,18926.8
2026-02-15T15:00:00Z,22673.9
2026-02-15T15:15:00Z,19887.8
2026-02-15T15:30:00Z,20420.5
2026-02-15T15:45:00Z,22482.1
2026-02-15T16:00:00Z,22336.7
2026-02-15T16:15:00Z,18325.5
2026-02-15T16:30:00Z,22259.1
2026-02-15T16:45:00Z,20138.7
2026-02-15T17:00:00Z,18257.2
2026-02-15T17:15:00Z,21816.9
2026-02-15T17:30:00Z,22679.7
2026-02-15T17:45:00Z,24007.7
2026-02-15T18:00:00Z,22718.6
2026-02-15T18:15:00Z,22076.2
2026-02-15T18:30:00Z,18595.4
2026-02-15T18:45:00Z,22573.5
2026-02-15T19:00:00Z,22426.2
2026-02-15T19:15:00Z,23385.7
2026-02-15T19:30:00Z,22677.1
2026-02-15T19:45:00Z,23632.3
2026-02-15T20:00:00Z,18123.4
2026-02-15T20:15:00Z,23037.5
2026-02-15T20:30:00Z,22477.1
2026-02-15T20:45:00Z,20413.0
2026-02-15T21:00:00Z,22588.9
2026-02-15T21:15:00Z,23939.9
2026-02-15T21:30:00Z,22078.4
2026-02-15T21:45:00Z,23935.8
2026-02-15T22:00:00Z,21940.6
2026-02-15T22:15:00Z,23273.0
2026-02-15T22:30:00Z,22086.2
2026-02-15T22:45:00Z,21152.6
2026-02-15T23:00:00Z,21455.4
2026-02-15T23:15:00Z,24025.6
2026-02-15T23:30:00Z,23425.3
2026-02-15T23:45:00Z,22279.2
2026-02-16T00:00:00Z,23522.2
2026-02-16T00:15:00Z,20238.7
2026-02-16T00:30:00Z,24124.9
2026-02-16T00:45:00Z,19900.8
2026-02-16T01:00:00Z,24256.5
2026-02-16T01:15:00Z,17124.4
2026-02-16T01:30:00Z,22530.4
2026-02-16T01:45:00Z,22214.8
2026-02-16T02:00:00Z,23647.7
2026-02-16T02:15:00Z,18426.4
2026-02-16T02:30:00Z,23876.2
2026-02-16T02:45:00Z,21374.9
2026-02-16T03:00:00Z,20903.6
2026-02-16T03:15:00Z,24027.5
2026-02-16T03:30:00Z,17524.3
2026-02-16T03:45:00Z,17790.2
2026-02-16T04:00:00Z,22576.8
2026-02-16T04:15:00Z,18806.1
2026-02-16T04:30:00Z,22813.3
2026-02-16T04:45:00Z,23310.3
2026-02-16T05:00:00Z,13853.7
2026-02-16T05:15:00Z,13068.0
2026-02-16T05:30:00Z,22767.3
2026-02-16T05:45:00Z,6659.8
2026-02-16T06:00:00Z,18765.0
2026-02-16T06:15:00Z,12667.3
2026-02-16T06:30:00Z,14066.4
2026-02-16T06:45:00Z,10141.0
2026-02-16T07:00:00Z,23789.2
2026-02-16T07:15:00Z,19408.5
2026-02-16T07:30:00Z,17209.9
2026-02-16T07:45:00Z,18102.8
2026-02-16T08:00:00Z,11169.9
2026-02-16T08:15:00Z,14704.8
2026-02-16T08:30:00Z,8258.3
2026-02-16T08:45:00Z,8236.3
2026-02-16T09:00:00Z,16876.6
2026-02-16T09:15:00Z,22060.5
2026-02-16T09:30:00Z,14241.6
2026-02-16T09:45:00Z,10371.8
2026-02-16T10:00:00Z,15440.2
2026-02-16T10:15:00Z,14722.4
2026-02-16T10:30:00Z,12798.8
2026-02-16T10:45:00Z,6903.2
2026-02-16T11:00:00Z,12993.2
2026-02-16T11:15:00Z,12927.5
2026-02-16T11:30:00Z,12693.3
2026-02-16T11:45:00Z,18639.3
2026-02-16T12:00:00Z,13742.4
2026-02-16T12:15:00Z,11611.2
2026-02-16T12:30:00Z,20529.1
2026-02-16T12:45:00Z,13476.3
2026-02-16T13:00:00Z,13725.1
2026-02-16T13:15:00Z,14060.1
2026-02-16T13:30:00Z,13499.9
2026-02-16T13:45:00Z,9656.0
2026-02-16T14:00:00Z,22512.8
2026-02-16T14:15:00Z,13999.0
2026-02-16T14:30:00Z,13911.3
2026-02-16T14:45:00Z,7429.4
2026-02-16T15:00:00Z,12285.7
2026-02-16T15:15:00Z,21628.9
2026-02-16T15:30:00Z,19791.2
2026-02-16T15:45:00Z,19075.2
2026-02-16T16:00:00Z,19764.1
2026-02-16T16:15:00Z,11451.9
2026-02-16T16:30:00Z,13956.2
2026-02-16T16:45:00Z,22623.6
2026-02-16T17:00:00Z,14938.4
2026-02-16T17:15:00Z,13431.3
2026-02-16T17:30:00Z,17631.8
2026-02-16T17:45:00Z,16146.1
2026-02-16T18:00:00Z,14639.8
2026-02-16T18:15:00Z,16629.4
2026-02-16T18:30:00Z,14079.2
2026-02-16T18:45:00Z,23559.8
2026-02-16T19:00:00Z,10566.7
2026-02-16T19:15:00Z,14816.1
2026-02-16T19:30:00Z,16220.3
2026-02-16T19:45:00Z,18222.4
2026-02-16T20:00:00Z,12936.5
2026-02-16T20:15:00Z,14409.7
2026-02-16T20:30:00Z,15641.0
2026-02-16T20:45:00Z,15745.4
2026-02-16T21:00:00Z,14646.0
2026-02-16T21:15:00Z,20628.8
2026-02-16T21:30:00Z,21940.1
2026-02-16T21:45:00Z,21429.6
2026-02-16T22:00:00Z,18739.3
2026-02-16T22:15:00Z,24291.2
2026-02-16T22:30:00Z,21509.5
2026-02-16T22:45:00Z,21809.3
2026-02-16T23:00:00Z,22378.9
2026-02-16T23:15:00Z,24250.8
2026-02-16T23:30:00Z,24407.5
2026-02-16T23:45:00Z,20416.4
2026-02-17T00:00:00Z,17385.8
2026-02-17T00:15:00Z,18137.6
2026-02-17T00:30:00Z,22158.0
2026-02-17T00:45:00Z,23264.9
2026-02-17T01:00:00Z,18930.5
2026-02-17T01:15:00Z,20940.1
2026-02-17T01:30:00Z,21493.8
2026-02-17T01:45:00Z,21154.3
2026-02-17T02:00:00Z,19603.4
2026-02-17T02:15:00Z,23887.1
2026-02-17T02:30:00Z,23243.1
2026-02-17T02:45:00Z,21813.4
2026-02-17T03:00:00Z,23150.9
2026-02-17T03:15:00Z,18139.4
2026-02-17T03:30:00Z,23418.5
2026-02-17T03:45:00Z,21488.0
2026-02-17T04:00:00Z,21150.6
2026-02-17T04:15:00Z,15004.7
2026-02-17T04:30:00Z,18310.7
2026-02-17T04:45:00Z,22127.5
2026-02-17T05:00:00Z,14554.8
2026-02-17T05:15:00Z,22185.2
2026-02-17T05:30:00Z,17892.9
2026-02-17T05:45:00Z,8729.7
2026-02-17T06:00:00Z,17694.1
2026-02-17T06:15:00Z,21191.0
2026-02-17T06:30:00Z,13271.3
2026-02-17T06:45:00Z,15276.4
2026-02-17T07:00:00Z,21044.9
2026-02-17T07:15:00Z,14517.7
2026-02-17T07:30:00Z,13363.5
2026-02-17T07:45:00Z,19659.8
2026-02-17T08:00:00Z,13206.4
2026-02-17T08:15:00Z,13563.6
2026-02-17T08:30:00Z,14852.1
2026-02-17T08:45:00Z,13666.6
2026-02-17T09:00:00Z,10537.0
2026-02-17T09:15:00Z,12845.8
2026-02-17T09:30:00Z,13829.4
2026-02-17T09:45:00Z,6595.9
2026-02-17T10:00:00Z,18096.8
2026-02-17T10:15:00Z,21965.0
2026-02-17T10:30:00Z,10580.7
2026-02-17T10:45:00Z,18000.4
2026-02-17T11:00:00Z,20968.8
2026-02-17T11:15:00Z,13873.1
2026-02-17T11:30:00Z,14457.9
2026-02-17T11:45:00Z,6964.3
2026-02-17T12:00:00Z,15997.8
2026-02-17T12:15:00Z,13181.6
2026-02-17T12:30:00Z,14494.9
2026-02-17T12:45:00Z,18182.0
2026-02-17T13:00:00Z,9424.2
2026-02-17T13:15:00Z,19425.6
2026-02-17T13:30:00Z,17224.3
2026-02-17T13:45:00Z,10809.4
2026-02-17T14:00:00Z,14519.6
2026-02-17T14:15:00Z,18957.6
2026-02-17T14:30:00Z,12701.2
2026-02-17T14:45:00Z,15430.1
2026-02-17T15:00:00Z,19890.8
2026-02-17T15:15:00Z,13336.3
2026-02-17T15:30:00Z,17375.9
2026-02-17T15:45:00Z,15825.4
2026-02-17T16:00:00Z,9972.1
2026-02-17T16:15:00Z,18616.9
2026-02-17T16:30:00Z,11467.1
2026-02-17T16:45:00Z,19061.4
2026-02-17T17:00:00Z,10392.0
2026-02-17T17:15:00Z,14243.5
2026-02-17T17:30:00Z,13837.7
2026-02-17T17:45:00Z,15083.8
2026-02-17T18:00:00Z,15338.7
2026-02-17T18:15:00Z,18725.6
2026-02-17T18:30:00Z,17303.4
2026-02-17T18:45:00Z,19021.7
2026-02-17T19:00:00Z,15956.3
2026-02-17T19:15:00Z,13673.2
2026-02-17T19:30:00Z,13850.2
2026-02-17T19:45:00Z,18720.5
2026-02-17T20:00:00Z,17787.3
2026-02-17T20:15:00Z,10813.2
2026-02-17T20:30:00Z,9924.8
2026-02-17T20:45:00Z,18675.1
2026-02-17T21:00:00Z,22857.1
2026-02-17T21:15:00Z,23247.8
2026-02-17T21:30:00Z,16417.4
2026-02-17T21:45:00Z,23918.3
2026-02-17T22:00:00Z,23819.5
2026-02-17T22:15:00Z,20472.3
2026-02-17T22:30:00Z,24900.0
2026-02-17T22:45:00Z,24386.0
2026-02-17T23:00:00Z,20065.5
2026-02-17T23:15:00Z,21175.9
2026-02-17T23:30:00Z,19137.6
2026-02-17T23:45:00Z,20777.1
2026-02-18T00:00:00Z,24001.8
2026-02-18T00:15:00Z,19697.3
2026-02-18T00:30:00Z,22357.0
2026-02-18T00:45:00Z,19363.5
2026-02-18T01:00:00Z,20608.0
2026-02-18T01:15:00Z,24034.2
2026-02-18T01:30:00Z,24393.6
2026-02-18T01:45:00Z,24192.0
2026-02-18T02:00:00Z,17406.1
2026-02-18T02:15:00Z,22843.6
2026-02-18T02:30:00Z,23983.4
2026-02-18T02:45:00Z,23963.9
2026-02-18T03:00:00Z,23538.7
2026-02-18T03:15:00Z,24329.7
2026-02-18T03:30:00Z,22801.0
2026-02-18T03:45:00Z,20350.9
2026-02-18T04:00:00Z,21906.7
2026-02-18T04:15:00Z,16776.5
2026-02-18T04:30:00Z,23224.6
2026-02-18T04:45:00Z,24256.1
2026-02-18T05:00:00Z,15698.4
2026-02-18T05:15:00Z,19626.5
2026-02-18T05:30:00Z,11788.0
2026-02-18T05:45:00Z,18049.0
2026-02-18T06:00:00Z,18415.4
2026-02-18T06:15:00Z,21350.0
2026-02-18T06:30:00Z,18098.4
2026-02-18T06:45:00Z,14467.5
2026-02-18T07:00:00Z,18010.7
2026-02-18T07:15:00Z,13898.1
2026-02-18T07:30:00Z,12961.8
2026-02-18T07:45:00Z,21849.9
2026-02-18T08:00:00Z,18977.2
2026-02-18T08:15:00Z,13047.0
2026-02-18T08:30:00Z,22936.7
2026-02-18T08:45:00Z,14834.9
2026-02-18T09:00:00Z,15221.4
2026-02-18T09:15:00Z,9193.5
2026-02-18T09:30:00Z,18077.4
2026-02-18T09:45:00Z,14011.2
2026-02-18T10:00:00Z,20166.6
2026-02-18T10:15:00Z,16543.3
2026-02-18T10:30:00Z,12200.4
2026-02-18T10:45:00Z,9280.3
2026-02-18T11:00:00Z,17360.0
2026-02-18T11:15:00Z,11790.9
2026-02-18T11:30:00Z,15169.1
2026-02-18T11:45:00Z,9574.5
2026-02-18T12:00:00Z,21467.2
2026-02-18T12:15:00Z,14358.4
2026-02-18T12:30:00Z,13372.3
2026-02-18T12:45:00Z,20718.5
2026-02-18T13:00:00Z,12509.0
2026-02-18T13:15:00Z,10706.9
2026-02-18T13:30:00Z,17543.0
2026-02-18T13:45:00Z,13713.6
2026-02-18T14:00:00Z,13606.4
2026-02-18T14:15:00Z,17356.3
2026-02-18T14:30:00Z,14362.8
2026-02-18T14:45:00Z,15483.0
2026-02-18T15:00:00Z,14492.6
2026-02-18T15:15:00Z,12448.5
2026-02-18T15:30:00Z,18877.8
2026-02-18T15:45:00Z,18310.9
2026-02-18T16:00:00Z,17993.9
2026-02-18T16:15:00Z,6433.9
2026-02-18T16:30:00Z,13774.8
2026-02-18T16:45:00Z,15668.6
2026-02-18T17:00:00Z,16222.1
2026-02-18T17:15:00Z,21723.7
2026-02-18T17:30:00Z,10564.6
2026-02-18T17:45:00Z,12741.2
2026-02-18T18:00:00Z,15534.7
2026-02-18T18:15:00Z,18576.2
2026-02-18T18:30:00Z,19257.5
2026-02-18T18:45:00Z,9631.6
2026-02-18T19:00:00Z,9364.0
2026-02-18T19:15:00Z,12488.9
2026-02-18T19:30:00Z,15012.7
2026-02-18T19:45:00Z,14524.3
2026-02-18T20:00:00Z,19509.1
2026-02-18T20:15:00Z,20375.8
2026-02-18T20:30:00Z,15233.1
2026-02-18T20:45:00Z,13128.7
2026-02-18T21:00:00Z,22473.2
2026-02-18T21:15:00Z,14740.4
2026-02-18T21:30:00Z,23341.8
2026-02-18T21:45:00Z,22000.7
2026-02-18T22:00:00Z,23511.0
2026-02-18T22:15:00Z,23235.8
2026-02-18T22:30:00Z,18634.7
2026-02-18T22:45:00Z,21779.4
2026-02-18T23:00:00Z,18771.1
2026-02-18T23:15:00Z,18814.3
2026-02-18T23:30:00Z,24504.0
2026-02-18T23:45:00Z,22523.0
2026-02-19T00:00:00Z,22292.9
2026-02-19T00:15:00Z,21466.0
2026-02-19T00:30:00Z,24037.5
2026-02-19T00:45:00Z,23461.5
2026-02-19T01:00:00Z,19317.0
2026-02-19T01:15:00Z,22664.7
2026-02-19T01:30:00Z,23542.1
2026-02-19T01:45:00Z,17377.4
2026-02-19T02:00:00Z,23957.1
2026-02-19T02:15:00Z,23264.7
2026-02-19T02:30:00Z,22650.1
2026-02-19T02:45:00Z,18433.0
2026-02-19T03:00:00Z,23311.5
2026-02-19T03:15:00Z,19985.4
2026-02-19T03:30:00Z,23429.4
2026-02-19T03:45:00Z,18584.7
2026-02-19T04:00:00Z,18380.1
2026-02-19T04:15:00Z,21831.0
2026-02-19T04:30:00Z,21986.4
2026-02-19T04:45:00Z,24092.0
2026-02-19T05:00:00Z,9698.4
2026-02-19T05:15:00Z,20154.5
2026-02-19T05:30:00Z,19924.3
2026-02-19T05:45:00Z,10167.4
2026-02-19T06:00:00Z,15200.3
2026-02-19T06:15:00Z,12496.6
2026-02-19T06:30:00Z,15682.8
2026-02-19T06:45:00Z,10146.7
2026-02-19T07:00:00Z,13678.9
2026-02-19T07:15:00Z,14095.3
2026-02-19T07:30:00Z,7826.7
2026-02-19T07:45:00Z,17519.7
2026-02-19T08:00:00Z,13503.7
2026-02-19T08:15:00Z,15342.7
2026-02-19T08:30:00Z,9082.4
2026-02-19T08:45:00Z,12095.2
2026-02-19T09:00:00Z,13135.1
2026-02-19T09:15:00Z,12365.2
2026-02-19T09:30:00Z,18101.0
2026-02-19T09:45:00Z,12155.1
2026-02-19T10:00:00Z,10945.9
2026-02-19T10:15:00Z,14091.9
2026-02-19T10:30:00Z,11424.7
2026-02-19T10:45:00Z,12442.0
2026-02-19T11:00:00Z,8748.0
2026-02-19T11:15:00Z,18129.2
2026-02-19T11:30:00Z,16494.9
2026-02-19T11:45:00Z,12045.6
2026-02-19T12:00:00Z,9796.5
2026-02-19T12:15:00Z,17225.4
2026-02-19T12:30:00Z,18303.0
2026-02-19T12:45:00Z,21245.2
2026-02-19T13:00:00Z,15719.5
2026-02-19T13:15:00Z,10841.3
2026-02-19T13:30:00Z,18599.9
2026-02-19T13:45:00Z,16795.4
2026-02-19T14:00:00Z,12424.4
2026-02-19T14:15:00Z,18971.7
2026-02-19T14:30:00Z,12145.4
2026-02-19T14:45:00Z,18964.1
2026-02-19T15:00:00Z,8751.9
2026-02-19T15:15:00Z,14644.3
2026-02-19T15:30:00Z,19401.0
2026-02-19T15:45:00Z,9992.5
2026-02-19T16:00:00Z,12888.4
2026-02-19T16:15:00Z,9195.5
2026-02-19T16:30:00Z,7692.8
2026-02-19T16:45:00Z,14500.3
2026-02-19T17:00:00Z,12226.1
2026-02-19T17:15:00Z,8738.0
2026-02-19T17:30:00Z,18687.2
2026-02-19T17:45:00Z,21325.0
2026-02-19T18:00:00Z,13743.9
2026-02-19T18:15:00Z,23840.6
2026-02-19T18:30:00Z,10939.5
2026-02-19T18:45:00Z,11337.3
2026-02-19T19:00:00Z,17600.7
2026-02-19T19:15:00Z,18804.2
2026-02-19T19:30:00Z,18534.3
2026-02-19T19:45:00Z,18704.5
2026-02-19T20:00:00Z,12409.7
2026-02-19T20:15:00Z,20704.2
2026-02-19T20:30:00Z,17920.6
2026-02-19T20:45:00Z,16878.8
2026-02-19T21:00:00Z,24725.6
2026-02-19T21:15:00Z,22171.3
2026-02-19T21:30:00Z,18444.0
2026-02-19T21:45:00Z,23672.3
2026-02-19T22:00:00Z,22375.5
2026-02-19T22:15:00Z,24604.0
2026-02-19T22:30:00Z,21266.9
2026-02-19T22:45:00Z,16691.1
2026-02-19T23:00:00Z,17001.3
2026-02-19T23:15:00Z,22457.1
2026-02-19T23:30:00Z,20969.9
2026-02-19T23:45:00Z,21834.5
2026-02-20T00:00:00Z,18556.3
2026-02-20T00:15:00Z,23343.2
2026-02-20T00:30:00Z,22738.4
2026-02-20T00:45:00Z,18107.5
2026-02-20T01:00:00Z,22063.7
2026-02-20T01:15:00Z,24487.6
2026-02-20T01:30:00Z,24715.8
2026-02-20T01:45:00Z,21241.5
2026-02-20T02:00:00Z,23912.2
2026-02-20T02:15:00Z,23744.9
2026-02-20T02:30:00Z,20948.1
2026-02-20T02:45:00Z,19892.3
2026-02-20T03:00:00Z,23453.6
2026-02-20T03:15:00Z,21529.9
2026-02-20T03:30:00Z,18770.8
2026-02-20T03:45:00Z,22924.5
2026-02-20T04:00:00Z,20374.2
2026-02-20T04:15:00Z,24325.5
2026-02-20T04:30:00Z,23170.6
2026-02-20T04:45:00Z,18456.7
2026-02-20T05:00:00Z,8673.8
2026-02-20T05:15:00Z,21657.7
2026-02-20T05:30:00Z,7967.5
2026-02-20T05:45:00Z,13890.2
2026-02-20T06:00:00Z,14381.9
2026-02-20T06:15:00Z,15849.9
2026-02-20T06:30:00Z,14452.6
2026-02-20T06:45:00Z,10014.3
2026-02-20T07:00:00Z,9384.6
2026-02-20T07:15:00Z,12464.9
2026-02-20T07:30:00Z,11609.5
2026-02-20T07:45:00Z,16843.6
2026-02-20T08:00:00Z,10996.4
2026-02-20T08:15:00Z,10678.4
2026-02-20T08:30:00Z,18470.8
2026-02-20T08:45:00Z,18927.3
2026-02-20T09:00:00Z,11416.1
2026-02-20T09:15:00Z,16142.9
2026-02-20T09:30:00Z,16838.1
2026-02-20T09:45:00Z,14774.9
2026-02-20T10:00:00Z,23373.0
2026-02-20T10:15:00Z,12098.2
2026-02-20T10:30:00Z,11206.5
2026-02-20T10:45:00Z,12604.9
2026-02-20T11:00:00Z,13916.8
2026-02-20T11:15:00Z,12362.5
2026-02-20T11:30:00Z,13746.9
2026-02-20T11:45:00Z,20130.1
2026-02-20T12:00:00Z,10747.2
2026-02-20T12:15:00Z,8896.7
2026-02-20T12:30:00Z,6661.8
2026-02-20T12:45:00Z,14700.5
2026-02-20T13:00:00Z,16051.8
2026-02-20T13:15:00Z,14796.5
2026-02-20T13:30:00Z,16734.8
2026-02-20T13:45:00Z,12566.2
2026-02-20T14:00:00Z,17783.0
2026-02-20T14:15:00Z,17398.2
2026-02-20T14:30:00Z,20818.8
2026-02-20T14:45:00Z,10861.1
2026-02-20T15:00:00Z,14648.4
2026-02-20T15:15:00Z,20389.9
2026-02-20T15:30:00Z,14149.5
2026-02-20T15:45:00Z,17226.9
2026-02-20T16:00:00Z,15332.6
2026-02-20T16:15:00Z,13708.3
2026-02-20T16:30:00Z,13593.6
2026-02-20T16:45:00Z,8741.1
2026-02-20T17:00:00Z,19165.6
2026-02-20T17:15:00Z,12383.2
2026-02-20T17:30:00Z,19837.7
2026-02-20T17:45:00Z,17688.6
2026-02-20T18:00:00Z,9392.8
2026-02-20T18:15:00Z,17361.7
2026-02-20T18:30:00Z,13980.6
2026-02-20T18:45:00Z,19585.3
2026-02-20T19:00:00Z,15830.6
2026-02-20T19:15:00Z,22233.6
2026-02-20T19:30:00Z,9890.8
2026-02-20T19:45:00Z,22736.6
2026-02-20T20:00:00Z,11919.3
2026-02-20T20:15:00Z,19505.2
2026-02-20T20:30:00Z,12943.1
2026-02-20T20:45:00Z,14872.7
2026-02-20T21:00:00Z,21655.0
2026-02-20T21:15:00Z,23645.1
2026-02-20T21:30:00Z,20688.5
2026-02-20T21:45:00Z,23790.2
2026-02-20T22:00:00Z,23519.8
2026-02-20T22:15:00Z,23514.2
2026-02-20T22:30:00Z,22703.5
2026-02-20T22:45:00Z,20628.8
2026-02-20T23:00:00Z,22170.4
2026-02-20T23:15:00Z,24428.4
2026-02-20T23:30:00Z,18363.9
2026-02-20T23:45:00Z,22965.1
2026-02-21T00:00:00Z,22997.1
2026-02-21T00:15:00Z,19316.6
2026-02-21T00:30:00Z,20681.7
2026-02-21T00:45:00Z,23277.4
2026-02-21T01:00:00Z,23397.7
2026-02-21T01:15:00Z,17584.2
2026-02-21T01:30:00Z,23372.1
2026-02-21T01:45:00Z,23064.2
2026-02-21T02:00:00Z,22079.3
2026-02-21T02:15:00Z,21763.7
2026-02-21T02:30:00Z,22324.2
2026-02-21T02:45:00Z,19296.0
2026-02-21T03:00:00Z,23600.6
2026-02-21T03:15:00Z,22187.4
2026-02-21T03:30:00Z,12859.9
2026-02-21T03:45:00Z,23894.2
2026-02-21T04:00:00Z,14757.0
2026-02-21T04:15:00Z,21980.9
2026-02-21T04:30:00Z,23871.0
2026-02-21T04:45:00Z,23918.0
2026-02-21T05:00:00Z,19737.7
2026-02-21T05:15:00Z,19790.7
2026-02-21T05:30:00Z,22310.8
2026-02-21T05:45:00Z,21053.5
2026-02-21T06:00:00Z,21404.3
2026-02-21T06:15:00Z,19835.8
2026-02-21T06:30:00Z,21293.5
2026-02-21T06:45:00Z,22784.3
2026-02-21T07:00:00Z,16136.4
2026-02-21T07:15:00Z,20928.2
2026-02-21T07:30:00Z,20899.3
2026-02-21T07:45:00Z,23447.9
2026-02-21T08:00:00Z,21828.1
2026-02-21T08:15:00Z,23203.9
2026-02-21T08:30:00Z,23758.2
2026-02-21T08:45:00Z,21973.4
2026-02-21T09:00:00Z,21698.4
2026-02-21T09:15:00Z,19533.6
2026-02-21T09:30:00Z,19504.5
2026-02-21T09:45:00Z,15775.4
2026-02-21T10:00:00Z,22269.7
2026-02-21T10:15:00Z,18531.3
2026-02-21T10:30:00Z,22144.6
2026-02-21T10:45:00Z,19797.5
2026-02-21T11:00:00Z,21753.4
2026-02-21T11:15:00Z,19697.9
2026-02-21T11:30:00Z,19739.6
2026-02-21T11:45:00Z,20655.9
2026-02-21T12:00:00Z,19660.1
2026-02-21T12:15:00Z,11395.2
2026-02-21T12:30:00Z,18273.1
2026-02-21T12:45:00Z,18694.2
2026-02-21T13:00:00Z,22470.8
2026-02-21T13:15:00Z,21541.8
2026-02-21T13:30:00Z,19251.6
2026-02-21T13:45:00Z,19728.7
2026-02-21T14:00:00Z,21482.7
2026-02-21T14:15:00Z,22859.0
2026-02-21T14:30:00Z,16662.2
2026-02-21T14:45:00Z,23323.0
2026-02-21T15:00:00Z,21972.6
2026-02-21T15:15:00Z,21569.6
2026-02-21T15:30:00Z,23084.1
2026-02-21T15:45:00Z,18007.5
2026-02-21T16:00:00Z,18748.9
2026-02-21T16:15:00Z,20660.4
2026-02-21T16:30:00Z,23191.9
2026-02-21T16:45:00Z,21780.2
2026-02-21T17:00:00Z,20718.2
2026-02-21T17:15:00Z,12533.0
2026-02-21T17:30:00Z,22185.8
2026-02-21T17:45:00Z,23213.5
2026-02-21T18:00:00Z,22036.3
2026-02-21T18:15:00Z,23704.2
2026-02-21T18:30:00Z,23001.2
2026-02-21T18:45:00Z,21957.6
2026-02-21T19:00:00Z,20838.6
2026-02-21T19:15:00Z,20889.7
2026-02-21T19:30:00Z,22631.0
2026-02-21T19:45:00Z,24571.5
2026-02-21T20:00:00Z,19958.5
2026-02-21T20:15:00Z,22919.0
2026-02-21T20:30:00Z,24280.5
2026-02-21T20:45:00Z,17890.3
2026-02-21T21:00:00Z,24495.0
2026-02-21T21:15:00Z,22322.8
2026-02-21T21:30:00Z,23039.9
2026-02-21T21:45:00Z,23716.1
2026-02-21T22:00:00Z,22428.6
2026-02-21T22:15:00Z,23012.0
2026-02-21T22:30:00Z,22639.8
2026-02-21T22:45:00Z,23060.7
2026-02-21T23:00:00Z,21278.3
2026-02-21T23:15:00Z,22843.3
2026-02-21T23:30:00Z,23506.1
2026-02-21T23:45:00Z,23937.6
2026-02-22T00:00:00Z,19720.3
2026-02-22T00:15:00Z,24116.2
2026-02-22T00:30:00Z,23492.5
2026-02-22T00:45:00Z,22572.2
2026-02-22T01:00:00Z,19179.8
2026-02-22T01:15:00Z,22932.2
2026-02-22T01:30:00Z,22065.8
2026-02-22T01:45:00Z,23825.4
2026-02-22T02:00:00Z,20903.8
2026-02-22T02:15:00Z,17115.1
2026-02-22T02:30:00Z,19993.7
2026-02-22T02:45:00Z,17379.5
2026-02-22T03:00:00Z,22618.8
2026-02-22T03:15:00Z,22550.7
2026-02-22T03:30:00Z,20506.7
2026-02-22T03:45:00Z,17601.6
2026-02-22T04:00:00Z,22790.3
2026-02-22T04:15:00Z,17474.3
2026-02-22T04:30:00Z,19280.8
2026-02-22T04:45:00Z,23811.2
2026-02-22T05:00:00Z,23693.8
2026-02-22T05:15:00Z,23190.7
2026-02-22T05:30:00Z,22425.4
2026-02-22T05:45:00Z,23345.2
2026-02-22T06:00:00Z,23780.7
2026-02-22T06:15:00Z,22679.5
2026-02-22T06:30:00Z,21820.9
2026-02-22T06:45:00Z,22800.7
2026-02-22T07:00:00Z,22808.6
2026-02-22T07:15:00Z,23184.2
2026-02-22T07:30:00Z,17982.4
2026-02-22T07:45:00Z,23126.8
2026-02-22T08:00:00Z,23238.8
2026-02-22T08:15:00Z,21997.2
2026-02-22T08:30:00Z,18191.0
2026-02-22T08:45:00Z,19331.6
2026-02-22T09:00:00Z,22153.4
2026-02-22T09:15:00Z,21161.9
2026-02-22T09:30:00Z,22528.2
2026-02-22T09:45:00Z,22407.1
2026-02-22T10:00:00Z,23560.0
2026-02-22T10:15:00Z,22574.2
2026-02-22T10:30:00Z,16491.8
2026-02-22T10:45:00Z,22181.2
2026-02-22T11:00:00Z,23947.2
2026-02-22T11:15:00Z,22458.8
2026-02-22T11:30:00Z,22540.2
2026-02-22T11:45:00Z,21224.1
2026-02-22T12:00:00Z,19356.2
2026-02-22T12:15:00Z,22585.8
2026-02-22T12:30:00Z,22053.6
2026-02-22T12:45:00Z,18840.2
2026-02-22T13:00:00Z,17718.6
2026-02-22T13:15:00Z,21946.4
2026-02-22T13:30:00Z,22328.3
2026-02-22T13:45:00Z,20977.6
2026-02-22T14:00:00Z,23510.2
2026-02-22T14:15:00Z,21800.9
2026-02-22T14:30:00Z,20917.5
2026-02-22T14:45:00Z,23217.8
2026-02-22T15:00:00Z,22788.7
2026-02-22T15:15:00Z,18656.8
2026-02-22T15:30:00Z,19731.2
2026-02-22T15:45:00Z,22190.8
2026-02-22T16:00:00Z,19806.1
2026-02-22T16:15:00Z,20954.2
2026-02-22T16:30:00Z,23878.2
2026-02-22T16:45:00Z,23539.1
2026-02-22T17:00:00Z,23197.6
2026-02-22T17:15:00Z,16332.5
2026-02-22T17:30:00Z,21338.8
2026-02-22T17:45:00Z,22906.1
2026-02-22T18:00:00Z,23242.7
2026-02-22T18:15:00Z,18327.0
2026-02-22T18:30:00Z,20552.8
2026-02-22T18:45:00Z,22674.3
2026-02-22T19:00:00Z,22677.5
2026-02-22T19:15:00Z,20436.3
2026-02-22T19:30:00Z,23913.4
2026-02-22T19:45:00Z,20342.6
2026-02-22T20:00:00Z,24024.2
2026-02-22T20:15:00Z,22489.1
2026-02-22T20:30:00Z,22983.6
2026-02-22T20:45:00Z,23637.2
2026-02-22T21:00:00Z,22605.3
2026-02-22T21:15:00Z,22821.4
2026-02-22T21:30:00Z,22213.5
2026-02-22T21:45:00Z,22811.1
2026-02-22T22:00:00Z,21977.5
2026-02-22T22:15:00Z,22151.2
2026-02-22T22:30:00Z,19906.5
2026-02-22T22:45:00Z,22101.7
2026-02-22T23:00:00Z,23961.1
2026-02-22T23:15:00Z,22536.5
2026-02-22T23:30:00Z,20377.5
2026-02-22T23:45:00Z,22965.1
2026-02-23T00:00:00Z,22669.9
2026-02-23T00:15:00Z,20180.8
2026-02-23T00:30:00Z,22416.8
2026-02-23T00:45:00Z,24798.0
2026-02-23T01:00:00Z,21730.5
2026-02-23T01:15:00Z,24299.5
2026-02-23T01:30:00Z,21536.4
2026-02-23T01:45:00Z,19558.1
2026-02-23T02:00:00Z,23672.9
2026-02-23T02:15:00Z,24028.5
2026-02-23T02:30:00Z,23560.0
2026-02-23T02:45:00Z,19679.0
2026-02-23T03:00:00Z,23034.3
2026-02-23T03:15:00Z,24367.0
2026-02-23T03:30:00Z,21880.1
2026-02-23T03:45:00Z,16474.8
2026-02-23T04:00:00Z,24328.7
2026-02-23T04:15:00Z,21645.7
2026-02-23T04:30:00Z,23059.6
2026-02-23T04:45:00Z,20383.0
2026-02-23T05:00:00Z,11475.7
2026-02-23T05:15:00Z,12790.1
2026-02-23T05:30:00Z,15001.1
2026-02-23T05:45:00Z,14772.8
2026-02-23T06:00:00Z,19436.0
2026-02-23T06:15:00Z,15823.7
2026-02-23T06:30:00Z,14571.3
2026-02-23T06:45:00Z,11021.4
2026-02-23T07:00:00Z,21211.8
2026-02-23T07:15:00Z,12813.2
2026-02-23T07:30:00Z,12720.2
2026-02-23T07:45:00Z,16601.3
2026-02-23T08:00:00Z,9504.6
2026-02-23T08:15:00Z,18679.7
2026-02-23T08:30:00Z,18277.2
2026-02-23T08:45:00Z,17348.6
2026-02-23T09:00:00Z,17491.9
2026-02-23T09:15:00Z,9639.5
2026-02-23T09:30:00Z,19229.5
2026-02-23T09:45:00Z,14008.7
2026-02-23T10:00:00Z,8937.0
2026-02-23T10:15:00Z,13527.1
2026-02-23T10:30:00Z,16872.2
2026-02-23T10:45:00Z,7936.3
2026-02-23T11:00:00Z,10717.5
2026-02-23T11:15:00Z,15285.0
2026-02-23T11:30:00Z,9400.2
2026-02-23T11:45:00Z,16745.7
2026-02-23T12:00:00Z,16756.5
2026-02-23T12:15:00Z,13569.1
2026-02-23T12:30:00Z,12638.2
2026-02-23T12:45:00Z,16958.7
2026-02-23T13:00:00Z,18381.0
2026-02-23T13:15:00Z,17642.4
2026-02-23T13:30:00Z,10751.0
2026-02-23T13:45:00Z,8477.3
2026-02-23T14:00:00Z,15474.7
2026-02-23T14:15:00Z,16696.9
2026-02-23T14:30:00Z,13329.4
2026-02-23T14:45:00Z,14915.5
2026-02-23T15:00:00Z,18545.4
2026-02-23T15:15:00Z,21149.2
2026-02-23T15:30:00Z,8155.2
2026-02-23T15:45:00Z,13439.0
2026-02-23T16:00:00Z,12809.8
2026-02-23T16:15:00Z,18245.2
2026-02-23T16:30:00Z,10601.2
2026-02-23T16:45:00Z,13491.8
2026-02-23T17:00:00Z,13916.2
2026-02-23T17:15:00Z,17492.7
2026-02-23T17:30:00Z,15822.4
2026-02-23T17:45:00Z,22381.2
2026-02-23T18:00:00Z,14570.2
2026-02-23T18:15:00Z,15646.8
2026-02-23T18:30:00Z,9391.5
2026-02-23T18:45:00Z,13791.1
2026-02-23T19:00:00Z,11189.5
2026-02-23T19:15:00Z,9172.6
2026-02-23T19:30:00Z,14315.9
2026-02-23T19:45:00Z,22804.8
2026-02-23T20:00:00Z,23287.5
2026-02-23T20:15:00Z,15849.5
2026-02-23T20:30:00Z,19443.8
2026-02-23T20:45:00Z,19012.2
2026-02-23T21:00:00Z,23866.7
2026-02-23T21:15:00Z,20715.8
2026-02-23T21:30:00Z,22883.2
2026-02-23T21:45:00Z,23906.5
2026-02-23T22:00:00Z,23130.3
2026-02-23T22:15:00Z,22871.5
2026-02-23T22:30:00Z,17460.9
2026-02-23T22:45:00Z,24187.4
2026-02-23T23:00:00Z,24679.6
2026-02-23T23:15:00Z,23106.9
2026-02-23T23:30:00Z,23366.5
2026-02-23T23:45:00Z,22526.2
2026-02-24T00:00:00Z,19549.8
2026-02-24T00:15:00Z,20432.5
2026-02-24T00:30:00Z,17213.7
2026-02-24T00:45:00Z,22400.2
2026-02-24T01:00:00Z,18638.5
2026-02-24T01:15:00Z,23031.9
2026-02-24T01:30:00Z,22910.4
2026-02-24T01:45:00Z,19953.6
2026-02-24T02:00:00Z,20400.3
2026-02-24T02:15:00Z,22021.2
2026-02-24T02:30:00Z,23500.8
2026-02-24T02:45:00Z,17039.1
2026-02-24T03:00:00Z,23260.3
2026-02-24T03:15:00Z,23500.2
2026-02-24T03:30:00Z,22247.7
2026-02-24T03:45:00Z,22554.0
2026-02-24T04:00:00Z,22521.6
2026-02-24T04:15:00Z,23163.1
2026-02-24T04:30:00Z,19163.4
2026-02-24T04:45:00Z,23396.4
2026-02-24T05:00:00Z,14507.1
2026-02-24T05:15:00Z,12519.9
2026-02-24T05:30:00Z,15255.8
2026-02-24T05:45:00Z,15770.3
2026-02-24T06:00:00Z,21560.5
2026-02-24T06:15:00Z,20190.8
2026-02-24T06:30:00Z,12188.1
2026-02-24T06:45:00Z,17721.8
2026-02-24T07:00:00Z,17406.3
2026-02-24T07:15:00Z,11469.8
2026-02-24T07:30:00Z,14688.6
2026-02-24T07:45:00Z,18159.8
2026-02-24T08:00:00Z,17549.6
2026-02-24T08:15:00Z,12477.1
2026-02-24T08:30:00Z,13749.4
2026-02-24T08:45:00Z,17995.0
2026-02-24T09:00:00Z,6786.4
2026-02-24T09:15:00Z,16367.3
2026-02-24T09:30:00Z,14572.2
2026-02-24T09:45:00Z,18685.3
2026-02-24T10:00:00Z,9163.8
2026-02-24T10:15:00Z,9064.4
2026-02-24T10:30:00Z,18992.3
2026-02-24T10:45:00Z,14677.0
2026-02-24T11:00:00Z,21228.4
2026-02-24T11:15:00Z,16028.7
2026-02-24T11:30:00Z,18723.1
2026-02-24T11:45:00Z,17460.1
2026-02-24T12:00:00Z,19287.8
2026-02-24T12:15:00Z,22118.3
2026-02-24T12:30:00Z,8779.4
2026-02-24T12:45:00Z,17720.6
2026-02-24T13:00:00Z,12814.1
2026-02-24T13:15:00Z,6630.6
2026-02-24T13:30:00Z,17585.6
2026-02-24T13:45:00Z,17494.5
2026-02-24T14:00:00Z,19830.5
2026-02-24T14:15:00Z,18942.5
2026-02-24T14:30:00Z,17126.3
2026-02-24T14:45:00Z,12359.5
2026-02-24T15:00:00Z,6918.4
2026-02-24T15:15:00Z,11510.4
2026-02-24T15:30:00Z,15180.8
2026-02-24T15:45:00Z,18098.1
2026-02-24T16:00:00Z,17317.7
2026-02-24T16:15:00Z,18523.7
2026-02-24T16:30:00Z,13756.6
2026-02-24T16:45:00Z,18320.8
2026-02-24T17:00:00Z,19314.7
2026-02-24T17:15:00Z,8704.9
2026-02-24T17:30:00Z,14228.3
2026-02-24T17:45:00Z,11223.8
2026-02-24T18:00:00Z,13537.7
2026-02-24T18:15:00Z,12965.5
2026-02-24T18:30:00Z,16668.8
2026-02-24T18:45:00Z,14053.9
2026-02-24T19:00:00Z,18774.5
2026-02-24T19:15:00Z,15673.1
2026-02-24T19:30:00Z,17900.3
2026-02-24T19:45:00Z,16567.5
2026-02-24T20:00:00Z,13098.2
2026-02-24T20:15:00Z,13433.7
2026-02-24T20:30:00Z,10992.5
2026-02-24T20:45:00Z,20005.9
2026-02-24T21:00:00Z,20404.9
2026-02-24T21:15:00Z,22643.5
2026-02-24T21:30:00Z,24453.5
2026-02-24T21:45:00Z,22748.2
2026-02-24T22:00:00Z,12119.3
2026-02-24T22:15:00Z,22765.8
2026-02-24T22:30:00Z,19688.9
2026-02-24T22:45:00Z,21016.5
2026-02-24T23:00:00Z,23625.7
2026-02-24T23:15:00Z,20779.0
2026-02-24T23:30:00Z,18709.1
2026-02-24T23:45:00Z,19227.7
2026-02-25T00:00:00Z,24597.0
2026-02-25T00:15:00Z,23639.9
2026-02-25T00:30:00Z,20662.9
2026-02-25T00:45:00Z,22089.1
2026-02-25T01:00:00Z,17608.5
2026-02-25T01:15:00Z,21434.8
2026-02-25T01:30:00Z,24255.9
2026-02-25T01:45:00Z,19991.8
2026-02-25T02:00:00Z,23727.6
2026-02-25T02:15:00Z,19312.5
2026-02-25T02:30:00Z,20527.5
2026-02-25T02:45:00Z,23696.2
2026-02-25T03:00:00Z,20680.2
2026-02-25T03:15:00Z,23379.2
2026-02-25T03:30:00Z,18372.4
2026-02-25T03:45:00Z,19822.5
2026-02-25T04:00:00Z,22744.3
2026-02-25T04:15:00Z,23406.8
2026-02-25T04:30:00Z,19538.9
2026-02-25T04:45:00Z,23792.9
2026-02-25T05:00:00Z,9376.9
2026-02-25T05:15:00Z,11543.5
2026-02-25T05:30:00Z,8822.9
2026-02-25T05:45:00Z,12974.5
2026-02-25T06:00:00Z,7948.1
2026-02-25T06:15:00Z,11925.9
2026-02-25T06:30:00Z,7603.2
2026-02-25T06:45:00Z,15610.1
2026-02-25T07:00:00Z,13780.2
2026-02-25T07:15:00Z,17626.2
2026-02-25T07:30:00Z,13538.0
2026-02-25T07:45:00Z,17044.5
2026-02-25T08:00:00Z,19405.7
2026-02-25T08:15:00Z,13085.7
2026-02-25T08:30:00Z,9496.9
2026-02-25T08:45:00Z,13546.5
2026-02-25T09:00:00Z,20664.3
2026-02-25T09:15:00Z,17472.4
2026-02-25T09:30:00Z,9684.8
2026-02-25T09:45:00Z,17344.7
2026-02-25T10:00:00Z,10178.8
2026-02-25T10:15:00Z,16536.5
2026-02-25T10:30:00Z,16912.7
2026-02-25T10:45:00Z,18907.7
2026-02-25T11:00:00Z,8813.1
2026-02-25T11:15:00Z,17739.6
2026-02-25T11:30:00Z,16616.1
2026-02-25T11:45:00Z,11025.3
2026-02-25T12:00:00Z,15179.2
2026-02-25T12:15:00Z,18929.7
2026-02-25T12:30:00Z,12648.9
2026-02-25T12:45:00Z,14384.9
2026-02-25T13:00:00Z,12032.5
2026-02-25T13:15:00Z,16244.6
2026-02-25T13:30:00Z,15776.6
2026-02-25T13:45:00Z,16001.6
2026-02-25T14:00:00Z,12299.3
2026-02-25T14:15:00Z,7707.2
2026-02-25T14:30:00Z,8956.0
2026-02-25T14:45:00Z,8299.9
2026-02-25T15:00:00Z,18417.9
2026-02-25T15:15:00Z,20780.5
2026-02-25T15:30:00Z,21442.5
2026-02-25T15:45:00Z,12509.9
2026-02-25T16:00:00Z,23077.9
2026-02-25T16:15:00Z,18697.5
2026-02-25T16:30:00Z,17894.8
2026-02-25T16:45:00Z,17316.7
2026-02-25T17:00:00Z,16148.6
2026-02-25T17:15:00Z,14350.3
2026-02-25T17:30:00Z,20330.9
2026-02-25T17:45:00Z,20062.6
2026-02-25T18:00:00Z,11485.7
2026-02-25T18:15:00Z,17724.0
2026-02-25T18:30:00Z,20864.8
2026-02-25T18:45:00Z,13419.6
2026-02-25T19:00:00Z,15601.9
2026-02-25T19:15:00Z,17405.8
2026-02-25T19:30:00Z,19147.7
2026-02-25T19:45:00Z,14452.6
2026-02-25T20:00:00Z,14995.1
2026-02-25T20:15:00Z,17728.7
2026-02-25T20:30:00Z,13707.8
2026-02-25T20:45:00Z,18957.2
2026-02-25T21:00:00Z,22526.2
2026-02-25T21:15:00Z,19693.2
2026-02-25T21:30:00Z,24460.1
2026-02-25T21:45:00Z,24275.7
2026-02-25T22:00:00Z,24302.9
2026-02-25T22:15:00Z,23084.4
2026-02-25T22:30:00Z,21568.9
2026-02-25T22:45:00Z,22490.0
2026-02-25T23:00:00Z,20788.8
2026-02-25T23:15:00Z,19498.1
2026-02-25T23:30:00Z,23599.6
2026-02-25T23:45:00Z,24621.2
2026-02-26T00:00:00Z,19488.8
2026-02-26T00:15:00Z,22999.9
2026-02-26T00:30:00Z,23276.9
2026-02-26T00:45:00Z,24287.4
2026-02-26T01:00:00Z,22575.0
2026-02-26T01:15:00Z,21616.9
2026-02-26T01:30:00Z,23824.9
2026-02-26T01:45:00Z,22598.4
2026-02-26T02:00:00Z,24086.9
2026-02-26T02:15:00Z,23743.7
2026-02-26T02:30:00Z,21053.9
2026-02-26T02:45:00Z,22426.5
2026-02-26T03:00:00Z,20396.4
2026-02-26T03:15:00Z,23358.4
2026-02-26T03:30:00Z,22775.1
2026-02-26T03:45:00Z,22181.4
2026-02-26T04:00:00Z,23241.7
2026-02-26T04:15:00Z,17106.6
2026-02-26T04:30:00Z,23720.3
2026-02-26T04:45:00Z,19561.1
2026-02-26T05:00:00Z,18431.3
2026-02-26T05:15:00Z,15466.1
2026-02-26T05:30:00Z,13268.0
2026-02-26T05:45:00Z,14866.2
2026-02-26T06:00:00Z,13737.8
2026-02-26T06:15:00Z,17658.5
2026-02-26T06:30:00Z,7005.3
2026-02-26T06:45:00Z,14742.0
2026-02-26T07:00:00Z,16680.5
2026-02-26T07:15:00Z,14228.1
2026-02-26T07:30:00Z,12328.6
2026-02-26T07:45:00Z,14663.8
2026-02-26T08:00:00Z,21523.8
2026-02-26T08:15:00Z,17381.3
2026-02-26T08:30:00Z,17779.1
2026-02-26T08:45:00Z,11244.9
2026-02-26T09:00:00Z,18965.4
2026-02-26T09:15:00Z,15049.3
2026-02-26T09:30:00Z,7621.7
2026-02-26T09:45:00Z,16470.3
2026-02-26T10:00:00Z,18070.0
2026-02-26T10:15:00Z,17944.3
2026-02-26T10:30:00Z,13969.1
2026-02-26T10:45:00Z,13298.6
2026-02-26T11:00:00Z,14099.5
2026-02-26T11:15:00Z,11971.6
2026-02-26T11:30:00Z,15722.1
2026-02-26T11:45:00Z,12495.6
2026-02-26T12:00:00Z,15487.0
2026-02-26T12:15:00Z,16932.7
2026-02-26T12:30:00Z,14431.0
2026-02-26T12:45:00Z,11647.0
2026-02-26T13:00:00Z,15153.7
2026-02-26T13:15:00Z,12924.3
2026-02-26T13:30:00Z,16693.6
2026-02-26T13:45:00Z,19438.8
2026-02-26T14:00:00Z,18135.3
2026-02-26T14:15:00Z,11920.2
2026-02-26T14:30:00Z,6564.3
2026-02-26T14:45:00Z,7846.5
2026-02-26T15:00:00Z,16223.8
2026-02-26T15:15:00Z,14705.5
2026-02-26T15:30:00Z,16674.3
2026-02-26T15:45:00Z,22209.3
2026-02-26T16:00:00Z,6909.8
2026-02-26T16:15:00Z,18191.6
2026-02-26T16:30:00Z,8883.8
2026-02-26T16:45:00Z,14539.7
2026-02-26T17:00:00Z,19035.3
2026-02-26T17:15:00Z,15753.8
2026-02-26T17:30:00Z,15454.4
2026-02-26T17:45:00Z,23541.8
2026-02-26T18:00:00Z,14176.6
2026-02-26T18:15:00Z,18089.6
2026-02-26T18:30:00Z,17544.3
2026-02-26T18:45:00Z,18202.4
2026-02-26T19:00:00Z,22761.3
2026-02-26T19:15:00Z,15285.0
2026-02-26T19:30:00Z,19185.7
2026-02-26T19:45:00Z,11311.4
2026-02-26T20:00:00Z,8176.9
2026-02-26T20:15:00Z,16098.1
2026-02-26T20:30:00Z,18619.1
2026-02-26T20:45:00Z,10158.7
2026-02-26T21:00:00Z,23756.4
2026-02-26T21:15:00Z,22379.8
2026-02-26T21:30:00Z,21989.4
2026-02-26T21:45:00Z,18591.7
2026-02-26T22:00:00Z,20663.2
2026-02-26T22:15:00Z,24297.1
2026-02-26T22:30:00Z,23908.0
2026-02-26T22:45:00Z,22160.3
2026-02-26T23:00:00Z,16389.1
2026-02-26T23:15:00Z,24010.0
2026-02-26T23:30:00Z,21099.3
2026-02-26T23:45:00Z,21255.3
2026-02-27T00:00:00Z,23942.6
2026-02-27T00:15:00Z,23142.3
2026-02-27T00:30:00Z,21780.7
2026-02-27T00:45:00Z,22653.0
2026-02-27T01:00:00Z,23350.3
2026-02-27T01:15:00Z,23621.4
2026-02-27T01:30:00Z,19135.0
2026-02-27T01:45:00Z,23647.7
2026-02-27T02:00:00Z,21015.7
2026-02-27T02:15:00Z,23156.9
2026-02-27T02:30:00Z,24470.3
2026-02-27T02:45:00Z,22645.4
2026-02-27T03:00:00Z,19442.3
2026-02-27T03:15:00Z,23301.5
2026-02-27T03:30:00Z,23724.9
2026-02-27T03:45:00Z,18026.0
2026-02-27T04:00:00Z,21902.6
2026-02-27T04:15:00Z,24094.9
2026-02-27T04:30:00Z,24003.9
2026-02-27T04:45:00Z,21958.3
2026-02-27T05:00:00Z,12099.2
2026-02-27T05:15:00Z,8863.2
2026-02-27T05:30:00Z,22808.5
2026-02-27T05:45:00Z,13826.0
2026-02-27T06:00:00Z,17687.0
2026-02-27T06:15:00Z,12948.2
2026-02-27T06:30:00Z,17878.2
2026-02-27T06:45:00Z,15128.8
2026-02-27T07:00:00Z,9837.1
2026-02-27T07:15:00Z,23231.8
2026-02-27T07:30:00Z,8478.2
2026-02-27T07:45:00Z,14844.3
2026-02-27T08:00:00Z,21773.5
2026-02-27T08:15:00Z,9291.6
2026-02-27T08:30:00Z,10130.3
2026-02-27T08:45:00Z,13542.9
2026-02-27T09:00:00Z,10985.3
2026-02-27T09:15:00Z,15696.8
2026-02-27T09:30:00Z,16618.9
2026-02-27T09:45:00Z,15485.0
2026-02-27T10:00:00Z,10268.5
2026-02-27T10:15:00Z,17981.4
2026-02-27T10:30:00Z,10876.0
2026-02-27T10:45:00Z,11666.3
2026-02-27T11:00:00Z,8120.5
2026-02-27T11:15:00Z,18584.7
2026-02-27T11:30:00Z,14228.6
2026-02-27T11:45:00Z,9165.3
2026-02-27T12:00:00Z,12990.1
2026-02-27T12:15:00Z,13300.8
2026-02-27T12:30:00Z,7893.4
2026-02-27T12:45:00Z,6477.5
2026-02-27T13:00:00Z,17555.0
2026-02-27T13:15:00Z,14153.8
2026-02-27T13:30:00Z,14076.7
2026-02-27T13:45:00Z,14043.9
2026-02-27T14:00:00Z,18758.8
2026-02-27T14:15:00Z,15774.1
2026-02-27T14:30:00Z,17347.9
2026-02-27T14:45:00Z,12712.1
2026-02-27T15:00:00Z,18281.3
2026-02-27T15:15:00Z,18836.7
2026-02-27T15:30:00Z,17782.3
2026-02-27T15:45:00Z,10349.2
2026-02-27T16:00:00Z,16747.8
2026-02-27T16:15:00Z,18989.9
2026-02-27T16:30:00Z,9472.3
2026-02-27T16:45:00Z,14229.0
2026-02-27T17:00:00Z,9264.3
2026-02-27T17:15:00Z,22759.3
2026-02-27T17:30:00Z,19502.7
2026-02-27T17:45:00Z,9129.8
2026-02-27T18:00:00Z,21816.5
2026-02-27T18:15:00Z,18537.3
2026-02-27T18:30:00Z,16984.4
2026-02-27T18:45:00Z,18877.8
2026-02-27T19:00:00Z,16584.3
2026-02-27T19:15:00Z,14579.4
2026-02-27T19:30:00Z,18727.6
2026-02-27T19:45:00Z,10621.5
2026-02-27T20:00:00Z,13694.3
2026-02-27T20:15:00Z,18670.2
2026-02-27T20:30:00Z,14322.3
2026-02-27T20:45:00Z,12671.4
2026-02-27T21:00:00Z,24077.3
2026-02-27T21:15:00Z,22740.7
2026-02-27T21:30:00Z,24543.6
2026-02-27T21:45:00Z,23194.8
2026-02-27T22:00:00Z,24097.7
2026-02-27T22:15:00Z,21482.0
2026-02-27T22:30:00Z,16842.2
2026-02-27T22:45:00Z,22299.9
2026-02-27T23:00:00Z,18224.3
2026-02-27T23:15:00Z,22242.8
2026-02-27T23:30:00Z,23628.6
2026-02-27T23:45:00Z,17295.6
2026-02-28T00:00:00Z,22925.6
2026-02-28T00:15:00Z,24374.4
2026-02-28T00:30:00Z,23378.8
2026-02-28T00:45:00Z,23665.8
2026-02-28T01:00:00Z,20706.6
2026-02-28T01:15:00Z,24160.8
2026-02-28T01:30:00Z,24354.7
2026-02-28T01:45:00Z,22753.1
2026-02-28T02:00:00Z,21263.5
2026-02-28T02:15:00Z,21133.7
2026-02-28T02:30:00Z,22915.6
2026-02-28T02:45:00Z,18700.5
2026-02-28T03:00:00Z,22728.2
2026-02-28T03:15:00Z,22766.7
2026-02-28T03:30:00Z,22477.3
2026-02-28T03:45:00Z,21869.2
2026-02-28T04:00:00Z,21262.0
2026-02-28T04:15:00Z,14476.1
2026-02-28T04:30:00Z,21711.3
2026-02-28T04:45:00Z,22060.6
2026-02-28T05:00:00Z,24055.0
2026-02-28T05:15:00Z,23590.9
2026-02-28T05:30:00Z,20157.9
2026-02-28T05:45:00Z,23458.4
2026-02-28T06:00:00Z,23770.4
2026-02-28T06:15:00Z,18554.6
2026-02-28T06:30:00Z,21739.7
2026-02-28T06:45:00Z,21473.1
2026-02-28T07:00:00Z,22967.4
2026-02-28T07:15:00Z,19211.3
2026-02-28T07:30:00Z,22125.7
2026-02-28T07:45:00Z,20078.8
2026-02-28T08:00:00Z,21358.4
2026-02-28T08:15:00Z,21924.1
2026-02-28T08:30:00Z,20268.8
2026-02-28T08:45:00Z,19885.4
2026-02-28T09:00:00Z,22207.2
2026-02-28T09:15:00Z,19864.4
2026-02-28T09:30:00Z,22206.1
2026-02-28T09:45:00Z,20940.9
2026-02-28T10:00:00Z,21318.1
2026-02-28T10:15:00Z,20803.2
2026-02-28T10:30:00Z,22912.8
2026-02-28T10:45:00Z,19079.2
2026-02-28T11:00:00Z,23750.4
2026-02-28T11:15:00Z,18864.2
2026-02-28T11:30:00Z,22613.9
2026-02-28T11:45:00Z,18895.3
2026-02-28T12:00:00Z,20836.3
2026-02-28T12:15:00Z,18390.5
2026-02-28T12:30:00Z,17981.1
2026-02-28T12:45:00Z,20820.8
2026-02-28T13:00:00Z,21858.9
2026-02-28T13:15:00Z,21503.8
2026-02-28T13:30:00Z,22015.7
2026-02-28T13:45:00Z,22792.2
2026-02-28T14:00:00Z,21632.5
2026-02-28T14:15:00Z,21632.7
2026-02-28T14:30:00Z,18876.5
2026-02-28T14:45:00Z,23040.4
2026-02-28T15:00:00Z,20492.4
2026-02-28T15:15:00Z,12823.5
2026-02-28T15:30:00Z,22360.5
2026-02-28T15:45:00Z,21372.6
2026-02-28T16:00:00Z,21788.0
2026-02-28T16:15:00Z,12799.3
2026-02-28T16:30:00Z,20028.0
2026-02-28T16:45:00Z,20267.8
2026-02-28T17:00:00Z,11835.9
2026-02-28T17:15:00Z,19334.4
2026-02-28T17:30:00Z,20195.5
2026-02-28T17:45:00Z,22024.1
2026-02-28T18:00:00Z,22332.5
2026-02-28T18:15:00Z,22125.5
2026-02-28T18:30:00Z,22782.0
2026-02-28T18:45:00Z,17140.8
2026-02-28T19:00:00Z,19598.6
2026-02-28T19:15:00Z,21784.4
2026-02-28T19:30:00Z,22116.3
2026-02-28T19:45:00Z,24804.5
2026-02-28T20:00:00Z,20347.4
2026-02-28T20:15:00Z,23965.3
2026-02-28T20:30:00Z,19917.4
2026-02-28T20:45:00Z,23663.3
2026-02-28T21:00:00Z,18648.7
2026-02-28T21:15:00Z,21178.6
2026-02-28T21:30:00Z,22271.2
2026-02-28T21:45:00Z,22491.4
2026-02-28T22:00:00Z,22621.1
2026-02-28T22:15:00Z,16868.9
2026-02-28T22:30:00Z,22193.9
2026-02-28T22:45:00Z,15365.0
2026-02-28T23:00:00Z,21367.6
2026-02-28T23:15:00Z,21657.1
2026-02-28T23:30:00Z,23061.3
2026-02-28T23:45:00Z,23065.1
2026-03-01T00:00:00Z,22162.8
2026-03-01T00:15:00Z,20348.1
2026-03-01T00:30:00Z,22886.7
2026-03-01T00:45:00Z,24276.3
2026-03-01T01:00:00Z,23430.9
2026-03-01T01:15:00Z,24325.7
2026-03-01T01:30:00Z,19247.1
2026-03-01T01:45:00Z,21484.5
2026-03-01T02:00:00Z,22948.9
2026-03-01T02:15:00Z,19039.7
2026-03-01T02:30:00Z,23678.1
2026-03-01T02:45:00Z,24150.8
2026-03-01T03:00:00Z,24351.0
2026-03-01T03:15:00Z,22381.9
2026-03-01T03:30:00Z,23881.6
2026-03-01T03:45:00Z,23351.9
2026-03-01T04:00:00Z,22010.7
2026-03-01T04:15:00Z,24076.4
2026-03-01T04:30:00Z,22433.6
2026-03-01T04:45:00Z,23789.9
2026-03-01T05:00:00Z,23387.4
2026-03-01T05:15:00Z,22987.6
2026-03-01T05:30:00Z,23738.5
2026-03-01T05:45:00Z,22443.2
2026-03-01T06:00:00Z,17851.4
2026-03-01T06:15:00Z,23116.2
2026-03-01T06:30:00Z,22115.4
2026-03-01T06:45:00Z,23252.7
2026-03-01T07:00:00Z,17045.9
2026-03-01T07:15:00Z,22993.6
2026-03-01T07:30:00Z,21411.1
2026-03-01T07:45:00Z,19481.9
2026-03-01T08:00:00Z,22765.2
2026-03-01T08:15:00Z,19367.0
2026-03-01T08:30:00Z,17855.9
2026-03-01T08:45:00Z,18242.9
2026-03-01T09:00:00Z,22690.0
2026-03-01T09:15:00Z,21321.9
2026-03-01T09:30:00Z,21188.3
2026-03-01T09:45:00Z,21605.4
2026-03-01T10:00:00Z,20531.5
2026-03-01T10:15:00Z,17974.1
2026-03-01T10:30:00Z,16325.7
2026-03-01T10:45:00Z,18035.2
2026-03-01T11:00:00Z,21329.6
2026-03-01T11:15:00Z,20592.7
2026-03-01T11:30:00Z,22627.9
2026-03-01T11:45:00Z,18667.7
2026-03-01T12:00:00Z,21921.2
2026-03-01T12:15:00Z,19772.4
2026-03-01T12:30:00Z,21538.0
2026-03-01T12:45:00Z,20014.6
2026-03-01T13:00:00Z,18562.0
2026-03-01T13:15:00Z,21500.8
2026-03-01T13:30:00Z,20009.6
2026-03-01T13:45:00Z,18626.8
2026-03-01T14:00:00Z,21065.6
2026-03-01T14:15:00Z,21788.0
2026-03-01T14:30:00Z,21298.9
2026-03-01T14:45:00Z,22006.5
2026-03-01T15:00:00Z,20761.9
2026-03-01T15:15:00Z,23361.4
2026-03-01T15:30:00Z,21507.5
2026-03-01T15:45:00Z,22071.1
2026-03-01T16:00:00Z,19556.5
2026-03-01T16:15:00Z,23220.4
2026-03-01T16:30:00Z,22439.2
2026-03-01T16:45:00Z,22664.1
2026-03-01T17:00:00Z,23688.8
2026-03-01T17:15:00Z,17775.7
2026-03-01T17:30:00Z,21843.2
2026-03-01T17:45:00Z,20408.9
2026-03-01T18:00:00Z,19220.0
2026-03-01T18:15:00Z,19276.2
2026-03-01T18:30:00Z,23888.1
2026-03-01T18:45:00Z,18614.9
2026-03-01T19:00:00Z,24188.2
2026-03-01T19:15:00Z,22693.2
2026-03-01T19:30:00Z,18651.9
2026-03-01T19:45:00Z,19521.9
2026-03-01T20:00:00Z,24502.0
2026-03-01T20:15:00Z,21701.2
2026-03-01T20:30:00Z,19852.6
2026-03-01T20:45:00Z,19931.7
2026-03-01T21:00:00Z,21964.1
2026-03-01T21:15:00Z,22792.5
2026-03-01T21:30:00Z,23072.4
2026-03-01T21:45:00Z,20628.2
2026-03-01T22:00:00Z,21725.2
2026-03-01T22:15:00Z,20300.4
2026-03-01T22:30:00Z,22564.5
2026-03-01T22:45:00Z,23282.2
2026-03-01T23:00:00Z,18086.6
2026-03-01T23:15:00Z,22431.5
2026-03-01T23:30:00Z,21998.9
2026-03-01T23:45:00Z,24130.1
2026-03-02T00:00:00Z,22527.9
2026-03-02T00:15:00Z,22154.3
2026-03-02T00:30:00Z,24100.4
2026-03-02T00:45:00Z,17903.8
2026-03-02T01:00:00Z,19627.3
2026-03-02T01:15:00Z,23803.8
2026-03-02T01:30:00Z,18566.2
2026-03-02T01:45:00Z,22138.9
2026-03-02T02:00:00Z,24162.7
2026-03-02T02:15:00Z,24218.8
2026-03-02T02:30:00Z,23284.6
2026-03-02T02:45:00Z,23555.0
2026-03-02T03:00:00Z,18493.2
2026-03-02T03:15:00Z,23954.9
2026-03-02T03:30:00Z,21386.4
2026-03-02T03:45:00Z,24477.3
2026-03-02T04:00:00Z,23170.8
2026-03-02T04:15:00Z,23303.5
2026-03-02T04:30:00Z,23991.8
2026-03-02T04:45:00Z,22266.3
2026-03-02T05:00:00Z,15029.0
2026-03-02T05:15:00Z,15154.6
2026-03-02T05:30:00Z,10377.6
2026-03-02T05:45:00Z,15108.6
2026-03-02T06:00:00Z,9736.9
2026-03-02T06:15:00Z,10422.3
2026-03-02T06:30:00Z,18956.5
2026-03-02T06:45:00Z,13619.6
2026-03-02T07:00:00Z,18470.7
2026-03-02T07:15:00Z,12862.7
2026-03-02T07:30:00Z,14585.9
2026-03-02T07:45:00Z,10587.0
2026-03-02T08:00:00Z,13176.9
2026-03-02T08:15:00Z,15192.8
2026-03-02T08:30:00Z,14391.6
2026-03-02T08:45:00Z,21225.3
2026-03-02T09:00:00Z,9880.1
2026-03-02T09:15:00Z,14922.9
2026-03-02T09:30:00Z,15247.9
2026-03-02T09:45:00Z,11677.0
2026-03-02T10:00:00Z,8544.3
2026-03-02T10:15:00Z,22083.8
2026-03-02T10:30:00Z,8894.1
2026-03-02T10:45:00Z,9180.0
2026-03-02T11:00:00Z,17156.5
2026-03-02T11:15:00Z,13823.7
2026-03-02T11:30:00Z,14143.2
2026-03-02T11:45:00Z,13721.3
2026-03-02T12:00:00Z,16161.6
2026-03-02T12:15:00Z,13156.5
2026-03-02T12:30:00Z,14379.2
2026-03-02T12:45:00Z,9905.0
2026-03-02T13:00:00Z,14339.4
2026-03-02T13:15:00Z,7798.1
2026-03-02T13:30:00Z,16200.2
2026-03-02T13:45:00Z,10305.6
2026-03-02T14:00:00Z,15245.7
2026-03-02T14:15:00Z,7756.2
2026-03-02T14:30:00Z,14582.5
2026-03-02T14:45:00Z,13363.3
2026-03-02T15:00:00Z,14692.3
2026-03-02T15:15:00Z,7631.5
2026-03-02T15:30:00Z,19079.6
2026-03-02T15:45:00Z,10783.5
2026-03-02T16:00:00Z,15606.6
2026-03-02T16:15:00Z,16813.8
2026-03-02T16:30:00Z,10869.6
2026-03-02T16:45:00Z,12005.7
2026-03-02T17:00:00Z,10512.3
2026-03-02T17:15:00Z,21574.1
2026-03-02T17:30:00Z,15401.6
2026-03-02T17:45:00Z,22643.8
2026-03-02T18:00:00Z,10383.5
2026-03-02T18:15:00Z,9607.9
2026-03-02T18:30:00Z,14068.1
2026-03-02T18:45:00Z,21847.9
2026-03-02T19:00:00Z,18146.3
2026-03-02T19:15:00Z,19172.5
2026-03-02T19:30:00Z,18858.0
2026-03-02T19:45:00Z,15575.8
2026-03-02T20:00:00Z,11910.5
2026-03-02T20:15:00Z,15420.1
2026-03-02T20:30:00Z,15065.1
2026-03-02T20:45:00Z,10135.6
2026-03-02T21:00:00Z,24599.0
2026-03-02T21:15:00Z,19760.2
2026-03-02T21:30:00Z,22652.1
2026-03-02T21:45:00Z,19843.0
2026-03-02T22:00:00Z,19626.1
2026-03-02T22:15:00Z,22694.8
2026-03-02T22:30:00Z,23655.1
2026-03-02T22:45:00Z,22381.0
2026-03-02T23:00:00Z,23751.8
2026-03-02T23:15:00Z,23887.4
2026-03-02T23:30:00Z,22472.0
2026-03-02T23:45:00Z,18242.9
2026-03-03T00:00:00Z,21594.4
2026-03-03T00:15:00Z,19934.8
2026-03-03T00:30:00Z,23767.9
2026-03-03T00:45:00Z,23087.5
2026-03-03T01:00:00Z,20643.6
2026-03-03T01:15:00Z,22976.9
2026-03-03T01:30:00Z,18820.3
2026-03-03T01:45:00Z,23187.5
2026-03-03T02:00:00Z,23449.6
2026-03-03T02:15:00Z,23225.6
2026-03-03T02:30:00Z,19725.6
2026-03-03T02:45:00Z,14846.3
2026-03-03T03:00:00Z,20395.8
2026-03-03T03:15:00Z,19219.0
2026-03-03T03:30:00Z,23337.3
2026-03-03T03:45:00Z,24119.1
2026-03-03T04:00:00Z,23793.4
2026-03-03T04:15:00Z,15962.1
2026-03-03T04:30:00Z,16067.3
2026-03-03T04:45:00Z,22829.9
2026-03-03T05:00:00Z,19953.5
2026-03-03T05:15:00Z,14017.3
2026-03-03T05:30:00Z,13269.5
2026-03-03T05:45:00Z,11038.7
2026-03-03T06:00:00Z,14549.0
2026-03-03T06:15:00Z,18309.7
2026-03-03T06:30:00Z,18158.5
2026-03-03T06:45:00Z,10754.6
2026-03-03T07:00:00Z,17343.9
2026-03-03T07:15:00Z,10978.5
2026-03-03T07:30:00Z,13882.1
2026-03-03T07:45:00Z,14867.9
2026-03-03T08:00:00Z,9128.5
2026-03-03T08:15:00Z,17339.4
2026-03-03T08:30:00Z,8920.6
2026-03-03T08:45:00Z,12824.4
2026-03-03T09:00:00Z,15970.1
2026-03-03T09:15:00Z,17535.3
2026-03-03T09:30:00Z,15986.3
2026-03-03T09:45:00Z,15976.0
2026-03-03T10:00:00Z,14981.0
2026-03-03T10:15:00Z,15209.2
2026-03-03T10:30:00Z,13330.2
2026-03-03T10:45:00Z,12915.9
2026-03-03T11:00:00Z,18381.8
2026-03-03T11:15:00Z,14242.8
2026-03-03T11:30:00Z,13798.7
2026-03-03T11:45:00Z,12898.9
2026-03-03T12:00:00Z,21154.5
2026-03-03T12:15:00Z,12410.2
2026-03-03T12:30:00Z,17627.0
2026-03-03T12:45:00Z,11863.9
2026-03-03T13:00:00Z,10482.0
2026-03-03T13:15:00Z,12727.2
2026-03-03T13:30:00Z,13284.3
2026-03-03T13:45:00Z,18193.4
2026-03-03T14:00:00Z,21666.3
2026-03-03T14:15:00Z,9896.5
2026-03-03T14:30:00Z,8800.4
2026-03-03T14:45:00Z,19366.4
2026-03-03T15:00:00Z,9027.6
2026-03-03T15:15:00Z,18423.9
2026-03-03T15:30:00Z,18277.2
2026-03-03T15:45:00Z,13347.6
2026-03-03T16:00:00Z,13881.0
2026-03-03T16:15:00Z,22208.4
2026-03-03T16:30:00Z,14750.7
2026-03-03T16:45:00Z,13556.6
2026-03-03T17:00:00Z,14054.9
2026-03-03T17:15:00Z,18014.3
2026-03-03T17:30:00Z,17748.0
2026-03-03T17:45:00Z,15434.0
2026-03-03T18:00:00Z,18013.4
2026-03-03T18:15:00Z,13938.9
2026-03-03T18:30:00Z,18154.5
2026-03-03T18:45:00Z,15151.2
2026-03-03T19:00:00Z,14077.5
2026-03-03T19:15:00Z,11091.0
2026-03-03T19:30:00Z,12936.7
2026-03-03T19:45:00Z,15719.4
2026-03-03T20:00:00Z,18131.1
2026-03-03T20:15:00Z,14649.5
2026-03-03T20:30:00Z,16135.9
2026-03-03T20:45:00Z,18146.5
2026-03-03T21:00:00Z,20851.1
2026-03-03T21:15:00Z,22123.4
2026-03-03T21:30:00Z,23235.8
2026-03-03T21:45:00Z,23158.4
2026-03-03T22:00:00Z,23789.6
2026-03-03T22:15:00Z,20540.1
2026-03-03T22:30:00Z,22341.3
2026-03-03T22:45:00Z,23007.4
2026-03-03T23:00:00Z,24020.3
2026-03-03T23:15:00Z,23192.8
2026-03-03T23:30:00Z,23063.0
2026-03-03T23:45:00Z,22765.3
2026-03-04T00:00:00Z,24399.4
2026-03-04T00:15:00Z,21173.2
2026-03-04T00:30:00Z,24031.8
2026-03-04T00:45:00Z,21992.1
2026-03-04T01:00:00Z,19424.2
2026-03-04T01:15:00Z,21011.7
2026-03-04T01:30:00Z,20376.4
2026-03-04T01:45:00Z,19870.6
2026-03-04T02:00:00Z,24684.3
2026-03-04T02:15:00Z,19966.2
2026-03-04T02:30:00Z,22580.6
2026-03-04T02:45:00Z,23672.3
2026-03-04T03:00:00Z,19638.0
2026-03-04T03:15:00Z,23993.6
2026-03-04T03:30:00Z,23007.1
2026-03-04T03:45:00Z,23305.2
2026-03-04T04:00:00Z,24176.8
2026-03-04T04:15:00Z,24026.9
2026-03-04T04:30:00Z,23305.3
2026-03-04T04:45:00Z,23822.6
2026-03-04T05:00:00Z,6870.4
2026-03-04T05:15:00Z,14697.9
2026-03-04T05:30:00Z,16385.9
2026-03-04T05:45:00Z,11356.8
2026-03-04T06:00:00Z,14502.4
2026-03-04T06:15:00Z,21963.3
2026-03-04T06:30:00Z,20112.2
2026-03-04T06:45:00Z,19315.2
2026-03-04T07:00:00Z,15552.0
2026-03-04T07:15:00Z,17154.8
2026-03-04T07:30:00Z,8386.8
2026-03-04T07:45:00Z,18826.1
2026-03-04T08:00:00Z,10987.3
2026-03-04T08:15:00Z,8207.3
2026-03-04T08:30:00Z,15717.4
2026-03-04T08:45:00Z,10243.6
2026-03-04T09:00:00Z,17885.1
2026-03-04T09:15:00Z,18019.8
2026-03-04T09:30:00Z,8464.8
2026-03-04T09:45:00Z,12628.5
2026-03-04T10:00:00Z,18803.0
2026-03-04T10:15:00Z,15421.9
2026-03-04T10:30:00Z,14616.5
2026-03-04T10:45:00Z,10886.7
2026-03-04T11:00:00Z,13876.5
2026-03-04T11:15:00Z,10792.8
2026-03-04T11:30:00Z,8495.5
2026-03-04T11:45:00Z,12564.9
2026-03-04T12:00:00Z,18707.8
2026-03-04T12:15:00Z,11418.3
2026-03-04T12:30:00Z,12721.0
2026-03-04T12:45:00Z,13248.9
2026-03-04T13:00:00Z,16824.3
2026-03-04T13:15:00Z,13046.8
2026-03-04T13:30:00Z,15052.2
2026-03-04T13:45:00Z,17341.2
2026-03-04T14:00:00Z,8063.0
2026-03-04T14:15:00Z,13062.2
2026-03-04T14:30:00Z,22214.3
2026-03-04T14:45:00Z,11968.5
2026-03-04T15:00:00Z,11144.4
2026-03-04T15:15:00Z,16937.0
2026-03-04T15:30:00Z,21390.1
2026-03-04T15:45:00Z,22651.3
2026-03-04T16:00:00Z,12943.9
2026-03-04T16:15:00Z,14718.6
2026-03-04T16:30:00Z,18842.2
2026-03-04T16:45:00Z,22838.3
2026-03-04T17:00:00Z,16389.0
2026-03-04T17:15:00Z,10540.3
2026-03-04T17:30:00Z,18529.9
2026-03-04T17:45:00Z,15734.5
2026-03-04T18:00:00Z,15170.7
2026-03-04T18:15:00Z,13661.9
2026-03-04T18:30:00Z,15987.5
2026-03-04T18:45:00Z,22537.2
2026-03-04T19:00:00Z,15291.1
2026-03-04T19:15:00Z,14478.7
2026-03-04T19:30:00Z,11756.5
2026-03-04T19:45:00Z,14743.5
2026-03-04T20:00:00Z,18112.1
2026-03-04T20:15:00Z,12534.3
2026-03-04T20:30:00Z,8663.9
2026-03-04T20:45:00Z,22918.0
2026-03-04T21:00:00Z,19259.8
2026-03-04T21:15:00Z,24133.9
2026-03-04T21:30:00Z,24087.5
2026-03-04T21:45:00Z,21601.8
2026-03-04T22:00:00Z,23295.0
2026-03-04T22:15:00Z,24008.0
2026-03-04T22:30:00Z,19748.0
2026-03-04T22:45:00Z,16827.5
2026-03-04T23:00:00Z,20594.9
2026-03-04T23:15:00Z,22577.2
2026-03-04T23:30:00Z,18276.0
2026-03-04T23:45:00Z,20026.5
2026-03-05T00:00:00Z,21755.6
2026-03-05T00:15:00Z,23902.3
2026-03-05T00:30:00Z,23815.7
2026-03-05T00:45:00Z,21551.6
2026-03-05T01:00:00Z,20860.8
2026-03-05T01:15:00Z,21484.1
2026-03-05T01:30:00Z,20556.9
2026-03-05T01:45:00Z,21104.5
2026-03-05T02:00:00Z,21244.2
2026-03-05T02:15:00Z,23683.7
2026-03-05T02:30:00Z,20395.4
2026-03-05T02:45:00Z,18504.9
2026-03-05T03:00:00Z,21303.4
2026-03-05T03:15:00Z,23473.0
2026-03-05T03:30:00Z,20981.6
2026-03-05T03:45:00Z,22390.3
2026-03-05T04:00:00Z,21999.4
2026-03-05T04:15:00Z,22903.4
2026-03-05T04:30:00Z,20617.4
2026-03-05T04:45:00Z,20255.3
2026-03-05T05:00:00Z,18215.2
2026-03-05T05:15:00Z,11921.1
2026-03-05T05:30:00Z,16544.1
2026-03-05T05:45:00Z,14930.0
2026-03-05T06:00:00Z,8832.7
2026-03-05T06:15:00Z,10582.9
2026-03-05T06:30:00Z,9008.1
2026-03-05T06:45:00Z,14439.5
2026-03-05T07:00:00Z,15030.7
2026-03-05T07:15:00Z,13747.7
2026-03-05T07:30:00Z,13342.8
2026-03-05T07:45:00Z,12734.5
2026-03-05T08:00:00Z,11610.0
2026-03-05T08:15:00Z,19422.3
2026-03-05T08:30:00Z,15793.4
2026-03-05T08:45:00Z,13468.6
2026-03-05T09:00:00Z,15361.6
2026-03-05T09:15:00Z,11323.6
2026-03-05T09:30:00Z,10118.8
2026-03-05T09:45:00Z,14653.0
2026-03-05T10:00:00Z,10726.5
2026-03-05T10:15:00Z,12092.0
2026-03-05T10:30:00Z,17629.2
2026-03-05T10:45:00Z,16573.8
2026-03-05T11:00:00Z,16146.2
2026-03-05T11:15:00Z,14041.7
2026-03-05T11:30:00Z,8825.3
2026-03-05T11:45:00Z,15146.9
2026-03-05T12:00:00Z,15456.7
2026-03-05T12:15:00Z,17513.6
2026-03-05T12:30:00Z,18442.3
2026-03-05T12:45:00Z,13580.5
2026-03-05T13:00:00Z,21892.3
2026-03-05T13:15:00Z,17807.3
2026-03-05T13:30:00Z,12041.2
2026-03-05T13:45:00Z,16237.5
2026-03-05T14:00:00Z,10450.9
2026-03-05T14:15:00Z,9010.9
2026-03-05T14:30:00Z,22616.1
2026-03-05T14:45:00Z,12932.9
2026-03-05T15:00:00Z,10857.1
2026-03-05T15:15:00Z,13785.3
2026-03-05T15:30:00Z,11054.3
2026-03-05T15:45:00Z,21462.1
2026-03-05T16:00:00Z,10947.5
2026-03-05T16:15:00Z,14041.3
2026-03-05T16:30:00Z,22900.8
2026-03-05T16:45:00Z,14830.9
2026-03-05T17:00:00Z,17401.1
2026-03-05T17:15:00Z,14595.6
2026-03-05T17:30:00Z,19366.9
2026-03-05T17:45:00Z,7679.7
2026-03-05T18:00:00Z,11808.7
2026-03-05T18:15:00Z,18158.5
2026-03-05T18:30:00Z,13580.4
2026-03-05T18:45:00Z,11258.1
2026-03-05T19:00:00Z,10536.5
2026-03-05T19:15:00Z,13779.0
2026-03-05T19:30:00Z,14583.8
2026-03-05T19:45:00Z,18440.5
2026-03-05T20:00:00Z,16155.3
2026-03-05T20:15:00Z,22929.2
2026-03-05T20:30:00Z,19887.5
2026-03-05T20:45:00Z,23041.2
2026-03-05T21:00:00Z,22366.3
2026-03-05T21:15:00Z,16561.4
2026-03-05T21:30:00Z,23651.6
2026-03-05T21:45:00Z,19032.4
2026-03-05T22:00:00Z,23271.6
2026-03-05T22:15:00Z,22746.3
2026-03-05T22:30:00Z,23479.8
2026-03-05T22:45:00Z,20019.8
2026-03-05T23:00:00Z,16606.1
2026-03-05T23:15:00Z,22469.2
2026-03-05T23:30:00Z,16648.7
2026-03-05T23:45:00Z,21857.3
2026-03-06T00:00:00Z,19148.7
2026-03-06T00:15:00Z,18131.2
2026-03-06T00:30:00Z,22974.9
2026-03-06T00:45:00Z,22369.4
2026-03-06T01:00:00Z,24019.1
2026-03-06T01:15:00Z,13204.6
2026-03-06T01:30:00Z,22635.8
2026-03-06T01:45:00Z,19003.3
2026-03-06T02:00:00Z,23193.8
2026-03-06T02:15:00Z,23312.3
2026-03-06T02:30:00Z,18224.1
2026-03-06T02:45:00Z,20400.9
2026-03-06T03:00:00Z,21251.8
2026-03-06T03:15:00Z,17360.5
2026-03-06T03:30:00Z,15368.3
2026-03-06T03:45:00Z,18530.0
2026-03-06T04:00:00Z,22729.8
2026-03-06T04:15:00Z,20339.9
2026-03-06T04:30:00Z,22220.9
2026-03-06T04:45:00Z,23509.0
2026-03-06T05:00:00Z,9307.2
2026-03-06T05:15:00Z,19583.4
2026-03-06T05:30:00Z,15030.9
2026-03-06T05:45:00Z,17272.8
2026-03-06T06:00:00Z,14270.9
2026-03-06T06:15:00Z,18781.3
2026-03-06T06:30:00Z,19072.4
2026-03-06T06:45:00Z,12893.1
2026-03-06T07:00:00Z,15807.9
2026-03-06T07:15:00Z,16914.7
2026-03-06T07:30:00Z,11190.2
2026-03-06T07:45:00Z,14971.4
2026-03-06T08:00:00Z,11807.4
2026-03-06T08:15:00Z,12089.0
2026-03-06T08:30:00Z,13365.8
2026-03-06T08:45:00Z,11473.4
2026-03-06T09:00:00Z,17122.0
2026-03-06T09:15:00Z,13568.3
2026-03-06T09:30:00Z,16351.7
2026-03-06T09:45:00Z,13836.1
2026-03-06T10:00:00Z,14008.8
2026-03-06T10:15:00Z,13502.9
2026-03-06T10:30:00Z,15310.7
2026-03-06T10:45:00Z,6888.2
2026-03-06T11:00:00Z,14294.9
2026-03-06T11:15:00Z,16364.9
2026-03-06T11:30:00Z,8547.0
2026-03-06T11:45:00Z,14326.6
2026-03-06T12:00:00Z,16684.3
2026-03-06T12:15:00Z,13336.7
2026-03-06T12:30:00Z,9649.2
2026-03-06T12:45:00Z,13461.3
2026-03-06T13:00:00Z,16935.8
2026-03-06T13:15:00Z,17132.6
2026-03-06T13:30:00Z,11477.4
2026-03-06T13:45:00Z,18371.2
2026-03-06T14:00:00Z,8443.6
2026-03-06T14:15:00Z,19083.0
2026-03-06T14:30:00Z,16185.8
2026-03-06T14:45:00Z,18136.6
2026-03-06T15:00:00Z,14784.8
2026-03-06T15:15:00Z,13755.9
2026-03-06T15:30:00Z,11601.4
2026-03-06T15:45:00Z,14070.3
2026-03-06T16:00:00Z,16833.3
2026-03-06T16:15:00Z,22710.9
2026-03-06T16:30:00Z,17166.2
2026-03-06T16:45:00Z,6617.1
2026-03-06T17:00:00Z,13525.0
2026-03-06T17:15:00Z,24088.8
2026-03-06T17:30:00Z,12110.1
2026-03-06T17:45:00Z,11186.0
2026-03-06T18:00:00Z,12790.7
2026-03-06T18:15:00Z,17226.0
2026-03-06T18:30:00Z,13361.7
2026-03-06T18:45:00Z,13896.4
2026-03-06T19:00:00Z,20443.6
2026-03-06T19:15:00Z,10824.7
2026-03-06T19:30:00Z,22302.1
2026-03-06T19:45:00Z,12077.0
2026-03-06T20:00:00Z,12383.9
2026-03-06T20:15:00Z,23575.3
2026-03-06T20:30:00Z,15212.7
2026-03-06T20:45:00Z,10427.2
2026-03-06T21:00:00Z,19422.9
2026-03-06T21:15:00Z,24398.8
2026-03-06T21:30:00Z,21684.7
2026-03-06T21:45:00Z,24035.2
2026-03-06T22:00:00Z,18409.1
2026-03-06T22:15:00Z,23698.5
2026-03-06T22:30:00Z,20595.0
2026-03-06T22:45:00Z,19659.0
2026-03-06T23:00:00Z,21622.0
2026-03-06T23:15:00Z,19360.7
2026-03-06T23:30:00Z,22642.3
2026-03-06T23:45:00Z,20994.1
2026-03-07T00:00:00Z,23792.5
2026-03-07T00:15:00Z,21071.3
2026-03-07T00:30:00Z,21564.6
2026-03-07T00:45:00Z,22068.6
2026-03-07T01:00:00Z,19054.2
2026-03-07T01:15:00Z,23540.6
2026-03-07T01:30:00Z,22618.9
2026-03-07T01:45:00Z,20241.7
2026-03-07T02:00:00Z,23733.5
2026-03-07T02:15:00Z,23692.7
2026-03-07T02:30:00Z,23007.9
2026-03-07T02:45:00Z,24337.3
2026-03-07T03:00:00Z,20363.0
2026-03-07T03:15:00Z,23101.0
2026-03-07T03:30:00Z,21071.3
2026-03-07T03:45:00Z,20558.4
2026-03-07T04:00:00Z,22161.3
2026-03-07T04:15:00Z,22380.6
2026-03-07T04:30:00Z,21729.6
2026-03-07T04:45:00Z,17442.2
2026-03-07T05:00:00Z,17803.0
2026-03-07T05:15:00Z,22289.4
2026-03-07T05:30:00Z,22380.8
2026-03-07T05:45:00Z,21150.5
2026-03-07T06:00:00Z,21593.1
2026-03-07T06:15:00Z,22595.8
2026-03-07T06:30:00Z,22580.6
2026-03-07T06:45:00Z,23497.0
2026-03-07T07:00:00Z,23463.4
2026-03-07T07:15:00Z,17560.2
2026-03-07T07:30:00Z,22085.2
2026-03-07T07:45:00Z,18758.8
2026-03-07T08:00:00Z,22371.4
2026-03-07T08:15:00Z,21146.4
2026-03-07T08:30:00Z,21382.2
2026-03-07T08:45:00Z,17977.6
2026-03-07T09:00:00Z,20172.5
2026-03-07T09:15:00Z,20945.3
2026-03-07T09:30:00Z,21521.6
2026-03-07T09:45:00Z,22135.0
2026-03-07T10:00:00Z,20791.8
2026-03-07T10:15:00Z,22468.3
2026-03-07T10:30:00Z,15840.4
2026-03-07T10:45:00Z,22813.6
2026-03-07T11:00:00Z,15646.4
2026-03-07T11:15:00Z,19327.5
2026-03-07T11:30:00Z,21440.9
2026-03-07T11:45:00Z,17800.3
2026-03-07T12:00:00Z,21284.5
2026-03-07T12:15:00Z,14621.9
2026-03-07T12:30:00Z,21774.6
2026-03-07T12:45:00Z,13190.8
2026-03-07T13:00:00Z,22169.0
2026-03-07T13:15:00Z,22528.6
2026-03-07T13:30:00Z,20953.1
2026-03-07T13:45:00Z,17335.2
2026-03-07T14:00:00Z,22158.3
2026-03-07T14:15:00Z,17544.2
2026-03-07T14:30:00Z,20507.2
2026-03-07T14:45:00Z,21970.8
2026-03-07T15:00:00Z,21144.9
2026-03-07T15:15:00Z,18371.2
2026-03-07T15:30:00Z,17880.6
2026-03-07T15:45:00Z,21447.8
2026-03-07T16:00:00Z,20853.1
2026-03-07T16:15:00Z,22064.7
2026-03-07T16:30:00Z,21532.7
2026-03-07T16:45:00Z,19954.0
2026-03-07T17:00:00Z,21865.0
2026-03-07T17:15:00Z,21756.7
2026-03-07T17:30:00Z,22569.7
2026-03-07T17:45:00Z,23701.9
2026-03-07T18:00:00Z,11251.1
2026-03-07T18:15:00Z,22920.4
2026-03-07T18:30:00Z,21222.4
2026-03-07T18:45:00Z,17115.5
2026-03-07T19:00:00Z,23238.7
2026-03-07T19:15:00Z,22569.5
2026-03-07T19:30:00Z,23952.7
2026-03-07T19:45:00Z,19827.6
2026-03-07T20:00:00Z,15348.0
2026-03-07T20:15:00Z,20707.8
2026-03-07T20:30:00Z,19639.9
2026-03-07T20:45:00Z,20375.6
2026-03-07T21:00:00Z,23226.6
2026-03-07T21:15:00Z,23624.3
2026-03-07T21:30:00Z,23226.7
2026-03-07T21:45:00Z,20066.5
2026-03-07T22:00:00Z,24000.8
2026-03-07T22:15:00Z,24269.6
2026-03-07T22:30:00Z,13155.6
2026-03-07T22:45:00Z,24074.9
2026-03-07T23:00:00Z,23110.4
2026-03-07T23:15:00Z,21089.5
2026-03-07T23:30:00Z,22992.9
2026-03-07T23:45:00Z,22845.6
2026-03-08T00:00:00Z,17938.6
2026-03-08T00:15:00Z,21042.6
2026-03-08T00:30:00Z,22747.1
2026-03-08T00:45:00Z,19261.4
2026-03-08T01:00:00Z,22561.0
2026-03-08T01:15:00Z,24049.2
2026-03-08T01:30:00Z,23002.8
2026-03-08T01:45:00Z,23899.0
2026-03-08T02:00:00Z,20535.1
2026-03-08T02:15:00Z,23825.8
2026-03-08T02:30:00Z,23614.5
2026-03-08T02:45:00Z,22943.7
2026-03-08T03:00:00Z,18126.6
2026-03-08T03:15:00Z,22459.9
2026-03-08T03:30:00Z,23376.4
2026-03-08T03:45:00Z,24249.2
2026-03-08T04:00:00Z,21634.5
2026-03-08T04:15:00Z,20776.6
2026-03-08T04:30:00Z,22902.6
2026-03-08T04:45:00Z,23122.5
2026-03-08T05:00:00Z,23403.0
2026-03-08T05:15:00Z,20533.4
2026-03-08T05:30:00Z,20298.3
2026-03-08T05:45:00Z,23802.5
2026-03-08T06:00:00Z,20648.6
2026-03-08T06:15:00Z,22425.5
2026-03-08T06:30:00Z,19021.5
2026-03-08T06:45:00Z,23131.5
2026-03-08T07:00:00Z,19255.4
2026-03-08T07:15:00Z,22910.5
2026-03-08T07:30:00Z,22272.1
2026-03-08T07:45:00Z,22367.0
2026-03-08T08:00:00Z,22614.2
2026-03-08T08:15:00Z,18575.8
2026-03-08T08:30:00Z,22392.9
2026-03-08T08:45:00Z,20010.5
2026-03-08T09:00:00Z,22719.6
2026-03-08T09:15:00Z,22126.9
2026-03-08T09:30:00Z,15736.8
2026-03-08T09:45:00Z,22090.2
2026-03-08T10:00:00Z,22438.2
2026-03-08T10:15:00Z,21037.4
2026-03-08T10:30:00Z,16051.9
2026-03-08T10:45:00Z,19913.2
2026-03-08T11:00:00Z,20400.5
2026-03-08T11:15:00Z,21576.9
2026-03-08T11:30:00Z,17419.7
2026-03-08T11:45:00Z,18932.5
2026-03-08T12:00:00Z,19893.8
2026-03-08T12:15:00Z,20321.1
2026-03-08T12:30:00Z,23099.1
2026-03-08T12:45:00Z,21691.2
2026-03-08T13:00:00Z,21761.3
2026-03-08T13:15:00Z,19345.5
2026-03-08T13:30:00Z,22946.9
2026-03-08T13:45:00Z,18865.3
2026-03-08T14:00:00Z,22149.5
2026-03-08T14:15:00Z,20489.2
2026-03-08T14:30:00Z,22765.2
2026-03-08T14:45:00Z,22294.9
2026-03-08T15:00:00Z,22509.5
2026-03-08T15:15:00Z,21616.3
2026-03-08T15:30:00Z,21831.9
2026-03-08T15:45:00Z,21452.3
2026-03-08T16:00:00Z,19720.5
2026-03-08T16:15:00Z,20632.3
2026-03-08T16:30:00Z,22714.3
2026-03-08T16:45:00Z,22262.4
2026-03-08T17:00:00Z,18800.9
2026-03-08T17:15:00Z,23677.9
2026-03-08T17:30:00Z,24054.9
2026-03-08T17:45:00Z,11378.0
2026-03-08T18:00:00Z,20785.1
2026-03-08T18:15:00Z,22425.6
2026-03-08T18:30:00Z,21903.5
2026-03-08T18:45:00Z,20155.6
2026-03-08T19:00:00Z,22406.5
2026-03-08T19:15:00Z,21738.5
2026-03-08T19:30:00Z,20360.6
2026-03-08T19:45:00Z,23203.3
2026-03-08T20:00:00Z,20377.5
2026-03-08T20:15:00Z,23289.7
2026-03-08T20:30:00Z,21553.6
2026-03-08T20:45:00Z,24353.6
2026-03-08T21:00:00Z,22050.9
2026-03-08T21:15:00Z,19403.6
2026-03-08T21:30:00Z,22695.6
2026-03-08T21:45:00Z,22296.9
2026-03-08T22:00:00Z,23864.3
2026-03-08T22:15:00Z,22564.9
2026-03-08T22:30:00Z,24003.9
2026-03-08T22:45:00Z,21399.0
2026-03-08T23:00:00Z,19234.3
2026-03-08T23:15:00Z,17716.0
2026-03-08T23:30:00Z,20803.0
2026-03-08T23:45:00Z,18165.7
2026-03-09T00:00:00Z,23304.0
2026-03-09T00:15:00Z,19736.1
2026-03-09T00:30:00Z,23311.7
2026-03-09T00:45:00Z,24026.3
2026-03-09T01:00:00Z,23600.2
2026-03-09T01:15:00Z,17839.2
2026-03-09T01:30:00Z,23795.2
2026-03-09T01:45:00Z,24100.1
2026-03-09T02:00:00Z,21481.7
2026-03-09T02:15:00Z,22714.2
2026-03-09T02:30:00Z,21984.5
2026-03-09T02:45:00Z,23604.6
2026-03-09T03:00:00Z,23876.0
2026-03-09T03:15:00Z,22534.3
2026-03-09T03:30:00Z,20189.2
2026-03-09T03:45:00Z,20638.1
2026-03-09T04:00:00Z,20328.7
2026-03-09T04:15:00Z,18661.4
2026-03-09T04:30:00Z,23388.5
2026-03-09T04:45:00Z,22531.9
2026-03-09T05:00:00Z,18644.6
2026-03-09T05:15:00Z,11705.4
2026-03-09T05:30:00Z,16439.8
2026-03-09T05:45:00Z,13217.7
2026-03-09T06:00:00Z,12600.9
2026-03-09T06:15:00Z,13287.1
2026-03-09T06:30:00Z,14388.2
2026-03-09T06:45:00Z,19214.1
2026-03-09T07:00:00Z,16729.9
2026-03-09T07:15:00Z,12428.3
2026-03-09T07:30:00Z,9887.7
2026-03-09T07:45:00Z,12350.9
2026-03-09T08:00:00Z,17619.4
2026-03-09T08:15:00Z,19303.3
2026-03-09T08:30:00Z,11132.9
2026-03-09T08:45:00Z,12922.3
2026-03-09T09:00:00Z,11667.6
2026-03-09T09:15:00Z,14966.6
2026-03-09T09:30:00Z,14077.1
2026-03-09T09:45:00Z,17806.0
2026-03-09T10:00:00Z,18494.9
2026-03-09T10:15:00Z,11675.0
2026-03-09T10:30:00Z,12909.4
2026-03-09T10:45:00Z,17632.3
2026-03-09T11:00:00Z,8893.2
2026-03-09T11:15:00Z,14251.2
2026-03-09T11:30:00Z,16309.6
2026-03-09T11:45:00Z,17284.4
2026-03-09T12:00:00Z,11434.3
2026-03-09T12:15:00Z,5432.7
2026-03-09T12:30:00Z,17596.5
2026-03-09T12:45:00Z,16278.7
2026-03-09T13:00:00Z,16669.2
2026-03-09T13:15:00Z,15428.2
2026-03-09T13:30:00Z,16197.8
2026-03-09T13:45:00Z,9423.0
2026-03-09T14:00:00Z,8522.8
2026-03-09T14:15:00Z,15994.3
2026-03-09T14:30:00Z,12446.0
2026-03-09T14:45:00Z,19113.4
2026-03-09T15:00:00Z,10714.3
2026-03-09T15:15:00Z,10651.2
2026-03-09T15:30:00Z,13775.8
2026-03-09T15:45:00Z,16051.6
2026-03-09T16:00:00Z,11815.7
2026-03-09T16:15:00Z,14560.0
2026-03-09T16:30:00Z,13972.9
2026-03-09T16:45:00Z,18238.4
2026-03-09T17:00:00Z,17592.0
2026-03-09T17:15:00Z,18136.3
2026-03-09T17:30:00Z,11141.0
2026-03-09T17:45:00Z,18552.4
2026-03-09T18:00:00Z,18521.5
2026-03-09T18:15:00Z,19305.3
2026-03-09T18:30:00Z,22418.9
2026-03-09T18:45:00Z,18424.5
2026-03-09T19:00:00Z,19213.4
2026-03-09T19:15:00Z,15843.4
2026-03-09T19:30:00Z,18584.1
2026-03-09T19:45:00Z,11311.6
2026-03-09T20:00:00Z,17745.2
2026-03-09T20:15:00Z,17831.3
2026-03-09T20:30:00Z,17098.1
2026-03-09T20:45:00Z,16425.6
2026-03-09T21:00:00Z,23141.8
2026-03-09T21:15:00Z,22609.7
2026-03-09T21:30:00Z,20465.0
2026-03-09T21:45:00Z,23943.8
2026-03-09T22:00:00Z,22340.9
2026-03-09T22:15:00Z,21697.6
2026-03-09T22:30:00Z,19555.7
2026-03-09T22:45:00Z,21703.4
2026-03-09T23:00:00Z,19519.7
2026-03-09T23:15:00Z,18560.6
2026-03-09T23:30:00Z,18920.8
2026-03-09T23:45:00Z,22554.5
2026-03-10T00:00:00Z,23643.2
2026-03-10T00:15:00Z,23211.0
2026-03-10T00:30:00Z,19511.4
2026-03-10T00:45:00Z,19377.8
2026-03-10T01:00:00Z,24105.6
2026-03-10T01:15:00Z,20109.4
2026-03-10T01:30:00Z,16742.1
2026-03-10T01:45:00Z,22298.7
2026-03-10T02:00:00Z,23669.8
2026-03-10T02:15:00Z,24349.9
2026-03-10T02:30:00Z,23889.2
2026-03-10T02:45:00Z,22805.1
2026-03-10T03:00:00Z,22928.8
2026-03-10T03:15:00Z,18976.0
2026-03-10T03:30:00Z,22435.5
2026-03-10T03:45:00Z,20384.3
2026-03-10T04:00:00Z,19328.5
2026-03-10T04:15:00Z,23656.5
2026-03-10T04:30:00Z,24165.8
2026-03-10T04:45:00Z,24110.4
2026-03-10T05:00:00Z,23344.0
2026-03-10T05:15:00Z,20176.1
2026-03-10T05:30:00Z,7774.5
2026-03-10T05:45:00Z,13260.1
2026-03-10T06:00:00Z,13936.2
2026-03-10T06:15:00Z,13066.4
2026-03-10T06:30:00Z,17719.9
2026-03-10T06:45:00Z,14163.7
2026-03-10T07:00:00Z,10473.1
2026-03-10T07:15:00Z,18061.0
2026-03-10T07:30:00Z,20192.0
2026-03-10T07:45:00Z,14765.0
2026-03-10T08:00:00Z,17071.5
2026-03-10T08:15:00Z,13377.9
2026-03-10T08:30:00Z,13839.9
2026-03-10T08:45:00Z,5258.2
2026-03-10T09:00:00Z,13236.7
2026-03-10T09:15:00Z,22759.8
2026-03-10T09:30:00Z,16824.3
2026-03-10T09:45:00Z,14610.3
2026-03-10T10:00:00Z,15752.4
2026-03-10T10:15:00Z,11289.4
2026-03-10T10:30:00Z,11915.2
2026-03-10T10:45:00Z,7823.0
2026-03-10T11:00:00Z,15858.0
2026-03-10T11:15:00Z,20006.1
2026-03-10T11:30:00Z,14436.8
2026-03-10T11:45:00Z,18497.7
2026-03-10T12:00:00Z,9209.4
2026-03-10T12:15:00Z,18278.5
2026-03-10T12:30:00Z,12204.0
2026-03-10T12:45:00Z,14083.8
2026-03-10T13:00:00Z,14908.8
2026-03-10T13:15:00Z,22507.3
2026-03-10T13:30:00Z,13259.9
2026-03-10T13:45:00Z,14513.8
2026-03-10T14:00:00Z,12694.9
2026-03-10T14:15:00Z,16846.0
2026-03-10T14:30:00Z,13086.2
2026-03-10T14:45:00Z,20787.8
2026-03-10T15:00:00Z,12355.0
2026-03-10T15:15:00Z,10011.2
2026-03-10T15:30:00Z,15730.0
2026-03-10T15:45:00Z,16706.4
2026-03-10T16:00:00Z,13282.8
2026-03-10T16:15:00Z,14946.0
2026-03-10T16:30:00Z,9773.8
2026-03-10T16:45:00Z,11599.2
2026-03-10T17:00:00Z,6514.8
2026-03-10T17:15:00Z,22209.0
2026-03-10T17:30:00Z,14550.8
2026-03-10T17:45:00Z,22601.1
2026-03-10T18:00:00Z,12843.3
2026-03-10T18:15:00Z,13962.6
2026-03-10T18:30:00Z,15437.5
2026-03-10T18:45:00Z,7117.1
2026-03-10T19:00:00Z,14999.8
2026-03-10T19:15:00Z,16563.8
2026-03-10T19:30:00Z,19295.5
2026-03-10T19:45:00Z,20048.6
2026-03-10T20:00:00Z,17848.9
2026-03-10T20:15:00Z,19067.9
2026-03-10T20:30:00Z,15336.8
2026-03-10T20:45:00Z,14532.1
2026-03-10T21:00:00Z,20043.2
2026-03-10T21:15:00Z,24156.2
2026-03-10T21:30:00Z,23060.1
2026-03-10T21:45:00Z,20203.3
2026-03-10T22:00:00Z,20494.0
2026-03-10T22:15:00Z,24028.7
2026-03-10T22:30:00Z,21972.4
2026-03-10T22:45:00Z,19872.2
2026-03-10T23:00:00Z,23160.3
2026-03-10T23:15:00Z,23011.9
2026-03-10T23:30:00Z,20847.2
2026-03-10T23:45:00Z,24741.5
2026-03-11T00:00:00Z,24846.7
2026-03-11T00:15:00Z,18640.6
2026-03-11T00:30:00Z,21478.5
2026-03-11T00:45:00Z,20000.8
2026-03-11T01:00:00Z,20604.2
2026-03-11T01:15:00Z,23288.5
2026-03-11T01:30:00Z,23893.5
2026-03-11T01:45:00Z,23771.9
2026-03-11T02:00:00Z,19951.6
2026-03-11T02:15:00Z,24129.2
2026-03-11T02:30:00Z,22552.4
2026-03-11T02:45:00Z,21210.8
2026-03-11T03:00:00Z,23826.1
2026-03-11T03:15:00Z,23805.8
2026-03-11T03:30:00Z,11964.7
2026-03-11T03:45:00Z,23099.3
2026-03-11T04:00:00Z,19278.8
2026-03-11T04:15:00Z,21531.7
2026-03-11T04:30:00Z,23433.0
2026-03-11T04:45:00Z,23987.5
2026-03-11T05:00:00Z,9826.3
2026-03-11T05:15:00Z,20478.6
2026-03-11T05:30:00Z,19150.5
2026-03-11T05:45:00Z,15196.7
2026-03-11T06:00:00Z,14650.1
2026-03-11T06:15:00Z,6731.3
2026-03-11T06:30:00Z,18834.5
2026-03-11T06:45:00Z,14821.6
2026-03-11T07:00:00Z,10679.1
2026-03-11T07:15:00Z,15979.4
2026-03-11T07:30:00Z,6565.4
2026-03-11T07:45:00Z,10029.3
2026-03-11T08:00:00Z,14283.7
2026-03-11T08:15:00Z,14225.6
2026-03-11T08:30:00Z,12584.5
2026-03-11T08:45:00Z,14437.2
2026-03-11T09:00:00Z,15844.6
2026-03-11T09:15:00Z,19057.8
2026-03-11T09:30:00Z,10777.1
2026-03-11T09:45:00Z,15675.9
2026-03-11T10:00:00Z,8653.4
2026-03-11T10:15:00Z,12265.9
2026-03-11T10:30:00Z,17727.0
2026-03-11T10:45:00Z,5768.5
2026-03-11T11:00:00Z,10576.5
2026-03-11T11:15:00Z,12894.2
2026-03-11T11:30:00Z,17461.8
2026-03-11T11:45:00Z,21445.9
2026-03-11T12:00:00Z,12136.4
2026-03-11T12:15:00Z,7946.3
2026-03-11T12:30:00Z,10923.1
2026-03-11T12:45:00Z,20169.2
2026-03-11T13:00:00Z,12878.8
2026-03-11T13:15:00Z,18692.0
2026-03-11T13:30:00Z,13684.2
2026-03-11T13:45:00Z,16631.7
2026-03-11T14:00:00Z,18062.1
2026-03-11T14:15:00Z,7614.4
2026-03-11T14:30:00Z,15017.6
2026-03-11T14:45:00Z,7411.5
2026-03-11T15:00:00Z,10648.0
2026-03-11T15:15:00Z,21730.0
2026-03-11T15:30:00Z,12089.6
2026-03-11T15:45:00Z,9344.3
2026-03-11T16:00:00Z,9622.0
2026-03-11T16:15:00Z,11832.1
2026-03-11T16:30:00Z,17959.0
2026-03-11T16:45:00Z,12602.0
2026-03-11T17:00:00Z,14304.8
2026-03-11T17:15:00Z,13999.2
2026-03-11T17:30:00Z,17882.5
2026-03-11T17:45:00Z,7013.5
2026-03-11T18:00:00Z,10412.7
2026-03-11T18:15:00Z,16885.3
2026-03-11T18:30:00Z,14854.9
2026-03-11T18:45:00Z,17235.3
2026-03-11T19:00:00Z,12294.6
2026-03-11T19:15:00Z,13903.8
2026-03-11T19:30:00Z,16800.9
2026-03-11T19:45:00Z,16738.3
2026-03-11T20:00:00Z,10231.9
2026-03-11T20:15:00Z,17179.9
2026-03-11T20:30:00Z,18644.3
2026-03-11T20:45:00Z,14877.5
2026-03-11T21:00:00Z,22247.1
2026-03-11T21:15:00Z,23427.0
2026-03-11T21:30:00Z,22546.9
2026-03-11T21:45:00Z,16188.2
2026-03-11T22:00:00Z,13273.7
2026-03-11T22:15:00Z,14150.3
2026-03-11T22:30:00Z,17975.0
2026-03-11T22:45:00Z,18099.1
2026-03-11T23:00:00Z,13279.4
2026-03-11T23:15:00Z,16754.0
2026-03-11T23:30:00Z,23384.9
2026-03-11T23:45:00Z,21196.0
2026-03-12T00:00:00Z,18466.8
2026-03-12T00:15:00Z,17356.5
2026-03-12T00:30:00Z,24329.3
2026-03-12T00:45:00Z,22226.3
2026-03-12T01:00:00Z,22845.3
2026-03-12T01:15:00Z,23217.6
2026-03-12T01:30:00Z,22706.9
2026-03-12T01:45:00Z,24627.4
2026-03-12T02:00:00Z,24438.1
2026-03-12T02:15:00Z,18301.5
2026-03-12T02:30:00Z,21809.7
2026-03-12T02:45:00Z,21645.8
2026-03-12T03:00:00Z,22219.6
2026-03-12T03:15:00Z,21081.7
2026-03-12T03:30:00Z,21606.4
2026-03-12T03:45:00Z,23359.6
2026-03-12T04:00:00Z,22241.6
2026-03-12T04:15:00Z,21731.9
2026-03-12T04:30:00Z,22951.4
2026-03-12T04:45:00Z,19823.1
2026-03-12T05:00:00Z,11549.4
2026-03-12T05:15:00Z,19228.8
2026-03-12T05:30:00Z,9713.0
2026-03-12T05:45:00Z,18411.7
2026-03-12T06:00:00Z,19081.7
2026-03-12T06:15:00Z,17393.2
2026-03-12T06:30:00Z,15346.7
2026-03-12T06:45:00Z,16590.7
2026-03-12T07:00:00Z,16209.4
2026-03-12T07:15:00Z,12413.4
2026-03-12T07:30:00Z,16570.0
2026-03-12T07:45:00Z,21712.9
2026-03-12T08:00:00Z,17860.8
2026-03-12T08:15:00Z,11258.0
2026-03-12T08:30:00Z,10261.2
2026-03-12T08:45:00Z,14107.2
2026-03-12T09:00:00Z,10364.0
2026-03-12T09:15:00Z,7322.9
2026-03-12T09:30:00Z,12091.3
2026-03-12T09:45:00Z,16856.2
2026-03-12T10:00:00Z,12760.6
2026-03-12T10:15:00Z,18440.2
2026-03-12T10:30:00Z,10217.0
2026-03-12T10:45:00Z,11843.2
2026-03-12T11:00:00Z,18224.5
2026-03-12T11:15:00Z,17043.8
2026-03-12T11:30:00Z,8732.4
2026-03-12T11:45:00Z,13151.3
2026-03-12T12:00:00Z,13400.3
2026-03-12T12:15:00Z,17861.8
2026-03-12T12:30:00Z,5751.8
2026-03-12T12:45:00Z,10332.9
2026-03-12T13:00:00Z,17651.6
2026-03-12T13:15:00Z,12391.9
2026-03-12T13:30:00Z,12905.5
2026-03-12T13:45:00Z,8674.9
2026-03-12T14:00:00Z,21430.1
2026-03-12T14:15:00Z,15814.0
2026-03-12T14:30:00Z,14653.6
2026-03-12T14:45:00Z,17426.8
2026-03-12T15:00:00Z,18981.3
2026-03-12T15:15:00Z,14968.4
2026-03-12T15:30:00Z,13370.6
2026-03-12T15:45:00Z,18300.3
2026-03-12T16:00:00Z,22004.3
2026-03-12T16:15:00Z,14267.3
2026-03-12T16:30:00Z,12199.7
2026-03-12T16:45:00Z,10513.8
2026-03-12T17:00:00Z,14222.4
2026-03-12T17:15:00Z,10690.1
2026-03-12T17:30:00Z,19684.7
2026-03-12T17:45:00Z,13058.3
2026-03-12T18:00:00Z,22708.5
2026-03-12T18:15:00Z,18943.5
2026-03-12T18:30:00Z,19126.0
2026-03-12T18:45:00Z,13271.8
2026-03-12T19:00:00Z,20084.5
2026-03-12T19:15:00Z,14495.4
2026-03-12T19:30:00Z,18868.4
2026-03-12T19:45:00Z,15624.0
2026-03-12T20:00:00Z,18754.0
2026-03-12T20:15:00Z,23429.2
2026-03-12T20:30:00Z,20754.7
2026-03-12T20:45:00Z,17521.1
2026-03-12T21:00:00Z,19476.7
2026-03-12T21:15:00Z,22681.5
2026-03-12T21:30:00Z,20881.8
2026-03-12T21:45:00Z,21337.6
2026-03-12T22:00:00Z,22459.1
2026-03-12T22:15:00Z,24349.9
2026-03-12T22:30:00Z,23601.0
2026-03-12T22:45:00Z,23643.6
2026-03-12T23:00:00Z,24085.6
2026-03-12T23:15:00Z,23762.3
2026-03-12T23:30:00Z,21700.2
2026-03-12T23:45:00Z,19390.4
2026-03-13T00:00:00Z,18950.7
2026-03-13T00:15:00Z,18919.5
2026-03-13T00:30:00Z,22349.1
2026-03-13T00:45:00Z,22465.2
2026-03-13T01:00:00Z,24268.0
2026-03-13T01:15:00Z,22403.9
2026-03-13T01:30:00Z,22956.1
2026-03-13T01:45:00Z,19487.4
2026-03-13T02:00:00Z,22078.4
2026-03-13T02:15:00Z,24369.2
2026-03-13T02:30:00Z,23994.3
2026-03-13T02:45:00Z,21966.6
2026-03-13T03:00:00Z,22133.3
2026-03-13T03:15:00Z,15652.2
2026-03-13T03:30:00Z,22975.4
2026-03-13T03:45:00Z,23887.4
2026-03-13T04:00:00Z,23781.8
2026-03-13T04:15:00Z,24389.5
2026-03-13T04:30:00Z,18492.4
2026-03-13T04:45:00Z,22886.7
2026-03-13T05:00:00Z,19434.3
2026-03-13T05:15:00Z,16355.4
2026-03-13T05:30:00Z,13659.3
2026-03-13T05:45:00Z,17915.3
2026-03-13T06:00:00Z,9930.1
2026-03-13T06:15:00Z,17320.4
2026-03-13T06:30:00Z,15109.0
2026-03-13T06:45:00Z,17891.2
2026-03-13T07:00:00Z,21441.8
2026-03-13T07:15:00Z,17037.6
2026-03-13T07:30:00Z,10373.9
2026-03-13T07:45:00Z,16646.5
2026-03-13T08:00:00Z,17099.9
2026-03-13T08:15:00Z,16133.0
2026-03-13T08:30:00Z,19034.3
2026-03-13T08:45:00Z,16475.6
2026-03-13T09:00:00Z,12943.7
2026-03-13T09:15:00Z,7602.7
2026-03-13T09:30:00Z,12844.6
2026-03-13T09:45:00Z,4942.2
2026-03-13T10:00:00Z,16493.0
2026-03-13T10:15:00Z,13444.7
2026-03-13T10:30:00Z,10188.5
2026-03-13T10:45:00Z,15087.1
2026-03-13T11:00:00Z,15933.7
2026-03-13T11:15:00Z,13471.1
2026-03-13T11:30:00Z,11923.3
2026-03-13T11:45:00Z,11201.8
2026-03-13T12:00:00Z,9638.5
2026-03-13T12:15:00Z,18161.9
2026-03-13T12:30:00Z,12275.8
2026-03-13T12:45:00Z,14012.0
2026-03-13T13:00:00Z,7888.8
2026-03-13T13:15:00Z,13698.3
2026-03-13T13:30:00Z,17636.1
2026-03-13T13:45:00Z,13900.4
2026-03-13T14:00:00Z,18580.5
2026-03-13T14:15:00Z,17245.4
2026-03-13T14:30:00Z,14797.5
2026-03-13T14:45:00Z,15743.5
2026-03-13T15:00:00Z,19792.8
2026-03-13T15:15:00Z,8766.1
2026-03-13T15:30:00Z,12178.4
2026-03-13T15:45:00Z,15840.3
2026-03-13T16:00:00Z,8024.3
2026-03-13T16:15:00Z,14893.8
2026-03-13T16:30:00Z,12946.6
2026-03-13T16:45:00Z,22093.3
2026-03-13T17:00:00Z,10817.5
2026-03-13T17:15:00Z,13566.4
2026-03-13T17:30:00Z,17601.2
2026-03-13T17:45:00Z,19019.6
2026-03-13T18:00:00Z,16420.8
2026-03-13T18:15:00Z,17387.0
2026-03-13T18:30:00Z,15004.1
2026-03-13T18:45:00Z,15244.9
2026-03-13T19:00:00Z,18058.0
2026-03-13T19:15:00Z,11426.7
2026-03-13T19:30:00Z,8964.9
2026-03-13T19:45:00Z,10963.9
2026-03-13T20:00:00Z,18249.0
2026-03-13T20:15:00Z,14237.5
2026-03-13T20:30:00Z,13996.8
2026-03-13T20:45:00Z,16401.4
2026-03-13T21:00:00Z,22605.1
2026-03-13T21:15:00Z,22997.6
2026-03-13T21:30:00Z,23139.7
2026-03-13T21:45:00Z,21041.8
2026-03-13T22:00:00Z,21036.9
2026-03-13T22:15:00Z,20358.1
2026-03-13T22:30:00Z,19307.9
2026-03-13T22:45:00Z,19803.4
2026-03-13T23:00:00Z,19031.5
2026-03-13T23:15:00Z,19643.0
2026-03-13T23:30:00Z,22088.1
2026-03-13T23:45:00Z,23321.4
2026-03-14T00:00:00Z,16715.4
2026-03-14T00:15:00Z,23946.8
2026-03-14T00:30:00Z,20555.4
2026-03-14T00:45:00Z,21386.5
2026-03-14T01:00:00Z,22256.0
2026-03-14T01:15:00Z,21642.5
2026-03-14T01:30:00Z,23669.1
2026-03-14T01:45:00Z,23023.8
2026-03-14T02:00:00Z,22699.1
2026-03-14T02:15:00Z,23598.8
2026-03-14T02:30:00Z,23371.1
2026-03-14T02:45:00Z,20378.6
2026-03-14T03:00:00Z,21140.1
2026-03-14T03:15:00Z,19416.8
2026-03-14T03:30:00Z,23241.2
2026-03-14T03:45:00Z,19930.9
2026-03-14T04:00:00Z,24102.2
2026-03-14T04:15:00Z,22510.0
2026-03-14T04:30:00Z,23040.4
2026-03-14T04:45:00Z,18658.9
2026-03-14T05:00:00Z,20646.9
2026-03-14T05:15:00Z,20049.3
2026-03-14T05:30:00Z,22183.0
2026-03-14T05:45:00Z,17113.3
2026-03-14T06:00:00Z,24131.2
2026-03-14T06:15:00Z,16346.5
2026-03-14T06:30:00Z,19699.4
2026-03-14T06:45:00Z,17377.0
2026-03-14T07:00:00Z,18332.2
2026-03-14T07:15:00Z,22257.0
2026-03-14T07:30:00Z,17651.2
2026-03-14T07:45:00Z,20773.7
2026-03-14T08:00:00Z,20697.2
2026-03-14T08:15:00Z,18553.8
2026-03-14T08:30:00Z,22358.8
2026-03-14T08:45:00Z,22839.9
2026-03-14T09:00:00Z,14110.2
2026-03-14T09:15:00Z,21416.9
2026-03-14T09:30:00Z,21978.4
2026-03-14T09:45:00Z,18228.9
2026-03-14T10:00:00Z,22418.9
2026-03-14T10:15:00Z,19825.2
2026-03-14T10:30:00Z,22791.3
2026-03-14T10:45:00Z,20868.5
2026-03-14T11:00:00Z,22649.2
2026-03-14T11:15:00Z,8709.9
2026-03-14T11:30:00Z,20993.2
2026-03-14T11:45:00Z,13603.1
2026-03-14T12:00:00Z,21431.1
2026-03-14T12:15:00Z,16304.8
2026-03-14T12:30:00Z,22001.4
2026-03-14T12:45:00Z,21572.1
2026-03-14T13:00:00Z,18445.3
2026-03-14T13:15:00Z,18419.2
2026-03-14T13:30:00Z,22052.4
2026-03-14T13:45:00Z,15388.4
2026-03-14T14:00:00Z,22355.3
2026-03-14T14:15:00Z,20100.7
2026-03-14T14:30:00Z,21642.6
2026-03-14T14:45:00Z,21318.9
2026-03-14T15:00:00Z,20871.2
2026-03-14T15:15:00Z,21809.6
2026-03-14T15:30:00Z,16887.0
2026-03-14T15:45:00Z,21448.3
2026-03-14T16:00:00Z,20652.7
2026-03-14T16:15:00Z,19705.5
2026-03-14T16:30:00Z,22023.2
2026-03-14T16:45:00Z,17415.4
2026-03-14T17:00:00Z,23349.2
2026-03-14T17:15:00Z,21393.3
2026-03-14T17:30:00Z,21949.7
2026-03-14T17:45:00Z,22424.9
2026-03-14T18:00:00Z,22569.3
2026-03-14T18:15:00Z,16138.2
2026-03-14T18:30:00Z,21193.0
2026-03-14T18:45:00Z,23861.2
2026-03-14T19:00:00Z,22764.5
2026-03-14T19:15:00Z,21701.3
2026-03-14T19:30:00Z,19975.5
2026-03-14T19:45:00Z,24128.3
2026-03-14T20:00:00Z,19539.6
2026-03-14T20:15:00Z,21737.2
2026-03-14T20:30:00Z,24393.5
2026-03-14T20:45:00Z,17928.7
2026-03-14T21:00:00Z,18104.1
2026-03-14T21:15:00Z,18934.1
2026-03-14T21:30:00Z,22169.5
2026-03-14T21:45:00Z,23436.9
2026-03-14T22:00:00Z,21278.7
2026-03-14T22:15:00Z,22564.5
2026-03-14T22:30:00Z,20279.5
2026-03-14T22:45:00Z,22939.2
2026-03-14T23:00:00Z,21818.6
2026-03-14T23:15:00Z,19407.5
2026-03-14T23:30:00Z,23614.8
2026-03-14T23:45:00Z,23710.1
2026-03-15T00:00:00Z,19189.0
2026-03-15T00:15:00Z,20508.6
2026-03-15T00:30:00Z,23114.7
2026-03-15T00:45:00Z,23648.0
2026-03-15T01:00:00Z,17493.6
2026-03-15T01:15:00Z,21314.3
2026-03-15T01:30:00Z,15715.2
2026-03-15T01:45:00Z,23750.4
2026-03-15T02:00:00Z,18857.9
2026-03-15T02:15:00Z,18362.7
2026-03-15T02:30:00Z,22668.3
2026-03-15T02:45:00Z,23286.0
2026-03-15T03:00:00Z,22476.5
2026-03-15T03:15:00Z,22080.8
2026-03-15T03:30:00Z,22321.1
2026-03-15T03:45:00Z,23187.9
2026-03-15T04:00:00Z,19593.5
2026-03-15T04:15:00Z,22834.7
2026-03-15T04:30:00Z,23167.0
2026-03-15T04:45:00Z,23097.2
2026-03-15T05:00:00Z,23034.2
2026-03-15T05:15:00Z,17038.5
2026-03-15T05:30:00Z,22535.4
2026-03-15T05:45:00Z,23159.8
2026-03-15T06:00:00Z,21428.2
2026-03-15T06:15:00Z,23098.1
2026-03-15T06:30:00Z,17372.8
2026-03-15T06:45:00Z,19884.0
2026-03-15T07:00:00Z,22156.8
2026-03-15T07:15:00Z,17826.3
2026-03-15T07:30:00Z,20298.8
2026-03-15T07:45:00Z,23079.7
2026-03-15T08:00:00Z,22281.7
2026-03-15T08:15:00Z,22095.0
2026-03-15T08:30:00Z,21742.5
2026-03-15T08:45:00Z,19413.4
2026-03-15T09:00:00Z,18566.1
2026-03-15T09:15:00Z,15658.6
2026-03-15T09:30:00Z,21354.5
2026-03-15T09:45:00Z,20054.8
2026-03-15T10:00:00Z,21472.2
2026-03-15T10:15:00Z,22929.0
2026-03-15T10:30:00Z,20553.7
2026-03-15T10:45:00Z,19483.3
2026-03-15T11:00:00Z,19252.9
2026-03-15T11:15:00Z,21457.4
2026-03-15T11:30:00Z,23142.6
2026-03-15T11:45:00Z,17738.8
2026-03-15T12:00:00Z,18215.4
2026-03-15T12:15:00Z,13267.7
2026-03-15T12:30:00Z,15676.2
2026-03-15T12:45:00Z,10478.2
2026-03-15T13:00:00Z,15651.0
2026-03-15T13:15:00Z,12968.2
2026-03-15T13:30:00Z,13183.6
2026-03-15T13:45:00Z,21541.4
2026-03-15T14:00:00Z,21458.0
2026-03-15T14:15:00Z,22397.4
2026-03-15T14:30:00Z,21311.4
2026-03-15T14:45:00Z,21423.6
2026-03-15T15:00:00Z,19663.7
2026-03-15T15:15:00Z,18743.8
2026-03-15T15:30:00Z,22647.0
2026-03-15T15:45:00Z,19809.0
2026-03-15T16:00:00Z,21021.8
2026-03-15T16:15:00Z,19563.0
2026-03-15T16:30:00Z,22716.6
2026-03-15T16:45:00Z,21993.2
2026-03-15T17:00:00Z,22324.9
2026-03-15T17:15:00Z,21928.4
2026-03-15T17:30:00Z,24156.4
2026-03-15T17:45:00Z,23763.6
2026-03-15T18:00:00Z,21801.3
2026-03-15T18:15:00Z,22350.2
2026-03-15T18:30:00Z,23407.8
2026-03-15T18:45:00Z,22946.5
2026-03-15T19:00:00Z,22533.9
2026-03-15T19:15:00Z,23238.3
2026-03-15T19:30:00Z,22959.8
2026-03-15T19:45:00Z,20693.3
2026-03-15T20:00:00Z,22743.5
2026-03-15T20:15:00Z,24429.8
2026-03-15T20:30:00Z,24160.1
2026-03-15T20:45:00Z,23607.6
2026-03-15T21:00:00Z,22372.7
2026-03-15T21:15:00Z,22565.9
2026-03-15T21:30:00Z,23841.5
2026-03-15T21:45:00Z,21994.6
2026-03-15T22:00:00Z,19657.9
2026-03-15T22:15:00Z,19200.3
2026-03-15T22:30:00Z,23049.4
2026-03-15T22:45:00Z,24341.0
2026-03-15T23:00:00Z,22690.8
2026-03-15T23:15:00Z,22395.7
2026-03-15T23:30:00Z,23994.8
2026-03-15T23:45:00Z,23542.5
2026-03-16T00:00:00Z,22289.2
2026-03-16T00:15:00Z,21726.4
2026-03-16T00:30:00Z,23822.5
2026-03-16T00:45:00Z,21392.3
2026-03-16T01:00:00Z,24069.2
2026-03-16T01:15:00Z,21108.8
2026-03-16T01:30:00Z,23673.1
2026-03-16T01:45:00Z,20794.7
2026-03-16T02:00:00Z,23299.5
2026-03-16T02:15:00Z,17877.6
2026-03-16T02:30:00Z,19155.6
2026-03-16T02:45:00Z,20186.0
2026-03-16T03:00:00Z,19465.1
2026-03-16T03:15:00Z,23252.6
2026-03-16T03:30:00Z,21744.3
2026-03-16T03:45:00Z,22966.9
2026-03-16T04:00:00Z,22898.8
2026-03-16T04:15:00Z,22699.6
2026-03-16T04:30:00Z,19628.0
2026-03-16T04:45:00Z,15734.9
2026-03-16T05:00:00Z,14610.8
2026-03-16T05:15:00Z,12151.3
2026-03-16T05:30:00Z,23987.7
2026-03-16T05:45:00Z,18952.5
2026-03-16T06:00:00Z,14068.3
2026-03-16T06:15:00Z,14536.3
2026-03-16T06:30:00Z,15492.1
2026-03-16T06:45:00Z,10613.9
2026-03-16T07:00:00Z,9549.3
2026-03-16T07:15:00Z,17606.6
2026-03-16T07:30:00Z,21681.3
2026-03-16T07:45:00Z,16404.8
2026-03-16T08:00:00Z,18074.6
2026-03-16T08:15:00Z,6686.3
2026-03-16T08:30:00Z,14853.5
2026-03-16T08:45:00Z,8934.9
2026-03-16T09:00:00Z,17376.4
2026-03-16T09:15:00Z,14323.2
2026-03-16T09:30:00Z,12343.3
2026-03-16T09:45:00Z,16760.4
2026-03-16T10:00:00Z,16991.9
2026-03-16T10:15:00Z,12397.0
2026-03-16T10:30:00Z,16655.2
2026-03-16T10:45:00Z,9067.3
2026-03-16T11:00:00Z,15514.5
2026-03-16T11:15:00Z,8469.3
2026-03-16T11:30:00Z,17350.4
2026-03-16T11:45:00Z,7136.1
2026-03-16T12:00:00Z,8835.2
2026-03-16T12:15:00Z,17495.3
2026-03-16T12:30:00Z,19021.2
2026-03-16T12:45:00Z,18874.7
2026-03-16T13:00:00Z,12641.4
2026-03-16T13:15:00Z,22010.3
2026-03-16T13:30:00Z,17136.8
2026-03-16T13:45:00Z,7816.1
2026-03-16T14:00:00Z,9342.3
2026-03-16T14:15:00Z,12927.3
2026-03-16T14:30:00Z,18034.0
2026-03-16T14:45:00Z,8595.9
2026-03-16T15:00:00Z,12510.1
2026-03-16T15:15:00Z,11195.5
2026-03-16T15:30:00Z,17001.7
2026-03-16T15:45:00Z,7708.0
2026-03-16T16:00:00Z,19884.1
2026-03-16T16:15:00Z,14427.6
2026-03-16T16:30:00Z,14554.2
2026-03-16T16:45:00Z,14792.3
2026-03-16T17:00:00Z,15276.6
2026-03-16T17:15:00Z,20458.0
2026-03-16T17:30:00Z,10772.5
2026-03-16T17:45:00Z,12697.6
2026-03-16T18:00:00Z,9190.1
2026-03-16T18:15:00Z,13636.8
2026-03-16T18:30:00Z,15984.5
2026-03-16T18:45:00Z,14992.5
2026-03-16T19:00:00Z,15542.0
2026-03-16T19:15:00Z,8182.4
2026-03-16T19:30:00Z,20879.7
2026-03-16T19:45:00Z,11972.0
2026-03-16T20:00:00Z,16510.2
2026-03-16T20:15:00Z,18727.5
2026-03-16T20:30:00Z,10546.0
2026-03-16T20:45:00Z,18943.1
2026-03-16T21:00:00Z,18509.3
2026-03-16T21:15:00Z,24208.0
2026-03-16T21:30:00Z,19954.1
2026-03-16T21:45:00Z,24002.5
2026-03-16T22:00:00Z,23695.6
2026-03-16T22:15:00Z,22496.5
2026-03-16T22:30:00Z,24635.3
2026-03-16T22:45:00Z,23971.4
2026-03-16T23:00:00Z,23770.0
2026-03-16T23:15:00Z,21798.5
2026-03-16T23:30:00Z,24276.1
2026-03-16T23:45:00Z,21877.1
2026-03-17T00:00:00Z,24067.2
2026-03-17T00:15:00Z,23328.2
2026-03-17T00:30:00Z,24278.4
2026-03-17T00:45:00Z,23920.7
2026-03-17T01:00:00Z,23105.9
2026-03-17T01:15:00Z,24146.5
2026-03-17T01:30:00Z,22725.6
2026-03-17T01:45:00Z,20369.1
2026-03-17T02:00:00Z,23843.1
2026-03-17T02:15:00Z,21715.7
2026-03-17T02:30:00Z,18445.6
2026-03-17T02:45:00Z,23245.0
2026-03-17T03:00:00Z,23391.9
2026-03-17T03:15:00Z,23962.5
2026-03-17T03:30:00Z,21677.6
2026-03-17T03:45:00Z,24303.5
2026-03-17T04:00:00Z,21222.2
2026-03-17T04:15:00Z,23511.5
2026-03-17T04:30:00Z,23817.1
2026-03-17T04:45:00Z,22678.0
2026-03-17T05:00:00Z,14414.1
2026-03-17T05:15:00Z,17904.9
2026-03-17T05:30:00Z,11617.5
2026-03-17T05:45:00Z,10999.8
2026-03-17T06:00:00Z,17371.8
2026-03-17T06:15:00Z,11160.4
2026-03-17T06:30:00Z,22997.5
2026-03-17T06:45:00Z,8641.8
2026-03-17T07:00:00Z,13980.0
2026-03-17T07:15:00Z,11951.8
2026-03-17T07:30:00Z,10270.3
2026-03-17T07:45:00Z,12785.6
2026-03-17T08:00:00Z,17005.5
2026-03-17T08:15:00Z,12780.3
2026-03-17T08:30:00Z,10938.3
2026-03-17T08:45:00Z,12443.0
2026-03-17T09:00:00Z,14199.7
2026-03-17T09:15:00Z,12027.6
2026-03-17T09:30:00Z,11411.2
2026-03-17T09:45:00Z,14538.1
2026-03-17T10:00:00Z,11035.0
2026-03-17T10:15:00Z,11018.3
2026-03-17T10:30:00Z,14586.5
2026-03-17T10:45:00Z,15737.3
2026-03-17T11:00:00Z,14326.3
2026-03-17T11:15:00Z,23212.4
2026-03-17T11:30:00Z,13914.9
2026-03-17T11:45:00Z,9844.9
2026-03-17T12:00:00Z,14566.3
2026-03-17T12:15:00Z,6987.3
2026-03-17T12:30:00Z,13426.8
2026-03-17T12:45:00Z,8270.4
2026-03-17T13:00:00Z,16202.1
2026-03-17T13:15:00Z,14747.9
2026-03-17T13:30:00Z,13186.0
2026-03-17T13:45:00Z,17027.5
2026-03-17T14:00:00Z,16001.3
2026-03-17T14:15:00Z,11711.4
2026-03-17T14:30:00Z,8532.8
2026-03-17T14:45:00Z,22408.9
2026-03-17T15:00:00Z,11881.8
2026-03-17T15:15:00Z,18411.0
2026-03-17T15:30:00Z,21271.9
2026-03-17T15:45:00Z,11713.9
2026-03-17T16:00:00Z,12458.2
2026-03-17T16:15:00Z,9670.4
2026-03-17T16:30:00Z,14678.6
2026-03-17T16:45:00Z,18582.4
2026-03-17T17:00:00Z,14178.6
2026-03-17T17:15:00Z,16999.7
2026-03-17T17:30:00Z,15112.6
2026-03-17T17:45:00Z,12021.8
2026-03-17T18:00:00Z,19364.8
2026-03-17T18:15:00Z,15460.2
2026-03-17T18:30:00Z,10274.5
2026-03-17T18:45:00Z,15260.0
2026-03-17T19:00:00Z,17645.3
2026-03-17T19:15:00Z,10800.3
2026-03-17T19:30:00Z,13786.0
2026-03-17T19:45:00Z,16303.9
2026-03-17T20:00:00Z,15222.9
2026-03-17T20:15:00Z,13204.2
2026-03-17T20:30:00Z,18764.2
2026-03-17T20:45:00Z,23941.8
2026-03-17T21:00:00Z,23594.5
2026-03-17T21:15:00Z,24587.1
2026-03-17T21:30:00Z,24566.2
2026-03-17T21:45:00Z,20870.1
2026-03-17T22:00:00Z,22817.6
2026-03-17T22:15:00Z,14857.1
2026-03-17T22:30:00Z,22332.9
2026-03-17T22:45:00Z,23364.3
2026-03-17T23:00:00Z,20794.8
2026-03-17T23:15:00Z,19185.1
2026-03-17T23:30:00Z,23704.2
2026-03-17T23:45:00Z,20905.2
2026-03-18T00:00:00Z,22741.2
2026-03-18T00:15:00Z,19582.9
2026-03-18T00:30:00Z,22300.6
2026-03-18T00:45:00Z,24845.8
2026-03-18T01:00:00Z,23114.9
2026-03-18T01:15:00Z,16905.7
2026-03-18T01:30:00Z,18319.6
2026-03-18T01:45:00Z,23627.1
2026-03-18T02:00:00Z,20199.6
2026-03-18T02:15:00Z,23892.3
2026-03-18T02:30:00Z,23139.9
2026-03-18T02:45:00Z,24447.8
2026-03-18T03:00:00Z,25185.4
2026-03-18T03:15:00Z,21878.7
2026-03-18T03:30:00Z,19709.6
2026-03-18T03:45:00Z,20534.5
2026-03-18T04:00:00Z,21468.9
2026-03-18T04:15:00Z,23141.5
2026-03-18T04:30:00Z,17819.6
2026-03-18T04:45:00Z,24021.4
2026-03-18T05:00:00Z,20658.7
2026-03-18T05:15:00Z,17649.7
2026-03-18T05:30:00Z,18931.1
2026-03-18T05:45:00Z,20260.2
2026-03-18T06:00:00Z,16061.4
2026-03-18T06:15:00Z,13661.3
2026-03-18T06:30:00Z,16752.9
2026-03-18T06:45:00Z,22069.3
2026-03-18T07:00:00Z,9722.9
2026-03-18T07:15:00Z,21046.5
2026-03-18T07:30:00Z,17956.5
2026-03-18T07:45:00Z,12617.1
2026-03-18T08:00:00Z,13824.1
2026-03-18T08:15:00Z,14835.9
2026-03-18T08:30:00Z,17726.5
2026-03-18T08:45:00Z,17975.0
2026-03-18T09:00:00Z,12930.5
2026-03-18T09:15:00Z,17331.1
2026-03-18T09:30:00Z,10315.3
2026-03-18T09:45:00Z,12808.5
2026-03-18T10:00:00Z,15198.8
2026-03-18T10:15:00Z,17508.3
2026-03-18T10:30:00Z,12914.1
2026-03-18T10:45:00Z,11743.3
2026-03-18T11:00:00Z,12789.0
2026-03-18T11:15:00Z,15657.1
2026-03-18T11:30:00Z,18010.5
2026-03-18T11:45:00Z,11773.7
2026-03-18T12:00:00Z,11458.2
2026-03-18T12:15:00Z,13648.7
2026-03-18T12:30:00Z,18386.4
2026-03-18T12:45:00Z,9308.1
2026-03-18T13:00:00Z,8146.8
2026-03-18T13:15:00Z,13484.9
2026-03-18T13:30:00Z,15363.0
2026-03-18T13:45:00Z,18441.2
2026-03-18T14:00:00Z,12544.2
2026-03-18T14:15:00Z,14015.8
2026-03-18T14:30:00Z,14102.0
2026-03-18T14:45:00Z,16675.7
2026-03-18T15:00:00Z,11987.7
2026-03-18T15:15:00Z,12468.1
2026-03-18T15:30:00Z,16212.5
2026-03-18T15:45:00Z,16181.3
2026-03-18T16:00:00Z,16825.2
2026-03-18T16:15:00Z,12082.7
2026-03-18T16:30:00Z,19877.8
2026-03-18T16:45:00Z,18829.0
2026-03-18T17:00:00Z,15828.8
2026-03-18T17:15:00Z,18618.6
2026-03-18T17:30:00Z,15399.5
2026-03-18T17:45:00Z,22971.8
2026-03-18T18:00:00Z,17360.5
2026-03-18T18:15:00Z,11814.4
2026-03-18T18:30:00Z,16421.9
2026-03-18T18:45:00Z,17569.5
2026-03-18T19:00:00Z,10144.2
2026-03-18T19:15:00Z,17399.8
2026-03-18T19:30:00Z,13375.6
2026-03-18T19:45:00Z,18763.0
2026-03-18T20:00:00Z,22253.6
2026-03-18T20:15:00Z,11759.4
2026-03-18T20:30:00Z,15652.5
2026-03-18T20:45:00Z,10600.8
2026-03-18T21:00:00Z,22709.6
2026-03-18T21:15:00Z,21804.1
2026-03-18T21:30:00Z,20790.1
2026-03-18T21:45:00Z,19783.2
2026-03-18T22:00:00Z,20518.8
2026-03-18T22:15:00Z,22950.6
2026-03-18T22:30:00Z,21486.3
2026-03-18T22:45:00Z,23764.1
2026-03-18T23:00:00Z,24007.9
2026-03-18T23:15:00Z,17662.5
2026-03-18T23:30:00Z,23040.3
2026-03-18T23:45:00Z,22386.3
2026-03-19T00:00:00Z,22646.7
2026-03-19T00:15:00Z,23912.6
2026-03-19T00:30:00Z,21475.2
2026-03-19T00:45:00Z,23499.9
2026-03-19T01:00:00Z,23657.3
2026-03-19T01:15:00Z,20797.2
2026-03-19T01:30:00Z,18319.3
2026-03-19T01:45:00Z,23083.1
2026-03-19T02:00:00Z,16486.5
2026-03-19T02:15:00Z,21450.9
2026-03-19T02:30:00Z,23011.5
2026-03-19T02:45:00Z,21294.3
2026-03-19T03:00:00Z,18635.5
2026-03-19T03:15:00Z,22857.7
2026-03-19T03:30:00Z,23303.0
2026-03-19T03:45:00Z,18746.5
2026-03-19T04:00:00Z,24278.7
2026-03-19T04:15:00Z,22455.6
2026-03-19T04:30:00Z,22454.1
2026-03-19T04:45:00Z,22299.3
2026-03-19T05:00:00Z,18805.9
2026-03-19T05:15:00Z,6940.8
2026-03-19T05:30:00Z,13983.7
2026-03-19T05:45:00Z,22319.3
2026-03-19T06:00:00Z,21985.5
2026-03-19T06:15:00Z,19041.9
2026-03-19T06:30:00Z,10252.6
2026-03-19T06:45:00Z,19095.7
2026-03-19T07:00:00Z,13920.4
2026-03-19T07:15:00Z,14568.4
2026-03-19T07:30:00Z,10973.9
2026-03-19T07:45:00Z,13664.4
2026-03-19T08:00:00Z,12657.9
2026-03-19T08:15:00Z,9400.5
2026-03-19T08:30:00Z,13000.6
2026-03-19T08:45:00Z,21762.1
2026-03-19T09:00:00Z,16900.2
2026-03-19T09:15:00Z,13679.3
2026-03-19T09:30:00Z,16650.2
2026-03-19T09:45:00Z,12532.6
2026-03-19T10:00:00Z,8084.0
2026-03-19T10:15:00Z,14934.9
2026-03-19T10:30:00Z,21353.3
2026-03-19T10:45:00Z,14250.5
2026-03-19T11:00:00Z,13778.1
2026-03-19T11:15:00Z,8218.1
2026-03-19T11:30:00Z,17421.5
2026-03-19T11:45:00Z,12505.0
2026-03-19T12:00:00Z,18055.8
2026-03-19T12:15:00Z,15927.8
2026-03-19T12:30:00Z,5790.6
2026-03-19T12:45:00Z,14113.8
2026-03-19T13:00:00Z,14037.9
2026-03-19T13:15:00Z,11427.7
2026-03-19T13:30:00Z,8593.6
2026-03-19T13:45:00Z,17355.2
2026-03-19T14:00:00Z,17964.3
2026-03-19T14:15:00Z,17080.6
2026-03-19T14:30:00Z,12065.6
2026-03-19T14:45:00Z,15041.7
2026-03-19T15:00:00Z,15694.7
2026-03-19T15:15:00Z,13351.3
2026-03-19T15:30:00Z,20557.1
2026-03-19T15:45:00Z,16028.5
2026-03-19T16:00:00Z,15270.6
2026-03-19T16:15:00Z,17043.5
2026-03-19T16:30:00Z,17445.1
2026-03-19T16:45:00Z,13145.5
2026-03-19T17:00:00Z,19441.3
2026-03-19T17:15:00Z,13894.2
2026-03-19T17:30:00Z,9334.0
2026-03-19T17:45:00Z,16949.2
2026-03-19T18:00:00Z,19240.2
2026-03-19T18:15:00Z,14966.8
2026-03-19T18:30:00Z,18759.0
2026-03-19T18:45:00Z,13517.0
2026-03-19T19:00:00Z,17719.4
2026-03-19T19:15:00Z,23581.7
2026-03-19T19:30:00Z,15367.7
2026-03-19T19:45:00Z,22648.0
2026-03-19T20:00:00Z,22063.4
2026-03-19T20:15:00Z,14821.2
2026-03-19T20:30:00Z,18533.4
2026-03-19T20:45:00Z,22703.2
2026-03-19T21:00:00Z,22742.0
2026-03-19T21:15:00Z,21837.0
2026-03-19T21:30:00Z,20856.1
2026-03-19T21:45:00Z,20698.6
2026-03-19T22:00:00Z,23419.7
2026-03-19T22:15:00Z,23914.9
2026-03-19T22:30:00Z,22320.0
2026-03-19T22:45:00Z,24004.3
2026-03-19T23:00:00Z,23902.1
2026-03-19T23:15:00Z,23444.4
2026-03-19T23:30:00Z,24070.0
2026-03-19T23:45:00Z,24471.5
2026-03-20T00:00:00Z,20194.2
2026-03-20T00:15:00Z,18841.5
2026-03-20T00:30:00Z,19108.1
2026-03-20T00:45:00Z,24097.2
2026-03-20T01:00:00Z,23874.8
2026-03-20T01:15:00Z,20786.1
2026-03-20T01:30:00Z,23565.9
2026-03-20T01:45:00Z,22210.5
2026-03-20T02:00:00Z,18864.0
2026-03-20T02:15:00Z,17369.9
2026-03-20T02:30:00Z,23447.9
2026-03-20T02:45:00Z,20669.3
2026-03-20T03:00:00Z,20563.6
2026-03-20T03:15:00Z,20469.8
2026-03-20T03:30:00Z,23925.3
2026-03-20T03:45:00Z,24227.9
2026-03-20T04:00:00Z,22919.4
2026-03-20T04:15:00Z,22759.1
2026-03-20T04:30:00Z,23628.4
2026-03-20T04:45:00Z,24077.5
2026-03-20T05:00:00Z,23702.7
2026-03-20T05:15:00Z,16298.4
2026-03-20T05:30:00Z,13648.8
2026-03-20T05:45:00Z,13931.4
2026-03-20T06:00:00Z,18253.9
2026-03-20T06:15:00Z,15450.6
2026-03-20T06:30:00Z,19389.6
2026-03-20T06:45:00Z,13458.0
2026-03-20T07:00:00Z,13268.1
2026-03-20T07:15:00Z,21232.3
2026-03-20T07:30:00Z,17962.2
2026-03-20T07:45:00Z,13207.2
2026-03-20T08:00:00Z,18015.6
2026-03-20T08:15:00Z,20262.7
2026-03-20T08:30:00Z,8334.3
2026-03-20T08:45:00Z,11091.7
2026-03-20T09:00:00Z,9705.4
2026-03-20T09:15:00Z,14393.5
2026-03-20T09:30:00Z,22990.1
2026-03-20T09:45:00Z,17181.9
2026-03-20T10:00:00Z,9050.6
2026-03-20T10:15:00Z,18209.5
2026-03-20T10:30:00Z,11832.9
2026-03-20T10:45:00Z,5463.2
2026-03-20T11:00:00Z,13409.3
2026-03-20T11:15:00Z,14139.2
2026-03-20T11:30:00Z,13712.1
2026-03-20T11:45:00Z,11971.3
2026-03-20T12:00:00Z,8417.5
2026-03-20T12:15:00Z,9557.0
2026-03-20T12:30:00Z,13442.9
2026-03-20T12:45:00Z,19107.5
2026-03-20T13:00:00Z,21447.9
2026-03-20T13:15:00Z,15244.3
2026-03-20T13:30:00Z,13477.9
2026-03-20T13:45:00Z,13440.7
2026-03-20T14:00:00Z,16503.0
2026-03-20T14:15:00Z,12024.6
2026-03-20T14:30:00Z,6510.0
2026-03-20T14:45:00Z,22241.2
2026-03-20T15:00:00Z,14397.1
2026-03-20T15:15:00Z,11054.4
2026-03-20T15:30:00Z,10967.9
2026-03-20T15:45:00Z,18065.4
2026-03-20T16:00:00Z,17496.9
2026-03-20T16:15:00Z,17838.9
2026-03-20T16:30:00Z,12641.3
2026-03-20T16:45:00Z,12006.7
2026-03-20T17:00:00Z,13433.3
2026-03-20T17:15:00Z,15415.8
2026-03-20T17:30:00Z,21431.5
2026-03-20T17:45:00Z,17778.8
2026-03-20T18:00:00Z,14297.7
2026-03-20T18:15:00Z,23966.0
2026-03-20T18:30:00Z,15085.3
2026-03-20T18:45:00Z,14181.7
2026-03-20T19:00:00Z,15059.1
2026-03-20T19:15:00Z,11480.4
2026-03-20T19:30:00Z,19130.5
2026-03-20T19:45:00Z,18198.5
2026-03-20T20:00:00Z,18430.0
2026-03-20T20:15:00Z,23867.7
2026-03-20T20:30:00Z,13798.8
2026-03-20T20:45:00Z,12063.3
2026-03-20T21:00:00Z,24394.2
2026-03-20T21:15:00Z,24220.7
2026-03-20T21:30:00Z,20635.8
2026-03-20T21:45:00Z,22636.9
2026-03-20T22:00:00Z,24337.1
2026-03-20T22:15:00Z,23312.3
2026-03-20T22:30:00Z,24436.1
2026-03-20T22:45:00Z,19677.5
2026-03-20T23:00:00Z,22619.1
2026-03-20T23:15:00Z,21812.3
2026-03-20T23:30:00Z,22916.0
2026-03-20T23:45:00Z,21139.1
2026-03-21T00:00:00Z,23347.9
2026-03-21T00:15:00Z,20659.3
2026-03-21T00:30:00Z,22548.2
2026-03-21T00:45:00Z,22480.4
2026-03-21T01:00:00Z,23632.0
2026-03-21T01:15:00Z,22673.5
2026-03-21T01:30:00Z,17057.1
2026-03-21T01:45:00Z,17804.9
2026-03-21T02:00:00Z,19698.8
2026-03-21T02:15:00Z,22359.7
2026-03-21T02:30:00Z,19055.3
2026-03-21T02:45:00Z,20164.1
2026-03-21T03:00:00Z,22640.7
2026-03-21T03:15:00Z,17519.1
2026-03-21T03:30:00Z,21228.4
2026-03-21T03:45:00Z,22358.7
2026-03-21T04:00:00Z,22272.9
2026-03-21T04:15:00Z,23544.8
2026-03-21T04:30:00Z,23005.2
2026-03-21T04:45:00Z,23557.5
2026-03-21T05:00:00Z,18177.7
2026-03-21T05:15:00Z,23512.6
2026-03-21T05:30:00Z,18532.1
2026-03-21T05:45:00Z,19798.3
2026-03-21T06:00:00Z,17138.1
2026-03-21T06:15:00Z,21182.6
2026-03-21T06:30:00Z,22648.2
2026-03-21T06:45:00Z,20851.3
2026-03-21T07:00:00Z,21070.6
2026-03-21T07:15:00Z,15873.0
2026-03-21T07:30:00Z,9848.4
2026-03-21T07:45:00Z,13518.0
2026-03-21T08:00:00Z,16840.4
2026-03-21T08:15:00Z,14167.1
2026-03-21T08:30:00Z,13953.6
2026-03-21T08:45:00Z,21424.5
2026-03-21T09:00:00Z,21375.6
2026-03-21T09:15:00Z,17093.8
2026-03-21T09:30:00Z,21228.2
2026-03-21T09:45:00Z,16809.9
2026-03-21T10:00:00Z,21391.3
2026-03-21T10:15:00Z,16896.2
2026-03-21T10:30:00Z,20870.3
2026-03-21T10:45:00Z,19829.8
2026-03-21T11:00:00Z,19916.0
2026-03-21T11:15:00Z,20037.8
2026-03-21T11:30:00Z,17226.0
2026-03-21T11:45:00Z,18937.7
2026-03-21T12:00:00Z,19030.0
2026-03-21T12:15:00Z,23596.7
2026-03-21T12:30:00Z,11912.3
2026-03-21T12:45:00Z,22891.0
2026-03-21T13:00:00Z,21691.0
2026-03-21T13:15:00Z,18589.8
2026-03-21T13:30:00Z,19070.4
2026-03-21T13:45:00Z,17096.3
2026-03-21T14:00:00Z,18287.9
2026-03-21T14:15:00Z,20097.9
2026-03-21T14:30:00Z,22187.9
2026-03-21T14:45:00Z,23231.4
2026-03-21T15:00:00Z,21786.2
2026-03-21T15:15:00Z,21650.7
2026-03-21T15:30:00Z,21154.2
2026-03-21T15:45:00Z,20521.7
2026-03-21T16:00:00Z,20812.1
2026-03-21T16:15:00Z,22531.2
2026-03-21T16:30:00Z,21273.6
2026-03-21T16:45:00Z,13692.9
2026-03-21T17:00:00Z,23558.9
2026-03-21T17:15:00Z,23051.2
2026-03-21T17:30:00Z,21831.2
2026-03-21T17:45:00Z,22140.0
2026-03-21T18:00:00Z,18208.1
2026-03-21T18:15:00Z,22480.1
2026-03-21T18:30:00Z,18291.6
2026-03-21T18:45:00Z,22767.6
2026-03-21T19:00:00Z,17961.6
2026-03-21T19:15:00Z,24301.6
2026-03-21T19:30:00Z,21912.0
2026-03-21T19:45:00Z,21256.5
2026-03-21T20:00:00Z,20434.3
2026-03-21T20:15:00Z,23369.5
2026-03-21T20:30:00Z,22702.0
2026-03-21T20:45:00Z,18023.8
2026-03-21T21:00:00Z,21376.9
2026-03-21T21:15:00Z,16014.1
2026-03-21T21:30:00Z,22086.7
2026-03-21T21:45:00Z,20643.1
2026-03-21T22:00:00Z,22333.8
2026-03-21T22:15:00Z,22607.7
2026-03-21T22:30:00Z,21796.4
2026-03-21T22:45:00Z,22918.7
2026-03-21T23:00:00Z,23585.1
2026-03-21T23:15:00Z,23143.8
2026-03-21T23:30:00Z,16674.3
2026-03-21T23:45:00Z,24026.6
2026-03-22T00:00:00Z,16591.6
2026-03-22T00:15:00Z,22234.7
2026-03-22T00:30:00Z,21173.0
2026-03-22T00:45:00Z,23262.0
2026-03-22T01:00:00Z,23362.4
2026-03-22T01:15:00Z,19087.1
2026-03-22T01:30:00Z,19379.6
2026-03-22T01:45:00Z,21396.4
2026-03-22T02:00:00Z,22444.4
2026-03-22T02:15:00Z,23243.0
2026-03-22T02:30:00Z,21478.3
2026-03-22T02:45:00Z,22360.2
2026-03-22T03:00:00Z,24064.4
2026-03-22T03:15:00Z,19970.6
2026-03-22T03:30:00Z,24183.4
2026-03-22T03:45:00Z,23789.2
2026-03-22T04:00:00Z,19971.8
2026-03-22T04:15:00Z,21010.9
2026-03-22T04:30:00Z,24317.2
2026-03-22T04:45:00Z,18196.8
2026-03-22T05:00:00Z,22736.6
2026-03-22T05:15:00Z,22863.7
2026-03-22T05:30:00Z,22665.0
2026-03-22T05:45:00Z,21422.7
2026-03-22T06:00:00Z,21658.0
2026-03-22T06:15:00Z,22660.3
2026-03-22T06:30:00Z,23910.9
2026-03-22T06:45:00Z,16616.8
2026-03-22T07:00:00Z,22279.5
2026-03-22T07:15:00Z,17415.6
2026-03-22T07:30:00Z,20911.1
2026-03-22T07:45:00Z,20319.3
2026-03-22T08:00:00Z,18237.7
2026-03-22T08:15:00Z,17170.3
2026-03-22T08:30:00Z,22268.5
2026-03-22T08:45:00Z,20749.7
2026-03-22T09:00:00Z,21688.9
2026-03-22T09:15:00Z,22532.5
2026-03-22T09:30:00Z,21865.8
2026-03-22T09:45:00Z,15878.3
2026-03-22T10:00:00Z,18939.4
2026-03-22T10:15:00Z,20655.6
2026-03-22T10:30:00Z,19338.6
2026-03-22T10:45:00Z,21707.4
2026-03-22T11:00:00Z,20089.3
2026-03-22T11:15:00Z,21561.2
2026-03-22T11:30:00Z,17308.4
2026-03-22T11:45:00Z,22367.3
2026-03-22T12:00:00Z,23262.0
2026-03-22T12:15:00Z,20771.9
2026-03-22T12:30:00Z,21773.9
2026-03-22T12:45:00Z,22310.4
2026-03-22T13:00:00Z,19583.6
2026-03-22T13:15:00Z,15312.1
2026-03-22T13:30:00Z,17428.6
2026-03-22T13:45:00Z,20318.6
2026-03-22T14:00:00Z,19345.7
2026-03-22T14:15:00Z,21689.5
2026-03-22T14:30:00Z,22872.0
2026-03-22T14:45:00Z,21766.5
2026-03-22T15:00:00Z,20366.5
2026-03-22T15:15:00Z,22572.7
2026-03-22T15:30:00Z,21967.7
2026-03-22T15:45:00Z,17610.5
2026-03-22T16:00:00Z,21983.9
2026-03-22T16:15:00Z,21752.4
2026-03-22T16:30:00Z,22277.3
2026-03-22T16:45:00Z,21099.8
2026-03-22T17:00:00Z,22494.3
2026-03-22T17:15:00Z,19786.0
2026-03-22T17:30:00Z,19176.2
2026-03-22T17:45:00Z,15402.4
2026-03-22T18:00:00Z,23152.8
2026-03-22T18:15:00Z,24018.4
2026-03-22T18:30:00Z,23982.9
2026-03-22T18:45:00Z,22949.8
2026-03-22T19:00:00Z,19741.0
2026-03-22T19:15:00Z,19845.0
2026-03-22T19:30:00Z,18317.3
2026-03-22T19:45:00Z,22477.0
2026-03-22T20:00:00Z,22617.1
2026-03-22T20:15:00Z,24487.4
2026-03-22T20:30:00Z,18139.9
2026-03-22T20:45:00Z,23765.3
2026-03-22T21:00:00Z,20223.0
2026-03-22T21:15:00Z,23513.7
2026-03-22T21:30:00Z,19467.7
2026-03-22T21:45:00Z,20137.3
2026-03-22T22:00:00Z,19358.8
2026-03-22T22:15:00Z,20554.7
2026-03-22T22:30:00Z,16917.5
2026-03-22T22:45:00Z,19397.2
2026-03-22T23:00:00Z,21117.4
2026-03-22T23:15:00Z,18215.0
2026-03-22T23:30:00Z,15727.5
2026-03-22T23:45:00Z,18097.0
2026-03-23T00:00:00Z,22862.0
2026-03-23T00:15:00Z,21199.3
2026-03-23T00:30:00Z,20195.9
2026-03-23T00:45:00Z,17539.5
2026-03-23T01:00:00Z,23227.4
2026-03-23T01:15:00Z,18684.4
2026-03-23T01:30:00Z,24036.7
2026-03-23T01:45:00Z,19831.3
2026-03-23T02:00:00Z,23046.1
2026-03-23T02:15:00Z,23228.1
2026-03-23T02:30:00Z,23736.0
2026-03-23T02:45:00Z,24501.9
2026-03-23T03:00:00Z,23961.4
2026-03-23T03:15:00Z,20428.9
2026-03-23T03:30:00Z,21193.3
2026-03-23T03:45:00Z,17520.0
2026-03-23T04:00:00Z,23353.9
2026-03-23T04:15:00Z,22457.2
2026-03-23T04:30:00Z,22520.5
2026-03-23T04:45:00Z,23394.5
2026-03-23T05:00:00Z,15798.3
2026-03-23T05:15:00Z,11125.4
2026-03-23T05:30:00Z,11125.1
2026-03-23T05:45:00Z,15713.3
2026-03-23T06:00:00Z,18330.4
2026-03-23T06:15:00Z,11682.3
2026-03-23T06:30:00Z,16193.2
2026-03-23T06:45:00Z,12321.6
2026-03-23T07:00:00Z,17329.0
2026-03-23T07:15:00Z,14055.7
2026-03-23T07:30:00Z,18705.3
2026-03-23T07:45:00Z,18625.0
2026-03-23T08:00:00Z,9104.9
2026-03-23T08:15:00Z,14920.0
2026-03-23T08:30:00Z,17290.4
2026-03-23T08:45:00Z,14247.3
2026-03-23T09:00:00Z,13064.8
2026-03-23T09:15:00Z,16546.5
2026-03-23T09:30:00Z,14600.2
2026-03-23T09:45:00Z,17792.4
2026-03-23T10:00:00Z,12350.7
2026-03-23T10:15:00Z,12452.6
2026-03-23T10:30:00Z,14580.4
2026-03-23T10:45:00Z,12542.9
2026-03-23T11:00:00Z,6660.6
2026-03-23T11:15:00Z,20492.8
2026-03-23T11:30:00Z,7332.6
2026-03-23T11:45:00Z,6753.3
2026-03-23T12:00:00Z,13333.1
2026-03-23T12:15:00Z,14677.2
2026-03-23T12:30:00Z,8344.7
2026-03-23T12:45:00Z,13618.0
2026-03-23T13:00:00Z,10200.3
2026-03-23T13:15:00Z,11240.6
2026-03-23T13:30:00Z,11487.0
2026-03-23T13:45:00Z,10973.8
2026-03-23T14:00:00Z,13811.5
2026-03-23T14:15:00Z,16886.7
2026-03-23T14:30:00Z,12348.5
2026-03-23T14:45:00Z,20076.4
2026-03-23T15:00:00Z,12064.9
2026-03-23T15:15:00Z,9693.0
2026-03-23T15:30:00Z,13644.4
2026-03-23T15:45:00Z,12477.6
2026-03-23T16:00:00Z,16612.2
2026-03-23T16:15:00Z,12730.2
2026-03-23T16:30:00Z,13967.6
2026-03-23T16:45:00Z,13067.2
2026-03-23T17:00:00Z,12591.0
2026-03-23T17:15:00Z,16290.6
2026-03-23T17:30:00Z,16439.4
2026-03-23T17:45:00Z,17206.3
2026-03-23T18:00:00Z,19062.6
2026-03-23T18:15:00Z,20536.0
2026-03-23T18:30:00Z,18509.4
2026-03-23T18:45:00Z,23272.6
2026-03-23T19:00:00Z,13389.2
2026-03-23T19:15:00Z,12440.8
2026-03-23T19:30:00Z,18160.2
2026-03-23T19:45:00Z,20820.1
2026-03-23T20:00:00Z,18881.7
2026-03-23T20:15:00Z,14026.3
2026-03-23T20:30:00Z,16418.9
2026-03-23T20:45:00Z,8799.5
2026-03-23T21:00:00Z,24344.5
2026-03-23T21:15:00Z,21877.7
2026-03-23T21:30:00Z,22485.9
2026-03-23T21:45:00Z,23917.5
2026-03-23T22:00:00Z,20620.3
2026-03-23T22:15:00Z,21067.3
2026-03-23T22:30:00Z,20657.1
2026-03-23T22:45:00Z,24693.0
2026-03-23T23:00:00Z,21528.8
2026-03-23T23:15:00Z,22673.2
2026-03-23T23:30:00Z,21173.7
2026-03-23T23:45:00Z,18204.1
2026-03-24T00:00:00Z,16223.0
2026-03-24T00:15:00Z,21969.9
2026-03-24T00:30:00Z,24033.6
2026-03-24T00:45:00Z,22799.8
2026-03-24T01:00:00Z,23287.4
2026-03-24T01:15:00Z,23964.6
2026-03-24T01:30:00Z,24414.9
2026-03-24T01:45:00Z,23153.0
2026-03-24T02:00:00Z,20459.4
2026-03-24T02:15:00Z,24205.1
2026-03-24T02:30:00Z,21081.3
2026-03-24T02:45:00Z,22953.3
2026-03-24T03:00:00Z,19018.9
2026-03-24T03:15:00Z,22969.0
2026-03-24T03:30:00Z,17896.0
2026-03-24T03:45:00Z,19484.2
2026-03-24T04:00:00Z,16078.4
2026-03-24T04:15:00Z,23456.2
2026-03-24T04:30:00Z,15625.3
2026-03-24T04:45:00Z,23516.9
2026-03-24T05:00:00Z,8671.4
2026-03-24T05:15:00Z,10668.5
2026-03-24T05:30:00Z,15076.7
2026-03-24T05:45:00Z,17550.7
2026-03-24T06:00:00Z,18499.7
2026-03-24T06:15:00Z,22503.9
2026-03-24T06:30:00Z,19671.2
2026-03-24T06:45:00Z,20340.4
2026-03-24T07:00:00Z,13409.4
2026-03-24T07:15:00Z,15670.2
2026-03-24T07:30:00Z,23392.4
2026-03-24T07:45:00Z,13705.8
2026-03-24T08:00:00Z,18918.3
2026-03-24T08:15:00Z,15065.7
2026-03-24T08:30:00Z,6051.5
2026-03-24T08:45:00Z,7489.8
2026-03-24T09:00:00Z,13687.5
2026-03-24T09:15:00Z,15738.4
2026-03-24T09:30:00Z,15341.9
2026-03-24T09:45:00Z,13935.3
2026-03-24T10:00:00Z,13098.2
2026-03-24T10:15:00Z,12495.3
2026-03-24T10:30:00Z,9892.5
2026-03-24T10:45:00Z,16430.7
2026-03-24T11:00:00Z,15777.1
2026-03-24T11:15:00Z,12211.9
2026-03-24T11:30:00Z,7264.8
2026-03-24T11:45:00Z,16200.9
2026-03-24T12:00:00Z,13881.3
2026-03-24T12:15:00Z,15102.7
2026-03-24T12:30:00Z,13024.7
2026-03-24T12:45:00Z,17739.3
2026-03-24T13:00:00Z,13090.2
2026-03-24T13:15:00Z,14199.5
2026-03-24T13:30:00Z,13668.0
2026-03-24T13:45:00Z,10079.9
2026-03-24T14:00:00Z,13321.7
2026-03-24T14:15:00Z,14253.5
2026-03-24T14:30:00Z,15796.9
2026-03-24T14:45:00Z,16588.0
2026-03-24T15:00:00Z,10261.5
2026-03-24T15:15:00Z,16894.9
2026-03-24T15:30:00Z,20551.0
2026-03-24T15:45:00Z,11567.7
2026-03-24T16:00:00Z,18571.7
2026-03-24T16:15:00Z,15529.2
2026-03-24T16:30:00Z,9402.0
2026-03-24T16:45:00Z,15953.1
2026-03-24T17:00:00Z,14921.4
2026-03-24T17:15:00Z,14005.3
2026-03-24T17:30:00Z,15329.7
2026-03-24T17:45:00Z,14650.8
2026-03-24T18:00:00Z,11689.0
2026-03-24T18:15:00Z,14129.8
2026-03-24T18:30:00Z,14938.6
2026-03-24T18:45:00Z,17394.8
2026-03-24T19:00:00Z,11692.0
2026-03-24T19:15:00Z,19700.3
2026-03-24T19:30:00Z,14488.2
2026-03-24T19:45:00Z,15241.9
2026-03-24T20:00:00Z,17072.8
2026-03-24T20:15:00Z,15106.8
2026-03-24T20:30:00Z,19558.7
2026-03-24T20:45:00Z,15326.9
2026-03-24T21:00:00Z,23691.8
2026-03-24T21:15:00Z,24517.5
2026-03-24T21:30:00Z,22781.4
2026-03-24T21:45:00Z,21055.4
2026-03-24T22:00:00Z,22481.3
2026-03-24T22:15:00Z,16076.1
2026-03-24T22:30:00Z,15379.1
2026-03-24T22:45:00Z,21632.8
2026-03-24T23:00:00Z,22341.4
2026-03-24T23:15:00Z,16669.7
2026-03-24T23:30:00Z,20475.0
2026-03-24T23:45:00Z,23576.1
2026-03-25T00:00:00Z,21237.2
2026-03-25T00:15:00Z,23100.3
2026-03-25T00:30:00Z,22810.2
2026-03-25T00:45:00Z,23294.5
2026-03-25T01:00:00Z,20610.1
2026-03-25T01:15:00Z,20557.7
2026-03-25T01:30:00Z,22010.3
2026-03-25T01:45:00Z,20743.0
2026-03-25T02:00:00Z,22267.3
2026-03-25T02:15:00Z,24563.9
2026-03-25T02:30:00Z,22053.1
2026-03-25T02:45:00Z,18797.6
2026-03-25T03:00:00Z,18438.2
2026-03-25T03:15:00Z,18498.3
2026-03-25T03:30:00Z,19639.7
2026-03-25T03:45:00Z,16419.5
2026-03-25T04:00:00Z,21695.7
2026-03-25T04:15:00Z,20420.9
2026-03-25T04:30:00Z,21823.7
2026-03-25T04:45:00Z,21553.3
2026-03-25T05:00:00Z,15754.5
2026-03-25T05:15:00Z,10781.2
2026-03-25T05:30:00Z,14309.6
2026-03-25T05:45:00Z,18540.5
2026-03-25T06:00:00Z,15468.9
2026-03-25T06:15:00Z,9038.9
2026-03-25T06:30:00Z,17546.6
2026-03-25T06:45:00Z,12323.6
2026-03-25T07:00:00Z,8145.3
2026-03-25T07:15:00Z,12515.7
2026-03-25T07:30:00Z,14661.9
2026-03-25T07:45:00Z,19458.1
2026-03-25T08:00:00Z,11519.3
2026-03-25T08:15:00Z,16652.3
2026-03-25T08:30:00Z,13274.5
2026-03-25T08:45:00Z,12440.7
2026-03-25T09:00:00Z,17354.7
2026-03-25T09:15:00Z,16079.1
2026-03-25T09:30:00Z,9940.3
2026-03-25T09:45:00Z,23007.3
2026-03-25T10:00:00Z,11243.8
2026-03-25T10:15:00Z,11874.5
2026-03-25T10:30:00Z,8059.0
2026-03-25T10:45:00Z,22801.2
2026-03-25T11:00:00Z,15448.4
2026-03-25T11:15:00Z,9596.3
2026-03-25T11:30:00Z,11978.4
2026-03-25T11:45:00Z,15359.2
2026-03-25T12:00:00Z,14611.6
2026-03-25T12:15:00Z,19169.9
2026-03-25T12:30:00Z,16034.9
2026-03-25T12:45:00Z,13563.9
2026-03-25T13:00:00Z,14536.2
2026-03-25T13:15:00Z,16737.2
2026-03-25T13:30:00Z,12085.5
2026-03-25T13:45:00Z,13527.4
2026-03-25T14:00:00Z,14789.5
2026-03-25T14:15:00Z,14204.2
2026-03-25T14:30:00Z,16068.2
2026-03-25T14:45:00Z,19346.4
2026-03-25T15:00:00Z,6769.7
2026-03-25T15:15:00Z,12260.8
2026-03-25T15:30:00Z,8012.2
2026-03-25T15:45:00Z,7213.1
2026-03-25T16:00:00Z,7246.4
2026-03-25T16:15:00Z,16746.6
2026-03-25T16:30:00Z,15416.1
2026-03-25T16:45:00Z,8643.3
2026-03-25T17:00:00Z,9846.8
2026-03-25T17:15:00Z,9521.1
2026-03-25T17:30:00Z,16121.9
2026-03-25T17:45:00Z,13585.8
2026-03-25T18:00:00Z,17718.8
2026-03-25T18:15:00Z,23543.3
2026-03-25T18:30:00Z,14466.1
2026-03-25T18:45:00Z,15530.9
2026-03-25T19:00:00Z,15472.3
2026-03-25T19:15:00Z,18012.0
2026-03-25T19:30:00Z,15674.7
2026-03-25T19:45:00Z,12201.4
2026-03-25T20:00:00Z,17658.4
2026-03-25T20:15:00Z,19507.9
2026-03-25T20:30:00Z,19781.4
2026-03-25T20:45:00Z,15695.3
2026-03-25T21:00:00Z,20414.5
2026-03-25T21:15:00Z,22756.8
2026-03-25T21:30:00Z,17942.6
2026-03-25T21:45:00Z,22518.9
2026-03-25T22:00:00Z,24276.5
2026-03-25T22:15:00Z,22884.4
2026-03-25T22:30:00Z,24633.9
2026-03-25T22:45:00Z,22316.2
2026-03-25T23:00:00Z,20774.7
2026-03-25T23:15:00Z,24630.5
2026-03-25T23:30:00Z,17413.7
2026-03-25T23:45:00Z,20330.4
2026-03-26T00:00:00Z,23586.4
2026-03-26T00:15:00Z,21939.9
2026-03-26T00:30:00Z,23457.1
2026-03-26T00:45:00Z,19363.1
2026-03-26T01:00:00Z,22195.1
2026-03-26T01:15:00Z,20638.9
2026-03-26T01:30:00Z,22969.1
2026-03-26T01:45:00Z,22764.6
2026-03-26T02:00:00Z,18620.6
2026-03-26T02:15:00Z,19158.6
2026-03-26T02:30:00Z,24534.8
2026-03-26T02:45:00Z,17763.4
2026-03-26T03:00:00Z,23124.5
2026-03-26T03:15:00Z,19914.5
2026-03-26T03:30:00Z,23851.3
2026-03-26T03:45:00Z,20690.4
2026-03-26T04:00:00Z,23218.6
2026-03-26T04:15:00Z,16754.7
2026-03-26T04:30:00Z,23051.7
2026-03-26T04:45:00Z,20801.9
2026-03-26T05:00:00Z,18553.0
2026-03-26T05:15:00Z,9425.3
2026-03-26T05:30:00Z,15582.8
2026-03-26T05:45:00Z,14250.0
2026-03-26T06:00:00Z,19039.1
2026-03-26T06:15:00Z,17132.6
2026-03-26T06:30:00Z,22278.8
2026-03-26T06:45:00Z,21730.1
2026-03-26T07:00:00Z,7328.3
2026-03-26T07:15:00Z,14714.4
2026-03-26T07:30:00Z,14155.2
2026-03-26T07:45:00Z,10929.1
2026-03-26T08:00:00Z,8430.1
2026-03-26T08:15:00Z,16841.1
2026-03-26T08:30:00Z,9581.3
2026-03-26T08:45:00Z,12900.1
2026-03-26T09:00:00Z,14261.6
2026-03-26T09:15:00Z,16926.9
2026-03-26T09:30:00Z,11440.7
2026-03-26T09:45:00Z,12711.8
2026-03-26T10:00:00Z,14660.8
2026-03-26T10:15:00Z,16191.6
2026-03-26T10:30:00Z,11940.8
2026-03-26T10:45:00Z,9624.0
2026-03-26T11:00:00Z,11334.1
2026-03-26T11:15:00Z,7615.4
2026-03-26T11:30:00Z,15913.4
2026-03-26T11:45:00Z,16165.2
2026-03-26T12:00:00Z,9885.5
2026-03-26T12:15:00Z,14104.1
2026-03-26T12:30:00Z,15732.8
2026-03-26T12:45:00Z,18707.4
2026-03-26T13:00:00Z,13053.6
2026-03-26T13:15:00Z,12038.8
2026-03-26T13:30:00Z,16282.0
2026-03-26T13:45:00Z,18351.4
2026-03-26T14:00:00Z,14352.6
2026-03-26T14:15:00Z,13306.6
2026-03-26T14:30:00Z,15491.9
2026-03-26T14:45:00Z,12371.1
2026-03-26T15:00:00Z,22041.7
2026-03-26T15:15:00Z,6926.3
2026-03-26T15:30:00Z,18760.2
2026-03-26T15:45:00Z,11747.7
2026-03-26T16:00:00Z,15762.7
2026-03-26T16:15:00Z,21072.3
2026-03-26T16:30:00Z,16350.0
2026-03-26T16:45:00Z,12992.1
2026-03-26T17:00:00Z,13791.6
2026-03-26T17:15:00Z,18201.1
2026-03-26T17:30:00Z,22259.9
2026-03-26T17:45:00Z,14842.5
2026-03-26T18:00:00Z,8758.2
2026-03-26T18:15:00Z,3975.5
2026-03-26T18:30:00Z,7444.4
2026-03-26T18:45:00Z,4364.1
2026-03-26T19:00:00Z,9115.7
2026-03-26T19:15:00Z,7696.2
2026-03-26T19:30:00Z,12686.4
2026-03-26T19:45:00Z,13652.7
2026-03-26T20:00:00Z,13891.0
2026-03-26T20:15:00Z,19794.4
2026-03-26T20:30:00Z,10742.0
2026-03-26T20:45:00Z,11031.9
2026-03-26T21:00:00Z,22908.5
2026-03-26T21:15:00Z,24151.8
2026-03-26T21:30:00Z,21481.5
2026-03-26T21:45:00Z,24605.8
2026-03-26T22:00:00Z,23862.4
2026-03-26T22:15:00Z,22245.1
2026-03-26T22:30:00Z,23988.5
2026-03-26T22:45:00Z,22553.5
2026-03-26T23:00:00Z,19739.2
2026-03-26T23:15:00Z,16951.3
2026-03-26T23:30:00Z,23512.4
2026-03-26T23:45:00Z,23553.6
2026-03-27T00:00:00Z,24265.4
2026-03-27T00:15:00Z,22027.1
2026-03-27T00:30:00Z,18346.5
2026-03-27T00:45:00Z,23246.4
2026-03-27T01:00:00Z,23443.0
2026-03-27T01:15:00Z,16372.4
2026-03-27T01:30:00Z,23993.3
2026-03-27T01:45:00Z,23221.9
2026-03-27T02:00:00Z,19083.6
2026-03-27T02:15:00Z,24245.7
2026-03-27T02:30:00Z,18903.6
2026-03-27T02:45:00Z,23027.9
2026-03-27T03:00:00Z,23821.1
2026-03-27T03:15:00Z,21984.6
2026-03-27T03:30:00Z,23054.7
2026-03-27T03:45:00Z,20589.4
2026-03-27T04:00:00Z,21946.8
2026-03-27T04:15:00Z,16625.9
2026-03-27T04:30:00Z,23272.0
2026-03-27T04:45:00Z,22315.7
2026-03-27T05:00:00Z,14475.9
2026-03-27T05:15:00Z,19038.7
2026-03-27T05:30:00Z,18863.2
2026-03-27T05:45:00Z,12779.9
2026-03-27T06:00:00Z,14787.9
2026-03-27T06:15:00Z,11563.7
2026-03-27T06:30:00Z,6446.4
2026-03-27T06:45:00Z,17571.8
2026-03-27T07:00:00Z,18548.2
2026-03-27T07:15:00Z,11373.8
2026-03-27T07:30:00Z,11138.8
2026-03-27T07:45:00Z,13402.2
2026-03-27T08:00:00Z,22486.8
2026-03-27T08:15:00Z,9904.7
2026-03-27T08:30:00Z,16731.9
2026-03-27T08:45:00Z,12550.0
2026-03-27T09:00:00Z,12538.0
2026-03-27T09:15:00Z,12372.8
2026-03-27T09:30:00Z,17021.6
2026-03-27T09:45:00Z,15174.3
2026-03-27T10:00:00Z,13844.4
2026-03-27T10:15:00Z,6795.6
2026-03-27T10:30:00Z,13890.1
2026-03-27T10:45:00Z,14122.8
2026-03-27T11:00:00Z,9137.8
2026-03-27T11:15:00Z,20167.0
2026-03-27T11:30:00Z,11102.2
2026-03-27T11:45:00Z,12839.1
2026-03-27T12:00:00Z,18439.6
2026-03-27T12:15:00Z,5948.4
2026-03-27T12:30:00Z,14944.0
2026-03-27T12:45:00Z,11499.7
2026-03-27T13:00:00Z,19437.7
2026-03-27T13:15:00Z,12127.2
2026-03-27T13:30:00Z,17998.4
2026-03-27T13:45:00Z,9902.5
2026-03-27T14:00:00Z,14573.5
2026-03-27T14:15:00Z,16718.3
2026-03-27T14:30:00Z,11973.7
2026-03-27T14:45:00Z,21895.3
2026-03-27T15:00:00Z,15991.8
2026-03-27T15:15:00Z,20470.7
2026-03-27T15:30:00Z,6993.0
2026-03-27T15:45:00Z,9861.3
2026-03-27T16:00:00Z,16976.6
2026-03-27T16:15:00Z,13280.7
2026-03-27T16:30:00Z,12432.1
2026-03-27T16:45:00Z,14997.2
2026-03-27T17:00:00Z,11080.1
2026-03-27T17:15:00Z,19548.3
2026-03-27T17:30:00Z,12960.9
2026-03-27T17:45:00Z,13498.5
2026-03-27T18:00:00Z,6966.5
2026-03-27T18:15:00Z,21454.5
2026-03-27T18:30:00Z,6950.7
2026-03-27T18:45:00Z,10829.4
2026-03-27T19:00:00Z,18743.5
2026-03-27T19:15:00Z,17927.5
2026-03-27T19:30:00Z,19771.5
2026-03-27T19:45:00Z,19897.0
2026-03-27T20:00:00Z,14817.0
2026-03-27T20:15:00Z,17761.6
2026-03-27T20:30:00Z,10952.8
2026-03-27T20:45:00Z,12822.9
2026-03-27T21:00:00Z,20449.0
2026-03-27T21:15:00Z,18336.1
2026-03-27T21:30:00Z,22235.6
2026-03-27T21:45:00Z,24305.7
2026-03-27T22:00:00Z,23770.4
2026-03-27T22:15:00Z,22615.7
2026-03-27T22:30:00Z,21894.2
2026-03-27T22:45:00Z,22273.9
2026-03-27T23:00:00Z,22586.9
2026-03-27T23:15:00Z,23887.1
2026-03-27T23:30:00Z,22547.6
2026-03-27T23:45:00Z,18776.6
2026-03-28T00:00:00Z,16842.7
2026-03-28T00:15:00Z,23163.1
2026-03-28T00:30:00Z,18529.0
2026-03-28T00:45:00Z,22513.0
2026-03-28T01:00:00Z,21521.4
2026-03-28T01:15:00Z,23650.5
2026-03-28T01:30:00Z,22085.9
2026-03-28T01:45:00Z,22778.7
2026-03-28T02:00:00Z,18733.4
2026-03-28T02:15:00Z,18810.3
2026-03-28T02:30:00Z,18618.0
2026-03-28T02:45:00Z,23926.1
2026-03-28T03:00:00Z,20594.2
2026-03-28T03:15:00Z,19652.4
2026-03-28T03:30:00Z,22902.9
2026-03-28T03:45:00Z,16951.0
2026-03-28T04:00:00Z,22201.5
2026-03-28T04:15:00Z,22523.1
2026-03-28T04:30:00Z,19518.9
2026-03-28T04:45:00Z,21093.1
2026-03-28T05:00:00Z,16780.7
2026-03-28T05:15:00Z,18320.2
2026-03-28T05:30:00Z,22499.5
2026-03-28T05:45:00Z,21584.7
2026-03-28T06:00:00Z,23212.2
2026-03-28T06:15:00Z,22284.3
2026-03-28T06:30:00Z,19608.2
2026-03-28T06:45:00Z,20857.5
2026-03-28T07:00:00Z,19749.8
2026-03-28T07:15:00Z,16798.7
2026-03-28T07:30:00Z,18692.7
2026-03-28T07:45:00Z,22306.1
2026-03-28T08:00:00Z,22500.0
2026-03-28T08:15:00Z,21723.9
2026-03-28T08:30:00Z,19431.9
2026-03-28T08:45:00Z,11276.3
2026-03-28T09:00:00Z,16100.7
2026-03-28T09:15:00Z,18938.1
2026-03-28T09:30:00Z,21634.0
2026-03-28T09:45:00Z,17106.5
2026-03-28T10:00:00Z,22958.8
2026-03-28T10:15:00Z,17520.9
2026-03-28T10:30:00Z,23638.3
2026-03-28T10:45:00Z,21238.0
2026-03-28T11:00:00Z,19963.1
2026-03-28T11:15:00Z,22178.8
2026-03-28T11:30:00Z,22026.9
2026-03-28T11:45:00Z,23190.6
2026-03-28T12:00:00Z,20738.3
2026-03-28T12:15:00Z,23243.2
2026-03-28T12:30:00Z,22675.6
2026-03-28T12:45:00Z,22590.5
2026-03-28T13:00:00Z,15952.9
2026-03-28T13:15:00Z,20208.0
2026-03-28T13:30:00Z,16834.6
2026-03-28T13:45:00Z,22713.3
2026-03-28T14:00:00Z,18736.2
2026-03-28T14:15:00Z,16677.9
2026-03-28T14:30:00Z,21405.6
2026-03-28T14:45:00Z,19480.6
2026-03-28T15:00:00Z,22005.1
2026-03-28T15:15:00Z,23022.7
2026-03-28T15:30:00Z,18450.0
2026-03-28T15:45:00Z,23342.4
2026-03-28T16:00:00Z,15822.4
2026-03-28T16:15:00Z,16875.1
2026-03-28T16:30:00Z,22589.8
2026-03-28T16:45:00Z,23192.6
2026-03-28T17:00:00Z,20800.0
2026-03-28T17:15:00Z,22048.8
2026-03-28T17:30:00Z,21349.4
2026-03-28T17:45:00Z,23100.0
2026-03-28T18:00:00Z,20813.9
2026-03-28T18:15:00Z,21150.7
2026-03-28T18:30:00Z,19665.6
2026-03-28T18:45:00Z,21883.8
2026-03-28T19:00:00Z,23876.4
2026-03-28T19:15:00Z,18091.6
2026-03-28T19:30:00Z,22766.6
2026-03-28T19:45:00Z,20340.3
2026-03-28T20:00:00Z,20574.9
2026-03-28T20:15:00Z,19318.0
2026-03-28T20:30:00Z,23011.3
2026-03-28T20:45:00Z,19779.2
2026-03-28T21:00:00Z,18982.1
2026-03-28T21:15:00Z,18278.3
2026-03-28T21:30:00Z,20430.0
2026-03-28T21:45:00Z,24094.5
2026-03-28T22:00:00Z,23538.3
2026-03-28T22:15:00Z,23421.6
2026-03-28T22:30:00Z,22620.0
2026-03-28T22:45:00Z,22787.0
2026-03-28T23:00:00Z,21704.9
2026-03-28T23:15:00Z,24208.0
2026-03-28T23:30:00Z,22446.7
2026-03-28T23:45:00Z,22568.0
2026-03-29T00:00:00Z,21712.1
2026-03-29T00:15:00Z,22386.7
2026-03-29T00:30:00Z,18021.8
2026-03-29T00:45:00Z,17498.3
2026-03-29T01:00:00Z,20242.6
2026-03-29T01:15:00Z,20877.5
2026-03-29T01:30:00Z,23427.2
2026-03-29T01:45:00Z,21851.3
2026-03-29T02:00:00Z,19105.1
2026-03-29T02:15:00Z,22928.2
2026-03-29T02:30:00Z,24195.8
2026-03-29T02:45:00Z,22922.8
2026-03-29T03:00:00Z,23080.4
2026-03-29T03:15:00Z,17769.0
2026-03-29T03:30:00Z,23865.9
2026-03-29T03:45:00Z,24151.3
2026-03-29T04:00:00Z,19200.9
2026-03-29T04:15:00Z,22599.5
2026-03-29T04:30:00Z,21329.5
2026-03-29T04:45:00Z,21641.5
2026-03-29T05:00:00Z,19846.4
2026-03-29T05:15:00Z,18545.3
2026-03-29T05:30:00Z,23046.3
2026-03-29T05:45:00Z,16740.8
2026-03-29T06:00:00Z,23249.4
2026-03-29T06:15:00Z,22837.4
2026-03-29T06:30:00Z,22116.8
2026-03-29T06:45:00Z,17201.3
2026-03-29T07:00:00Z,15734.5
2026-03-29T07:15:00Z,15609.5
2026-03-29T07:30:00Z,16855.9
2026-03-29T07:45:00Z,14779.7
2026-03-29T08:00:00Z,14085.1
2026-03-29T08:15:00Z,14068.7
2026-03-29T08:30:00Z,22802.0
2026-03-29T08:45:00Z,21723.7
2026-03-29T09:00:00Z,21773.1
2026-03-29T09:15:00Z,21928.2
2026-03-29T09:30:00Z,22319.9
2026-03-29T09:45:00Z,20342.9
2026-03-29T10:00:00Z,20999.9
2026-03-29T10:15:00Z,22079.1
2026-03-29T10:30:00Z,22175.5
2026-03-29T10:45:00Z,23022.0
2026-03-29T11:00:00Z,20823.4
2026-03-29T11:15:00Z,22590.7
2026-03-29T11:30:00Z,22202.4
2026-03-29T11:45:00Z,22296.8
2026-03-29T12:00:00Z,21894.5
2026-03-29T12:15:00Z,21175.4
2026-03-29T12:30:00Z,21220.3
2026-03-29T12:45:00Z,19018.4
2026-03-29T13:00:00Z,20283.4
2026-03-29T13:15:00Z,22007.8
2026-03-29T13:30:00Z,22059.9
2026-03-29T13:45:00Z,21441.1
2026-03-29T14:00:00Z,19520.7
2026-03-29T14:15:00Z,15233.9
2026-03-29T14:30:00Z,12012.2
2026-03-29T14:45:00Z,21749.8
2026-03-29T15:00:00Z,19296.3
2026-03-29T15:15:00Z,22330.5
2026-03-29T15:30:00Z,17384.2
2026-03-29T15:45:00Z,23356.0
2026-03-29T16:00:00Z,20105.4
2026-03-29T16:15:00Z,22925.2
2026-03-29T16:30:00Z,21936.7
2026-03-29T16:45:00Z,22710.0
2026-03-29T17:00:00Z,22206.5
2026-03-29T17:15:00Z,19318.1
2026-03-29T17:30:00Z,20224.3
2026-03-29T17:45:00Z,22607.2
2026-03-29T18:00:00Z,23448.6
2026-03-29T18:15:00Z,23106.2
2026-03-29T18:30:00Z,23293.7
2026-03-29T18:45:00Z,18810.8
2026-03-29T19:00:00Z,23052.0
2026-03-29T19:15:00Z,22102.4
2026-03-29T19:30:00Z,20438.6
2026-03-29T19:45:00Z,14250.0
2026-03-29T20:00:00Z,21324.3
2026-03-29T20:15:00Z,23378.5
2026-03-29T20:30:00Z,24210.4
2026-03-29T20:45:00Z,21540.7
2026-03-29T21:00:00Z,23658.6
2026-03-29T21:15:00Z,22565.4
2026-03-29T21:30:00Z,23521.6
2026-03-29T21:45:00Z,19905.0
2026-03-29T22:00:00Z,21930.3
2026-03-29T22:15:00Z,23569.2
2026-03-29T22:30:00Z,22692.9
2026-03-29T22:45:00Z,21890.4
2026-03-29T23:00:00Z,24184.9
2026-03-29T23:15:00Z,18960.0
2026-03-29T23:30:00Z,23749.9
2026-03-29T23:45:00Z,23809.3
2026-03-30T00:00:00Z,22717.4
2026-03-30T00:15:00Z,24544.7
2026-03-30T00:30:00Z,22942.8
2026-03-30T00:45:00Z,22429.6
2026-03-30T01:00:00Z,23780.3
2026-03-30T01:15:00Z,23829.5
2026-03-30T01:30:00Z,19649.4
2026-03-30T01:45:00Z,21681.0
2026-03-30T02:00:00Z,19562.2
2026-03-30T02:15:00Z,21700.2
2026-03-30T02:30:00Z,24107.0
2026-03-30T02:45:00Z,14678.2
2026-03-30T03:00:00Z,21726.9
2026-03-30T03:15:00Z,23086.8
2026-03-30T03:30:00Z,23482.0
2026-03-30T03:45:00Z,22586.9
2026-03-30T04:00:00Z,11943.4
2026-03-30T04:15:00Z,10542.3
2026-03-30T04:30:00Z,17463.2
2026-03-30T04:45:00Z,15734.0
2026-03-30T05:00:00Z,15392.2
2026-03-30T05:15:00Z,13001.1
2026-03-30T05:30:00Z,13963.0
2026-03-30T05:45:00Z,12572.3
2026-03-30T06:00:00Z,13185.0
2026-03-30T06:15:00Z,7751.2
2026-03-30T06:30:00Z,17968.5
2026-03-30T06:45:00Z,17976.5
2026-03-30T07:00:00Z,15294.6
2026-03-30T07:15:00Z,13343.8
2026-03-30T07:30:00Z,9651.2
2026-03-30T07:45:00Z,18044.8
2026-03-30T08:00:00Z,12047.4
2026-03-30T08:15:00Z,15208.3
2026-03-30T08:30:00Z,12041.1
2026-03-30T08:45:00Z,17942.4
2026-03-30T09:00:00Z,17693.7
2026-03-30T09:15:00Z,13962.8
2026-03-30T09:30:00Z,16459.9
2026-03-30T09:45:00Z,20503.2
2026-03-30T10:00:00Z,7661.8
2026-03-30T10:15:00Z,21373.2
2026-03-30T10:30:00Z,12945.7
2026-03-30T10:45:00Z,13309.7
2026-03-30T11:00:00Z,9972.1
2026-03-30T11:15:00Z,11582.1
2026-03-30T11:30:00Z,8057.3
2026-03-30T11:45:00Z,16904.1
2026-03-30T12:00:00Z,13482.4
2026-03-30T12:15:00Z,10665.0
2026-03-30T12:30:00Z,8646.6
2026-03-30T12:45:00Z,21075.5
2026-03-30T13:00:00Z,12909.0
2026-03-30T13:15:00Z,16728.6
2026-03-30T13:30:00Z,15968.4
2026-03-30T13:45:00Z,5281.3
2026-03-30T14:00:00Z,5274.3
2026-03-30T14:15:00Z,18196.4
2026-03-30T14:30:00Z,13668.8
2026-03-30T14:45:00Z,13786.5
2026-03-30T15:00:00Z,17587.4
2026-03-30T15:15:00Z,9567.6
2026-03-30T15:30:00Z,15349.2
2026-03-30T15:45:00Z,18616.5
2026-03-30T16:00:00Z,18055.4
2026-03-30T16:15:00Z,15537.2
2026-03-30T16:30:00Z,15532.6
2026-03-30T16:45:00Z,14497.8
2026-03-30T17:00:00Z,14130.8
2026-03-30T17:15:00Z,19053.9
2026-03-30T17:30:00Z,14662.7
2026-03-30T17:45:00Z,13705.2
2026-03-30T18:00:00Z,15318.2
2026-03-30T18:15:00Z,13098.8
2026-03-30T18:30:00Z,10561.6
2026-03-30T18:45:00Z,11223.3
2026-03-30T19:00:00Z,15434.6
2026-03-30T19:15:00Z,18998.3
2026-03-30T19:30:00Z,12255.0
2026-03-30T19:45:00Z,16543.9
2026-03-30T20:00:00Z,24747.9
2026-03-30T20:15:00Z,20248.0
2026-03-30T20:30:00Z,23106.6
2026-03-30T20:45:00Z,20216.4
2026-03-30T21:00:00Z,23060.0
2026-03-30T21:15:00Z,22233.6
2026-03-30T21:30:00Z,24411.4
2026-03-30T21:45:00Z,22772.7
2026-03-30T22:00:00Z,21443.8
2026-03-30T22:15:00Z,21433.6
2026-03-30T22:30:00Z,23767.2
2026-03-30T22:45:00Z,23307.1
2026-03-30T23:00:00Z,23457.4
2026-03-30T23:15:00Z,23633.2
2026-03-30T23:30:00Z,24363.3
2026-03-30T23:45:00Z,15999.8
2026-03-31T00:00:00Z,19783.6
2026-03-31T00:15:00Z,23382.0
2026-03-31T00:30:00Z,23617.4
2026-03-31T00:45:00Z,23881.1
2026-03-31T01:00:00Z,23242.6
2026-03-31T01:15:00Z,23892.3
2026-03-31T01:30:00Z,23285.0
2026-03-31T01:45:00Z,23066.5
2026-03-31T02:00:00Z,21923.5
2026-03-31T02:15:00Z,24282.9
2026-03-31T02:30:00Z,23859.5
2026-03-31T02:45:00Z,23896.7
2026-03-31T03:00:00Z,18209.7
2026-03-31T03:15:00Z,21585.8
2026-03-31T03:30:00Z,23727.6
2026-03-31T03:45:00Z,24060.9
2026-03-31T04:00:00Z,14357.9
2026-03-31T04:15:00Z,16498.6
2026-03-31T04:30:00Z,16678.5
2026-03-31T04:45:00Z,14898.8
2026-03-31T05:00:00Z,13720.9
2026-03-31T05:15:00Z,14250.4
2026-03-31T05:30:00Z,21226.0
2026-03-31T05:45:00Z,11542.8
2026-03-31T06:00:00Z,15503.7
2026-03-31T06:15:00Z,13359.8
2026-03-31T06:30:00Z,13904.3
2026-03-31T06:45:00Z,8561.4
2026-03-31T07:00:00Z,12218.6
2026-03-31T07:15:00Z,11436.6
2026-03-31T07:30:00Z,9558.2
2026-03-31T07:45:00Z,13935.6
2026-03-31T08:00:00Z,10373.5
2026-03-31T08:15:00Z,17913.9
2026-03-31T08:30:00Z,13418.9
2026-03-31T08:45:00Z,10900.4
2026-03-31T09:00:00Z,20341.8
2026-03-31T09:15:00Z,12702.6
2026-03-31T09:30:00Z,17883.2
2026-03-31T09:45:00Z,17591.2
2026-03-31T10:00:00Z,22350.2
2026-03-31T10:15:00Z,22119.2
2026-03-31T10:30:00Z,19020.0
2026-03-31T10:45:00Z,22510.8
2026-03-31T11:00:00Z,14652.4
2026-03-31T11:15:00Z,12098.4
2026-03-31T11:30:00Z,9339.2
2026-03-31T11:45:00Z,11523.5
2026-03-31T12:00:00Z,14125.7
2026-03-31T12:15:00Z,9604.5
2026-03-31T12:30:00Z,11558.9
2026-03-31T12:45:00Z,13067.2
2026-03-31T13:00:00Z,15849.4
2026-03-31T13:15:00Z,22999.9
2026-03-31T13:30:00Z,12917.8
2026-03-31T13:45:00Z,16409.3
2026-03-31T14:00:00Z,15243.8
2026-03-31T14:15:00Z,13628.1
2026-03-31T14:30:00Z,12870.9
2026-03-31T14:45:00Z,18082.4
2026-03-31T15:00:00Z,14342.0
2026-03-31T15:15:00Z,10969.6
2026-03-31T15:30:00Z,13645.1
2026-03-31T15:45:00Z,18451.8
2026-03-31T16:00:00Z,19248.8
2026-03-31T16:15:00Z,15990.7
2026-03-31T16:30:00Z,10033.6
2026-03-31T16:45:00Z,7787.9
2026-03-31T17:00:00Z,15152.6
2026-03-31T17:15:00Z,17185.8
2026-03-31T17:30:00Z,17490.1
2026-03-31T17:45:00Z,13824.0
2026-03-31T18:00:00Z,13709.0
2026-03-31T18:15:00Z,16100.6
2026-03-31T18:30:00Z,12595.4
2026-03-31T18:45:00Z,21206.4
2026-03-31T19:00:00Z,14757.1
2026-03-31T19:15:00Z,11162.6
2026-03-31T19:30:00Z,15036.5
2026-03-31T19:45:00Z,19537.5
2026-03-31T20:00:00Z,19795.4
2026-03-31T20:15:00Z,23918.7
2026-03-31T20:30:00Z,22148.3
2026-03-31T20:45:00Z,23783.9
2026-03-31T21:00:00Z,23296.0
2026-03-31T21:15:00Z,20318.1
2026-03-31T21:30:00Z,19341.1
2026-03-31T21:45:00Z,20004.8
2026-03-31T22:00:00Z,21251.5
2026-03-31T22:15:00Z,18791.7
2026-03-31T22:30:00Z,23757.8
2026-03-31T22:45:00Z,21934.6
2026-03-31T23:00:00Z,19632.4
2026-03-31T23:15:00Z,18165.4
2026-03-31T23:30:00Z,18062.6
2026-03-31T23:45:00Z,22504.8
2026-04-01T00:00:00Z,24174.3
2026-04-01T00:15:00Z,16011.7
2026-04-01T00:30:00Z,22896.9
2026-04-01T00:45:00Z,21990.1
2026-04-01T01:00:00Z,21548.0
2026-04-01T01:15:00Z,23977.8
2026-04-01T01:30:00Z,22547.5
2026-04-01T01:45:00Z,24022.9
2026-04-01T02:00:00Z,20632.7
2026-04-01T02:15:00Z,23782.9
2026-04-01T02:30:00Z,18828.4
2026-04-01T02:45:00Z,23790.3
2026-04-01T03:00:00Z,23076.5
2026-04-01T03:15:00Z,23291.6
2026-04-01T03:30:00Z,23758.0
2026-04-01T03:45:00Z,23132.3
2026-04-01T04:00:00Z,14307.0
2026-04-01T04:15:00Z,20028.7
2026-04-01T04:30:00Z,7279.7
2026-04-01T04:45:00Z,14193.1
2026-04-01T05:00:00Z,9041.6
2026-04-01T05:15:00Z,19073.9
2026-04-01T05:30:00Z,13947.1
2026-04-01T05:45:00Z,10696.1
2026-04-01T06:00:00Z,6309.9
2026-04-01T06:15:00Z,14696.1
2026-04-01T06:30:00Z,19451.7
2026-04-01T06:45:00Z,19363.0
2026-04-01T07:00:00Z,20601.0
2026-04-01T07:15:00Z,16154.6
2026-04-01T07:30:00Z,14580.5
2026-04-01T07:45:00Z,20794.0
2026-04-01T08:00:00Z,12215.5
2026-04-01T08:15:00Z,8292.1
2026-04-01T08:30:00Z,16728.7
2026-04-01T08:45:00Z,11532.5
2026-04-01T09:00:00Z,9661.1
2026-04-01T09:15:00Z,12280.0
2026-04-01T09:30:00Z,12962.8
2026-04-01T09:45:00Z,15450.1
2026-04-01T10:00:00Z,11625.7
2026-04-01T10:15:00Z,21623.6
2026-04-01T10:30:00Z,11815.5
2026-04-01T10:45:00Z,17833.7
2026-04-01T11:00:00Z,15774.2
2026-04-01T11:15:00Z,10934.8
2026-04-01T11:30:00Z,19554.2
2026-04-01T11:45:00Z,9730.2
2026-04-01T12:00:00Z,8064.7
2026-04-01T12:15:00Z,13174.4
2026-04-01T12:30:00Z,13185.3
2026-04-01T12:45:00Z,11910.6
2026-04-01T13:00:00Z,20148.7
2026-04-01T13:15:00Z,12086.5
2026-04-01T13:30:00Z,13339.8
2026-04-01T13:45:00Z,11038.7
2026-04-01T14:00:00Z,10494.6
2026-04-01T14:15:00Z,22186.7
2026-04-01T14:30:00Z,16208.5
2026-04-01T14:45:00Z,16453.4
2026-04-01T15:00:00Z,23976.8
2026-04-01T15:15:00Z,10480.0
2026-04-01T15:30:00Z,16364.6
2026-04-01T15:45:00Z,20067.9
2026-04-01T16:00:00Z,18634.7
2026-04-01T16:15:00Z,13917.5
2026-04-01T16:30:00Z,22807.4
2026-04-01T16:45:00Z,12841.3
2026-04-01T17:00:00Z,15146.9
2026-04-01T17:15:00Z,15351.8
2026-04-01T17:30:00Z,23503.9
2026-04-01T17:45:00Z,18994.6
2026-04-01T18:00:00Z,11150.7
2026-04-01T18:15:00Z,19958.9
2026-04-01T18:30:00Z,15348.6
2026-04-01T18:45:00Z,24221.0
2026-04-01T19:00:00Z,11089.9
2026-04-01T19:15:00Z,9553.8
2026-04-01T19:30:00Z,12813.0
2026-04-01T19:45:00Z,15070.9
2026-04-01T20:00:00Z,22521.2
2026-04-01T20:15:00Z,22861.0
2026-04-01T20:30:00Z,19541.1
2026-04-01T20:45:00Z,24137.5
2026-04-01T21:00:00Z,22253.7
2026-04-01T21:15:00Z,22713.9
2026-04-01T21:30:00Z,19244.6
2026-04-01T21:45:00Z,22592.4
2026-04-01T22:00:00Z,23737.5
2026-04-01T22:15:00Z,20610.2
2026-04-01T22:30:00Z,21013.5
2026-04-01T22:45:00Z,18643.4
2026-04-01T23:00:00Z,24042.9
2026-04-01T23:15:00Z,21346.0
2026-04-01T23:30:00Z,20360.7
2026-04-01T23:45:00Z,22964.4
2026-04-02T00:00:00Z,21642.2
2026-04-02T00:15:00Z,19678.2
2026-04-02T00:30:00Z,16897.4
2026-04-02T00:45:00Z,20191.5
2026-04-02T01:00:00Z,18470.6
2026-04-02T01:15:00Z,20427.8
2026-04-02T01:30:00Z,22257.2
2026-04-02T01:45:00Z,23294.7
2026-04-02T02:00:00Z,23728.6
2026-04-02T02:15:00Z,22412.9
2026-04-02T02:30:00Z,24068.2
2026-04-02T02:45:00Z,23852.3
2026-04-02T03:00:00Z,24705.5
2026-04-02T03:15:00Z,19664.9
2026-04-02T03:30:00Z,19463.5
2026-04-02T03:45:00Z,19648.8
2026-04-02T04:00:00Z,17421.0
2026-04-02T04:15:00Z,8383.1
2026-04-02T04:30:00Z,8028.9
2026-04-02T04:45:00Z,18658.4
2026-04-02T05:00:00Z,13995.6
2026-04-02T05:15:00Z,22320.2
2026-04-02T05:30:00Z,19572.3
2026-04-02T05:45:00Z,16195.6
2026-04-02T06:00:00Z,16136.5
2026-04-02T06:15:00Z,20703.3
2026-04-02T06:30:00Z,8904.1
2026-04-02T06:45:00Z,13724.8
2026-04-02T07:00:00Z,6574.2
2026-04-02T07:15:00Z,13395.0
2026-04-02T07:30:00Z,12136.6
2026-04-02T07:45:00Z,11391.4
2026-04-02T08:00:00Z,7769.5
2026-04-02T08:15:00Z,16285.5
2026-04-02T08:30:00Z,16562.4
2026-04-02T08:45:00Z,11976.0
2026-04-02T09:00:00Z,13134.5
2026-04-02T09:15:00Z,13623.8
2026-04-02T09:30:00Z,14170.0
2026-04-02T09:45:00Z,17316.4
2026-04-02T10:00:00Z,12332.2
2026-04-02T10:15:00Z,14213.8
2026-04-02T10:30:00Z,9078.3
2026-04-02T10:45:00Z,9063.6
2026-04-02T11:00:00Z,14306.1
2026-04-02T11:15:00Z,9052.8
2026-04-02T11:30:00Z,9989.6
2026-04-02T11:45:00Z,14999.2
2026-04-02T12:00:00Z,16862.7
2026-04-02T12:15:00Z,8314.6
2026-04-02T12:30:00Z,11527.8
2026-04-02T12:45:00Z,10705.5
2026-04-02T13:00:00Z,11229.8
2026-04-02T13:15:00Z,8389.2
2026-04-02T13:30:00Z,14848.0
2026-04-02T13:45:00Z,21269.4
2026-04-02T14:00:00Z,15609.9
2026-04-02T14:15:00Z,15298.9
2026-04-02T14:30:00Z,13686.8
2026-04-02T14:45:00Z,11464.6
2026-04-02T15:00:00Z,12678.0
2026-04-02T15:15:00Z,17823.6
2026-04-02T15:30:00Z,8291.4
2026-04-02T15:45:00Z,17610.5
2026-04-02T16:00:00Z,13105.7
2026-04-02T16:15:00Z,14853.7
2026-04-02T16:30:00Z,9974.7
2026-04-02T16:45:00Z,21059.2
2026-04-02T17:00:00Z,18090.0
2026-04-02T17:15:00Z,14530.5
2026-04-02T17:30:00Z,8962.3
2026-04-02T17:45:00Z,16506.1
2026-04-02T18:00:00Z,11096.8
2026-04-02T18:15:00Z,21042.5
2026-04-02T18:30:00Z,17266.8
2026-04-02T18:45:00Z,11412.1
2026-04-02T19:00:00Z,22786.5
2026-04-02T19:15:00Z,11068.6
2026-04-02T19:30:00Z,16525.4
2026-04-02T19:45:00Z,18268.8
2026-04-02T20:00:00Z,23417.3
2026-04-02T20:15:00Z,21877.7
2026-04-02T20:30:00Z,24233.3
2026-04-02T20:45:00Z,16185.3
2026-04-02T21:00:00Z,23706.9
2026-04-02T21:15:00Z,19620.6
2026-04-02T21:30:00Z,23417.9
2026-04-02T21:45:00Z,24081.4
2026-04-02T22:00:00Z,24406.3
2026-04-02T22:15:00Z,22785.3
2026-04-02T22:30:00Z,21680.3
2026-04-02T22:45:00Z,20372.8
2026-04-02T23:00:00Z,22764.7
2026-04-02T23:15:00Z,22213.0
2026-04-02T23:30:00Z,23775.9
2026-04-02T23:45:00Z,24633.8
2026-04-03T00:00:00Z,17347.0
2026-04-03T00:15:00Z,21830.2
2026-04-03T00:30:00Z,20134.6
2026-04-03T00:45:00Z,24432.5
2026-04-03T01:00:00Z,23163.2
2026-04-03T01:15:00Z,23862.3
2026-04-03T01:30:00Z,20172.7
2026-04-03T01:45:00Z,21441.2
2026-04-03T02:00:00Z,18423.6
2026-04-03T02:15:00Z,22260.6
2026-04-03T02:30:00Z,23392.3
2026-04-03T02:45:00Z,22618.1
2026-04-03T03:00:00Z,24027.2
2026-04-03T03:15:00Z,19366.2
2026-04-03T03:30:00Z,22344.4
2026-04-03T03:45:00Z,19907.2
2026-04-03T04:00:00Z,16440.3
2026-04-03T04:15:00Z,13933.3
2026-04-03T04:30:00Z,19483.5
2026-04-03T04:45:00Z,13020.7
2026-04-03T05:00:00Z,18933.1
2026-04-03T05:15:00Z,14610.9
2026-04-03T05:30:00Z,18687.6
2026-04-03T05:45:00Z,15251.6
2026-04-03T06:00:00Z,9282.9
2026-04-03T06:15:00Z,19068.6
2026-04-03T06:30:00Z,13135.3
2026-04-03T06:45:00Z,17494.7
2026-04-03T07:00:00Z,13503.4
2026-04-03T07:15:00Z,16621.6
2026-04-03T07:30:00Z,13685.3
2026-04-03T07:45:00Z,13445.7
2026-04-03T08:00:00Z,14092.9
2026-04-03T08:15:00Z,13980.0
2026-04-03T08:30:00Z,20179.8
2026-04-03T08:45:00Z,11824.8
2026-04-03T09:00:00Z,10413.4
2026-04-03T09:15:00Z,13785.5
2026-04-03T09:30:00Z,15643.1
2026-04-03T09:45:00Z,16913.6
2026-04-03T10:00:00Z,14363.1
2026-04-03T10:15:00Z,16480.9
2026-04-03T10:30:00Z,12565.1
2026-04-03T10:45:00Z,13018.9
2026-04-03T11:00:00Z,4306.0
2026-04-03T11:15:00Z,9407.5
2026-04-03T11:30:00Z,13032.7
2026-04-03T11:45:00Z,12206.4
2026-04-03T12:00:00Z,8894.0
2026-04-03T12:15:00Z,20421.8
2026-04-03T12:30:00Z,20794.3
2026-04-03T12:45:00Z,20224.6
2026-04-03T13:00:00Z,22218.0
2026-04-03T13:15:00Z,15281.3
2026-04-03T13:30:00Z,7046.0
2026-04-03T13:45:00Z,9929.4
2026-04-03T14:00:00Z,13237.0
2026-04-03T14:15:00Z,17276.9
2026-04-03T14:30:00Z,14382.8
2026-04-03T14:45:00Z,6251.5
2026-04-03T15:00:00Z,16728.8
2026-04-03T15:15:00Z,13516.9
2026-04-03T15:30:00Z,12867.3
2026-04-03T15:45:00Z,11774.7
2026-04-03T16:00:00Z,14268.7
2026-04-03T16:15:00Z,17900.1
2026-04-03T16:30:00Z,19091.3
2026-04-03T16:45:00Z,23511.6
2026-04-03T17:00:00Z,19455.6
2026-04-03T17:15:00Z,14198.0
2026-04-03T17:30:00Z,19131.3
2026-04-03T17:45:00Z,11799.5
2026-04-03T18:00:00Z,14890.8
2026-04-03T18:15:00Z,19233.4
2026-04-03T18:30:00Z,7767.9
2026-04-03T18:45:00Z,15728.2
2026-04-03T19:00:00Z,13606.8
2026-04-03T19:15:00Z,10397.9
2026-04-03T19:30:00Z,13289.1
2026-04-03T19:45:00Z,17258.5
2026-04-03T20:00:00Z,22482.2
2026-04-03T20:15:00Z,19718.2
2026-04-03T20:30:00Z,24069.6
2026-04-03T20:45:00Z,14930.0
2026-04-03T21:00:00Z,23469.4
2026-04-03T21:15:00Z,20982.8
2026-04-03T21:30:00Z,21748.3
2026-04-03T21:45:00Z,22291.5
2026-04-03T22:00:00Z,19502.7
2026-04-03T22:15:00Z,22076.7
2026-04-03T22:30:00Z,23880.2
2026-04-03T22:45:00Z,18386.4
2026-04-03T23:00:00Z,23083.3
2026-04-03T23:15:00Z,23356.6
2026-04-03T23:30:00Z,23950.8
2026-04-03T23:45:00Z,24245.5
2026-04-04T00:00:00Z,22079.2
2026-04-04T00:15:00Z,19032.4
2026-04-04T00:30:00Z,23638.7
2026-04-04T00:45:00Z,22364.3
2026-04-04T01:00:00Z,22097.6
2026-04-04T01:15:00Z,18256.7
2026-04-04T01:30:00Z,17066.7
2026-04-04T01:45:00Z,21508.4
2026-04-04T02:00:00Z,23050.2
2026-04-04T02:15:00Z,20256.9
2026-04-04T02:30:00Z,21563.7
2026-04-04T02:45:00Z,19838.3
2026-04-04T03:00:00Z,23866.3
2026-04-04T03:15:00Z,22378.6
2026-04-04T03:30:00Z,24073.4
2026-04-04T03:45:00Z,18787.7
2026-04-04T04:00:00Z,22609.2
2026-04-04T04:15:00Z,23355.8
2026-04-04T04:30:00Z,23204.4
2026-04-04T04:45:00Z,22866.1
2026-04-04T05:00:00Z,23531.4
2026-04-04T05:15:00Z,19075.6
2026-04-04T05:30:00Z,18523.3
2026-04-04T05:45:00Z,19533.5
2026-04-04T06:00:00Z,20046.0
2026-04-04T06:15:00Z,22748.9
2026-04-04T06:30:00Z,22857.8
2026-04-04T06:45:00Z,21754.8
2026-04-04T07:00:00Z,22827.7
2026-04-04T07:15:00Z,17293.9
2026-04-04T07:30:00Z,23200.9
2026-04-04T07:45:00Z,19800.3
2026-04-04T08:00:00Z,22188.6
2026-04-04T08:15:00Z,20593.1
2026-04-04T08:30:00Z,22515.4
2026-04-04T08:45:00Z,21979.5
2026-04-04T09:00:00Z,18607.0
2026-04-04T09:15:00Z,20434.4
2026-04-04T09:30:00Z,21846.0
2026-04-04T09:45:00Z,18815.3
2026-04-04T10:00:00Z,22385.6
2026-04-04T10:15:00Z,22346.2
2026-04-04T10:30:00Z,20696.6
2026-04-04T10:45:00Z,20493.0
2026-04-04T11:00:00Z,13884.5
2026-04-04T11:15:00Z,21894.2
2026-04-04T11:30:00Z,21921.1
2026-04-04T11:45:00Z,20991.1
2026-04-04T12:00:00Z,21371.2
2026-04-04T12:15:00Z,17595.0
2026-04-04T12:30:00Z,18351.9
2026-04-04T12:45:00Z,22227.7
2026-04-04T13:00:00Z,22506.7
2026-04-04T13:15:00Z,19607.5
2026-04-04T13:30:00Z,15204.8
2026-04-04T13:45:00Z,21619.1
2026-04-04T14:00:00Z,23559.6
2026-04-04T14:15:00Z,20756.0
2026-04-04T14:30:00Z,22285.3
2026-04-04T14:45:00Z,21154.1
2026-04-04T15:00:00Z,22849.9
2026-04-04T15:15:00Z,22142.3
2026-04-04T15:30:00Z,20993.0
2026-04-04T15:45:00Z,21074.6
2026-04-04T16:00:00Z,17405.2
2026-04-04T16:15:00Z,22251.6
2026-04-04T16:30:00Z,21751.2
2026-04-04T16:45:00Z,22996.2
2026-04-04T17:00:00Z,18824.9
2026-04-04T17:15:00Z,21159.4
2026-04-04T17:30:00Z,19856.6
2026-04-04T17:45:00Z,24062.1
2026-04-04T18:00:00Z,18733.8
2026-04-04T18:15:00Z,22004.6
2026-04-04T18:30:00Z,18378.9
2026-04-04T18:45:00Z,20885.2
2026-04-04T19:00:00Z,23653.3
2026-04-04T19:15:00Z,21861.6
2026-04-04T19:30:00Z,22264.9
2026-04-04T19:45:00Z,19179.1
2026-04-04T20:00:00Z,24352.2
2026-04-04T20:15:00Z,23015.7
2026-04-04T20:30:00Z,23161.2
2026-04-04T20:45:00Z,21170.7
2026-04-04T21:00:00Z,21286.4
2026-04-04T21:15:00Z,24156.0
2026-04-04T21:30:00Z,23730.1
2026-04-04T21:45:00Z,22223.8
2026-04-04T22:00:00Z,22743.5
2026-04-04T22:15:00Z,21422.1
2026-04-04T22:30:00Z,23020.2
2026-04-04T22:45:00Z,20050.2
2026-04-04T23:00:00Z,20770.6
2026-04-04T23:15:00Z,21815.5
2026-04-04T23:30:00Z,23124.3
2026-04-04T23:45:00Z,23208.0
2026-04-05T00:00:00Z,23798.0
2026-04-05T00:15:00Z,21716.3
2026-04-05T00:30:00Z,23693.2
2026-04-05T00:45:00Z,22280.9
2026-04-05T01:00:00Z,22988.0
2026-04-05T01:15:00Z,22052.5
2026-04-05T01:30:00Z,22002.6
2026-04-05T01:45:00Z,21450.4
2026-04-05T02:00:00Z,15479.8
2026-04-05T02:15:00Z,23593.5
2026-04-05T02:30:00Z,21787.9
2026-04-05T02:45:00Z,22100.3
2026-04-05T03:00:00Z,16707.0
2026-04-05T03:15:00Z,23094.4
2026-04-05T03:30:00Z,19354.2
2026-04-05T03:45:00Z,24050.9
2026-04-05T04:00:00Z,19113.2
2026-04-05T04:15:00Z,23216.2
2026-04-05T04:30:00Z,22668.4
2026-04-05T04:45:00Z,23973.2
2026-04-05T05:00:00Z,22751.3
2026-04-05T05:15:00Z,22201.9
2026-04-05T05:30:00Z,21657.9
2026-04-05T05:45:00Z,22319.2
2026-04-05T06:00:00Z,18662.6
2026-04-05T06:15:00Z,17763.4
2026-04-05T06:30:00Z,19788.9
2026-04-05T06:45:00Z,18693.3
2026-04-05T07:00:00Z,20753.3
2026-04-05T07:15:00Z,22394.6
2026-04-05T07:30:00Z,22009.1
2026-04-05T07:45:00Z,19405.2
2026-04-05T08:00:00Z,22375.6
2026-04-05T08:15:00Z,20809.2
2026-04-05T08:30:00Z,20694.3
2026-04-05T08:45:00Z,20758.9
2026-04-05T09:00:00Z,20673.6
2026-04-05T09:15:00Z,19908.3
2026-04-05T09:30:00Z,19241.3
2026-04-05T09:45:00Z,21646.8
2026-04-05T10:00:00Z,23021.9
2026-04-05T10:15:00Z,20898.2
2026-04-05T10:30:00Z,20143.5
2026-04-05T10:45:00Z,22945.5
2026-04-05T11:00:00Z,16830.1
2026-04-05T11:15:00Z,21193.3
2026-04-05T11:30:00Z,20293.0
2026-04-05T11:45:00Z,15736.3
2026-04-05T12:00:00Z,21580.7
2026-04-05T12:15:00Z,23487.9
2026-04-05T12:30:00Z,21170.0
2026-04-05T12:45:00Z,17246.7
2026-04-05T13:00:00Z,21981.0
2026-04-05T13:15:00Z,19279.0
2026-04-05T13:30:00Z,20062.7
2026-04-05T13:45:00Z,21549.6
2026-04-05T14:00:00Z,15565.3
2026-04-05T14:15:00Z,22601.4
2026-04-05T14:30:00Z,23525.3
2026-04-05T14:45:00Z,19230.8
2026-04-05T15:00:00Z,22769.4
2026-04-05T15:15:00Z,21089.6
2026-04-05T15:30:00Z,22578.8
2026-04-05T15:45:00Z,23263.5
2026-04-05T16:00:00Z,22281.9
2026-04-05T16:15:00Z,22681.9
2026-04-05T16:30:00Z,22837.7
2026-04-05T16:45:00Z,24317.5
2026-04-05T17:00:00Z,23383.9
2026-04-05T17:15:00Z,20157.2
2026-04-05T17:30:00Z,24072.4
2026-04-05T17:45:00Z,16889.0
2026-04-05T18:00:00Z,20378.4
2026-04-05T18:15:00Z,24686.8
2026-04-05T18:30:00Z,23572.4
2026-04-05T18:45:00Z,23991.6
2026-04-05T19:00:00Z,22876.9
2026-04-05T19:15:00Z,22304.6
2026-04-05T19:30:00Z,23365.6
2026-04-05T19:45:00Z,24049.7
2026-04-05T20:00:00Z,18242.5
2026-04-05T20:15:00Z,23869.0
2026-04-05T20:30:00Z,22686.1
2026-04-05T20:45:00Z,20423.3
2026-04-05T21:00:00Z,18472.1
2026-04-05T21:15:00Z,21441.1
2026-04-05T21:30:00Z,17982.1
2026-04-05T21:45:00Z,17877.5
2026-04-05T22:00:00Z,20598.9
2026-04-05T22:15:00Z,19057.9
2026-04-05T22:30:00Z,23460.7
2026-04-05T22:45:00Z,21425.9
2026-04-05T23:00:00Z,16996.5
2026-04-05T23:15:00Z,20598.6
2026-04-05T23:30:00Z,22371.9
2026-04-05T23:45:00Z,18974.2
2026-04-06T00:00:00Z,19488.9
2026-04-06T00:15:00Z,22146.4
2026-04-06T00:30:00Z,24182.1
2026-04-06T00:45:00Z,23326.9
2026-04-06T01:00:00Z,23247.3
2026-04-06T01:15:00Z,22166.0
2026-04-06T01:30:00Z,24048.9
2026-04-06T01:45:00Z,22049.3
2026-04-06T02:00:00Z,19094.9
2026-04-06T02:15:00Z,23484.5
2026-04-06T02:30:00Z,23722.1
2026-04-06T02:45:00Z,20869.4
2026-04-06T03:00:00Z,17875.5
2026-04-06T03:15:00Z,23171.8
2026-04-06T03:30:00Z,17844.2
2026-04-06T03:45:00Z,23831.7
2026-04-06T04:00:00Z,12387.4
2026-04-06T04:15:00Z,9181.9
2026-04-06T04:30:00Z,23119.3
2026-04-06T04:45:00Z,10405.4
2026-04-06T05:00:00Z,13440.2
2026-04-06T05:15:00Z,15187.0
2026-04-06T05:30:00Z,7809.4
2026-04-06T05:45:00Z,13517.1
2026-04-06T06:00:00Z,21396.8
2026-04-06T06:15:00Z,11665.1
2026-04-06T06:30:00Z,14115.2
2026-04-06T06:45:00Z,9198.4
2026-04-06T07:00:00Z,23047.9
2026-04-06T07:15:00Z,9006.5
2026-04-06T07:30:00Z,18064.2
2026-04-06T07:45:00Z,13143.0
2026-04-06T08:00:00Z,18921.0
2026-04-06T08:15:00Z,14896.5
2026-04-06T08:30:00Z,6888.5
2026-04-06T08:45:00Z,12306.1
2026-04-06T09:00:00Z,17885.1
2026-04-06T09:15:00Z,14567.1
2026-04-06T09:30:00Z,12984.9
2026-04-06T09:45:00Z,9012.3
2026-04-06T10:00:00Z,12684.2
2026-04-06T10:15:00Z,14810.5
2026-04-06T10:30:00Z,14314.7
2026-04-06T10:45:00Z,18303.6
2026-04-06T11:00:00Z,15198.6
2026-04-06T11:15:00Z,19592.5
2026-04-06T11:30:00Z,18236.9
2026-04-06T11:45:00Z,11498.4
2026-04-06T12:00:00Z,12416.5
2026-04-06T12:15:00Z,6807.1
2026-04-06T12:30:00Z,10108.2
2026-04-06T12:45:00Z,11072.0
2026-04-06T13:00:00Z,18770.3
2026-04-06T13:15:00Z,15448.9
2026-04-06T13:30:00Z,15481.3
2026-04-06T13:45:00Z,16270.4
2026-04-06T14:00:00Z,9783.7
2026-04-06T14:15:00Z,12892.7
2026-04-06T14:30:00Z,17608.4
2026-04-06T14:45:00Z,10012.8
2026-04-06T15:00:00Z,10010.8
2026-04-06T15:15:00Z,14848.7
2026-04-06T15:30:00Z,19331.2
2026-04-06T15:45:00Z,16736.4
2026-04-06T16:00:00Z,13984.4
2026-04-06T16:15:00Z,18501.5
2026-04-06T16:30:00Z,14457.6
2026-04-06T16:45:00Z,7689.6
2026-04-06T17:00:00Z,9826.2
2026-04-06T17:15:00Z,8413.6
2026-04-06T17:30:00Z,24291.9
2026-04-06T17:45:00Z,17275.3
2026-04-06T18:00:00Z,22815.8
2026-04-06T18:15:00Z,18889.6
2026-04-06T18:30:00Z,17594.1
2026-04-06T18:45:00Z,14958.9
2026-04-06T19:00:00Z,18268.0
2026-04-06T19:15:00Z,14840.9
2026-04-06T19:30:00Z,10018.3
2026-04-06T19:45:00Z,22823.4
2026-04-06T20:00:00Z,22489.9
2026-04-06T20:15:00Z,24659.4
2026-04-06T20:30:00Z,23411.9
2026-04-06T20:45:00Z,23902.0
2026-04-06T21:00:00Z,18064.6
2026-04-06T21:15:00Z,21800.1
2026-04-06T21:30:00Z,23962.2
2026-04-06T21:45:00Z,24192.6
2026-04-06T22:00:00Z,21709.5
2026-04-06T22:15:00Z,19536.7
2026-04-06T22:30:00Z,18099.0
2026-04-06T22:45:00Z,23284.8
2026-04-06T23:00:00Z,23678.5
2026-04-06T23:15:00Z,23312.7
2026-04-06T23:30:00Z,24364.3
2026-04-06T23:45:00Z,23992.3
2026-04-07T00:00:00Z,20670.0
2026-04-07T00:15:00Z,24349.0
2026-04-07T00:30:00Z,23672.1
2026-04-07T00:45:00Z,19918.6
2026-04-07T01:00:00Z,23635.9
2026-04-07T01:15:00Z,19070.8
2026-04-07T01:30:00Z,22633.9
2026-04-07T01:45:00Z,20806.6
2026-04-07T02:00:00Z,20115.1
2026-04-07T02:15:00Z,23492.8
2026-04-07T02:30:00Z,19262.2
2026-04-07T02:45:00Z,22089.7
2026-04-07T03:00:00Z,23164.8
2026-04-07T03:15:00Z,23921.1
2026-04-07T03:30:00Z,21800.2
2026-04-07T03:45:00Z,20064.6
2026-04-07T04:00:00Z,6809.9
2026-04-07T04:15:00Z,13681.9
2026-04-07T04:30:00Z,10573.7
2026-04-07T04:45:00Z,20727.4
2026-04-07T05:00:00Z,10056.7
2026-04-07T05:15:00Z,18427.3
2026-04-07T05:30:00Z,14177.3
2026-04-07T05:45:00Z,18573.2
2026-04-07T06:00:00Z,16514.9
2026-04-07T06:15:00Z,17886.4
2026-04-07T06:30:00Z,9100.7
2026-04-07T06:45:00Z,15505.2
2026-04-07T07:00:00Z,12781.6
2026-04-07T07:15:00Z,9916.9
2026-04-07T07:30:00Z,9743.3
2026-04-07T07:45:00Z,17118.1
2026-04-07T08:00:00Z,22152.2
2026-04-07T08:15:00Z,19208.4
2026-04-07T08:30:00Z,17769.5
2026-04-07T08:45:00Z,16115.3
2026-04-07T09:00:00Z,16624.4
2026-04-07T09:15:00Z,9888.2
2026-04-07T09:30:00Z,12362.8
2026-04-07T09:45:00Z,16282.7
2026-04-07T10:00:00Z,11414.6
2026-04-07T10:15:00Z,19878.8
2026-04-07T10:30:00Z,11853.5
2026-04-07T10:45:00Z,11585.8
2026-04-07T11:00:00Z,16789.1
2026-04-07T11:15:00Z,21663.8
2026-04-07T11:30:00Z,14278.5
2026-04-07T11:45:00Z,17521.9
2026-04-07T12:00:00Z,17132.6
2026-04-07T12:15:00Z,11939.4
2026-04-07T12:30:00Z,18602.0
2026-04-07T12:45:00Z,12643.1
2026-04-07T13:00:00Z,12626.2
2026-04-07T13:15:00Z,22492.2
2026-04-07T13:30:00Z,7239.5
2026-04-07T13:45:00Z,9940.9
2026-04-07T14:00:00Z,12686.7
2026-04-07T14:15:00Z,10983.5
2026-04-07T14:30:00Z,23037.8
2026-04-07T14:45:00Z,14077.2
2026-04-07T15:00:00Z,16526.1
2026-04-07T15:15:00Z,16022.2
2026-04-07T15:30:00Z,13758.5
2026-04-07T15:45:00Z,13473.9
2026-04-07T16:00:00Z,12214.0
2026-04-07T16:15:00Z,15096.1
2026-04-07T16:30:00Z,16278.4
2026-04-07T16:45:00Z,18735.9
2026-04-07T17:00:00Z,20653.1
2026-04-07T17:15:00Z,7529.2
2026-04-07T17:30:00Z,22972.5
2026-04-07T17:45:00Z,12193.0
2026-04-07T18:00:00Z,20412.9
2026-04-07T18:15:00Z,9507.7
2026-04-07T18:30:00Z,14210.1
2026-04-07T18:45:00Z,19879.3
2026-04-07T19:00:00Z,12412.1
2026-04-07T19:15:00Z,16205.4
2026-04-07T19:30:00Z,13236.5
2026-04-07T19:45:00Z,16060.9
2026-04-07T20:00:00Z,19095.3
2026-04-07T20:15:00Z,21506.1
2026-04-07T20:30:00Z,23913.2
2026-04-07T20:45:00Z,20005.6
2026-04-07T21:00:00Z,23117.9
2026-04-07T21:15:00Z,23638.8
2026-04-07T21:30:00Z,14902.6
2026-04-07T21:45:00Z,24022.0
2026-04-07T22:00:00Z,23786.6
2026-04-07T22:15:00Z,23834.8
2026-04-07T22:30:00Z,20851.8
2026-04-07T22:45:00Z,15720.9
2026-04-07T23:00:00Z,23026.5
2026-04-07T23:15:00Z,20889.5
2026-04-07T23:30:00Z,24175.6
2026-04-07T23:45:00Z,22754.7
2026-04-08T00:00:00Z,21506.3
2026-04-08T00:15:00Z,22456.1
2026-04-08T00:30:00Z,23583.6
2026-04-08T00:45:00Z,24315.4
2026-04-08T01:00:00Z,23408.8
2026-04-08T01:15:00Z,23660.6
2026-04-08T01:30:00Z,22899.7
2026-04-08T01:45:00Z,21950.5
2026-04-08T02:00:00Z,22946.3
2026-04-08T02:15:00Z,21511.7
2026-04-08T02:30:00Z,23621.8
2026-04-08T02:45:00Z,22093.7
2026-04-08T03:00:00Z,23829.9
2026-04-08T03:15:00Z,24701.2
2026-04-08T03:30:00Z,24308.8
2026-04-08T03:45:00Z,24192.7
2026-04-08T04:00:00Z,10077.6
2026-04-08T04:15:00Z,7289.2
2026-04-08T04:30:00Z,13458.6
2026-04-08T04:45:00Z,14011.5
2026-04-08T05:00:00Z,20036.8
2026-04-08T05:15:00Z,17327.9
2026-04-08T05:30:00Z,17568.2
2026-04-08T05:45:00Z,21642.3
2026-04-08T06:00:00Z,15303.9
2026-04-08T06:15:00Z,14691.5
2026-04-08T06:30:00Z,12974.6
2026-04-08T06:45:00Z,16220.4
2026-04-08T07:00:00Z,9222.3
2026-04-08T07:15:00Z,23345.3
2026-04-08T07:30:00Z,18076.4
2026-04-08T07:45:00Z,13556.0
2026-04-08T08:00:00Z,6931.2
2026-04-08T08:15:00Z,12237.6
2026-04-08T08:30:00Z,13696.6
2026-04-08T08:45:00Z,17269.9
2026-04-08T09:00:00Z,10805.2
2026-04-08T09:15:00Z,7590.2
2026-04-08T09:30:00Z,12041.5
2026-04-08T09:45:00Z,8940.5
2026-04-08T10:00:00Z,15800.0
2026-04-08T10:15:00Z,7921.3
2026-04-08T10:30:00Z,13525.8
2026-04-08T10:45:00Z,12527.6
2026-04-08T11:00:00Z,15493.8
2026-04-08T11:15:00Z,8852.1
2026-04-08T11:30:00Z,16877.2
2026-04-08T11:45:00Z,16797.8
2026-04-08T12:00:00Z,16555.9
2026-04-08T12:15:00Z,12568.2
2026-04-08T12:30:00Z,13357.3
2026-04-08T12:45:00Z,13168.1
2026-04-08T13:00:00Z,13262.9
2026-04-08T13:15:00Z,14842.0
2026-04-08T13:30:00Z,18556.3
2026-04-08T13:45:00Z,10886.8
2026-04-08T14:00:00Z,11949.0
2026-04-08T14:15:00Z,13336.8
2026-04-08T14:30:00Z,13853.8
2026-04-08T14:45:00Z,12136.3
2026-04-08T15:00:00Z,16296.1
2026-04-08T15:15:00Z,12013.6
2026-04-08T15:30:00Z,14498.7
2026-04-08T15:45:00Z,14968.5
2026-04-08T16:00:00Z,21154.5
2026-04-08T16:15:00Z,13227.3
2026-04-08T16:30:00Z,22486.0
2026-04-08T16:45:00Z,18944.0
2026-04-08T17:00:00Z,14272.4
2026-04-08T17:15:00Z,14445.8
2026-04-08T17:30:00Z,14765.3
2026-04-08T17:45:00Z,18277.4
2026-04-08T18:00:00Z,20104.3
2026-04-08T18:15:00Z,13902.4
2026-04-08T18:30:00Z,14674.8
2026-04-08T18:45:00Z,10814.0
2026-04-08T19:00:00Z,18099.3
2026-04-08T19:15:00Z,19292.9
2026-04-08T19:30:00Z,9040.9
2026-04-08T19:45:00Z,10449.1
2026-04-08T20:00:00Z,16563.3
2026-04-08T20:15:00Z,21563.7
2026-04-08T20:30:00Z,20772.8
2026-04-08T20:45:00Z,15880.4
2026-04-08T21:00:00Z,24233.3
2026-04-08T21:15:00Z,23339.1
2026-04-08T21:30:00Z,19544.8
2026-04-08T21:45:00Z,18085.3
2026-04-08T22:00:00Z,23585.1
2026-04-08T22:15:00Z,21866.7
2026-04-08T22:30:00Z,23640.4
2026-04-08T22:45:00Z,23156.5
2026-04-08T23:00:00Z,23189.0
2026-04-08T23:15:00Z,23130.6
2026-04-08T23:30:00Z,23048.4
2026-04-08T23:45:00Z,23162.5
2026-04-09T00:00:00Z,18797.8
2026-04-09T00:15:00Z,21168.3
2026-04-09T00:30:00Z,19802.6
2026-04-09T00:45:00Z,22473.8
2026-04-09T01:00:00Z,19347.1
2026-04-09T01:15:00Z,20461.8
2026-04-09T01:30:00Z,19730.2
2026-04-09T01:45:00Z,22771.4
2026-04-09T02:00:00Z,23553.0
2026-04-09T02:15:00Z,21380.8
2026-04-09T02:30:00Z,23664.4
2026-04-09T02:45:00Z,24108.6
2026-04-09T03:00:00Z,23209.5
2026-04-09T03:15:00Z,23151.7
2026-04-09T03:30:00Z,23456.6
2026-04-09T03:45:00Z,22100.0
2026-04-09T04:00:00Z,17726.5
2026-04-09T04:15:00Z,14029.1
2026-04-09T04:30:00Z,10371.9
2026-04-09T04:45:00Z,13894.0
2026-04-09T05:00:00Z,15877.6
2026-04-09T05:15:00Z,17566.3
2026-04-09T05:30:00Z,13584.0
2026-04-09T05:45:00Z,12292.5
2026-04-09T06:00:00Z,9691.1
2026-04-09T06:15:00Z,14216.3
2026-04-09T06:30:00Z,14386.9
2026-04-09T06:45:00Z,12867.9
2026-04-09T07:00:00Z,14925.3
2026-04-09T07:15:00Z,9293.2
2026-04-09T07:30:00Z,9928.3
2026-04-09T07:45:00Z,18163.9
2026-04-09T08:00:00Z,5870.6
2026-04-09T08:15:00Z,9095.7
2026-04-09T08:30:00Z,13215.4
2026-04-09T08:45:00Z,13678.4
2026-04-09T09:00:00Z,11306.4
2026-04-09T09:15:00Z,12699.3
2026-04-09T09:30:00Z,12074.0
2026-04-09T09:45:00Z,17705.6
2026-04-09T10:00:00Z,16625.6
2026-04-09T10:15:00Z,12320.6
2026-04-09T10:30:00Z,17158.0
2026-04-09T10:45:00Z,18129.4
2026-04-09T11:00:00Z,15612.2
2026-04-09T11:15:00Z,16350.9
2026-04-09T11:30:00Z,7849.2
2026-04-09T11:45:00Z,8334.6
2026-04-09T12:00:00Z,13278.3
2026-04-09T12:15:00Z,12949.7
2026-04-09T12:30:00Z,14569.3
2026-04-09T12:45:00Z,17604.3
2026-04-09T13:00:00Z,14074.1
2026-04-09T13:15:00Z,10171.7
2026-04-09T13:30:00Z,12078.8
2026-04-09T13:45:00Z,14534.0
2026-04-09T14:00:00Z,13046.0
2026-04-09T14:15:00Z,21444.6
2026-04-09T14:30:00Z,12807.4
2026-04-09T14:45:00Z,14203.4
2026-04-09T15:00:00Z,13008.3
2026-04-09T15:15:00Z,15602.7
2026-04-09T15:30:00Z,11100.9
2026-04-09T15:45:00Z,14464.0
2026-04-09T16:00:00Z,13972.0
2026-04-09T16:15:00Z,15749.0
2026-04-09T16:30:00Z,12092.8
2026-04-09T16:45:00Z,17867.3
2026-04-09T17:00:00Z,17376.9
2026-04-09T17:15:00Z,15419.1
2026-04-09T17:30:00Z,11710.2
2026-04-09T17:45:00Z,8279.3
2026-04-09T18:00:00Z,9848.2
2026-04-09T18:15:00Z,16438.4
2026-04-09T18:30:00Z,15782.1
2026-04-09T18:45:00Z,11421.5
2026-04-09T19:00:00Z,18183.9
2026-04-09T19:15:00Z,13265.5
2026-04-09T19:30:00Z,18243.0
2026-04-09T19:45:00Z,12529.8
2026-04-09T20:00:00Z,24657.6
2026-04-09T20:15:00Z,16407.9
2026-04-09T20:30:00Z,22926.4
2026-04-09T20:45:00Z,24466.0
2026-04-09T21:00:00Z,17765.4
2026-04-09T21:15:00Z,24230.3
2026-04-09T21:30:00Z,18066.1
2026-04-09T21:45:00Z,20387.1
2026-04-09T22:00:00Z,23419.0
2026-04-09T22:15:00Z,18436.4
2026-04-09T22:30:00Z,23970.7
2026-04-09T22:45:00Z,22238.6
2026-04-09T23:00:00Z,23204.6
2026-04-09T23:15:00Z,23386.1
2026-04-09T23:30:00Z,24416.6
2026-04-09T23:45:00Z,23359.0
2026-04-10T00:00:00Z,23558.6
2026-04-10T00:15:00Z,16420.1
2026-04-10T00:30:00Z,15586.2
2026-04-10T00:45:00Z,23060.4
2026-04-10T01:00:00Z,24781.3
2026-04-10T01:15:00Z,23629.7
2026-04-10T01:30:00Z,17962.0
2026-04-10T01:45:00Z,21454.0
2026-04-10T02:00:00Z,20086.3
2026-04-10T02:15:00Z,23563.4
2026-04-10T02:30:00Z,22626.8
2026-04-10T02:45:00Z,19162.1
2026-04-10T03:00:00Z,23191.1
2026-04-10T03:15:00Z,15195.3
2026-04-10T03:30:00Z,17810.2
2026-04-10T03:45:00Z,23217.2
2026-04-10T04:00:00Z,17310.6
2026-04-10T04:15:00Z,20389.9
2026-04-10T04:30:00Z,11767.0
2026-04-10T04:45:00Z,17192.1
2026-04-10T05:00:00Z,14620.3
2026-04-10T05:15:00Z,9191.8
2026-04-10T05:30:00Z,8119.9
2026-04-10T05:45:00Z,14488.8
2026-04-10T06:00:00Z,18661.8
2026-04-10T06:15:00Z,12996.8
2026-04-10T06:30:00Z,16593.9
2026-04-10T06:45:00Z,13654.9
2026-04-10T07:00:00Z,12280.1
2026-04-10T07:15:00Z,15541.6
2026-04-10T07:30:00Z,12655.0
2026-04-10T07:45:00Z,17384.2
2026-04-10T08:00:00Z,19982.3
2026-04-10T08:15:00Z,14289.7
2026-04-10T08:30:00Z,15918.0
2026-04-10T08:45:00Z,16739.6
2026-04-10T09:00:00Z,7413.6
2026-04-10T09:15:00Z,9602.1
2026-04-10T09:30:00Z,10198.6
2026-04-10T09:45:00Z,18817.1
2026-04-10T10:00:00Z,12791.4
2026-04-10T10:15:00Z,12507.7
2026-04-10T10:30:00Z,15655.6
2026-04-10T10:45:00Z,15165.5
2026-04-10T11:00:00Z,20470.9
2026-04-10T11:15:00Z,7318.0
2026-04-10T11:30:00Z,13473.2
2026-04-10T11:45:00Z,7105.7
2026-04-10T12:00:00Z,5574.8
2026-04-10T12:15:00Z,18981.4
2026-04-10T12:30:00Z,13468.5
2026-04-10T12:45:00Z,9580.4
2026-04-10T13:00:00Z,6501.7
2026-04-10T13:15:00Z,14218.1
2026-04-10T13:30:00Z,13799.0
2026-04-10T13:45:00Z,8831.4
2026-04-10T14:00:00Z,12382.3
2026-04-10T14:15:00Z,16320.9
2026-04-10T14:30:00Z,12049.5
2026-04-10T14:45:00Z,18792.5
2026-04-10T15:00:00Z,14949.4
2026-04-10T15:15:00Z,13512.3
2026-04-10T15:30:00Z,17409.9
2026-04-10T15:45:00Z,14704.0
2026-04-10T16:00:00Z,18315.5
2026-04-10T16:15:00Z,10817.1
2026-04-10T16:30:00Z,16066.9
2026-04-10T16:45:00Z,13020.5
2026-04-10T17:00:00Z,14711.0
2026-04-10T17:15:00Z,13111.7
2026-04-10T17:30:00Z,19627.1
2026-04-10T17:45:00Z,20278.3
2026-04-10T18:00:00Z,19127.4
2026-04-10T18:15:00Z,18558.6
2026-04-10T18:30:00Z,17699.2
2026-04-10T18:45:00Z,12391.4
2026-04-10T19:00:00Z,14236.5
2026-04-10T19:15:00Z,14571.2
2026-04-10T19:30:00Z,19548.3
2026-04-10T19:45:00Z,8904.9
2026-04-10T20:00:00Z,24488.2
2026-04-10T20:15:00Z,24012.0
2026-04-10T20:30:00Z,17255.9
2026-04-10T20:45:00Z,13111.7
2026-04-10T21:00:00Z,16699.8
2026-04-10T21:15:00Z,12628.4
2026-04-10T21:30:00Z,14386.8
2026-04-10T21:45:00Z,16116.3
2026-04-10T22:00:00Z,16441.3
2026-04-10T22:15:00Z,20364.6
2026-04-10T22:30:00Z,21500.2
2026-04-10T22:45:00Z,17685.1
2026-04-10T23:00:00Z,21955.4
2026-04-10T23:15:00Z,22717.9
2026-04-10T23:30:00Z,23026.4
2026-04-10T23:45:00Z,24093.8
2026-04-11T00:00:00Z,21625.0
2026-04-11T00:15:00Z,22321.5
2026-04-11T00:30:00Z,21401.4
2026-04-11T00:45:00Z,19177.0
2026-04-11T01:00:00Z,20778.6
2026-04-11T01:15:00Z,23835.6
2026-04-11T01:30:00Z,17993.7
2026-04-11T01:45:00Z,22586.5
2026-04-11T02:00:00Z,23796.7
2026-04-11T02:15:00Z,23513.7
2026-04-11T02:30:00Z,16310.1
2026-04-11T02:45:00Z,23046.0
2026-04-11T03:00:00Z,24362.9
2026-04-11T03:15:00Z,23781.7
2026-04-11T03:30:00Z,21848.5
2026-04-11T03:45:00Z,20116.3
2026-04-11T04:00:00Z,23198.3
2026-04-11T04:15:00Z,24180.7
2026-04-11T04:30:00Z,23552.5
2026-04-11T04:45:00Z,21766.3
2026-04-11T05:00:00Z,21801.5
2026-04-11T05:15:00Z,20773.8
2026-04-11T05:30:00Z,20366.2
2026-04-11T05:45:00Z,22797.5
2026-04-11T06:00:00Z,20950.8
2026-04-11T06:15:00Z,21642.8
2026-04-11T06:30:00Z,19631.3
2026-04-11T06:45:00Z,17612.5
2026-04-11T07:00:00Z,21759.2
2026-04-11T07:15:00Z,20605.2
2026-04-11T07:30:00Z,19720.4
2026-04-11T07:45:00Z,20719.3
2026-04-11T08:00:00Z,20974.3
2026-04-11T08:15:00Z,22399.2
2026-04-11T08:30:00Z,19067.7
2026-04-11T08:45:00Z,19513.1
2026-04-11T09:00:00Z,21296.0
2026-04-11T09:15:00Z,21513.7
2026-04-11T09:30:00Z,15525.6
2026-04-11T09:45:00Z,21274.1
2026-04-11T10:00:00Z,13424.2
2026-04-11T10:15:00Z,21008.8
2026-04-11T10:30:00Z,20593.5
2026-04-11T10:45:00Z,14173.5
2026-04-11T11:00:00Z,21574.7
2026-04-11T11:15:00Z,18781.7
2026-04-11T11:30:00Z,21477.5
2026-04-11T11:45:00Z,21364.4
2026-04-11T12:00:00Z,20032.5
2026-04-11T12:15:00Z,18801.7
2026-04-11T12:30:00Z,19857.6
2026-04-11T12:45:00Z,22085.7
2026-04-11T13:00:00Z,23402.8
2026-04-11T13:15:00Z,21411.9
2026-04-11T13:30:00Z,22615.9
2026-04-11T13:45:00Z,20087.1
2026-04-11T14:00:00Z,21460.3
2026-04-11T14:15:00Z,22226.6
2026-04-11T14:30:00Z,20009.6
2026-04-11T14:45:00Z,22924.1
2026-04-11T15:00:00Z,23669.9
2026-04-11T15:15:00Z,21952.7
2026-04-11T15:30:00Z,20265.3
2026-04-11T15:45:00Z,20871.6
2026-04-11T16:00:00Z,22629.9
2026-04-11T16:15:00Z,19446.3
2026-04-11T16:30:00Z,23850.1
2026-04-11T16:45:00Z,23216.1
2026-04-11T17:00:00Z,23159.4
2026-04-11T17:15:00Z,20680.4
2026-04-11T17:30:00Z,24245.8
2026-04-11T17:45:00Z,17436.7
2026-04-11T18:00:00Z,18615.0
2026-04-11T18:15:00Z,24069.9
2026-04-11T18:30:00Z,20387.7
2026-04-11T18:45:00Z,23476.3
2026-04-11T19:00:00Z,23885.6
2026-04-11T19:15:00Z,23151.1
2026-04-11T19:30:00Z,18703.0
2026-04-11T19:45:00Z,22024.2
2026-04-11T20:00:00Z,21920.8
2026-04-11T20:15:00Z,23470.9
2026-04-11T20:30:00Z,18299.8
2026-04-11T20:45:00Z,12806.2
2026-04-11T21:00:00Z,18804.3
2026-04-11T21:15:00Z,23466.3
2026-04-11T21:30:00Z,21928.1
2026-04-11T21:45:00Z,24475.0
2026-04-11T22:00:00Z,22530.2
2026-04-11T22:15:00Z,24140.1
2026-04-11T22:30:00Z,22068.6
2026-04-11T22:45:00Z,21405.2
2026-04-11T23:00:00Z,21147.2
2026-04-11T23:15:00Z,21384.8
2026-04-11T23:30:00Z,17231.4
2026-04-11T23:45:00Z,22467.8
2026-04-12T00:00:00Z,18526.6
2026-04-12T00:15:00Z,20112.6
2026-04-12T00:30:00Z,20324.4
2026-04-12T00:45:00Z,22692.7
2026-04-12T01:00:00Z,23392.5
2026-04-12T01:15:00Z,14042.4
2026-04-12T01:30:00Z,23111.4
2026-04-12T01:45:00Z,23298.5
2026-04-12T02:00:00Z,16092.7
2026-04-12T02:15:00Z,22862.8
2026-04-12T02:30:00Z,20522.6
2026-04-12T02:45:00Z,21441.0
2026-04-12T03:00:00Z,23291.7
2026-04-12T03:15:00Z,22358.4
2026-04-12T03:30:00Z,22590.8
2026-04-12T03:45:00Z,22421.2
2026-04-12T04:00:00Z,23479.0
2026-04-12T04:15:00Z,23389.4
2026-04-12T04:30:00Z,22772.3
2026-04-12T04:45:00Z,19409.8
2026-04-12T05:00:00Z,23420.8
2026-04-12T05:15:00Z,19144.5
2026-04-12T05:30:00Z,19556.9
2026-04-12T05:45:00Z,22612.5
2026-04-12T06:00:00Z,19240.4
2026-04-12T06:15:00Z,22511.1
2026-04-12T06:30:00Z,16676.0
2026-04-12T06:45:00Z,21053.8
2026-04-12T07:00:00Z,17294.0
2026-04-12T07:15:00Z,21211.2
2026-04-12T07:30:00Z,21486.9
2026-04-12T07:45:00Z,17534.7
2026-04-12T08:00:00Z,20978.1
2026-04-12T08:15:00Z,17317.7
2026-04-12T08:30:00Z,17727.9
2026-04-12T08:45:00Z,20455.1
2026-04-12T09:00:00Z,19714.5
2026-04-12T09:15:00Z,20911.4
2026-04-12T09:30:00Z,22088.0
2026-04-12T09:45:00Z,18018.4
2026-04-12T10:00:00Z,18124.6
2026-04-12T10:15:00Z,18345.8
2026-04-12T10:30:00Z,17265.1
2026-04-12T10:45:00Z,19641.0
2026-04-12T11:00:00Z,22219.5
2026-04-12T11:15:00Z,20378.5
2026-04-12T11:30:00Z,18107.0
2026-04-12T11:45:00Z,19793.9
2026-04-12T12:00:00Z,21013.8
2026-04-12T12:15:00Z,18943.7
2026-04-12T12:30:00Z,19171.1
2026-04-12T12:45:00Z,18600.5
2026-04-12T13:00:00Z,21461.4
2026-04-12T13:15:00Z,22244.3
2026-04-12T13:30:00Z,21410.8
2026-04-12T13:45:00Z,21696.8
2026-04-12T14:00:00Z,20996.6
2026-04-12T14:15:00Z,22675.8
2026-04-12T14:30:00Z,21402.1
2026-04-12T14:45:00Z,15511.4
2026-04-12T15:00:00Z,20894.4
2026-04-12T15:15:00Z,23364.3
2026-04-12T15:30:00Z,22706.7
2026-04-12T15:45:00Z,23446.6
2026-04-12T16:00:00Z,22626.3
2026-04-12T16:15:00Z,21125.8
2026-04-12T16:30:00Z,21251.9
2026-04-12T16:45:00Z,16849.4
2026-04-12T17:00:00Z,19900.3
2026-04-12T17:15:00Z,22168.8
2026-04-12T17:30:00Z,19723.6
2026-04-12T17:45:00Z,22527.3
2026-04-12T18:00:00Z,23983.3
2026-04-12T18:15:00Z,22528.6
2026-04-12T18:30:00Z,19073.8
2026-04-12T18:45:00Z,17109.3
2026-04-12T19:00:00Z,16706.2
2026-04-12T19:15:00Z,23028.2
2026-04-12T19:30:00Z,22136.9
2026-04-12T19:45:00Z,22487.4
2026-04-12T20:00:00Z,22462.9
2026-04-12T20:15:00Z,22542.7
2026-04-12T20:30:00Z,23712.4
2026-04-12T20:45:00Z,18754.4
2026-04-12T21:00:00Z,22996.4
2026-04-12T21:15:00Z,20216.9
2026-04-12T21:30:00Z,24365.1
2026-04-12T21:45:00Z,23338.1
2026-04-12T22:00:00Z,21323.7
2026-04-12T22:15:00Z,23749.4
2026-04-12T22:30:00Z,24287.2
2026-04-12T22:45:00Z,23360.2
2026-04-12T23:00:00Z,24344.4
2026-04-12T23:15:00Z,24150.3
2026-04-12T23:30:00Z,23812.2
2026-04-12T23:45:00Z,22801.8
2026-04-13T00:00:00Z,17417.3
2026-04-13T00:15:00Z,20256.7
2026-04-13T00:30:00Z,17397.9
2026-04-13T00:45:00Z,22575.8
2026-04-13T01:00:00Z,23892.3
2026-04-13T01:15:00Z,23569.1
2026-04-13T01:30:00Z,23900.0
2026-04-13T01:45:00Z,20412.7
2026-04-13T02:00:00Z,20646.5
2026-04-13T02:15:00Z,23108.5
2026-04-13T02:30:00Z,14424.8
2026-04-13T02:45:00Z,24619.9
2026-04-13T03:00:00Z,23229.7
2026-04-13T03:15:00Z,19687.7
2026-04-13T03:30:00Z,20605.2
2026-04-13T03:45:00Z,23615.5
2026-04-13T04:00:00Z,8776.8
2026-04-13T04:15:00Z,13569.5
2026-04-13T04:30:00Z,17745.5
2026-04-13T04:45:00Z,22879.2
2026-04-13T05:00:00Z,19030.6
2026-04-13T05:15:00Z,14036.4
2026-04-13T05:30:00Z,7816.0
2026-04-13T05:45:00Z,10519.4
2026-04-13T06:00:00Z,11115.7
2026-04-13T06:15:00Z,13507.9
2026-04-13T06:30:00Z,16262.9
2026-04-13T06:45:00Z,11492.2
2026-04-13T07:00:00Z,22332.5
2026-04-13T07:15:00Z,14341.2
2026-04-13T07:30:00Z,13689.3
2026-04-13T07:45:00Z,15906.6
2026-04-13T08:00:00Z,16664.7
2026-04-13T08:15:00Z,6858.6
2026-04-13T08:30:00Z,13970.5
2026-04-13T08:45:00Z,6534.8
2026-04-13T09:00:00Z,14726.2
2026-04-13T09:15:00Z,9522.1
2026-04-13T09:30:00Z,16475.7
2026-04-13T09:45:00Z,15734.2
2026-04-13T10:00:00Z,12042.9
2026-04-13T10:15:00Z,10053.7
2026-04-13T10:30:00Z,9136.3
2026-04-13T10:45:00Z,9123.4
2026-04-13T11:00:00Z,12769.0
2026-04-13T11:15:00Z,21269.6
2026-04-13T11:30:00Z,20680.6
2026-04-13T11:45:00Z,13701.5
2026-04-13T12:00:00Z,20435.4
2026-04-13T12:15:00Z,9325.7
2026-04-13T12:30:00Z,10888.6
2026-04-13T12:45:00Z,16940.0
2026-04-13T13:00:00Z,9640.1
2026-04-13T13:15:00Z,12423.9
2026-04-13T13:30:00Z,15118.6
2026-04-13T13:45:00Z,9510.5
2026-04-13T14:00:00Z,16639.5
2026-04-13T14:15:00Z,12261.2
2026-04-13T14:30:00Z,17822.4
2026-04-13T14:45:00Z,9232.6
2026-04-13T15:00:00Z,14958.0
2026-04-13T15:15:00Z,14086.5
2026-04-13T15:30:00Z,17214.1
2026-04-13T15:45:00Z,12656.3
2026-04-13T16:00:00Z,22011.2
2026-04-13T16:15:00Z,16146.9
2026-04-13T16:30:00Z,14686.9
2026-04-13T16:45:00Z,17898.2
2026-04-13T17:00:00Z,17531.9
2026-04-13T17:15:00Z,15213.6
2026-04-13T17:30:00Z,14485.3
2026-04-13T17:45:00Z,15611.6
2026-04-13T18:00:00Z,12449.1
2026-04-13T18:15:00Z,15793.2
2026-04-13T18:30:00Z,10186.8
2026-04-13T18:45:00Z,19305.2
2026-04-13T19:00:00Z,17663.8
2026-04-13T19:15:00Z,18805.4
2026-04-13T19:30:00Z,14623.3
2026-04-13T19:45:00Z,13613.0
2026-04-13T20:00:00Z,20768.4
2026-04-13T20:15:00Z,17131.7
2026-04-13T20:30:00Z,24408.5
2026-04-13T20:45:00Z,21957.7
2026-04-13T21:00:00Z,21662.4
2026-04-13T21:15:00Z,18927.2
2026-04-13T21:30:00Z,24033.7
2026-04-13T21:45:00Z,21913.4
2026-04-13T22:00:00Z,24590.4
2026-04-13T22:15:00Z,22946.5
2026-04-13T22:30:00Z,23726.2
2026-04-13T22:45:00Z,22850.3
2026-04-13T23:00:00Z,22382.6
2026-04-13T23:15:00Z,24485.8
2026-04-13T23:30:00Z,24694.9
2026-04-13T23:45:00Z,20147.2
2026-04-14T00:00:00Z,17599.4
2026-04-14T00:15:00Z,20769.6
2026-04-14T00:30:00Z,20072.5
2026-04-14T00:45:00Z,24515.3
2026-04-14T01:00:00Z,21206.6
2026-04-14T01:15:00Z,21799.2
2026-04-14T01:30:00Z,20407.9
2026-04-14T01:45:00Z,20228.6
2026-04-14T02:00:00Z,19569.0
2026-04-14T02:15:00Z,24225.7
2026-04-14T02:30:00Z,22724.2
2026-04-14T02:45:00Z,18229.3
2026-04-14T03:00:00Z,23363.2
2026-04-14T03:15:00Z,21065.2
2026-04-14T03:30:00Z,22427.1
2026-04-14T03:45:00Z,23785.8
2026-04-14T04:00:00Z,14146.1
2026-04-14T04:15:00Z,13536.7
2026-04-14T04:30:00Z,17274.5
2026-04-14T04:45:00Z,15612.4
2026-04-14T05:00:00Z,9061.2
2026-04-14T05:15:00Z,21953.6
2026-04-14T05:30:00Z,15616.2
2026-04-14T05:45:00Z,13771.5
2026-04-14T06:00:00Z,11882.6
2026-04-14T06:15:00Z,16728.3
2026-04-14T06:30:00Z,12674.9
2026-04-14T06:45:00Z,16131.3
2026-04-14T07:00:00Z,13329.2
2026-04-14T07:15:00Z,6846.8
2026-04-14T07:30:00Z,16125.7
2026-04-14T07:45:00Z,11617.7
2026-04-14T08:00:00Z,16450.5
2026-04-14T08:15:00Z,13176.4
2026-04-14T08:30:00Z,12037.5
2026-04-14T08:45:00Z,15822.0
2026-04-14T09:00:00Z,17043.2
2026-04-14T09:15:00Z,17368.4
2026-04-14T09:30:00Z,11078.4
2026-04-14T09:45:00Z,10720.6
2026-04-14T10:00:00Z,15181.9
2026-04-14T10:15:00Z,11841.5
2026-04-14T10:30:00Z,10820.7
2026-04-14T10:45:00Z,13266.1
2026-04-14T11:00:00Z,13020.3
2026-04-14T11:15:00Z,15288.5
2026-04-14T11:30:00Z,11700.2
2026-04-14T11:45:00Z,16885.2
2026-04-14T12:00:00Z,14412.6
2026-04-14T12:15:00Z,19347.8
2026-04-14T12:30:00Z,10975.4
2026-04-14T12:45:00Z,14486.2
2026-04-14T13:00:00Z,12924.2
2026-04-14T13:15:00Z,20921.6
2026-04-14T13:30:00Z,10585.7
2026-04-14T13:45:00Z,13682.9
2026-04-14T14:00:00Z,10912.7
2026-04-14T14:15:00Z,10548.2
2026-04-14T14:30:00Z,5180.1
2026-04-14T14:45:00Z,12868.8
2026-04-14T15:00:00Z,20019.5
2026-04-14T15:15:00Z,10598.2
2026-04-14T15:30:00Z,12227.8
2026-04-14T15:45:00Z,19365.3
2026-04-14T16:00:00Z,19131.3
2026-04-14T16:15:00Z,13067.7
2026-04-14T16:30:00Z,13578.7
2026-04-14T16:45:00Z,10477.3
2026-04-14T17:00:00Z,14622.7
2026-04-14T17:15:00Z,13405.7
2026-04-14T17:30:00Z,8292.0
2026-04-14T17:45:00Z,13160.0
2026-04-14T18:00:00Z,6475.9
2026-04-14T18:15:00Z,10614.1
2026-04-14T18:30:00Z,12654.0
2026-04-14T18:45:00Z,15915.1
2026-04-14T19:00:00Z,19431.5
2026-04-14T19:15:00Z,19161.0
2026-04-14T19:30:00Z,16000.6
2026-04-14T19:45:00Z,15380.6
2026-04-14T20:00:00Z,23126.0
2026-04-14T20:15:00Z,23320.4
2026-04-14T20:30:00Z,22855.6
2026-04-14T20:45:00Z,23491.1
2026-04-14T21:00:00Z,20991.7
2026-04-14T21:15:00Z,23748.8
2026-04-14T21:30:00Z,18237.4
2026-04-14T21:45:00Z,16681.8
2026-04-14T22:00:00Z,21272.5
2026-04-14T22:15:00Z,23508.7
2026-04-14T22:30:00Z,23667.9
2026-04-14T22:45:00Z,19239.8
2026-04-14T23:00:00Z,23995.9
2026-04-14T23:15:00Z,24124.2
2026-04-14T23:30:00Z,21854.5
2026-04-14T23:45:00Z,24236.3
2026-04-15T00:00:00Z,22859.1
2026-04-15T00:15:00Z,23431.4
2026-04-15T00:30:00Z,18597.2
2026-04-15T00:45:00Z,23796.5
2026-04-15T01:00:00Z,20043.7
2026-04-15T01:15:00Z,22713.9
2026-04-15T01:30:00Z,24080.4
2026-04-15T01:45:00Z,22444.0
2026-04-15T02:00:00Z,20752.9
2026-04-15T02:15:00Z,23903.6
2026-04-15T02:30:00Z,20434.0
2026-04-15T02:45:00Z,23647.6
2026-04-15T03:00:00Z,20191.1
2026-04-15T03:15:00Z,23130.2
2026-04-15T03:30:00Z,23728.8
2026-04-15T03:45:00Z,23703.2
2026-04-15T04:00:00Z,10335.5
2026-04-15T04:15:00Z,14659.2
2026-04-15T04:30:00Z,18205.4
2026-04-15T04:45:00Z,18982.2
2026-04-15T05:00:00Z,14234.6
2026-04-15T05:15:00Z,12688.3
2026-04-15T05:30:00Z,15077.2
2026-04-15T05:45:00Z,9181.9
2026-04-15T06:00:00Z,13414.5
2026-04-15T06:15:00Z,13680.1
2026-04-15T06:30:00Z,9226.6
2026-04-15T06:45:00Z,16147.0
2026-04-15T07:00:00Z,7479.3
2026-04-15T07:15:00Z,10564.7
2026-04-15T07:30:00Z,5036.4
2026-04-15T07:45:00Z,12865.2
2026-04-15T08:00:00Z,10787.5
2026-04-15T08:15:00Z,20279.0
2026-04-15T08:30:00Z,11849.3
2026-04-15T08:45:00Z,17506.6
2026-04-15T09:00:00Z,23001.9
2026-04-15T09:15:00Z,12889.6
2026-04-15T09:30:00Z,16512.2
2026-04-15T09:45:00Z,4747.6
2026-04-15T10:00:00Z,15527.3
2026-04-15T10:15:00Z,13277.5
2026-04-15T10:30:00Z,16383.1
2026-04-15T10:45:00Z,12692.7
2026-04-15T11:00:00Z,15898.4
2026-04-15T11:15:00Z,18242.6
2026-04-15T11:30:00Z,9116.7
2026-04-15T11:45:00Z,13922.6
2026-04-15T12:00:00Z,12800.7
2026-04-15T12:15:00Z,12709.8
2026-04-15T12:30:00Z,6129.9
2026-04-15T12:45:00Z,12963.7
2026-04-15T13:00:00Z,5133.3
2026-04-15T13:15:00Z,6217.0
2026-04-15T13:30:00Z,4558.7
2026-04-15T13:45:00Z,6702.8
2026-04-15T14:00:00Z,5269.7
2026-04-15T14:15:00Z,4498.5
2026-04-15T14:30:00Z,13130.5
2026-04-15T14:45:00Z,9103.9
2026-04-15T15:00:00Z,15684.1
2026-04-15T15:15:00Z,14047.6
2026-04-15T15:30:00Z,13799.0
2026-04-15T15:45:00Z,9313.5
2026-04-15T16:00:00Z,17478.4
2026-04-15T16:15:00Z,14220.2
2026-04-15T16:30:00Z,11344.1
2026-04-15T16:45:00Z,19180.5
2026-04-15T17:00:00Z,14677.9
2026-04-15T17:15:00Z,16197.6
2026-04-15T17:30:00Z,24011.5
2026-04-15T17:45:00Z,23817.8
2026-04-15T18:00:00Z,16005.0
2026-04-15T18:15:00Z,14675.6
2026-04-15T18:30:00Z,12146.6
2026-04-15T18:45:00Z,12702.7
2026-04-15T19:00:00Z,15003.2
2026-04-15T19:15:00Z,19677.8
2026-04-15T19:30:00Z,9373.9
2026-04-15T19:45:00Z,11131.3
2026-04-15T20:00:00Z,25068.3
2026-04-15T20:15:00Z,17291.7
2026-04-15T20:30:00Z,22901.1
2026-04-15T20:45:00Z,20048.8
2026-04-15T21:00:00Z,20571.1
2026-04-15T21:15:00Z,17907.3
2026-04-15T21:30:00Z,24014.7
2026-04-15T21:45:00Z,22834.7
2026-04-15T22:00:00Z,20996.0
2026-04-15T22:15:00Z,22687.1
2026-04-15T22:30:00Z,21189.6
2026-04-15T22:45:00Z,24877.7
2026-04-15T23:00:00Z,21205.3
2026-04-15T23:15:00Z,19550.0
2026-04-15T23:30:00Z,22427.0
2026-04-15T23:45:00Z,20675.2
2026-04-16T00:00:00Z,23466.5
2026-04-16T00:15:00Z,20508.7
2026-04-16T00:30:00Z,23702.1
2026-04-16T00:45:00Z,24451.2
2026-04-16T01:00:00Z,18507.8
2026-04-16T01:15:00Z,20219.8
2026-04-16T01:30:00Z,20408.9
2026-04-16T01:45:00Z,20160.1
2026-04-16T02:00:00Z,22735.2
2026-04-16T02:15:00Z,23464.1
2026-04-16T02:30:00Z,23721.9
2026-04-16T02:45:00Z,22257.3
2026-04-16T03:00:00Z,18980.4
2026-04-16T03:15:00Z,23696.6
2026-04-16T03:30:00Z,22678.0
2026-04-16T03:45:00Z,24267.3
2026-04-16T04:00:00Z,18418.7
2026-04-16T04:15:00Z,13474.1
2026-04-16T04:30:00Z,21419.3
2026-04-16T04:45:00Z,21252.4
2026-04-16T05:00:00Z,18602.1
2026-04-16T05:15:00Z,12540.8
2026-04-16T05:30:00Z,14890.0
2026-04-16T05:45:00Z,13832.6
2026-04-16T06:00:00Z,22889.7
2026-04-16T06:15:00Z,8401.4
2026-04-16T06:30:00Z,13698.1
2026-04-16T06:45:00Z,14280.2
2026-04-16T07:00:00Z,13658.2
2026-04-16T07:15:00Z,13987.9
2026-04-16T07:30:00Z,12903.3
2026-04-16T07:45:00Z,17399.5
2026-04-16T08:00:00Z,21898.4
2026-04-16T08:15:00Z,16894.7
2026-04-16T08:30:00Z,15562.6
2026-04-16T08:45:00Z,10022.1
2026-04-16T09:00:00Z,21435.2
2026-04-16T09:15:00Z,20303.4
2026-04-16T09:30:00Z,17384.5
2026-04-16T09:45:00Z,6392.4
2026-04-16T10:00:00Z,14986.8
2026-04-16T10:15:00Z,15301.6
2026-04-16T10:30:00Z,14479.3
2026-04-16T10:45:00Z,16912.5
2026-04-16T11:00:00Z,11881.8
2026-04-16T11:15:00Z,7715.7
2026-04-16T11:30:00Z,13681.0
2026-04-16T11:45:00Z,13985.1
2026-04-16T12:00:00Z,7567.7
2026-04-16T12:15:00Z,21917.1
2026-04-16T12:30:00Z,14133.9
2026-04-16T12:45:00Z,12570.5
2026-04-16T13:00:00Z,8621.1
2026-04-16T13:15:00Z,14595.4
2026-04-16T13:30:00Z,9484.9
2026-04-16T13:45:00Z,16376.2
2026-04-16T14:00:00Z,17953.8
2026-04-16T14:15:00Z,17297.6
2026-04-16T14:30:00Z,16938.6
2026-04-16T14:45:00Z,14557.2
2026-04-16T15:00:00Z,17890.3
2026-04-16T15:15:00Z,13861.4
2026-04-16T15:30:00Z,12106.7
2026-04-16T15:45:00Z,19393.7
2026-04-16T16:00:00Z,14982.4
2026-04-16T16:15:00Z,19099.7
2026-04-16T16:30:00Z,14287.2
2026-04-16T16:45:00Z,8570.6
2026-04-16T17:00:00Z,14477.4
2026-04-16T17:15:00Z,14639.7
2026-04-16T17:30:00Z,15904.9
2026-04-16T17:45:00Z,22835.5
2026-04-16T18:00:00Z,11919.8
2026-04-16T18:15:00Z,12626.5
2026-04-16T18:30:00Z,13506.1
2026-04-16T18:45:00Z,15921.7
2026-04-16T19:00:00Z,19299.0
2026-04-16T19:15:00Z,19604.5
2026-04-16T19:30:00Z,15431.6
2026-04-16T19:45:00Z,18604.9
2026-04-16T20:00:00Z,23007.9
2026-04-16T20:15:00Z,24060.3
2026-04-16T20:30:00Z,18588.3
2026-04-16T20:45:00Z,24684.8
2026-04-16T21:00:00Z,22762.4
2026-04-16T21:15:00Z,21558.7
2026-04-16T21:30:00Z,23749.2
2026-04-16T21:45:00Z,22336.4
2026-04-16T22:00:00Z,23202.3
2026-04-16T22:15:00Z,21907.3
2026-04-16T22:30:00Z,22282.8
2026-04-16T22:45:00Z,24337.1
2026-04-16T23:00:00Z,22735.1
2026-04-16T23:15:00Z,24468.3
2026-04-16T23:30:00Z,20454.7
2026-04-16T23:45:00Z,19860.7
2026-04-17T00:00:00Z,17620.3
2026-04-17T00:15:00Z,24724.0
2026-04-17T00:30:00Z,22801.0
2026-04-17T00:45:00Z,24340.5
2026-04-17T01:00:00Z,20432.6
2026-04-17T01:15:00Z,23790.4
2026-04-17T01:30:00Z,19051.4
2026-04-17T01:45:00Z,20204.8
2026-04-17T02:00:00Z,23119.3
2026-04-17T02:15:00Z,23302.8
2026-04-17T02:30:00Z,21961.4
2026-04-17T02:45:00Z,22365.0
2026-04-17T03:00:00Z,22955.8
2026-04-17T03:15:00Z,22487.9
2026-04-17T03:30:00Z,23136.2
2026-04-17T03:45:00Z,21089.1
2026-04-17T04:00:00Z,13730.8
2026-04-17T04:15:00Z,11286.6
2026-04-17T04:30:00Z,14664.0
2026-04-17T04:45:00Z,16556.4
2026-04-17T05:00:00Z,11850.5
2026-04-17T05:15:00Z,14529.5
2026-04-17T05:30:00Z,10583.6
2026-04-17T05:45:00Z,18155.4
2026-04-17T06:00:00Z,18949.3
2026-04-17T06:15:00Z,8405.7
2026-04-17T06:30:00Z,8922.7
2026-04-17T06:45:00Z,16113.4
2026-04-17T07:00:00Z,13117.9
2026-04-17T07:15:00Z,10836.0
2026-04-17T07:30:00Z,15220.9
2026-04-17T07:45:00Z,15485.0
2026-04-17T08:00:00Z,17606.3
2026-04-17T08:15:00Z,21463.0
2026-04-17T08:30:00Z,15116.3
2026-04-17T08:45:00Z,7774.4
2026-04-17T09:00:00Z,20320.3
2026-04-17T09:15:00Z,15292.1
2026-04-17T09:30:00Z,20068.1
2026-04-17T09:45:00Z,5085.1
2026-04-17T10:00:00Z,19194.6
2026-04-17T10:15:00Z,8692.4
2026-04-17T10:30:00Z,10895.4
2026-04-17T10:45:00Z,13412.5
2026-04-17T11:00:00Z,14424.2
2026-04-17T11:15:00Z,10938.3
2026-04-17T11:30:00Z,21410.0
2026-04-17T11:45:00Z,10489.4
2026-04-17T12:00:00Z,13391.3
2026-04-17T12:15:00Z,19132.4
2026-04-17T12:30:00Z,20627.6
2026-04-17T12:45:00Z,11957.2
2026-04-17T13:00:00Z,14868.2
2026-04-17T13:15:00Z,13165.6
2026-04-17T13:30:00Z,16743.3
2026-04-17T13:45:00Z,10251.3
2026-04-17T14:00:00Z,13823.7
2026-04-17T14:15:00Z,12815.1
2026-04-17T14:30:00Z,8458.2
2026-04-17T14:45:00Z,15609.9
2026-04-17T15:00:00Z,6472.8
2026-04-17T15:15:00Z,13219.2
2026-04-17T15:30:00Z,8687.4
2026-04-17T15:45:00Z,13238.4
2026-04-17T16:00:00Z,12364.1
2026-04-17T16:15:00Z,15575.5
2026-04-17T16:30:00Z,14791.5
2026-04-17T16:45:00Z,13105.7
2026-04-17T17:00:00Z,13826.1
2026-04-17T17:15:00Z,15664.0
2026-04-17T17:30:00Z,23045.4
2026-04-17T17:45:00Z,13481.1
2026-04-17T18:00:00Z,16800.4
2026-04-17T18:15:00Z,13371.4
2026-04-17T18:30:00Z,14688.5
2026-04-17T18:45:00Z,11536.4
2026-04-17T19:00:00Z,14160.7
2026-04-17T19:15:00Z,8102.3
2026-04-17T19:30:00Z,17862.7
2026-04-17T19:45:00Z,13990.1
2026-04-17T20:00:00Z,24220.6
2026-04-17T20:15:00Z,24434.7
2026-04-17T20:30:00Z,24005.6
2026-04-17T20:45:00Z,22008.3
2026-04-17T21:00:00Z,23719.7
2026-04-17T21:15:00Z,23266.1
2026-04-17T21:30:00Z,24331.9
2026-04-17T21:45:00Z,23833.6
2026-04-17T22:00:00Z,20660.1
2026-04-17T22:15:00Z,19555.0
2026-04-17T22:30:00Z,23242.2
2026-04-17T22:45:00Z,22477.8
2026-04-17T23:00:00Z,19175.1
2026-04-17T23:15:00Z,24448.5
2026-04-17T23:30:00Z,23273.9
2026-04-17T23:45:00Z,24010.9
2026-04-18T00:00:00Z,22524.3
2026-04-18T00:15:00Z,21018.6
2026-04-18T00:30:00Z,23314.7
2026-04-18T00:45:00Z,22648.2
2026-04-18T01:00:00Z,22681.3
2026-04-18T01:15:00Z,23134.6
2026-04-18T01:30:00Z,19247.5
2026-04-18T01:45:00Z,22802.2
2026-04-18T02:00:00Z,17946.4
2026-04-18T02:15:00Z,23119.8
2026-04-18T02:30:00Z,23839.2
2026-04-18T02:45:00Z,22684.3
2026-04-18T03:00:00Z,22575.1
2026-04-18T03:15:00Z,19414.6
2026-04-18T03:30:00Z,21804.2
2026-04-18T03:45:00Z,23879.0
2026-04-18T04:00:00Z,24207.8
2026-04-18T04:15:00Z,21360.2
2026-04-18T04:30:00Z,18050.0
2026-04-18T04:45:00Z,14173.5
2026-04-18T05:00:00Z,19176.1
2026-04-18T05:15:00Z,22867.0
2026-04-18T05:30:00Z,23789.6
2026-04-18T05:45:00Z,23630.5
2026-04-18T06:00:00Z,14901.6
2026-04-18T06:15:00Z,19211.1
2026-04-18T06:30:00Z,23681.8
2026-04-18T06:45:00Z,22457.5
2026-04-18T07:00:00Z,21294.7
2026-04-18T07:15:00Z,21921.6
2026-04-18T07:30:00Z,22020.6
2026-04-18T07:45:00Z,21263.5
2026-04-18T08:00:00Z,21104.4
2026-04-18T08:15:00Z,18736.5
2026-04-18T08:30:00Z,17803.5
2026-04-18T08:45:00Z,20351.0
2026-04-18T09:00:00Z,17933.1
2026-04-18T09:15:00Z,23142.0
2026-04-18T09:30:00Z,17530.0
2026-04-18T09:45:00Z,21167.2
2026-04-18T10:00:00Z,18052.9
2026-04-18T10:15:00Z,19332.0
2026-04-18T10:30:00Z,22197.3
2026-04-18T10:45:00Z,21110.3
2026-04-18T11:00:00Z,20913.4
2026-04-18T11:15:00Z,19818.8
2026-04-18T11:30:00Z,20864.6
2026-04-18T11:45:00Z,23068.0
2026-04-18T12:00:00Z,19690.2
2026-04-18T12:15:00Z,16241.6
2026-04-18T12:30:00Z,17802.9
2026-04-18T12:45:00Z,20933.8
2026-04-18T13:00:00Z,17541.1
2026-04-18T13:15:00Z,22379.8
2026-04-18T13:30:00Z,17106.0
2026-04-18T13:45:00Z,19213.6
2026-04-18T14:00:00Z,16923.4
2026-04-18T14:15:00Z,20852.3
2026-04-18T14:30:00Z,22289.2
2026-04-18T14:45:00Z,21612.3
2026-04-18T15:00:00Z,16957.8
2026-04-18T15:15:00Z,19992.7
2026-04-18T15:30:00Z,22208.5
2026-04-18T15:45:00Z,22996.6
2026-04-18T16:00:00Z,21701.3
2026-04-18T16:15:00Z,12922.7
2026-04-18T16:30:00Z,21768.2
2026-04-18T16:45:00Z,17556.7
2026-04-18T17:00:00Z,23575.2
2026-04-18T17:15:00Z,22680.7
2026-04-18T17:30:00Z,23138.5
2026-04-18T17:45:00Z,21900.2
2026-04-18T18:00:00Z,22750.5
2026-04-18T18:15:00Z,24708.1
2026-04-18T18:30:00Z,24023.5
2026-04-18T18:45:00Z,23161.3
2026-04-18T19:00:00Z,22621.9
2026-04-18T19:15:00Z,23142.8
2026-04-18T19:30:00Z,23625.8
2026-04-18T19:45:00Z,20237.8
2026-04-18T20:00:00Z,16845.8
2026-04-18T20:15:00Z,24181.4
2026-04-18T20:30:00Z,24060.1
2026-04-18T20:45:00Z,23292.4
2026-04-18T21:00:00Z,22360.0
2026-04-18T21:15:00Z,22666.2
2026-04-18T21:30:00Z,22585.9
2026-04-18T21:45:00Z,22366.9
2026-04-18T22:00:00Z,20582.1
2026-04-18T22:15:00Z,24306.9
2026-04-18T22:30:00Z,20383.7
2026-04-18T22:45:00Z,14894.3
2026-04-18T23:00:00Z,16433.9
2026-04-18T23:15:00Z,21857.6
2026-04-18T23:30:00Z,14574.4
2026-04-18T23:45:00Z,17553.7
2026-04-19T00:00:00Z,17243.1
2026-04-19T00:15:00Z,21575.8
2026-04-19T00:30:00Z,23606.3
2026-04-19T00:45:00Z,21377.4
2026-04-19T01:00:00Z,22780.5
2026-04-19T01:15:00Z,19551.6
2026-04-19T01:30:00Z,21152.6
2026-04-19T01:45:00Z,20713.8
2026-04-19T02:00:00Z,19129.0
2026-04-19T02:15:00Z,22310.0
2026-04-19T02:30:00Z,23325.6
2026-04-19T02:45:00Z,22762.6
2026-04-19T03:00:00Z,19794.9
2026-04-19T03:15:00Z,22556.1
2026-04-19T03:30:00Z,17780.1
2026-04-19T03:45:00Z,24185.4
2026-04-19T04:00:00Z,22894.8
2026-04-19T04:15:00Z,21969.8
2026-04-19T04:30:00Z,22545.7
2026-04-19T04:45:00Z,21816.8
2026-04-19T05:00:00Z,22643.2
2026-04-19T05:15:00Z,22138.3
2026-04-19T05:30:00Z,16580.1
2026-04-19T05:45:00Z,21470.2
2026-04-19T06:00:00Z,21452.2
2026-04-19T06:15:00Z,19904.9
2026-04-19T06:30:00Z,22824.7
2026-04-19T06:45:00Z,23430.8
2026-04-19T07:00:00Z,19543.8
2026-04-19T07:15:00Z,21267.2
2026-04-19T07:30:00Z,22074.7
2026-04-19T07:45:00Z,22342.7
2026-04-19T08:00:00Z,20555.5
2026-04-19T08:15:00Z,20081.7
2026-04-19T08:30:00Z,22601.7
2026-04-19T08:45:00Z,20129.4
2026-04-19T09:00:00Z,20386.8
2026-04-19T09:15:00Z,21299.9
2026-04-19T09:30:00Z,21557.4
2026-04-19T09:45:00Z,21061.8
2026-04-19T10:00:00Z,21431.0
2026-04-19T10:15:00Z,21296.9
2026-04-19T10:30:00Z,21459.8
2026-04-19T10:45:00Z,20254.2
2026-04-19T11:00:00Z,20917.1
2026-04-19T11:15:00Z,20794.8
2026-04-19T11:30:00Z,20120.1
2026-04-19T11:45:00Z,21349.8
2026-04-19T12:00:00Z,20346.3
2026-04-19T12:15:00Z,18738.7
2026-04-19T12:30:00Z,21634.7
2026-04-19T12:45:00Z,16251.8
2026-04-19T13:00:00Z,21119.4
2026-04-19T13:15:00Z,16224.8
2026-04-19T13:30:00Z,21246.3
2026-04-19T13:45:00Z,21155.1
2026-04-19T14:00:00Z,23016.5
2026-04-19T14:15:00Z,22263.0
2026-04-19T14:30:00Z,22609.5
2026-04-19T14:45:00Z,22212.8
2026-04-19T15:00:00Z,21887.0
2026-04-19T15:15:00Z,22938.3
2026-04-19T15:30:00Z,22353.5
2026-04-19T15:45:00Z,17122.7
2026-04-19T16:00:00Z,23549.5
2026-04-19T16:15:00Z,18673.6
2026-04-19T16:30:00Z,20048.7
2026-04-19T16:45:00Z,23787.9
2026-04-19T17:00:00Z,18314.2
2026-04-19T17:15:00Z,20446.0
2026-04-19T17:30:00Z,21310.0
2026-04-19T17:45:00Z,23218.6
2026-04-19T18:00:00Z,22888.7
2026-04-19T18:15:00Z,23905.7
2026-04-19T18:30:00Z,23520.9
2026-04-19T18:45:00Z,20404.2
2026-04-19T19:00:00Z,23821.3
2026-04-19T19:15:00Z,17325.1
2026-04-19T19:30:00Z,17891.5
2026-04-19T19:45:00Z,21719.7
2026-04-19T20:00:00Z,23282.7
2026-04-19T20:15:00Z,23838.5
2026-04-19T20:30:00Z,23956.6
2026-04-19T20:45:00Z,24514.7
2026-04-19T21:00:00Z,18188.8
2026-04-19T21:15:00Z,21999.7
2026-04-19T21:30:00Z,24793.0
2026-04-19T21:45:00Z,23613.2
2026-04-19T22:00:00Z,18758.7
2026-04-19T22:15:00Z,24090.7
2026-04-19T22:30:00Z,23560.0
2026-04-19T22:45:00Z,18500.3
2026-04-19T23:00:00Z,21992.6
2026-04-19T23:15:00Z,23491.0
2026-04-19T23:30:00Z,20853.5
2026-04-19T23:45:00Z,22045.2
2026-04-20T00:00:00Z,23983.7
2026-04-20T00:15:00Z,22795.2
2026-04-20T00:30:00Z,19987.7
2026-04-20T00:45:00Z,22856.9
2026-04-20T01:00:00Z,22645.0
2026-04-20T01:15:00Z,21298.7
2026-04-20T01:30:00Z,23645.9
2026-04-20T01:45:00Z,18874.8
2026-04-20T02:00:00Z,17762.8
2026-04-20T02:15:00Z,20427.2
2026-04-20T02:30:00Z,20518.2
2026-04-20T02:45:00Z,23188.9
2026-04-20T03:00:00Z,22372.7
2026-04-20T03:15:00Z,24158.5
2026-04-20T03:30:00Z,23243.0
2026-04-20T03:45:00Z,22626.2
2026-04-20T04:00:00Z,15083.1
2026-04-20T04:15:00Z,12565.8
2026-04-20T04:30:00Z,14932.7
2026-04-20T04:45:00Z,14535.5
2026-04-20T05:00:00Z,9500.9
2026-04-20T05:15:00Z,13566.8
2026-04-20T05:30:00Z,17396.0
2026-04-20T05:45:00Z,15645.9
2026-04-20T06:00:00Z,15512.3
2026-04-20T06:15:00Z,9479.5
2026-04-20T06:30:00Z,20602.9
2026-04-20T06:45:00Z,6561.1
2026-04-20T07:00:00Z,18751.1
2026-04-20T07:15:00Z,20980.3
2026-04-20T07:30:00Z,12192.1
2026-04-20T07:45:00Z,11940.4
2026-04-20T08:00:00Z,14372.4
2026-04-20T08:15:00Z,12780.7
2026-04-20T08:30:00Z,17712.9
2026-04-20T08:45:00Z,11945.8
2026-04-20T09:00:00Z,13358.0
2026-04-20T09:15:00Z,14099.3
2026-04-20T09:30:00Z,13554.6
2026-04-20T09:45:00Z,21708.2
2026-04-20T10:00:00Z,13293.3
2026-04-20T10:15:00Z,21832.8
2026-04-20T10:30:00Z,15488.7
2026-04-20T10:45:00Z,6390.9
2026-04-20T11:00:00Z,13970.6
2026-04-20T11:15:00Z,8694.4
2026-04-20T11:30:00Z,13720.8
2026-04-20T11:45:00Z,8738.9
2026-04-20T12:00:00Z,15423.8
2026-04-20T12:15:00Z,19521.5
2026-04-20T12:30:00Z,16713.1
2026-04-20T12:45:00Z,10531.7
2026-04-20T13:00:00Z,16351.0
2026-04-20T13:15:00Z,11316.9
2026-04-20T13:30:00Z,17599.8
2026-04-20T13:45:00Z,14819.0
2026-04-20T14:00:00Z,6482.9
2026-04-20T14:15:00Z,15076.1
2026-04-20T14:30:00Z,18445.2
2026-04-20T14:45:00Z,14302.1
2026-04-20T15:00:00Z,20172.5
2026-04-20T15:15:00Z,13104.2
2026-04-20T15:30:00Z,22484.2
2026-04-20T15:45:00Z,10544.9
2026-04-20T16:00:00Z,19676.6
2026-04-20T16:15:00Z,9874.2
2026-04-20T16:30:00Z,6785.5
2026-04-20T16:45:00Z,13701.1
2026-04-20T17:00:00Z,22317.2
2026-04-20T17:15:00Z,14470.1
2026-04-20T17:30:00Z,18207.9
2026-04-20T17:45:00Z,19967.2
2026-04-20T18:00:00Z,14256.3
2026-04-20T18:15:00Z,18632.3
2026-04-20T18:30:00Z,22116.8
2026-04-20T18:45:00Z,17443.7
2026-04-20T19:00:00Z,14544.4
2026-04-20T19:15:00Z,15681.2
2026-04-20T19:30:00Z,15615.3
2026-04-20T19:45:00Z,18835.4
2026-04-20T20:00:00Z,22062.1
2026-04-20T20:15:00Z,22873.4
2026-04-20T20:30:00Z,22729.2
2026-04-20T20:45:00Z,23049.4
2026-04-20T21:00:00Z,23060.0
2026-04-20T21:15:00Z,24213.4
2026-04-20T21:30:00Z,24074.4
2026-04-20T21:45:00Z,23077.2
2026-04-20T22:00:00Z,23636.0
2026-04-20T22:15:00Z,23839.9
2026-04-20T22:30:00Z,19166.4
2026-04-20T22:45:00Z,19879.9
2026-04-20T23:00:00Z,24458.4
2026-04-20T23:15:00Z,21704.7
2026-04-20T23:30:00Z,21989.0
2026-04-20T23:45:00Z,23554.8
2026-04-21T00:00:00Z,23146.0
2026-04-21T00:15:00Z,18275.9
2026-04-21T00:30:00Z,22806.6
2026-04-21T00:45:00Z,24198.1
2026-04-21T01:00:00Z,23298.1
2026-04-21T01:15:00Z,23226.0
2026-04-21T01:30:00Z,24548.8
2026-04-21T01:45:00Z,24335.1
2026-04-21T02:00:00Z,18022.0
2026-04-21T02:15:00Z,23318.6
2026-04-21T02:30:00Z,22623.4
2026-04-21T02:45:00Z,23883.4
2026-04-21T03:00:00Z,24108.5
2026-04-21T03:15:00Z,21195.8
2026-04-21T03:30:00Z,23526.0
2026-04-21T03:45:00Z,24583.9
2026-04-21T04:00:00Z,13606.6
2026-04-21T04:15:00Z,12802.8
2026-04-21T04:30:00Z,11552.3
2026-04-21T04:45:00Z,12179.1
2026-04-21T05:00:00Z,13855.6
2026-04-21T05:15:00Z,22271.0
2026-04-21T05:30:00Z,16929.3
2026-04-21T05:45:00Z,16469.1
2026-04-21T06:00:00Z,16496.9
2026-04-21T06:15:00Z,18379.7
2026-04-21T06:30:00Z,14658.7
2026-04-21T06:45:00Z,17408.3
2026-04-21T07:00:00Z,10634.4
2026-04-21T07:15:00Z,15258.4
2026-04-21T07:30:00Z,16601.5
2026-04-21T07:45:00Z,11324.4
2026-04-21T08:00:00Z,14435.7
2026-04-21T08:15:00Z,6006.1
2026-04-21T08:30:00Z,19440.3
2026-04-21T08:45:00Z,11873.4
2026-04-21T09:00:00Z,12876.6
2026-04-21T09:15:00Z,12913.4
2026-04-21T09:30:00Z,8471.9
2026-04-21T09:45:00Z,12960.2
2026-04-21T10:00:00Z,12251.0
2026-04-21T10:15:00Z,9271.2
2026-04-21T10:30:00Z,12986.1
2026-04-21T10:45:00Z,7709.5
2026-04-21T11:00:00Z,11056.1
2026-04-21T11:15:00Z,15967.1
2026-04-21T11:30:00Z,10586.2
2026-04-21T11:45:00Z,14584.4
2026-04-21T12:00:00Z,13035.7
2026-04-21T12:15:00Z,12225.6
2026-04-21T12:30:00Z,16306.4
2026-04-21T12:45:00Z,12681.6
2026-04-21T13:00:00Z,17426.8
2026-04-21T13:15:00Z,8612.1
2026-04-21T13:30:00Z,14627.3
2026-04-21T13:45:00Z,17994.9
2026-04-21T14:00:00Z,13651.6
2026-04-21T14:15:00Z,19023.9
2026-04-21T14:30:00Z,15262.7
2026-04-21T14:45:00Z,13660.5
2026-04-21T15:00:00Z,20108.0
2026-04-21T15:15:00Z,21437.3
2026-04-21T15:30:00Z,16568.7
2026-04-21T15:45:00Z,15308.1
2026-04-21T16:00:00Z,8106.0
2026-04-21T16:15:00Z,13559.8
2026-04-21T16:30:00Z,18888.6
2026-04-21T16:45:00Z,16454.1
2026-04-21T17:00:00Z,17091.4
2026-04-21T17:15:00Z,17245.0
2026-04-21T17:30:00Z,20175.6
2026-04-21T17:45:00Z,15562.1
2026-04-21T18:00:00Z,15202.3
2026-04-21T18:15:00Z,15120.8
2026-04-21T18:30:00Z,14157.2
2026-04-21T18:45:00Z,19223.4
2026-04-21T19:00:00Z,24012.6
2026-04-21T19:15:00Z,11133.8
2026-04-21T19:30:00Z,20131.8
2026-04-21T19:45:00Z,16647.5
2026-04-21T20:00:00Z,24479.1
2026-04-21T20:15:00Z,22480.0
2026-04-21T20:30:00Z,20526.6
2026-04-21T20:45:00Z,24073.5
2026-04-21T21:00:00Z,23873.9
2026-04-21T21:15:00Z,21998.1
2026-04-21T21:30:00Z,20974.8
2026-04-21T21:45:00Z,21899.5
2026-04-21T22:00:00Z,22401.2
2026-04-21T22:15:00Z,22074.6
2026-04-21T22:30:00Z,20460.9
2026-04-21T22:45:00Z,14573.0
2026-04-21T23:00:00Z,24093.1
2026-04-21T23:15:00Z,20827.8
2026-04-21T23:30:00Z,24224.4
2026-04-21T23:45:00Z,21892.5
2026-04-22T00:00:00Z,18916.2
2026-04-22T00:15:00Z,18955.1
2026-04-22T00:30:00Z,19179.0
2026-04-22T00:45:00Z,23810.4
2026-04-22T01:00:00Z,22857.9
2026-04-22T01:15:00Z,22999.5
2026-04-22T01:30:00Z,22359.5
2026-04-22T01:45:00Z,24163.5
2026-04-22T02:00:00Z,20514.8
2026-04-22T02:15:00Z,21399.0
2026-04-22T02:30:00Z,24203.5
2026-04-22T02:45:00Z,18907.1
2026-04-22T03:00:00Z,21219.4
2026-04-22T03:15:00Z,22847.7
2026-04-22T03:30:00Z,24464.2
2026-04-22T03:45:00Z,23131.4
2026-04-22T04:00:00Z,18787.2
2026-04-22T04:15:00Z,19644.9
2026-04-22T04:30:00Z,20023.1
2026-04-22T04:45:00Z,18455.7
2026-04-22T05:00:00Z,23014.4
2026-04-22T05:15:00Z,19255.6
2026-04-22T05:30:00Z,13857.3
2026-04-22T05:45:00Z,18579.4
2026-04-22T06:00:00Z,12257.0
2026-04-22T06:15:00Z,12712.7
2026-04-22T06:30:00Z,13600.4
2026-04-22T06:45:00Z,22390.2
2026-04-22T07:00:00Z,16347.7
2026-04-22T07:15:00Z,13344.8
2026-04-22T07:30:00Z,16177.4
2026-04-22T07:45:00Z,17400.7
2026-04-22T08:00:00Z,18621.0
2026-04-22T08:15:00Z,8491.9
2026-04-22T08:30:00Z,11721.4
2026-04-22T08:45:00Z,15096.1
2026-04-22T09:00:00Z,7644.7
2026-04-22T09:15:00Z,9028.2
2026-04-22T09:30:00Z,12356.2
2026-04-22T09:45:00Z,13617.4
2026-04-22T10:00:00Z,22171.1
2026-04-22T10:15:00Z,12489.1
2026-04-22T10:30:00Z,16832.6
2026-04-22T10:45:00Z,12047.0
2026-04-22T11:00:00Z,6621.6
2026-04-22T11:15:00Z,7721.4
2026-04-22T11:30:00Z,17077.1
2026-04-22T11:45:00Z,17333.0
2026-04-22T12:00:00Z,13313.0
2026-04-22T12:15:00Z,15934.4
2026-04-22T12:30:00Z,11894.7
2026-04-22T12:45:00Z,21849.5
2026-04-22T13:00:00Z,17234.1
2026-04-22T13:15:00Z,12034.8
2026-04-22T13:30:00Z,10823.2
2026-04-22T13:45:00Z,14519.2
2026-04-22T14:00:00Z,10658.2
2026-04-22T14:15:00Z,10619.8
2026-04-22T14:30:00Z,10792.6
2026-04-22T14:45:00Z,19034.0
2026-04-22T15:00:00Z,13944.1
2026-04-22T15:15:00Z,13732.8
2026-04-22T15:30:00Z,16450.3
2026-04-22T15:45:00Z,22183.7
2026-04-22T16:00:00Z,10252.8
2026-04-22T16:15:00Z,21324.4
2026-04-22T16:30:00Z,10874.1
2026-04-22T16:45:00Z,9899.2
2026-04-22T17:00:00Z,16023.9
2026-04-22T17:15:00Z,20505.5
2026-04-22T17:30:00Z,10483.1
2026-04-22T17:45:00Z,16296.6
2026-04-22T18:00:00Z,12912.4
2026-04-22T18:15:00Z,15487.1
2026-04-22T18:30:00Z,12740.4
2026-04-22T18:45:00Z,11702.4
2026-04-22T19:00:00Z,9536.3
2026-04-22T19:15:00Z,13985.7
2026-04-22T19:30:00Z,13608.0
2026-04-22T19:45:00Z,9388.2
2026-04-22T20:00:00Z,23522.7
2026-04-22T20:15:00Z,21832.5
2026-04-22T20:30:00Z,23190.4
2026-04-22T20:45:00Z,20319.9
2026-04-22T21:00:00Z,19717.4
2026-04-22T21:15:00Z,23040.1
2026-04-22T21:30:00Z,20284.8
2026-04-22T21:45:00Z,22387.2
2026-04-22T22:00:00Z,23214.4
2026-04-22T22:15:00Z,16796.4
2026-04-22T22:30:00Z,19060.1
2026-04-22T22:45:00Z,24419.3
2026-04-22T23:00:00Z,18934.4
2026-04-22T23:15:00Z,21053.9
2026-04-22T23:30:00Z,21745.0
2026-04-22T23:45:00Z,20887.0
2026-04-23T00:00:00Z,22816.0
2026-04-23T00:15:00Z,23402.2
2026-04-23T00:30:00Z,24077.8
2026-04-23T00:45:00Z,22709.0
2026-04-23T01:00:00Z,24185.2
2026-04-23T01:15:00Z,23905.6
2026-04-23T01:30:00Z,18950.4
2026-04-23T01:45:00Z,23429.5
2026-04-23T02:00:00Z,19255.7
2026-04-23T02:15:00Z,23079.1
2026-04-23T02:30:00Z,23146.2
2026-04-23T02:45:00Z,23326.9
2026-04-23T03:00:00Z,21360.3
2026-04-23T03:15:00Z,20511.3
2026-04-23T03:30:00Z,24275.7
2026-04-23T03:45:00Z,19779.1
2026-04-23T04:00:00Z,19244.5
2026-04-23T04:15:00Z,8252.8
2026-04-23T04:30:00Z,15056.4
2026-04-23T04:45:00Z,14281.2
2026-04-23T05:00:00Z,17501.4
2026-04-23T05:15:00Z,13642.5
2026-04-23T05:30:00Z,15772.8
2026-04-23T05:45:00Z,15064.7
2026-04-23T06:00:00Z,12712.8
2026-04-23T06:15:00Z,11272.4
2026-04-23T06:30:00Z,6801.1
2026-04-23T06:45:00Z,12144.7
2026-04-23T07:00:00Z,11878.7
2026-04-23T07:15:00Z,5487.5
2026-04-23T07:30:00Z,16265.6
2026-04-23T07:45:00Z,17008.8
2026-04-23T08:00:00Z,14795.2
2026-04-23T08:15:00Z,12450.6
2026-04-23T08:30:00Z,12324.8
2026-04-23T08:45:00Z,16891.0
2026-04-23T09:00:00Z,22909.5
2026-04-23T09:15:00Z,4582.8
2026-04-23T09:30:00Z,8310.2
2026-04-23T09:45:00Z,11413.6
2026-04-23T10:00:00Z,14874.7
2026-04-23T10:15:00Z,15052.7
2026-04-23T10:30:00Z,11041.1
2026-04-23T10:45:00Z,6517.9
2026-04-23T11:00:00Z,14505.4
2026-04-23T11:15:00Z,16195.4
2026-04-23T11:30:00Z,14766.1
2026-04-23T11:45:00Z,7850.5
2026-04-23T12:00:00Z,13251.4
2026-04-23T12:15:00Z,9499.8
2026-04-23T12:30:00Z,16285.9
2026-04-23T12:45:00Z,16589.6
2026-04-23T13:00:00Z,16706.0
2026-04-23T13:15:00Z,7658.5
2026-04-23T13:30:00Z,7713.5
2026-04-23T13:45:00Z,13712.2
2026-04-23T14:00:00Z,16260.3
2026-04-23T14:15:00Z,16642.6
2026-04-23T14:30:00Z,17959.7
2026-04-23T14:45:00Z,18887.3
2026-04-23T15:00:00Z,21057.9
2026-04-23T15:15:00Z,10642.3
2026-04-23T15:30:00Z,12089.9
2026-04-23T15:45:00Z,17949.5
2026-04-23T16:00:00Z,17844.5
2026-04-23T16:15:00Z,11154.9
2026-04-23T16:30:00Z,14599.0
2026-04-23T16:45:00Z,23272.8
2026-04-23T17:00:00Z,21241.0
2026-04-23T17:15:00Z,15155.0
2026-04-23T17:30:00Z,19469.2
2026-04-23T17:45:00Z,15268.3
2026-04-23T18:00:00Z,15266.1
2026-04-23T18:15:00Z,18930.7
2026-04-23T18:30:00Z,17018.9
2026-04-23T18:45:00Z,18938.1
2026-04-23T19:00:00Z,14145.7
2026-04-23T19:15:00Z,17180.1
2026-04-23T19:30:00Z,16797.0
2026-04-23T19:45:00Z,15019.3
2026-04-23T20:00:00Z,23050.0
2026-04-23T20:15:00Z,23602.1
2026-04-23T20:30:00Z,24222.8
2026-04-23T20:45:00Z,19756.6
2026-04-23T21:00:00Z,24433.3
2026-04-23T21:15:00Z,23027.2
2026-04-23T21:30:00Z,24441.8
2026-04-23T21:45:00Z,21659.0
2026-04-23T22:00:00Z,23014.0
2026-04-23T22:15:00Z,24564.5
2026-04-23T22:30:00Z,21722.4
2026-04-23T22:45:00Z,23356.7
2026-04-23T23:00:00Z,23918.0
2026-04-23T23:15:00Z,16549.5
2026-04-23T23:30:00Z,23384.9
2026-04-23T23:45:00Z,20568.0
2026-04-24T00:00:00Z,24641.4
2026-04-24T00:15:00Z,19475.2
2026-04-24T00:30:00Z,16407.6
2026-04-24T00:45:00Z,23460.5
2026-04-24T01:00:00Z,22790.3
2026-04-24T01:15:00Z,23118.4
2026-04-24T01:30:00Z,15004.7
2026-04-24T01:45:00Z,23825.7
2026-04-24T02:00:00Z,22889.4
2026-04-24T02:15:00Z,24197.4
2026-04-24T02:30:00Z,22576.8
2026-04-24T02:45:00Z,22746.6
2026-04-24T03:00:00Z,22628.0
2026-04-24T03:15:00Z,20083.6
2026-04-24T03:30:00Z,23750.0
2026-04-24T03:45:00Z,18716.3
2026-04-24T04:00:00Z,8330.6
2026-04-24T04:15:00Z,18581.3
2026-04-24T04:30:00Z,12669.9
2026-04-24T04:45:00Z,18321.5
2026-04-24T05:00:00Z,10266.2
2026-04-24T05:15:00Z,22136.5
2026-04-24T05:30:00Z,8250.6
2026-04-24T05:45:00Z,17373.1
2026-04-24T06:00:00Z,15743.3
2026-04-24T06:15:00Z,12478.8
2026-04-24T06:30:00Z,17318.7
2026-04-24T06:45:00Z,14250.2
2026-04-24T07:00:00Z,12223.1
2026-04-24T07:15:00Z,7067.8
2026-04-24T07:30:00Z,13002.4
2026-04-24T07:45:00Z,12890.7
2026-04-24T08:00:00Z,16775.0
2026-04-24T08:15:00Z,8922.6
2026-04-24T08:30:00Z,18254.1
2026-04-24T08:45:00Z,11539.0
2026-04-24T09:00:00Z,13777.4
2026-04-24T09:15:00Z,12626.5
2026-04-24T09:30:00Z,17766.2
2026-04-24T09:45:00Z,10975.7
2026-04-24T10:00:00Z,16680.3
2026-04-24T10:15:00Z,17472.1
2026-04-24T10:30:00Z,10871.1
2026-04-24T10:45:00Z,9177.8
2026-04-24T11:00:00Z,10021.4
2026-04-24T11:15:00Z,12333.7
2026-04-24T11:30:00Z,13741.4
2026-04-24T11:45:00Z,12376.0
2026-04-24T12:00:00Z,5833.8
2026-04-24T12:15:00Z,6292.3
2026-04-24T12:30:00Z,15157.3
2026-04-24T12:45:00Z,13875.3
2026-04-24T13:00:00Z,21819.8
2026-04-24T13:15:00Z,18402.2
2026-04-24T13:30:00Z,12243.9
2026-04-24T13:45:00Z,15168.8
2026-04-24T14:00:00Z,14137.5
2026-04-24T14:15:00Z,7893.5
2026-04-24T14:30:00Z,9497.1
2026-04-24T14:45:00Z,10927.7
2026-04-24T15:00:00Z,8294.4
2026-04-24T15:15:00Z,10918.7
2026-04-24T15:30:00Z,14170.5
2026-04-24T15:45:00Z,12543.8
2026-04-24T16:00:00Z,23579.0
2026-04-24T16:15:00Z,17451.2
2026-04-24T16:30:00Z,22558.3
2026-04-24T16:45:00Z,8868.9
2026-04-24T17:00:00Z,23014.5
2026-04-24T17:15:00Z,14618.4
2026-04-24T17:30:00Z,16478.0
2026-04-24T17:45:00Z,19075.0
2026-04-24T18:00:00Z,18089.3
2026-04-24T18:15:00Z,18552.0
2026-04-24T18:30:00Z,20059.2
2026-04-24T18:45:00Z,21700.2
2026-04-24T19:00:00Z,23412.5
2026-04-24T19:15:00Z,20532.9
2026-04-24T19:30:00Z,14996.9
2026-04-24T19:45:00Z,10707.5
2026-04-24T20:00:00Z,23525.6
2026-04-24T20:15:00Z,21057.4
2026-04-24T20:30:00Z,20760.6
2026-04-24T20:45:00Z,24052.7
2026-04-24T21:00:00Z,20621.7
2026-04-24T21:15:00Z,24035.5
2026-04-24T21:30:00Z,18321.3
2026-04-24T21:45:00Z,17614.2
2026-04-24T22:00:00Z,18674.1
2026-04-24T22:15:00Z,21247.2
2026-04-24T22:30:00Z,23138.1
2026-04-24T22:45:00Z,23304.4
2026-04-24T23:00:00Z,22622.8
2026-04-24T23:15:00Z,19201.0
2026-04-24T23:30:00Z,22853.7
2026-04-24T23:45:00Z,23286.6
2026-04-25T00:00:00Z,21715.3
2026-04-25T00:15:00Z,22877.1
2026-04-25T00:30:00Z,21852.1
2026-04-25T00:45:00Z,23337.2
2026-04-25T01:00:00Z,20197.7
2026-04-25T01:15:00Z,23104.5
2026-04-25T01:30:00Z,23938.7
2026-04-25T01:45:00Z,22724.2
2026-04-25T02:00:00Z,22636.4
2026-04-25T02:15:00Z,22581.7
2026-04-25T02:30:00Z,22620.4
2026-04-25T02:45:00Z,17714.2
2026-04-25T03:00:00Z,23691.2
2026-04-25T03:15:00Z,22998.7
2026-04-25T03:30:00Z,22123.5
2026-04-25T03:45:00Z,23894.8
2026-04-25T04:00:00Z,22867.2
2026-04-25T04:15:00Z,22775.9
2026-04-25T04:30:00Z,19080.5
2026-04-25T04:45:00Z,23432.6
2026-04-25T05:00:00Z,22126.1
2026-04-25T05:15:00Z,22171.0
2026-04-25T05:30:00Z,23222.3
2026-04-25T05:45:00Z,16193.3
2026-04-25T06:00:00Z,22360.5
2026-04-25T06:15:00Z,20231.1
2026-04-25T06:30:00Z,22365.6
2026-04-25T06:45:00Z,20323.7
2026-04-25T07:00:00Z,21732.3
2026-04-25T07:15:00Z,20959.0
2026-04-25T07:30:00Z,21016.5
2026-04-25T07:45:00Z,20767.8
2026-04-25T08:00:00Z,22623.8
2026-04-25T08:15:00Z,22524.4
2026-04-25T08:30:00Z,20985.3
2026-04-25T08:45:00Z,20305.7
2026-04-25T09:00:00Z,19445.1
2026-04-25T09:15:00Z,20653.0
2026-04-25T09:30:00Z,22343.5
2026-04-25T09:45:00Z,19063.9
2026-04-25T10:00:00Z,17775.0
2026-04-25T10:15:00Z,12750.5
2026-04-25T10:30:00Z,21176.7
2026-04-25T10:45:00Z,14970.2
2026-04-25T11:00:00Z,23073.0
2026-04-25T11:15:00Z,17351.6
2026-04-25T11:30:00Z,19198.6
2026-04-25T11:45:00Z,19291.3
2026-04-25T12:00:00Z,19311.6
2026-04-25T12:15:00Z,19558.2
2026-04-25T12:30:00Z,20904.5
2026-04-25T12:45:00Z,20522.6
2026-04-25T13:00:00Z,22130.1
2026-04-25T13:15:00Z,22482.6
2026-04-25T13:30:00Z,22573.4
2026-04-25T13:45:00Z,20527.5
2026-04-25T14:00:00Z,16053.5
2026-04-25T14:15:00Z,20353.4
2026-04-25T14:30:00Z,21982.2
2026-04-25T14:45:00Z,22960.6
2026-04-25T15:00:00Z,22708.8
2026-04-25T15:15:00Z,18316.5
2026-04-25T15:30:00Z,16678.8
2026-04-25T15:45:00Z,21304.2
2026-04-25T16:00:00Z,21509.4
2026-04-25T16:15:00Z,22309.6
2026-04-25T16:30:00Z,23072.7
2026-04-25T16:45:00Z,20734.2
2026-04-25T17:00:00Z,19576.5
2026-04-25T17:15:00Z,19765.2
2026-04-25T17:30:00Z,22843.6
2026-04-25T17:45:00Z,24046.6
2026-04-25T18:00:00Z,23804.7
2026-04-25T18:15:00Z,24157.1
2026-04-25T18:30:00Z,22203.3
2026-04-25T18:45:00Z,19837.5
2026-04-25T19:00:00Z,21263.7
2026-04-25T19:15:00Z,23390.3
2026-04-25T19:30:00Z,23006.3
2026-04-25T19:45:00Z,24395.6
2026-04-25T20:00:00Z,20633.8
2026-04-25T20:15:00Z,23768.9
2026-04-25T20:30:00Z,22846.7
2026-04-25T20:45:00Z,18766.2
2026-04-25T21:00:00Z,23307.9
2026-04-25T21:15:00Z,24638.5
2026-04-25T21:30:00Z,22664.3
2026-04-25T21:45:00Z,24152.3
2026-04-25T22:00:00Z,23623.2
2026-04-25T22:15:00Z,24027.2
2026-04-25T22:30:00Z,23058.3
2026-04-25T22:45:00Z,23891.0
2026-04-25T23:00:00Z,20849.6
2026-04-25T23:15:00Z,22562.6
2026-04-25T23:30:00Z,23172.3
2026-04-25T23:45:00Z,23511.3
2026-04-26T00:00:00Z,18294.7
2026-04-26T00:15:00Z,15265.3
2026-04-26T00:30:00Z,21978.4
2026-04-26T00:45:00Z,23383.9
2026-04-26T01:00:00Z,22668.7
2026-04-26T01:15:00Z,22103.3
2026-04-26T01:30:00Z,23460.5
2026-04-26T01:45:00Z,15947.5
2026-04-26T02:00:00Z,22545.6
2026-04-26T02:15:00Z,23571.8
2026-04-26T02:30:00Z,21694.6
2026-04-26T02:45:00Z,23362.2
2026-04-26T03:00:00Z,23012.5
2026-04-26T03:15:00Z,23083.3
2026-04-26T03:30:00Z,23402.8
2026-04-26T03:45:00Z,20008.9
2026-04-26T04:00:00Z,24236.8
2026-04-26T04:15:00Z,23487.9
2026-04-26T04:30:00Z,19463.4
2026-04-26T04:45:00Z,15555.4
2026-04-26T05:00:00Z,22981.7
2026-04-26T05:15:00Z,15556.6
2026-04-26T05:30:00Z,22611.3
2026-04-26T05:45:00Z,22604.3
2026-04-26T06:00:00Z,22057.6
2026-04-26T06:15:00Z,20949.1
2026-04-26T06:30:00Z,23149.3
2026-04-26T06:45:00Z,20262.9
2026-04-26T07:00:00Z,22872.2
2026-04-26T07:15:00Z,20824.4
2026-04-26T07:30:00Z,22694.3
2026-04-26T07:45:00Z,21658.3
2026-04-26T08:00:00Z,20205.5
2026-04-26T08:15:00Z,18894.3
2026-04-26T08:30:00Z,20076.4
2026-04-26T08:45:00Z,20229.2
2026-04-26T09:00:00Z,14228.5
2026-04-26T09:15:00Z,20790.2
2026-04-26T09:30:00Z,20965.3
2026-04-26T09:45:00Z,14888.5
2026-04-26T10:00:00Z,21613.6
2026-04-26T10:15:00Z,20101.1
2026-04-26T10:30:00Z,22831.0
2026-04-26T10:45:00Z,20991.1
2026-04-26T11:00:00Z,20925.7
2026-04-26T11:15:00Z,21943.0
2026-04-26T11:30:00Z,21452.7
2026-04-26T11:45:00Z,21349.5
2026-04-26T12:00:00Z,21815.9
2026-04-26T12:15:00Z,21919.2
2026-04-26T12:30:00Z,16283.7
2026-04-26T12:45:00Z,19170.0
2026-04-26T13:00:00Z,20009.3
2026-04-26T13:15:00Z,18708.1
2026-04-26T13:30:00Z,15415.1
2026-04-26T13:45:00Z,21598.6
2026-04-26T14:00:00Z,17859.1
2026-04-26T14:15:00Z,17143.8
2026-04-26T14:30:00Z,20757.9
2026-04-26T14:45:00Z,13900.7
2026-04-26T15:00:00Z,20059.5
2026-04-26T15:15:00Z,17641.2
2026-04-26T15:30:00Z,22473.7
2026-04-26T15:45:00Z,19129.2
2026-04-26T16:00:00Z,20742.8
2026-04-26T16:15:00Z,15434.4
2026-04-26T16:30:00Z,21593.9
2026-04-26T16:45:00Z,16844.8
2026-04-26T17:00:00Z,22680.3
2026-04-26T17:15:00Z,23314.4
2026-04-26T17:30:00Z,21892.5
2026-04-26T17:45:00Z,19052.7
2026-04-26T18:00:00Z,24653.9
2026-04-26T18:15:00Z,24063.2
2026-04-26T18:30:00Z,23453.2
2026-04-26T18:45:00Z,23737.2
2026-04-26T19:00:00Z,17119.1
2026-04-26T19:15:00Z,16100.5
2026-04-26T19:30:00Z,13390.9
2026-04-26T19:45:00Z,16049.4
2026-04-26T20:00:00Z,22777.7
2026-04-26T20:15:00Z,23513.1
2026-04-26T20:30:00Z,23816.3
2026-04-26T20:45:00Z,19714.1
2026-04-26T21:00:00Z,22055.0
2026-04-26T21:15:00Z,22580.5
2026-04-26T21:30:00Z,12249.0
2026-04-26T21:45:00Z,20552.7
2026-04-26T22:00:00Z,20065.9
2026-04-26T22:15:00Z,21836.4
2026-04-26T22:30:00Z,22603.0
2026-04-26T22:45:00Z,22105.0
2026-04-26T23:00:00Z,22449.3
2026-04-26T23:15:00Z,18222.3
2026-04-26T23:30:00Z,24517.3
2026-04-26T23:45:00Z,23142.1
2026-04-27T00:00:00Z,22313.1
2026-04-27T00:15:00Z,19350.7
2026-04-27T00:30:00Z,20676.9
2026-04-27T00:45:00Z,24031.7
2026-04-27T01:00:00Z,20452.9
2026-04-27T01:15:00Z,17498.1
2026-04-27T01:30:00Z,20967.9
2026-04-27T01:45:00Z,20339.4
2026-04-27T02:00:00Z,22809.4
2026-04-27T02:15:00Z,23335.8
2026-04-27T02:30:00Z,17547.9
2026-04-27T02:45:00Z,22389.9
2026-04-27T03:00:00Z,19679.6
2026-04-27T03:15:00Z,20349.6
2026-04-27T03:30:00Z,18242.1
2026-04-27T03:45:00Z,23898.4
2026-04-27T04:00:00Z,14725.8
2026-04-27T04:15:00Z,13832.8
2026-04-27T04:30:00Z,7772.1
2026-04-27T04:45:00Z,14827.8
2026-04-27T05:00:00Z,17867.9
2026-04-27T05:15:00Z,11249.4
2026-04-27T05:30:00Z,17033.0
2026-04-27T05:45:00Z,8660.3
2026-04-27T06:00:00Z,13196.9
2026-04-27T06:15:00Z,16721.6
2026-04-27T06:30:00Z,12849.8
2026-04-27T06:45:00Z,12026.0
2026-04-27T07:00:00Z,12345.2
2026-04-27T07:15:00Z,8768.0
2026-04-27T07:30:00Z,8805.1
2026-04-27T07:45:00Z,15302.5
2026-04-27T08:00:00Z,12700.4
2026-04-27T08:15:00Z,15745.5
2026-04-27T08:30:00Z,8978.2
2026-04-27T08:45:00Z,9939.5
2026-04-27T09:00:00Z,12600.2
2026-04-27T09:15:00Z,6973.0
2026-04-27T09:30:00Z,11124.3
2026-04-27T09:45:00Z,5516.0
2026-04-27T10:00:00Z,18277.8
2026-04-27T10:15:00Z,14163.4
2026-04-27T10:30:00Z,9230.1
2026-04-27T10:45:00Z,7739.0
2026-04-27T11:00:00Z,16197.5
2026-04-27T11:15:00Z,14361.4
2026-04-27T11:30:00Z,14098.3
2026-04-27T11:45:00Z,9617.5
2026-04-27T12:00:00Z,21550.0
2026-04-27T12:15:00Z,12303.0
2026-04-27T12:30:00Z,17110.8
2026-04-27T12:45:00Z,8669.7
2026-04-27T13:00:00Z,12518.5
2026-04-27T13:15:00Z,21046.3
2026-04-27T13:30:00Z,19756.6
2026-04-27T13:45:00Z,20882.2
2026-04-27T14:00:00Z,19169.5
2026-04-27T14:15:00Z,13778.4
2026-04-27T14:30:00Z,8088.2
2026-04-27T14:45:00Z,8496.7
2026-04-27T15:00:00Z,9962.9
2026-04-27T15:15:00Z,18638.2
2026-04-27T15:30:00Z,11803.6
2026-04-27T15:45:00Z,6449.7
2026-04-27T16:00:00Z,13758.2
2026-04-27T16:15:00Z,8858.3
2026-04-27T16:30:00Z,9339.5
2026-04-27T16:45:00Z,14667.7
2026-04-27T17:00:00Z,11131.1
2026-04-27T17:15:00Z,13946.7
2026-04-27T17:30:00Z,18692.2
2026-04-27T17:45:00Z,10949.5
2026-04-27T18:00:00Z,23172.6
2026-04-27T18:15:00Z,15340.9
2026-04-27T18:30:00Z,22273.6
2026-04-27T18:45:00Z,19466.7
2026-04-27T19:00:00Z,10240.1
2026-04-27T19:15:00Z,10623.0
2026-04-27T19:30:00Z,12415.3
2026-04-27T19:45:00Z,15827.7
2026-04-27T20:00:00Z,20975.3
2026-04-27T20:15:00Z,22180.5
2026-04-27T20:30:00Z,24361.3
2026-04-27T20:45:00Z,24280.3
2026-04-27T21:00:00Z,21214.9
2026-04-27T21:15:00Z,23170.4
2026-04-27T21:30:00Z,22774.3
2026-04-27T21:45:00Z,22463.5
2026-04-27T22:00:00Z,23774.8
2026-04-27T22:15:00Z,22226.7
2026-04-27T22:30:00Z,19544.8
2026-04-27T22:45:00Z,22309.4
2026-04-27T23:00:00Z,19204.2
2026-04-27T23:15:00Z,20446.4
2026-04-27T23:30:00Z,21674.4
2026-04-27T23:45:00Z,23946.0
2026-04-28T00:00:00Z,20509.1
2026-04-28T00:15:00Z,23958.6
2026-04-28T00:30:00Z,23092.4
2026-04-28T00:45:00Z,22863.6
2026-04-28T01:00:00Z,21084.7
2026-04-28T01:15:00Z,18780.0
2026-04-28T01:30:00Z,21918.1
2026-04-28T01:45:00Z,23751.1
2026-04-28T02:00:00Z,23090.9
2026-04-28T02:15:00Z,24002.6
2026-04-28T02:30:00Z,20322.9
2026-04-28T02:45:00Z,20906.5
2026-04-28T03:00:00Z,23708.5
2026-04-28T03:15:00Z,22237.2
2026-04-28T03:30:00Z,18451.4
2026-04-28T03:45:00Z,22907.1
2026-04-28T04:00:00Z,16031.0
2026-04-28T04:15:00Z,16250.6
2026-04-28T04:30:00Z,10706.3
2026-04-28T04:45:00Z,14276.2
2026-04-28T05:00:00Z,17132.8
2026-04-28T05:15:00Z,13997.2
2026-04-28T05:30:00Z,11690.4
2026-04-28T05:45:00Z,19013.7
2026-04-28T06:00:00Z,15093.0
2026-04-28T06:15:00Z,15075.6
2026-04-28T06:30:00Z,23372.5
2026-04-28T06:45:00Z,21103.7
2026-04-28T07:00:00Z,13536.4
2026-04-28T07:15:00Z,21321.1
2026-04-28T07:30:00Z,6924.0
2026-04-28T07:45:00Z,13165.3
2026-04-28T08:00:00Z,6944.8
2026-04-28T08:15:00Z,11740.6
2026-04-28T08:30:00Z,9525.7
2026-04-28T08:45:00Z,20698.8
2026-04-28T09:00:00Z,8089.6
2026-04-28T09:15:00Z,17624.6
2026-04-28T09:30:00Z,11109.1
2026-04-28T09:45:00Z,9693.3
2026-04-28T10:00:00Z,13093.5
2026-04-28T10:15:00Z,12804.5
2026-04-28T10:30:00Z,14367.5
2026-04-28T10:45:00Z,18933.0
2026-04-28T11:00:00Z,17641.8
2026-04-28T11:15:00Z,7971.4
2026-04-28T11:30:00Z,14149.9
2026-04-28T11:45:00Z,13002.7
2026-04-28T12:00:00Z,18564.5
2026-04-28T12:15:00Z,16597.9
2026-04-28T12:30:00Z,13120.3
2026-04-28T12:45:00Z,7672.2
2026-04-28T13:00:00Z,5896.1
2026-04-28T13:15:00Z,10742.1
2026-04-28T13:30:00Z,11579.7
2026-04-28T13:45:00Z,16908.3
2026-04-28T14:00:00Z,11152.3
2026-04-28T14:15:00Z,8944.3
2026-04-28T14:30:00Z,15122.5
2026-04-28T14:45:00Z,13522.3
2026-04-28T15:00:00Z,10651.6
2026-04-28T15:15:00Z,11771.0
2026-04-28T15:30:00Z,16802.6
2026-04-28T15:45:00Z,14086.9
2026-04-28T16:00:00Z,14125.0
2026-04-28T16:15:00Z,12764.8
2026-04-28T16:30:00Z,20211.8
2026-04-28T16:45:00Z,8032.3
2026-04-28T17:00:00Z,10969.2
2026-04-28T17:15:00Z,9965.6
2026-04-28T17:30:00Z,10056.3
2026-04-28T17:45:00Z,11339.6
2026-04-28T18:00:00Z,6781.0
2026-04-28T18:15:00Z,10519.3
2026-04-28T18:30:00Z,23874.4
2026-04-28T18:45:00Z,19930.4
2026-04-28T19:00:00Z,11016.9
2026-04-28T19:15:00Z,13762.3
2026-04-28T19:30:00Z,14545.8
2026-04-28T19:45:00Z,15922.8
2026-04-28T20:00:00Z,20822.2
2026-04-28T20:15:00Z,22173.8
2026-04-28T20:30:00Z,22297.8
2026-04-28T20:45:00Z,19917.2
2026-04-28T21:00:00Z,23684.8
2026-04-28T21:15:00Z,23064.2
2026-04-28T21:30:00Z,16976.7
2026-04-28T21:45:00Z,19079.5
2026-04-28T22:00:00Z,24340.4
2026-04-28T22:15:00Z,20637.4
2026-04-28T22:30:00Z,22598.5
2026-04-28T22:45:00Z,21952.7
2026-04-28T23:00:00Z,21030.3
2026-04-28T23:15:00Z,24180.8
2026-04-28T23:30:00Z,22053.5
2026-04-28T23:45:00Z,19611.6
2026-04-29T00:00:00Z,23336.2
2026-04-29T00:15:00Z,23504.3
2026-04-29T00:30:00Z,22369.9
2026-04-29T00:45:00Z,19698.3
2026-04-29T01:00:00Z,22399.4
2026-04-29T01:15:00Z,23214.9
2026-04-29T01:30:00Z,19158.5
2026-04-29T01:45:00Z,24241.7
2026-04-29T02:00:00Z,23935.9
2026-04-29T02:15:00Z,16509.1
2026-04-29T02:30:00Z,16585.8
2026-04-29T02:45:00Z,17199.2
2026-04-29T03:00:00Z,16989.7
2026-04-29T03:15:00Z,13586.4
2026-04-29T03:30:00Z,13004.3
2026-04-29T03:45:00Z,17473.1
2026-04-29T04:00:00Z,19239.7
2026-04-29T04:15:00Z,18192.1
2026-04-29T04:30:00Z,12484.4
2026-04-29T04:45:00Z,14016.1
2026-04-29T05:00:00Z,18163.9
2026-04-29T05:15:00Z,19315.5
2026-04-29T05:30:00Z,12308.3
2026-04-29T05:45:00Z,12470.6
2026-04-29T06:00:00Z,17471.1
2026-04-29T06:15:00Z,10159.1
2026-04-29T06:30:00Z,16987.1
2026-04-29T06:45:00Z,17646.8
2026-04-29T07:00:00Z,13355.0
2026-04-29T07:15:00Z,16445.2
2026-04-29T07:30:00Z,17318.4
2026-04-29T07:45:00Z,16308.6
2026-04-29T08:00:00Z,11821.7
2026-04-29T08:15:00Z,12954.4
2026-04-29T08:30:00Z,11545.7
2026-04-29T08:45:00Z,12863.7
2026-04-29T09:00:00Z,18035.0
2026-04-29T09:15:00Z,11169.7
2026-04-29T09:30:00Z,13012.4
2026-04-29T09:45:00Z,7727.1
2026-04-29T10:00:00Z,13572.8
2026-04-29T10:15:00Z,12950.5
2026-04-29T10:30:00Z,19033.4
2026-04-29T10:45:00Z,5285.3
2026-04-29T11:00:00Z,12720.3
2026-04-29T11:15:00Z,20898.5
2026-04-29T11:30:00Z,9363.8
2026-04-29T11:45:00Z,10159.6
2026-04-29T12:00:00Z,16146.7
2026-04-29T12:15:00Z,10339.6
2026-04-29T12:30:00Z,10063.7
2026-04-29T12:45:00Z,15648.8
2026-04-29T13:00:00Z,13527.9
2026-04-29T13:15:00Z,10671.5
2026-04-29T13:30:00Z,15429.2
2026-04-29T13:45:00Z,17591.8
2026-04-29T14:00:00Z,20765.2
2026-04-29T14:15:00Z,10958.5
2026-04-29T14:30:00Z,12507.2
2026-04-29T14:45:00Z,14174.6
2026-04-29T15:00:00Z,17715.4
2026-04-29T15:15:00Z,9277.3
2026-04-29T15:30:00Z,11372.2
2026-04-29T15:45:00Z,11552.0
2026-04-29T16:00:00Z,10114.9
2026-04-29T16:15:00Z,12350.3
2026-04-29T16:30:00Z,22458.1
2026-04-29T16:45:00Z,15346.5
2026-04-29T17:00:00Z,16624.0
2026-04-29T17:15:00Z,12233.3
2026-04-29T17:30:00Z,18751.6
2026-04-29T17:45:00Z,14973.0
2026-04-29T18:00:00Z,18591.5
2026-04-29T18:15:00Z,9852.4
2026-04-29T18:30:00Z,17312.8
2026-04-29T18:45:00Z,11389.8
2026-04-29T19:00:00Z,20572.4
2026-04-29T19:15:00Z,22296.5
2026-04-29T19:30:00Z,11133.6
2026-04-29T19:45:00Z,9945.0
2026-04-29T20:00:00Z,21972.2
2026-04-29T20:15:00Z,16693.1
2026-04-29T20:30:00Z,23960.0
2026-04-29T20:45:00Z,24406.5
2026-04-29T21:00:00Z,23024.5
2026-04-29T21:15:00Z,21768.1
2026-04-29T21:30:00Z,22899.7
2026-04-29T21:45:00Z,23138.1
2026-04-29T22:00:00Z,23231.5
2026-04-29T22:15:00Z,23573.4
2026-04-29T22:30:00Z,16307.6
2026-04-29T22:45:00Z,23591.1
2026-04-29T23:00:00Z,16608.2
2026-04-29T23:15:00Z,24497.8
2026-04-29T23:30:00Z,16265.5
2026-04-29T23:45:00Z,24620.8
2026-04-30T00:00:00Z,24259.0
2026-04-30T00:15:00Z,22301.1
2026-04-30T00:30:00Z,22858.4
2026-04-30T00:45:00Z,21685.9
2026-04-30T01:00:00Z,24309.1
2026-04-30T01:15:00Z,24159.6
2026-04-30T01:30:00Z,23687.8
2026-04-30T01:45:00Z,20271.7
2026-04-30T02:00:00Z,23333.8
2026-04-30T02:15:00Z,19286.0
2026-04-30T02:30:00Z,23513.2
2026-04-30T02:45:00Z,24182.0
2026-04-30T03:00:00Z,20620.6
2026-04-30T03:15:00Z,22363.4
2026-04-30T03:30:00Z,23749.1
2026-04-30T03:45:00Z,18966.9
2026-04-30T04:00:00Z,23254.5
2026-04-30T04:15:00Z,16197.7
2026-04-30T04:30:00Z,21913.2
2026-04-30T04:45:00Z,14536.3
2026-04-30T05:00:00Z,12095.8
2026-04-30T05:15:00Z,17210.2
2026-04-30T05:30:00Z,11664.0
2026-04-30T05:45:00Z,18754.0
2026-04-30T06:00:00Z,22751.6
2026-04-30T06:15:00Z,16411.2
2026-04-30T06:30:00Z,13150.9
2026-04-30T06:45:00Z,17859.0
2026-04-30T07:00:00Z,22605.5
2026-04-30T07:15:00Z,14879.1
2026-04-30T07:30:00Z,9132.2
2026-04-30T07:45:00Z,17361.3
2026-04-30T08:00:00Z,19298.8
2026-04-30T08:15:00Z,21513.9
2026-04-30T08:30:00Z,11041.0
2026-04-30T08:45:00Z,5255.2
2026-04-30T09:00:00Z,9029.1
2026-04-30T09:15:00Z,10793.6
2026-04-30T09:30:00Z,14991.5
2026-04-30T09:45:00Z,18593.9
2026-04-30T10:00:00Z,16465.6
2026-04-30T10:15:00Z,14590.0
2026-04-30T10:30:00Z,13274.0
2026-04-30T10:45:00Z,9827.2
2026-04-30T11:00:00Z,15493.9
2026-04-30T11:15:00Z,14877.5
2026-04-30T11:30:00Z,17400.2
2026-04-30T11:45:00Z,13562.9
2026-04-30T12:00:00Z,13058.3
2026-04-30T12:15:00Z,6192.5
2026-04-30T12:30:00Z,10168.2
2026-04-30T12:45:00Z,6089.8
2026-04-30T13:00:00Z,4627.0
2026-04-30T13:15:00Z,13088.0
2026-04-30T13:30:00Z,11337.9
2026-04-30T13:45:00Z,8170.8
2026-04-30T14:00:00Z,10771.8
2026-04-30T14:15:00Z,14047.1
2026-04-30T14:30:00Z,7872.0
2026-04-30T14:45:00Z,9289.4
2026-04-30T15:00:00Z,14023.3
2026-04-30T15:15:00Z,13239.6
2026-04-30T15:30:00Z,19049.7
2026-04-30T15:45:00Z,12923.1
2026-04-30T16:00:00Z,14763.6
2026-04-30T16:15:00Z,13261.2
2026-04-30T16:30:00Z,17821.1
2026-04-30T16:45:00Z,22355.4
2026-04-30T17:00:00Z,18542.9
2026-04-30T17:15:00Z,21746.6
2026-04-30T17:30:00Z,14908.9
2026-04-30T17:45:00Z,12461.0
2026-04-30T18:00:00Z,15519.1
2026-04-30T18:15:00Z,17577.5
2026-04-30T18:30:00Z,17360.3
2026-04-30T18:45:00Z,18519.3
2026-04-30T19:00:00Z,15872.9
2026-04-30T19:15:00Z,19727.9
2026-04-30T19:30:00Z,16817.3
2026-04-30T19:45:00Z,14895.6
2026-04-30T20:00:00Z,20226.9
2026-04-30T20:15:00Z,21748.4
2026-04-30T20:30:00Z,23788.1
2026-04-30T20:45:00Z,21887.9
2026-04-30T21:00:00Z,24106.8
2026-04-30T21:15:00Z,22151.2
2026-04-30T21:30:00Z,24066.4
2026-04-30T21:45:00Z,22346.7
2026-04-30T22:00:00Z,20719.2
2026-04-30T22:15:00Z,23960.1
2026-04-30T22:30:00Z,18678.8
2026-04-30T22:45:00Z,18762.8
2026-04-30T23:00:00Z,19174.8
2026-04-30T23:15:00Z,23224.8
2026-04-30T23:30:00Z,23535.2
2026-04-30T23:45:00Z,18024.9
2026-05-01T00:00:00Z,22231.3
2026-05-01T00:15:00Z,20483.3
2026-05-01T00:30:00Z,24039.3
2026-05-01T00:45:00Z,23769.9
2026-05-01T01:00:00Z,22743.8
2026-05-01T01:15:00Z,22469.6
2026-05-01T01:30:00Z,22694.2
2026-05-01T01:45:00Z,15339.8
2026-05-01T02:00:00Z,23553.2
2026-05-01T02:15:00Z,21872.4
2026-05-01T02:30:00Z,23238.1
2026-05-01T02:45:00Z,19124.0
2026-05-01T03:00:00Z,19389.9
2026-05-01T03:15:00Z,18335.2
2026-05-01T03:30:00Z,23785.4
2026-05-01T03:45:00Z,23668.4
2026-05-01T04:00:00Z,16015.2
2026-05-01T04:15:00Z,18587.1
2026-05-01T04:30:00Z,12323.1
2026-05-01T04:45:00Z,8197.2
2026-05-01T05:00:00Z,21823.5
2026-05-01T05:15:00Z,15006.5
2026-05-01T05:30:00Z,12790.0
2026-05-01T05:45:00Z,17803.1
2026-05-01T06:00:00Z,17598.3
2026-05-01T06:15:00Z,15470.9
2026-05-01T06:30:00Z,12996.7
2026-05-01T06:45:00Z,19650.8
2026-05-01T07:00:00Z,9910.8
2026-05-01T07:15:00Z,11931.4
2026-05-01T07:30:00Z,18464.7
2026-05-01T07:45:00Z,11925.4
2026-05-01T08:00:00Z,21205.7
2026-05-01T08:15:00Z,11454.6
2026-05-01T08:30:00Z,13318.8
2026-05-01T08:45:00Z,20605.8
2026-05-01T09:00:00Z,12019.5
2026-05-01T09:15:00Z,13603.5
2026-05-01T09:30:00Z,15074.4
2026-05-01T09:45:00Z,12381.9
2026-05-01T10:00:00Z,12173.4
2026-05-01T10:15:00Z,16471.1
2026-05-01T10:30:00Z,15330.3
2026-05-01T10:45:00Z,17877.8
2026-05-01T11:00:00Z,17982.2
2026-05-01T11:15:00Z,15763.2
2026-05-01T11:30:00Z,12634.8
2026-05-01T11:45:00Z,11480.9
2026-05-01T12:00:00Z,17286.7
2026-05-01T12:15:00Z,13595.1
2026-05-01T12:30:00Z,17840.7
2026-05-01T12:45:00Z,16506.4
2026-05-01T13:00:00Z,19746.4
2026-05-01T13:15:00Z,12746.4
2026-05-01T13:30:00Z,22558.3
2026-05-01T13:45:00Z,14800.8
2026-05-01T14:00:00Z,8625.9
2026-05-01T14:15:00Z,10295.1
2026-05-01T14:30:00Z,7139.3
2026-05-01T14:45:00Z,18938.4
2026-05-01T15:00:00Z,20514.8
2026-05-01T15:15:00Z,18233.4
2026-05-01T15:30:00Z,7933.6
2026-05-01T15:45:00Z,20894.1
2026-05-01T16:00:00Z,14691.6
2026-05-01T16:15:00Z,12849.7
2026-05-01T16:30:00Z,13240.3
2026-05-01T16:45:00Z,14186.7
2026-05-01T17:00:00Z,11372.9
2026-05-01T17:15:00Z,13983.9
2026-05-01T17:30:00Z,15115.9
2026-05-01T17:45:00Z,12584.9
2026-05-01T18:00:00Z,10435.3
2026-05-01T18:15:00Z,17961.9
2026-05-01T18:30:00Z,18704.8
2026-05-01T18:45:00Z,18435.0
2026-05-01T19:00:00Z,8348.9
2026-05-01T19:15:00Z,20363.4
2026-05-01T19:30:00Z,8594.0
2026-05-01T19:45:00Z,14452.0
2026-05-01T20:00:00Z,20570.0
2026-05-01T20:15:00Z,24308.3
2026-05-01T20:30:00Z,24204.8
2026-05-01T20:45:00Z,16098.7
2026-05-01T21:00:00Z,18361.5
2026-05-01T21:15:00Z,20851.0
2026-05-01T21:30:00Z,21475.5
2026-05-01T21:45:00Z,23439.2
2026-05-01T22:00:00Z,23596.3
2026-05-01T22:15:00Z,18672.7
2026-05-01T22:30:00Z,24179.0
2026-05-01T22:45:00Z,23490.5
2026-05-01T23:00:00Z,23883.8
2026-05-01T23:15:00Z,22286.7
2026-05-01T23:30:00Z,22838.5
2026-05-01T23:45:00Z,19386.2
2026-05-02T00:00:00Z,21395.8
2026-05-02T00:15:00Z,22998.0
2026-05-02T00:30:00Z,19082.4
2026-05-02T00:45:00Z,22924.6
2026-05-02T01:00:00Z,17819.4
2026-05-02T01:15:00Z,23527.7
2026-05-02T01:30:00Z,21657.7
2026-05-02T01:45:00Z,16952.4
2026-05-02T02:00:00Z,23167.6
2026-05-02T02:15:00Z,23292.1
2026-05-02T02:30:00Z,15902.3
2026-05-02T02:45:00Z,18861.3
2026-05-02T03:00:00Z,21341.1
2026-05-02T03:15:00Z,22486.2
2026-05-02T03:30:00Z,23169.5
2026-05-02T03:45:00Z,22989.4
2026-05-02T04:00:00Z,23868.1
2026-05-02T04:15:00Z,22905.7
2026-05-02T04:30:00Z,22474.1
2026-05-02T04:45:00Z,22860.7
2026-05-02T05:00:00Z,23857.6
2026-05-02T05:15:00Z,22546.3
2026-05-02T05:30:00Z,18313.4
2026-05-02T05:45:00Z,22349.6
2026-05-02T06:00:00Z,14703.0
2026-05-02T06:15:00Z,19512.3
2026-05-02T06:30:00Z,22489.6
2026-05-02T06:45:00Z,22720.8
2026-05-02T07:00:00Z,20006.1
2026-05-02T07:15:00Z,21009.7
2026-05-02T07:30:00Z,21947.5
2026-05-02T07:45:00Z,20288.6
2026-05-02T08:00:00Z,18154.5
2026-05-02T08:15:00Z,20994.3
2026-05-02T08:30:00Z,18383.0
2026-05-02T08:45:00Z,17950.3
2026-05-02T09:00:00Z,20419.0
2026-05-02T09:15:00Z,13011.7
2026-05-02T09:30:00Z,18966.5
2026-05-02T09:45:00Z,20433.0
2026-05-02T10:00:00Z,18224.1
2026-05-02T10:15:00Z,18653.5
2026-05-02T10:30:00Z,16860.0
2026-05-02T10:45:00Z,22651.9
2026-05-02T11:00:00Z,20010.2
2026-05-02T11:15:00Z,20899.8
2026-05-02T11:30:00Z,21963.2
2026-05-02T11:45:00Z,17735.8
2026-05-02T12:00:00Z,18976.7
2026-05-02T12:15:00Z,22405.3
2026-05-02T12:30:00Z,22773.0
2026-05-02T12:45:00Z,19656.7
2026-05-02T13:00:00Z,20761.8
2026-05-02T13:15:00Z,22002.6
2026-05-02T13:30:00Z,22283.2
2026-05-02T13:45:00Z,20852.8
2026-05-02T14:00:00Z,17467.9
2026-05-02T14:15:00Z,20635.8
2026-05-02T14:30:00Z,22726.5
2026-05-02T14:45:00Z,16899.8
2026-05-02T15:00:00Z,20541.7
2026-05-02T15:15:00Z,20842.5
2026-05-02T15:30:00Z,15933.0
2026-05-02T15:45:00Z,23440.5
2026-05-02T16:00:00Z,23118.5
2026-05-02T16:15:00Z,21810.5
2026-05-02T16:30:00Z,22124.0
2026-05-02T16:45:00Z,23446.8
2026-05-02T17:00:00Z,21119.4
2026-05-02T17:15:00Z,21710.6
2026-05-02T17:30:00Z,24171.9
2026-05-02T17:45:00Z,23116.9
2026-05-02T18:00:00Z,20881.8
2026-05-02T18:15:00Z,17725.5
2026-05-02T18:30:00Z,23157.0
2026-05-02T18:45:00Z,23585.8
2026-05-02T19:00:00Z,23105.9
2026-05-02T19:15:00Z,23876.5
2026-05-02T19:30:00Z,23165.6
2026-05-02T19:45:00Z,24507.5
2026-05-02T20:00:00Z,24175.2
2026-05-02T20:15:00Z,19116.0
2026-05-02T20:30:00Z,23517.4
2026-05-02T20:45:00Z,21586.1
2026-05-02T21:00:00Z,22291.4
2026-05-02T21:15:00Z,22159.2
2026-05-02T21:30:00Z,24245.3
2026-05-02T21:45:00Z,18230.3
2026-05-02T22:00:00Z,23600.3
2026-05-02T22:15:00Z,23055.9
2026-05-02T22:30:00Z,17094.2
2026-05-02T22:45:00Z,23829.1
2026-05-02T23:00:00Z,17752.5
2026-05-02T23:15:00Z,22202.0
2026-05-02T23:30:00Z,22551.0
2026-05-02T23:45:00Z,16670.0
2026-05-03T00:00:00Z,23608.9
2026-05-03T00:15:00Z,23285.6
2026-05-03T00:30:00Z,23310.0
2026-05-03T00:45:00Z,21109.6
2026-05-03T01:00:00Z,21967.8
2026-05-03T01:15:00Z,23949.1
2026-05-03T01:30:00Z,18910.9
2026-05-03T01:45:00Z,22925.2
2026-05-03T02:00:00Z,23867.9
2026-05-03T02:15:00Z,23610.8
2026-05-03T02:30:00Z,23187.3
2026-05-03T02:45:00Z,18509.1
2026-05-03T03:00:00Z,21871.4
2026-05-03T03:15:00Z,23913.7
2026-05-03T03:30:00Z,23312.5
2026-05-03T03:45:00Z,21693.2
2026-05-03T04:00:00Z,23737.2
2026-05-03T04:15:00Z,20985.4
2026-05-03T04:30:00Z,21357.8
2026-05-03T04:45:00Z,21616.6
2026-05-03T05:00:00Z,22492.4
2026-05-03T05:15:00Z,22906.4
2026-05-03T05:30:00Z,22781.1
2026-05-03T05:45:00Z,22397.4
2026-05-03T06:00:00Z,20624.7
2026-05-03T06:15:00Z,21109.2
2026-05-03T06:30:00Z,22154.4
2026-05-03T06:45:00Z,22900.1
2026-05-03T07:00:00Z,20583.9
2026-05-03T07:15:00Z,20894.1
2026-05-03T07:30:00Z,22618.3
2026-05-03T07:45:00Z,19065.6
2026-05-03T08:00:00Z,17982.9
2026-05-03T08:15:00Z,20435.7
2026-05-03T08:30:00Z,14638.4
2026-05-03T08:45:00Z,19923.1
2026-05-03T09:00:00Z,19387.7
2026-05-03T09:15:00Z,21664.8
2026-05-03T09:30:00Z,15520.5
2026-05-03T09:45:00Z,14979.8
2026-05-03T10:00:00Z,17077.5
2026-05-03T10:15:00Z,17534.5
2026-05-03T10:30:00Z,23026.8
2026-05-03T10:45:00Z,16224.9
2026-05-03T11:00:00Z,20856.7
2026-05-03T11:15:00Z,17233.6
2026-05-03T11:30:00Z,21717.0
2026-05-03T11:45:00Z,14943.0
2026-05-03T12:00:00Z,19140.3
2026-05-03T12:15:00Z,21366.9
2026-05-03T12:30:00Z,18457.3
2026-05-03T12:45:00Z,21169.7
2026-05-03T13:00:00Z,16256.2
2026-05-03T13:15:00Z,19882.2
2026-05-03T13:30:00Z,21917.6
2026-05-03T13:45:00Z,22025.4
2026-05-03T14:00:00Z,17528.6
2026-05-03T14:15:00Z,22255.7
2026-05-03T14:30:00Z,17046.0
2026-05-03T14:45:00Z,23177.6
2026-05-03T15:00:00Z,21099.6
2026-05-03T15:15:00Z,18280.2
2026-05-03T15:30:00Z,22038.2
2026-05-03T15:45:00Z,21772.2
2026-05-03T16:00:00Z,14839.6
2026-05-03T16:15:00Z,19107.0
2026-05-03T16:30:00Z,19453.6
2026-05-03T16:45:00Z,20660.5
2026-05-03T17:00:00Z,19987.6
2026-05-03T17:15:00Z,23133.1
2026-05-03T17:30:00Z,18086.3
2026-05-03T17:45:00Z,23931.8
2026-05-03T18:00:00Z,21441.5
2026-05-03T18:15:00Z,23625.2
2026-05-03T18:30:00Z,21450.6
2026-05-03T18:45:00Z,23836.2
2026-05-03T19:00:00Z,19237.6
2026-05-03T19:15:00Z,21210.9
2026-05-03T19:30:00Z,22513.4
2026-05-03T19:45:00Z,23730.7
2026-05-03T20:00:00Z,21078.5
2026-05-03T20:15:00Z,23673.8
2026-05-03T20:30:00Z,16973.0
2026-05-03T20:45:00Z,24701.8
2026-05-03T21:00:00Z,24270.1
2026-05-03T21:15:00Z,24059.7
2026-05-03T21:30:00Z,20451.0
2026-05-03T21:45:00Z,23695.9
2026-05-03T22:00:00Z,21951.3
2026-05-03T22:15:00Z,22627.1
2026-05-03T22:30:00Z,24328.1
2026-05-03T22:45:00Z,24516.9
2026-05-03T23:00:00Z,17344.2
2026-05-03T23:15:00Z,16600.9
2026-05-03T23:30:00Z,10758.3
2026-05-03T23:45:00Z,12498.4
2026-05-04T00:00:00Z,15154.1
2026-05-04T00:15:00Z,18084.5
2026-05-04T00:30:00Z,22554.4
2026-05-04T00:45:00Z,21684.6
2026-05-04T01:00:00Z,23924.9
2026-05-04T01:15:00Z,22306.2
2026-05-04T01:30:00Z,24535.4
2026-05-04T01:45:00Z,20270.3
2026-05-04T02:00:00Z,22837.2
2026-05-04T02:15:00Z,21875.6
2026-05-04T02:30:00Z,18615.8
2026-05-04T02:45:00Z,17839.5
2026-05-04T03:00:00Z,22345.8
2026-05-04T03:15:00Z,17087.4
2026-05-04T03:30:00Z,21280.6
2026-05-04T03:45:00Z,20174.5
2026-05-04T04:00:00Z,18513.5
2026-05-04T04:15:00Z,9814.6
2026-05-04T04:30:00Z,10330.6
2026-05-04T04:45:00Z,11858.3
2026-05-04T05:00:00Z,10333.9
2026-05-04T05:15:00Z,16896.1
2026-05-04T05:30:00Z,10042.1
2026-05-04T05:45:00Z,13699.3
2026-05-04T06:00:00Z,8922.9
2026-05-04T06:15:00Z,22471.3
2026-05-04T06:30:00Z,17412.3
2026-05-04T06:45:00Z,14186.4
2026-05-04T07:00:00Z,21415.6
2026-05-04T07:15:00Z,13176.0
2026-05-04T07:30:00Z,13177.5
2026-05-04T07:45:00Z,15956.9
2026-05-04T08:00:00Z,16164.5
2026-05-04T08:15:00Z,23242.2
2026-05-04T08:30:00Z,12732.9
2026-05-04T08:45:00Z,8621.0
2026-05-04T09:00:00Z,14635.3
2026-05-04T09:15:00Z,14494.3
2026-05-04T09:30:00Z,5113.8
2026-05-04T09:45:00Z,17307.1
2026-05-04T10:00:00Z,9510.4
2026-05-04T10:15:00Z,15227.9
2026-05-04T10:30:00Z,14021.8
2026-05-04T10:45:00Z,11266.2
2026-05-04T11:00:00Z,7419.4
2026-05-04T11:15:00Z,12244.8
2026-05-04T11:30:00Z,13670.2
2026-05-04T11:45:00Z,12847.6
2026-05-04T12:00:00Z,14469.5
2026-05-04T12:15:00Z,11852.8
2026-05-04T12:30:00Z,12596.8
2026-05-04T12:45:00Z,21008.1
2026-05-04T13:00:00Z,16143.3
2026-05-04T13:15:00Z,11985.7
2026-05-04T13:30:00Z,18198.0
2026-05-04T13:45:00Z,11680.0
2026-05-04T14:00:00Z,16243.9
2026-05-04T14:15:00Z,8975.8
2026-05-04T14:30:00Z,16728.2
2026-05-04T14:45:00Z,18164.5
2026-05-04T15:00:00Z,14070.7
2026-05-04T15:15:00Z,11684.7
2026-05-04T15:30:00Z,17513.9
2026-05-04T15:45:00Z,15584.7
2026-05-04T16:00:00Z,12488.4
2026-05-04T16:15:00Z,16666.3
2026-05-04T16:30:00Z,17286.0
2026-05-04T16:45:00Z,8358.3
2026-05-04T17:00:00Z,19597.0
2026-05-04T17:15:00Z,16228.9
2026-05-04T17:30:00Z,19060.2
2026-05-04T17:45:00Z,22863.8
2026-05-04T18:00:00Z,8114.0
2026-05-04T18:15:00Z,18500.2
2026-05-04T18:30:00Z,17496.5
2026-05-04T18:45:00Z,14159.0
2026-05-04T19:00:00Z,20396.7
2026-05-04T19:15:00Z,20407.6
2026-05-04T19:30:00Z,19583.6
2026-05-04T19:45:00Z,16900.7
2026-05-04T20:00:00Z,22021.6
2026-05-04T20:15:00Z,22014.2
2026-05-04T20:30:00Z,23848.0
2026-05-04T20:45:00Z,23628.7
2026-05-04T21:00:00Z,23149.2
2026-05-04T21:15:00Z,24479.8
2026-05-04T21:30:00Z,23388.3
2026-05-04T21:45:00Z,22520.1
2026-05-04T22:00:00Z,22713.8
2026-05-04T22:15:00Z,19934.2
2026-05-04T22:30:00Z,22169.4
2026-05-04T22:45:00Z,20461.9
2026-05-04T23:00:00Z,24020.4
2026-05-04T23:15:00Z,24170.8
2026-05-04T23:30:00Z,23212.2
2026-05-04T23:45:00Z,24007.7
2026-05-05T00:00:00Z,21254.5
2026-05-05T00:15:00Z,23403.2
2026-05-05T00:30:00Z,24066.3
2026-05-05T00:45:00Z,23535.6
2026-05-05T01:00:00Z,19445.4
2026-05-05T01:15:00Z,24194.9
2026-05-05T01:30:00Z,21501.7
2026-05-05T01:45:00Z,23918.6
2026-05-05T02:00:00Z,20313.0
2026-05-05T02:15:00Z,22875.8
2026-05-05T02:30:00Z,18658.9
2026-05-05T02:45:00Z,24455.6
2026-05-05T03:00:00Z,23443.3
2026-05-05T03:15:00Z,19639.4
2026-05-05T03:30:00Z,23425.5
2026-05-05T03:45:00Z,23209.1
2026-05-05T04:00:00Z,11650.6
2026-05-05T04:15:00Z,21546.3
2026-05-05T04:30:00Z,18378.0
2026-05-05T04:45:00Z,8060.3
2026-05-05T05:00:00Z,15984.4
2026-05-05T05:15:00Z,13552.2
2026-05-05T05:30:00Z,14258.9
2026-05-05T05:45:00Z,13454.0
2026-05-05T06:00:00Z,13608.5
2026-05-05T06:15:00Z,12660.6
2026-05-05T06:30:00Z,17518.2
2026-05-05T06:45:00Z,14080.3
2026-05-05T07:00:00Z,17135.2
2026-05-05T07:15:00Z,16024.7
2026-05-05T07:30:00Z,9643.3
2026-05-05T07:45:00Z,13769.8
2026-05-05T08:00:00Z,17785.5
2026-05-05T08:15:00Z,7740.2
2026-05-05T08:30:00Z,18917.2
2026-05-05T08:45:00Z,18926.7
2026-05-05T09:00:00Z,20699.7
2026-05-05T09:15:00Z,10663.7
2026-05-05T09:30:00Z,13203.8
2026-05-05T09:45:00Z,17848.4
2026-05-05T10:00:00Z,12048.4
2026-05-05T10:15:00Z,19827.4
2026-05-05T10:30:00Z,12915.9
2026-05-05T10:45:00Z,7712.2
2026-05-05T11:00:00Z,10273.5
2026-05-05T11:15:00Z,15742.9
2026-05-05T11:30:00Z,6639.3
2026-05-05T11:45:00Z,13040.4
2026-05-05T12:00:00Z,15999.3
2026-05-05T12:15:00Z,11133.3
2026-05-05T12:30:00Z,14631.3
2026-05-05T12:45:00Z,10273.2
2026-05-05T13:00:00Z,18443.2
2026-05-05T13:15:00Z,10526.9
2026-05-05T13:30:00Z,13375.7
2026-05-05T13:45:00Z,13134.8
2026-05-05T14:00:00Z,10711.1
2026-05-05T14:15:00Z,15193.5
2026-05-05T14:30:00Z,16273.0
2026-05-05T14:45:00Z,15784.7
2026-05-05T15:00:00Z,14278.0
2026-05-05T15:15:00Z,13958.1
2026-05-05T15:30:00Z,21489.6
2026-05-05T15:45:00Z,17498.8
2026-05-05T16:00:00Z,18822.7
2026-05-05T16:15:00Z,16395.2
2026-05-05T16:30:00Z,22180.4
2026-05-05T16:45:00Z,22957.7
2026-05-05T17:00:00Z,9396.3
2026-05-05T17:15:00Z,17598.2
2026-05-05T17:30:00Z,23105.5
2026-05-05T17:45:00Z,8480.4
2026-05-05T18:00:00Z,12021.0
2026-05-05T18:15:00Z,16869.6
2026-05-05T18:30:00Z,18568.2
2026-05-05T18:45:00Z,11889.4
2026-05-05T19:00:00Z,18844.4
2026-05-05T19:15:00Z,14652.6
2026-05-05T19:30:00Z,13740.7
2026-05-05T19:45:00Z,14366.1
2026-05-05T20:00:00Z,23493.2
2026-05-05T20:15:00Z,24231.0
2026-05-05T20:30:00Z,19991.5
2026-05-05T20:45:00Z,22938.8
2026-05-05T21:00:00Z,24468.8
2026-05-05T21:15:00Z,22568.1
2026-05-05T21:30:00Z,22317.1
2026-05-05T21:45:00Z,22975.5
2026-05-05T22:00:00Z,23527.2
2026-05-05T22:15:00Z,22393.0
2026-05-05T22:30:00Z,18485.5
2026-05-05T22:45:00Z,18210.5
2026-05-05T23:00:00Z,23630.5
2026-05-05T23:15:00Z,24709.6
2026-05-05T23:30:00Z,20823.7
2026-05-05T23:45:00Z,23682.8
2026-05-06T00:00:00Z,23602.3
2026-05-06T00:15:00Z,22493.5
2026-05-06T00:30:00Z,23519.8
2026-05-06T00:45:00Z,20576.7
2026-05-06T01:00:00Z,20052.8
2026-05-06T01:15:00Z,24237.9
2026-05-06T01:30:00Z,23769.3
2026-05-06T01:45:00Z,23999.4
2026-05-06T02:00:00Z,20960.4
2026-05-06T02:15:00Z,21082.5
2026-05-06T02:30:00Z,14676.1
2026-05-06T02:45:00Z,21982.3
2026-05-06T03:00:00Z,22670.4
2026-05-06T03:15:00Z,23884.4
2026-05-06T03:30:00Z,22536.8
2026-05-06T03:45:00Z,19128.9
2026-05-06T04:00:00Z,14280.4
2026-05-06T04:15:00Z,11520.8
2026-05-06T04:30:00Z,9417.2
2026-05-06T04:45:00Z,17138.3
2026-05-06T05:00:00Z,14286.2
2026-05-06T05:15:00Z,12537.2
2026-05-06T05:30:00Z,12597.5
2026-05-06T05:45:00Z,9632.5
2026-05-06T06:00:00Z,8710.3
2026-05-06T06:15:00Z,20790.8
2026-05-06T06:30:00Z,14295.5
2026-05-06T06:45:00Z,22142.7
2026-05-06T07:00:00Z,13694.6
2026-05-06T07:15:00Z,13732.5
2026-05-06T07:30:00Z,16981.1
2026-05-06T07:45:00Z,16360.0
2026-05-06T08:00:00Z,12912.2
2026-05-06T08:15:00Z,12535.7
2026-05-06T08:30:00Z,22343.5
2026-05-06T08:45:00Z,10491.1
2026-05-06T09:00:00Z,17086.7
2026-05-06T09:15:00Z,10006.5
2026-05-06T09:30:00Z,9536.0
2026-05-06T09:45:00Z,10347.4
2026-05-06T10:00:00Z,15773.3
2026-05-06T10:15:00Z,15072.4
2026-05-06T10:30:00Z,12474.7
2026-05-06T10:45:00Z,16175.5
2026-05-06T11:00:00Z,13592.8
2026-05-06T11:15:00Z,14254.3
2026-05-06T11:30:00Z,16332.5
2026-05-06T11:45:00Z,14255.1
2026-05-06T12:00:00Z,8459.6
2026-05-06T12:15:00Z,19635.8
2026-05-06T12:30:00Z,13928.0
2026-05-06T12:45:00Z,15453.8
2026-05-06T13:00:00Z,11162.2
2026-05-06T13:15:00Z,12562.2
2026-05-06T13:30:00Z,20536.7
2026-05-06T13:45:00Z,14121.8
2026-05-06T14:00:00Z,6407.5
2026-05-06T14:15:00Z,14554.3
2026-05-06T14:30:00Z,17034.7
2026-05-06T14:45:00Z,17200.0
2026-05-06T15:00:00Z,18742.5
2026-05-06T15:15:00Z,9557.7
2026-05-06T15:30:00Z,13919.1
2026-05-06T15:45:00Z,13919.2
2026-05-06T16:00:00Z,14795.2
2026-05-06T16:15:00Z,9983.6
2026-05-06T16:30:00Z,22438.7
2026-05-06T16:45:00Z,21233.5
2026-05-06T17:00:00Z,15347.1
2026-05-06T17:15:00Z,17596.0
2026-05-06T17:30:00Z,14070.3
2026-05-06T17:45:00Z,14785.4
2026-05-06T18:00:00Z,19031.1
2026-05-06T18:15:00Z,13796.2
2026-05-06T18:30:00Z,13414.0
2026-05-06T18:45:00Z,17972.5
2026-05-06T19:00:00Z,14879.5
2026-05-06T19:15:00Z,20318.1
2026-05-06T19:30:00Z,13243.9
2026-05-06T19:45:00Z,12828.4
2026-05-06T20:00:00Z,24728.5
2026-05-06T20:15:00Z,16207.3
2026-05-06T20:30:00Z,22644.3
2026-05-06T20:45:00Z,18401.6
2026-05-06T21:00:00Z,17418.5
2026-05-06T21:15:00Z,24653.1
2026-05-06T21:30:00Z,24481.9
2026-05-06T21:45:00Z,23459.6
2026-05-06T22:00:00Z,24037.5
2026-05-06T22:15:00Z,23314.8
2026-05-06T22:30:00Z,21985.8
2026-05-06T22:45:00Z,23832.5
2026-05-06T23:00:00Z,9613.5
2026-05-06T23:15:00Z,22392.2
2026-05-06T23:30:00Z,22433.8
2026-05-06T23:45:00Z,19084.2
2026-05-07T00:00:00Z,23284.2
2026-05-07T00:15:00Z,18016.7
2026-05-07T00:30:00Z,23748.4
2026-05-07T00:45:00Z,19269.2
2026-05-07T01:00:00Z,24029.9
2026-05-07T01:15:00Z,20421.6
2026-05-07T01:30:00Z,23988.6
2026-05-07T01:45:00Z,23506.6
2026-05-07T02:00:00Z,23727.6
2026-05-07T02:15:00Z,22047.1
2026-05-07T02:30:00Z,20471.2
2026-05-07T02:45:00Z,23623.6
2026-05-07T03:00:00Z,22675.8
2026-05-07T03:15:00Z,24433.3
2026-05-07T03:30:00Z,19410.4
2026-05-07T03:45:00Z,21958.0
2026-05-07T04:00:00Z,12331.7
2026-05-07T04:15:00Z,19415.7
2026-05-07T04:30:00Z,15042.0
2026-05-07T04:45:00Z,6840.3
2026-05-07T05:00:00Z,17987.6
2026-05-07T05:15:00Z,17956.1
2026-05-07T05:30:00Z,20331.9
2026-05-07T05:45:00Z,12856.1
2026-05-07T06:00:00Z,14339.7
2026-05-07T06:15:00Z,13489.4
2026-05-07T06:30:00Z,6420.0
2026-05-07T06:45:00Z,10546.0
2026-05-07T07:00:00Z,15417.7
2026-05-07T07:15:00Z,9426.2
2026-05-07T07:30:00Z,15535.5
2026-05-07T07:45:00Z,9643.0
2026-05-07T08:00:00Z,15714.3
2026-05-07T08:15:00Z,17689.3
2026-05-07T08:30:00Z,6883.7
2026-05-07T08:45:00Z,11574.2
2026-05-07T09:00:00Z,8819.2
2026-05-07T09:15:00Z,15021.7
2026-05-07T09:30:00Z,10455.8
2026-05-07T09:45:00Z,6163.7
2026-05-07T10:00:00Z,16905.9
2026-05-07T10:15:00Z,4189.9
2026-05-07T10:30:00Z,12793.1
2026-05-07T10:45:00Z,19102.4
2026-05-07T11:00:00Z,17960.7
2026-05-07T11:15:00Z,16624.1
2026-05-07T11:30:00Z,14934.0
2026-05-07T11:45:00Z,8978.3
2026-05-07T12:00:00Z,16443.2
2026-05-07T12:15:00Z,10266.5
2026-05-07T12:30:00Z,18942.7
2026-05-07T12:45:00Z,9077.0
2026-05-07T13:00:00Z,11183.2
2026-05-07T13:15:00Z,8667.1
2026-05-07T13:30:00Z,8614.2
2026-05-07T13:45:00Z,13765.4
2026-05-07T14:00:00Z,14649.1
2026-05-07T14:15:00Z,19257.4
2026-05-07T14:30:00Z,9080.4
2026-05-07T14:45:00Z,16931.9
2026-05-07T15:00:00Z,17169.3
2026-05-07T15:15:00Z,13790.2
2026-05-07T15:30:00Z,20321.5
2026-05-07T15:45:00Z,19135.5
2026-05-07T16:00:00Z,12073.1
2026-05-07T16:15:00Z,17496.3
2026-05-07T16:30:00Z,10779.1
2026-05-07T16:45:00Z,13071.4
2026-05-07T17:00:00Z,24286.1
2026-05-07T17:15:00Z,11751.4
2026-05-07T17:30:00Z,19286.1
2026-05-07T17:45:00Z,10579.1
2026-05-07T18:00:00Z,12810.2
2026-05-07T18:15:00Z,12040.1
2026-05-07T18:30:00Z,14546.4
2026-05-07T18:45:00Z,11445.8
2026-05-07T19:00:00Z,12251.5
2026-05-07T19:15:00Z,10959.1
2026-05-07T19:30:00Z,16415.3
2026-05-07T19:45:00Z,14271.8
2026-05-07T20:00:00Z,21448.7
2026-05-07T20:15:00Z,23181.7
2026-05-07T20:30:00Z,24541.9
2026-05-07T20:45:00Z,24049.7
2026-05-07T21:00:00Z,23803.8
2026-05-07T21:15:00Z,18567.0
2026-05-07T21:30:00Z,13273.1
2026-05-07T21:45:00Z,22133.9
2026-05-07T22:00:00Z,24190.2
2026-05-07T22:15:00Z,23127.8
2026-05-07T22:30:00Z,24071.1
2026-05-07T22:45:00Z,22919.3
2026-05-07T23:00:00Z,24439.0
2026-05-07T23:15:00Z,19342.8
2026-05-07T23:30:00Z,18959.5
2026-05-07T23:45:00Z,19644.3
2026-05-08T00:00:00Z,24523.3
2026-05-08T00:15:00Z,21845.2
2026-05-08T00:30:00Z,22681.9
2026-05-08T00:45:00Z,19178.7
2026-05-08T01:00:00Z,24470.1
2026-05-08T01:15:00Z,24040.2
2026-05-08T01:30:00Z,18018.7
2026-05-08T01:45:00Z,22178.3
2026-05-08T02:00:00Z,22261.7
2026-05-08T02:15:00Z,23226.6
2026-05-08T02:30:00Z,24282.5
2026-05-08T02:45:00Z,21971.7
2026-05-08T03:00:00Z,20611.7
2026-05-08T03:15:00Z,17690.1
2026-05-08T03:30:00Z,24379.1
2026-05-08T03:45:00Z,23441.9
2026-05-08T04:00:00Z,8651.6
2026-05-08T04:15:00Z,9443.7
2026-05-08T04:30:00Z,22854.1
2026-05-08T04:45:00Z,13104.1
2026-05-08T05:00:00Z,18956.2
2026-05-08T05:15:00Z,19806.6
2026-05-08T05:30:00Z,13235.4
2026-05-08T05:45:00Z,16108.2
2026-05-08T06:00:00Z,18173.3
2026-05-08T06:15:00Z,12520.0
2026-05-08T06:30:00Z,14446.5
2026-05-08T06:45:00Z,17490.1
2026-05-08T07:00:00Z,12402.8
2026-05-08T07:15:00Z,11139.7
2026-05-08T07:30:00Z,10455.8
2026-05-08T07:45:00Z,9781.7
2026-05-08T08:00:00Z,13786.7
2026-05-08T08:15:00Z,15178.8
2026-05-08T08:30:00Z,11006.0
2026-05-08T08:45:00Z,13644.0
2026-05-08T09:00:00Z,16428.0
2026-05-08T09:15:00Z,15586.8
2026-05-08T09:30:00Z,13298.6
2026-05-08T09:45:00Z,17461.5
2026-05-08T10:00:00Z,8231.7
2026-05-08T10:15:00Z,8792.7
2026-05-08T10:30:00Z,6504.6
2026-05-08T10:45:00Z,14822.2
2026-05-08T11:00:00Z,12139.0
2026-05-08T11:15:00Z,18732.0
2026-05-08T11:30:00Z,17996.2
2026-05-08T11:45:00Z,11124.6
2026-05-08T12:00:00Z,12225.5
2026-05-08T12:15:00Z,9101.5
2026-05-08T12:30:00Z,16820.2
2026-05-08T12:45:00Z,20417.2
2026-05-08T13:00:00Z,13768.1
2026-05-08T13:15:00Z,16861.9
2026-05-08T13:30:00Z,12524.8
2026-05-08T13:45:00Z,22620.7
2026-05-08T14:00:00Z,17604.8
2026-05-08T14:15:00Z,16339.5
2026-05-08T14:30:00Z,20187.9
2026-05-08T14:45:00Z,9013.9
2026-05-08T15:00:00Z,9293.3
2026-05-08T15:15:00Z,11245.1
2026-05-08T15:30:00Z,13815.6
2026-05-08T15:45:00Z,19752.3
2026-05-08T16:00:00Z,8385.6
2026-05-08T16:15:00Z,12997.7
2026-05-08T16:30:00Z,14224.8
2026-05-08T16:45:00Z,13181.3
2026-05-08T17:00:00Z,13271.2
2026-05-08T17:15:00Z,18931.1
2026-05-08T17:30:00Z,16429.8
2026-05-08T17:45:00Z,17264.8
2026-05-08T18:00:00Z,16841.4
2026-05-08T18:15:00Z,18629.5
2026-05-08T18:30:00Z,10872.6
2026-05-08T18:45:00Z,18480.8
2026-05-08T19:00:00Z,24782.1
2026-05-08T19:15:00Z,16395.4
2026-05-08T19:30:00Z,18638.7
2026-05-08T19:45:00Z,14971.4
2026-05-08T20:00:00Z,21690.5
2026-05-08T20:15:00Z,22836.4
2026-05-08T20:30:00Z,22875.5
2026-05-08T20:45:00Z,20639.4
2026-05-08T21:00:00Z,17918.7
2026-05-08T21:15:00Z,18453.0
2026-05-08T21:30:00Z,21628.6
2026-05-08T21:45:00Z,22263.8
2026-05-08T22:00:00Z,17128.6
2026-05-08T22:15:00Z,23686.9
2026-05-08T22:30:00Z,23883.3
2026-05-08T22:45:00Z,22484.0
2026-05-08T23:00:00Z,20599.5
2026-05-08T23:15:00Z,19063.4
2026-05-08T23:30:00Z,21852.2
2026-05-08T23:45:00Z,18420.2
2026-05-09T00:00:00Z,22826.4
2026-05-09T00:15:00Z,23949.4
2026-05-09T00:30:00Z,21167.5
2026-05-09T00:45:00Z,21809.9
2026-05-09T01:00:00Z,20415.3
2026-05-09T01:15:00Z,17155.3
2026-05-09T01:30:00Z,20365.5
2026-05-09T01:45:00Z,19928.8
2026-05-09T02:00:00Z,22962.3
2026-05-09T02:15:00Z,22104.4
2026-05-09T02:30:00Z,23173.6
2026-05-09T02:45:00Z,23001.7
2026-05-09T03:00:00Z,23207.1
2026-05-09T03:15:00Z,16663.8
2026-05-09T03:30:00Z,23538.6
2026-05-09T03:45:00Z,23279.1
2026-05-09T04:00:00Z,23695.1
2026-05-09T04:15:00Z,19413.0
2026-05-09T04:30:00Z,21658.3
2026-05-09T04:45:00Z,22599.6
2026-05-09T05:00:00Z,15739.9
2026-05-09T05:15:00Z,23108.4
2026-05-09T05:30:00Z,22322.9
2026-05-09T05:45:00Z,20092.7
2026-05-09T06:00:00Z,20785.6
2026-05-09T06:15:00Z,20946.2
2026-05-09T06:30:00Z,20877.9
2026-05-09T06:45:00Z,19217.4
2026-05-09T07:00:00Z,21972.6
2026-05-09T07:15:00Z,21040.4
2026-05-09T07:30:00Z,20853.3
2026-05-09T07:45:00Z,16366.2
2026-05-09T08:00:00Z,20597.5
2026-05-09T08:15:00Z,18287.8
2026-05-09T08:30:00Z,16738.9
2026-05-09T08:45:00Z,18901.6
2026-05-09T09:00:00Z,15302.4
2026-05-09T09:15:00Z,17021.6
2026-05-09T09:30:00Z,19439.3
2026-05-09T09:45:00Z,21250.7
2026-05-09T10:00:00Z,20709.5
2026-05-09T10:15:00Z,17619.4
2026-05-09T10:30:00Z,15957.8
2026-05-09T10:45:00Z,15217.2
2026-05-09T11:00:00Z,16029.5
2026-05-09T11:15:00Z,22038.5
2026-05-09T11:30:00Z,20602.1
2026-05-09T11:45:00Z,21790.9
2026-05-09T12:00:00Z,20217.5
2026-05-09T12:15:00Z,21461.0
2026-05-09T12:30:00Z,19441.5
2026-05-09T12:45:00Z,20230.9
2026-05-09T13:00:00Z,21646.3
2026-05-09T13:15:00Z,20452.2
2026-05-09T13:30:00Z,22169.1
2026-05-09T13:45:00Z,18561.1
2026-05-09T14:00:00Z,16328.0
2026-05-09T14:15:00Z,22034.7
2026-05-09T14:30:00Z,19897.3
2026-05-09T14:45:00Z,20386.5
2026-05-09T15:00:00Z,17461.3
2026-05-09T15:15:00Z,17838.4
2026-05-09T15:30:00Z,22517.2
2026-05-09T15:45:00Z,19989.7
2026-05-09T16:00:00Z,20814.7
2026-05-09T16:15:00Z,22765.8
2026-05-09T16:30:00Z,22079.8
2026-05-09T16:45:00Z,22592.7
2026-05-09T17:00:00Z,19233.4
2026-05-09T17:15:00Z,19405.9
2026-05-09T17:30:00Z,16358.4
2026-05-09T17:45:00Z,19857.8
2026-05-09T18:00:00Z,23549.9
2026-05-09T18:15:00Z,23386.3
2026-05-09T18:30:00Z,17738.3
2026-05-09T18:45:00Z,24247.9
2026-05-09T19:00:00Z,23806.0
2026-05-09T19:15:00Z,24114.0
2026-05-09T19:30:00Z,19799.8
2026-05-09T19:45:00Z,20510.3
2026-05-09T20:00:00Z,18627.1
2026-05-09T20:15:00Z,21256.0
2026-05-09T20:30:00Z,22332.2
2026-05-09T20:45:00Z,20227.2
2026-05-09T21:00:00Z,24269.3
2026-05-09T21:15:00Z,22791.1
2026-05-09T21:30:00Z,22515.3
2026-05-09T21:45:00Z,23728.7
2026-05-09T22:00:00Z,24126.3
2026-05-09T22:15:00Z,21057.0
2026-05-09T22:30:00Z,21590.4
2026-05-09T22:45:00Z,22304.0
2026-05-09T23:00:00Z,23714.3
2026-05-09T23:15:00Z,18561.7
2026-05-09T23:30:00Z,21646.5
2026-05-09T23:45:00Z,18387.6
2026-05-10T00:00:00Z,24098.5
2026-05-10T00:15:00Z,18374.3
2026-05-10T00:30:00Z,22827.8
2026-05-10T00:45:00Z,22955.7
2026-05-10T01:00:00Z,17539.8
2026-05-10T01:15:00Z,23062.7
2026-05-10T01:30:00Z,23734.8
2026-05-10T01:45:00Z,23326.4
2026-05-10T02:00:00Z,22469.1
2026-05-10T02:15:00Z,23054.6
2026-05-10T02:30:00Z,17930.2
2026-05-10T02:45:00Z,20442.5
2026-05-10T03:00:00Z,21796.6
2026-05-10T03:15:00Z,18800.3
2026-05-10T03:30:00Z,19581.4
2026-05-10T03:45:00Z,22213.9
2026-05-10T04:00:00Z,21880.1
2026-05-10T04:15:00Z,21336.3
2026-05-10T04:30:00Z,17507.1
2026-05-10T04:45:00Z,21649.5
2026-05-10T05:00:00Z,22853.4
2026-05-10T05:15:00Z,21752.8
2026-05-10T05:30:00Z,22403.7
2026-05-10T05:45:00Z,23503.1
2026-05-10T06:00:00Z,21113.1
2026-05-10T06:15:00Z,20724.3
2026-05-10T06:30:00Z,22733.1
2026-05-10T06:45:00Z,22390.0
2026-05-10T07:00:00Z,15633.1
2026-05-10T07:15:00Z,18245.5
2026-05-10T07:30:00Z,22009.2
2026-05-10T07:45:00Z,16436.0
2026-05-10T08:00:00Z,17092.6
2026-05-10T08:15:00Z,16157.2
2026-05-10T08:30:00Z,20994.2
2026-05-10T08:45:00Z,15475.0
2026-05-10T09:00:00Z,19978.5
2026-05-10T09:15:00Z,21539.9
2026-05-10T09:30:00Z,20886.1
2026-05-10T09:45:00Z,21375.4
2026-05-10T10:00:00Z,19688.7
2026-05-10T10:15:00Z,19883.0
2026-05-10T10:30:00Z,20555.7
2026-05-10T10:45:00Z,15504.8
2026-05-10T11:00:00Z,20299.5
2026-05-10T11:15:00Z,20662.9
2026-05-10T11:30:00Z,20963.3
2026-05-10T11:45:00Z,21797.4
2026-05-10T12:00:00Z,20593.8
2026-05-10T12:15:00Z,16323.4
2026-05-10T12:30:00Z,22006.1
2026-05-10T12:45:00Z,18834.0
2026-05-10T13:00:00Z,18938.1
2026-05-10T13:15:00Z,19882.9
2026-05-10T13:30:00Z,20337.1
2026-05-10T13:45:00Z,19111.1
2026-05-10T14:00:00Z,19550.6
2026-05-10T14:15:00Z,23345.8
2026-05-10T14:30:00Z,21100.6
2026-05-10T14:45:00Z,19839.8
2026-05-10T15:00:00Z,21528.8
2026-05-10T15:15:00Z,15954.2
2026-05-10T15:30:00Z,20599.3
2026-05-10T15:45:00Z,19280.9
2026-05-10T16:00:00Z,21023.2
2026-05-10T16:15:00Z,23144.9
2026-05-10T16:30:00Z,21362.8
2026-05-10T16:45:00Z,23041.6
2026-05-10T17:00:00Z,20130.9
2026-05-10T17:15:00Z,23769.9
2026-05-10T17:30:00Z,19327.8
2026-05-10T17:45:00Z,23301.5
2026-05-10T18:00:00Z,24227.7
2026-05-10T18:15:00Z,22891.3
2026-05-10T18:30:00Z,24045.0
2026-05-10T18:45:00Z,23975.7
2026-05-10T19:00:00Z,23580.5
2026-05-10T19:15:00Z,22212.4
2026-05-10T19:30:00Z,21517.3
2026-05-10T19:45:00Z,22643.2
2026-05-10T20:00:00Z,20865.2
2026-05-10T20:15:00Z,16099.5
2026-05-10T20:30:00Z,22878.7
2026-05-10T20:45:00Z,22765.8
2026-05-10T21:00:00Z,23330.2
2026-05-10T21:15:00Z,22642.9
2026-05-10T21:30:00Z,23316.3
2026-05-10T21:45:00Z,23726.6
2026-05-10T22:00:00Z,24488.6
2026-05-10T22:15:00Z,24021.9
2026-05-10T22:30:00Z,22684.1
2026-05-10T22:45:00Z,21877.2
2026-05-10T23:00:00Z,23880.3
2026-05-10T23:15:00Z,21663.3
2026-05-10T23:30:00Z,23137.1
2026-05-10T23:45:00Z,24126.6
2026-05-11T00:00:00Z,24326.1
2026-05-11T00:15:00Z,21450.6
2026-05-11T00:30:00Z,22639.6
2026-05-11T00:45:00Z,19281.3
2026-05-11T01:00:00Z,23418.5
2026-05-11T01:15:00Z,18584.9
2026-05-11T01:30:00Z,20897.7
2026-05-11T01:45:00Z,22339.8
2026-05-11T02:00:00Z,23167.2
2026-05-11T02:15:00Z,22478.9
2026-05-11T02:30:00Z,14829.2
2026-05-11T02:45:00Z,16717.5
2026-05-11T03:00:00Z,20476.5
2026-05-11T03:15:00Z,24470.6
2026-05-11T03:30:00Z,23560.9
2026-05-11T03:45:00Z,17840.2
2026-05-11T04:00:00Z,19257.4
2026-05-11T04:15:00Z,10685.9
2026-05-11T04:30:00Z,14230.4
2026-05-11T04:45:00Z,13627.5
2026-05-11T05:00:00Z,16035.4
2026-05-11T05:15:00Z,12229.8
2026-05-11T05:30:00Z,18155.9
2026-05-11T05:45:00Z,11608.6
2026-05-11T06:00:00Z,10774.9
2026-05-11T06:15:00Z,14666.9
2026-05-11T06:30:00Z,18535.7
2026-05-11T06:45:00Z,12917.0
2026-05-11T07:00:00Z,14139.3
2026-05-11T07:15:00Z,8705.6
2026-05-11T07:30:00Z,11047.5
2026-05-11T07:45:00Z,12698.3
2026-05-11T08:00:00Z,14037.7
2026-05-11T08:15:00Z,15190.5
2026-05-11T08:30:00Z,11306.7
2026-05-11T08:45:00Z,21693.7
2026-05-11T09:00:00Z,7088.5
2026-05-11T09:15:00Z,12654.8
2026-05-11T09:30:00Z,14564.1
2026-05-11T09:45:00Z,16423.2
2026-05-11T10:00:00Z,19244.7
2026-05-11T10:15:00Z,5464.6
2026-05-11T10:30:00Z,7825.5
2026-05-11T10:45:00Z,15718.6
2026-05-11T11:00:00Z,13085.5
2026-05-11T11:15:00Z,11566.3
2026-05-11T11:30:00Z,21644.3
2026-05-11T11:45:00Z,10604.4
2026-05-11T12:00:00Z,17414.4
2026-05-11T12:15:00Z,17490.2
2026-05-11T12:30:00Z,7918.9
2026-05-11T12:45:00Z,14314.2
2026-05-11T13:00:00Z,16707.7
2026-05-11T13:15:00Z,16959.6
2026-05-11T13:30:00Z,14238.3
2026-05-11T13:45:00Z,5691.2
2026-05-11T14:00:00Z,12406.6
2026-05-11T14:15:00Z,16303.8
2026-05-11T14:30:00Z,12106.2
2026-05-11T14:45:00Z,13839.7
2026-05-11T15:00:00Z,9643.7
2026-05-11T15:15:00Z,12477.7
2026-05-11T15:30:00Z,21202.5
2026-05-11T15:45:00Z,8617.4
2026-05-11T16:00:00Z,12537.0
2026-05-11T16:15:00Z,15081.8
2026-05-11T16:30:00Z,12591.1
2026-05-11T16:45:00Z,17040.7
2026-05-11T17:00:00Z,23375.9
2026-05-11T17:15:00Z,22932.7
2026-05-11T17:30:00Z,24214.4
2026-05-11T17:45:00Z,18710.3
2026-05-11T18:00:00Z,15024.4
2026-05-11T18:15:00Z,14334.0
2026-05-11T18:30:00Z,15365.3
2026-05-11T18:45:00Z,13814.8
2026-05-11T19:00:00Z,11608.1
2026-05-11T19:15:00Z,22813.3
2026-05-11T19:30:00Z,22439.5
2026-05-11T19:45:00Z,14225.0
2026-05-11T20:00:00Z,22353.1
2026-05-11T20:15:00Z,17902.8
2026-05-11T20:30:00Z,17457.9
2026-05-11T20:45:00Z,20505.9
2026-05-11T21:00:00Z,19481.9
2026-05-11T21:15:00Z,22811.0
2026-05-11T21:30:00Z,23026.6
2026-05-11T21:45:00Z,21365.6
2026-05-11T22:00:00Z,21927.4
2026-05-11T22:15:00Z,22436.7
2026-05-11T22:30:00Z,24268.3
2026-05-11T22:45:00Z,20844.0
2026-05-11T23:00:00Z,23968.8
2026-05-11T23:15:00Z,21350.3
2026-05-11T23:30:00Z,23708.8
2026-05-11T23:45:00Z,13720.6
2026-05-12T00:00:00Z,18626.3
2026-05-12T00:15:00Z,23491.7
2026-05-12T00:30:00Z,17589.8
2026-05-12T00:45:00Z,23063.4
2026-05-12T01:00:00Z,20302.1
2026-05-12T01:15:00Z,20468.4
2026-05-12T01:30:00Z,24189.1
2026-05-12T01:45:00Z,22085.3
2026-05-12T02:00:00Z,21520.7
2026-05-12T02:15:00Z,24195.9
2026-05-12T02:30:00Z,22352.6
2026-05-12T02:45:00Z,21973.3
2026-05-12T03:00:00Z,21764.5
2026-05-12T03:15:00Z,19689.2
2026-05-12T03:30:00Z,23128.6
2026-05-12T03:45:00Z,19750.6
2026-05-12T04:00:00Z,14724.0
2026-05-12T04:15:00Z,8596.4
2026-05-12T04:30:00Z,8935.5
2026-05-12T04:45:00Z,18784.7
2026-05-12T05:00:00Z,15125.2
2026-05-12T05:15:00Z,11754.4
2026-05-12T05:30:00Z,18353.0
2026-05-12T05:45:00Z,9349.8
2026-05-12T06:00:00Z,17675.6
2026-05-12T06:15:00Z,9736.6
2026-05-12T06:30:00Z,18081.4
2026-05-12T06:45:00Z,12986.8
2026-05-12T07:00:00Z,8121.1
2026-05-12T07:15:00Z,8500.5
2026-05-12T07:30:00Z,7905.0
2026-05-12T07:45:00Z,11986.7
2026-05-12T08:00:00Z,7932.8
2026-05-12T08:15:00Z,17109.9
2026-05-12T08:30:00Z,15193.0
2026-05-12T08:45:00Z,16120.0
2026-05-12T09:00:00Z,11180.5
2026-05-12T09:15:00Z,11486.1
2026-05-12T09:30:00Z,14838.0
2026-05-12T09:45:00Z,6242.5
2026-05-12T10:00:00Z,4630.5
2026-05-12T10:15:00Z,13823.8
2026-05-12T10:30:00Z,9525.1
2026-05-12T10:45:00Z,16254.7
2026-05-12T11:00:00Z,12688.2
2026-05-12T11:15:00Z,6756.4
2026-05-12T11:30:00Z,7574.6
2026-05-12T11:45:00Z,13350.2
2026-05-12T12:00:00Z,17950.9
2026-05-12T12:15:00Z,12221.4
2026-05-12T12:30:00Z,22174.4
2026-05-12T12:45:00Z,10324.3
2026-05-12T13:00:00Z,14467.5
2026-05-12T13:15:00Z,7097.6
2026-05-12T13:30:00Z,18066.2
2026-05-12T13:45:00Z,17367.1
2026-05-12T14:00:00Z,10766.9
2026-05-12T14:15:00Z,10736.7
2026-05-12T14:30:00Z,6345.1
2026-05-12T14:45:00Z,17989.0
2026-05-12T15:00:00Z,11975.5
2026-05-12T15:15:00Z,8839.6
2026-05-12T15:30:00Z,13541.7
2026-05-12T15:45:00Z,10726.0
2026-05-12T16:00:00Z,9995.1
2026-05-12T16:15:00Z,13001.6
2026-05-12T16:30:00Z,13883.3
2026-05-12T16:45:00Z,13774.9
2026-05-12T17:00:00Z,17705.6
2026-05-12T17:15:00Z,13278.0
2026-05-12T17:30:00Z,14707.9
2026-05-12T17:45:00Z,13558.3
2026-05-12T18:00:00Z,10467.3
2026-05-12T18:15:00Z,22147.9
2026-05-12T18:30:00Z,13474.0
2026-05-12T18:45:00Z,16849.9
2026-05-12T19:00:00Z,13871.7
2026-05-12T19:15:00Z,7891.7
2026-05-12T19:30:00Z,12921.3
2026-05-12T19:45:00Z,14690.1
2026-05-12T20:00:00Z,22407.6
2026-05-12T20:15:00Z,17971.3
2026-05-12T20:30:00Z,19556.5
2026-05-12T20:45:00Z,20308.0
2026-05-12T21:00:00Z,20341.1
2026-05-12T21:15:00Z,23493.6
2026-05-12T21:30:00Z,23335.4
2026-05-12T21:45:00Z,22188.6
2026-05-12T22:00:00Z,18177.2
2026-05-12T22:15:00Z,22958.1
2026-05-12T22:30:00Z,22703.2
2026-05-12T22:45:00Z,20780.8
2026-05-12T23:00:00Z,23894.6
2026-05-12T23:15:00Z,23950.3
2026-05-12T23:30:00Z,23277.3
2026-05-12T23:45:00Z,23668.3
2026-05-13T00:00:00Z,23744.2
2026-05-13T00:15:00Z,23306.7
2026-05-13T00:30:00Z,24175.8
2026-05-13T00:45:00Z,20769.0
2026-05-13T01:00:00Z,18206.7
2026-05-13T01:15:00Z,20558.4
2026-05-13T01:30:00Z,24426.3
2026-05-13T01:45:00Z,22639.8
2026-05-13T02:00:00Z,19052.8
2026-05-13T02:15:00Z,23611.6
2026-05-13T02:30:00Z,20402.0
2026-05-13T02:45:00Z,22913.3
2026-05-13T03:00:00Z,17979.4
2026-05-13T03:15:00Z,15506.1
2026-05-13T03:30:00Z,19357.9
2026-05-13T03:45:00Z,22445.6
2026-05-13T04:00:00Z,14736.0
2026-05-13T04:15:00Z,18461.8
2026-05-13T04:30:00Z,16070.3
2026-05-13T04:45:00Z,22927.5
2026-05-13T05:00:00Z,14482.4
2026-05-13T05:15:00Z,14822.5
2026-05-13T05:30:00Z,17960.5
2026-05-13T05:45:00Z,13727.5
2026-05-13T06:00:00Z,16821.8
2026-05-13T06:15:00Z,13995.2
2026-05-13T06:30:00Z,14034.6
2026-05-13T06:45:00Z,8786.5
2026-05-13T07:00:00Z,10515.8
2026-05-13T07:15:00Z,9576.2
2026-05-13T07:30:00Z,12464.3
2026-05-13T07:45:00Z,16710.3
2026-05-13T08:00:00Z,12539.0
2026-05-13T08:15:00Z,14374.2
2026-05-13T08:30:00Z,5403.1
2026-05-13T08:45:00Z,9538.4
2026-05-13T09:00:00Z,12335.7
2026-05-13T09:15:00Z,13082.5
2026-05-13T09:30:00Z,11079.8
2026-05-13T09:45:00Z,15380.1
2026-05-13T10:00:00Z,9762.9
2026-05-13T10:15:00Z,11858.4
2026-05-13T10:30:00Z,9439.0
2026-05-13T10:45:00Z,20417.3
2026-05-13T11:00:00Z,16871.8
2026-05-13T11:15:00Z,15086.1
2026-05-13T11:30:00Z,15174.5
2026-05-13T11:45:00Z,14021.2
2026-05-13T12:00:00Z,9358.9
2026-05-13T12:15:00Z,15018.6
2026-05-13T12:30:00Z,7083.5
2026-05-13T12:45:00Z,20383.4
2026-05-13T13:00:00Z,18118.9
2026-05-13T13:15:00Z,19630.0
2026-05-13T13:30:00Z,9710.0
2026-05-13T13:45:00Z,19958.8
2026-05-13T14:00:00Z,8071.4
2026-05-13T14:15:00Z,13197.2
2026-05-13T14:30:00Z,12712.4
2026-05-13T14:45:00Z,11260.4
2026-05-13T15:00:00Z,11422.2
2026-05-13T15:15:00Z,15524.5
2026-05-13T15:30:00Z,11053.4
2026-05-13T15:45:00Z,23218.6
2026-05-13T16:00:00Z,17113.7
2026-05-13T16:15:00Z,16029.3
2026-05-13T16:30:00Z,14935.3
2026-05-13T16:45:00Z,21310.4
2026-05-13T17:00:00Z,8457.0
2026-05-13T17:15:00Z,19198.2
2026-05-13T17:30:00Z,20544.3
2026-05-13T17:45:00Z,10949.4
2026-05-13T18:00:00Z,14789.3
2026-05-13T18:15:00Z,14194.5
2026-05-13T18:30:00Z,13379.1
2026-05-13T18:45:00Z,17450.2
2026-05-13T19:00:00Z,11415.9
2026-05-13T19:15:00Z,13833.6
2026-05-13T19:30:00Z,11588.6
2026-05-13T19:45:00Z,24192.6
2026-05-13T20:00:00Z,17049.2
2026-05-13T20:15:00Z,24321.3
2026-05-13T20:30:00Z,17166.9
2026-05-13T20:45:00Z,20598.9
2026-05-13T21:00:00Z,20649.5
2026-05-13T21:15:00Z,24549.6
2026-05-13T21:30:00Z,17051.5
2026-05-13T21:45:00Z,23395.3
2026-05-13T22:00:00Z,23825.5
2026-05-13T22:15:00Z,21423.4
2026-05-13T22:30:00Z,24511.8
2026-05-13T22:45:00Z,18403.0
2026-05-13T23:00:00Z,21316.1
2026-05-13T23:15:00Z,22341.9
2026-05-13T23:30:00Z,22112.6
2026-05-13T23:45:00Z,23787.7
2026-05-14T00:00:00Z,15912.0
2026-05-14T00:15:00Z,23935.5
2026-05-14T00:30:00Z,24245.6
2026-05-14T00:45:00Z,22650.1
2026-05-14T01:00:00Z,19976.2
2026-05-14T01:15:00Z,19314.7
2026-05-14T01:30:00Z,23238.5
2026-05-14T01:45:00Z,23174.4
2026-05-14T02:00:00Z,24411.5
2026-05-14T02:15:00Z,24006.4
2026-05-14T02:30:00Z,23877.2
2026-05-14T02:45:00Z,23216.5
2026-05-14T03:00:00Z,22847.1
2026-05-14T03:15:00Z,23547.3
2026-05-14T03:30:00Z,24103.5
2026-05-14T03:45:00Z,20824.7
2026-05-14T04:00:00Z,23081.0
2026-05-14T04:15:00Z,8307.2
2026-05-14T04:30:00Z,19502.8
2026-05-14T04:45:00Z,10164.6
2026-05-14T05:00:00Z,15826.0
2026-05-14T05:15:00Z,8795.7
2026-05-14T05:30:00Z,16804.6
2026-05-14T05:45:00Z,18884.7
2026-05-14T06:00:00Z,12460.6
2026-05-14T06:15:00Z,13001.4
2026-05-14T06:30:00Z,17195.1
2026-05-14T06:45:00Z,8350.4
2026-05-14T07:00:00Z,12876.6
2026-05-14T07:15:00Z,16927.3
2026-05-14T07:30:00Z,23010.3
2026-05-14T07:45:00Z,11827.4
2026-05-14T08:00:00Z,17528.4
2026-05-14T08:15:00Z,13304.0
2026-05-14T08:30:00Z,5160.5
2026-05-14T08:45:00Z,16130.0
2026-05-14T09:00:00Z,11951.5
2026-05-14T09:15:00Z,8387.8
2026-05-14T09:30:00Z,9859.8
2026-05-14T09:45:00Z,7921.3
2026-05-14T10:00:00Z,17798.5
2026-05-14T10:15:00Z,16934.7
2026-05-14T10:30:00Z,12251.5
2026-05-14T10:45:00Z,16497.7
2026-05-14T11:00:00Z,13982.6
2026-05-14T11:15:00Z,18265.3
2026-05-14T11:30:00Z,19413.2
2026-05-14T11:45:00Z,11584.7
2026-05-14T12:00:00Z,10306.1
2026-05-14T12:15:00Z,10051.7
2026-05-14T12:30:00Z,9874.7
2026-05-14T12:45:00Z,15441.3
2026-05-14T13:00:00Z,15676.2
2026-05-14T13:15:00Z,19914.3
2026-05-14T13:30:00Z,17021.0
2026-05-14T13:45:00Z,4914.6
2026-05-14T14:00:00Z,21506.7
2026-05-14T14:15:00Z,14355.9
2026-05-14T14:30:00Z,22818.9
2026-05-14T14:45:00Z,15048.7
2026-05-14T15:00:00Z,15914.9
2026-05-14T15:15:00Z,9395.5
2026-05-14T15:30:00Z,13071.4
2026-05-14T15:45:00Z,8985.8
2026-05-14T16:00:00Z,13457.9
2026-05-14T16:15:00Z,7251.6
2026-05-14T16:30:00Z,15389.1
2026-05-14T16:45:00Z,13952.9
2026-05-14T17:00:00Z,13562.9
2026-05-14T17:15:00Z,19725.1
2026-05-14T17:30:00Z,10100.6
2026-05-14T17:45:00Z,13484.3
2026-05-14T18:00:00Z,18245.7
2026-05-14T18:15:00Z,15596.3
2026-05-14T18:30:00Z,14066.3
2026-05-14T18:45:00Z,20219.0
2026-05-14T19:00:00Z,23011.4
2026-05-14T19:15:00Z,15378.9
2026-05-14T19:30:00Z,15012.5
2026-05-14T19:45:00Z,14812.2
2026-05-14T20:00:00Z,22859.4
2026-05-14T20:15:00Z,23229.9
2026-05-14T20:30:00Z,16110.3
2026-05-14T20:45:00Z,23585.9
2026-05-14T21:00:00Z,22602.6
2026-05-14T21:15:00Z,23146.0
2026-05-14T21:30:00Z,23966.2
2026-05-14T21:45:00Z,20772.3
2026-05-14T22:00:00Z,23197.0
2026-05-14T22:15:00Z,22401.1
2026-05-14T22:30:00Z,23941.6
2026-05-14T22:45:00Z,23553.4
2026-05-14T23:00:00Z,23085.0
2026-05-14T23:15:00Z,20896.0
2026-05-14T23:30:00Z,18369.1
2026-05-14T23:45:00Z,21799.3
2026-05-15T00:00:00Z,23590.7
2026-05-15T00:15:00Z,23488.2
2026-05-15T00:30:00Z,23611.9
2026-05-15T00:45:00Z,15609.0
2026-05-15T01:00:00Z,23757.9
2026-05-15T01:15:00Z,24851.5
2026-05-15T01:30:00Z,23713.0
2026-05-15T01:45:00Z,22333.5
2026-05-15T02:00:00Z,24239.5
2026-05-15T02:15:00Z,21564.5
2026-05-15T02:30:00Z,19122.9
2026-05-15T02:45:00Z,23131.7
2026-05-15T03:00:00Z,18330.4
2026-05-15T03:15:00Z,23413.8
2026-05-15T03:30:00Z,21939.0
2026-05-15T03:45:00Z,20815.9
2026-05-15T04:00:00Z,22462.2
2026-05-15T04:15:00Z,16384.5
2026-05-15T04:30:00Z,17663.1
2026-05-15T04:45:00Z,10777.5
2026-05-15T05:00:00Z,9436.6
2026-05-15T05:15:00Z,18633.2
2026-05-15T05:30:00Z,12495.3
2026-05-15T05:45:00Z,12910.2
2026-05-15T06:00:00Z,15088.7
2026-05-15T06:15:00Z,14641.4
2026-05-15T06:30:00Z,14496.8
2026-05-15T06:45:00Z,9329.4
2026-05-15T07:00:00Z,12437.7
2026-05-15T07:15:00Z,5433.5
2026-05-15T07:30:00Z,12219.0
2026-05-15T07:45:00Z,14422.9
2026-05-15T08:00:00Z,22969.3
2026-05-15T08:15:00Z,15127.0
2026-05-15T08:30:00Z,10076.3
2026-05-15T08:45:00Z,14362.0
2026-05-15T09:00:00Z,9561.8
2026-05-15T09:15:00Z,17298.1
2026-05-15T09:30:00Z,12611.9
2026-05-15T09:45:00Z,7658.6
2026-05-15T10:00:00Z,10939.6
2026-05-15T10:15:00Z,19133.9
2026-05-15T10:30:00Z,13728.1
2026-05-15T10:45:00Z,12191.8
2026-05-15T11:00:00Z,12512.4
2026-05-15T11:15:00Z,6216.4
2026-05-15T11:30:00Z,12457.6
2026-05-15T11:45:00Z,14184.4
2026-05-15T12:00:00Z,21420.7
2026-05-15T12:15:00Z,9090.0
2026-05-15T12:30:00Z,11224.8
2026-05-15T12:45:00Z,13311.8
2026-05-15T13:00:00Z,14618.1
2026-05-15T13:15:00Z,7922.3
2026-05-15T13:30:00Z,15276.5
2026-05-15T13:45:00Z,15250.4
2026-05-15T14:00:00Z,19814.2
2026-05-15T14:15:00Z,12430.8
2026-05-15T14:30:00Z,13258.7
2026-05-15T14:45:00Z,7422.4
2026-05-15T15:00:00Z,11630.3
2026-05-15T15:15:00Z,16274.5
2026-05-15T15:30:00Z,12702.4
2026-05-15T15:45:00Z,12647.4
2026-05-15T16:00:00Z,18971.1
2026-05-15T16:15:00Z,14151.8
2026-05-15T16:30:00Z,7944.7
2026-05-15T16:45:00Z,12480.5
2026-05-15T17:00:00Z,22642.8
2026-05-15T17:15:00Z,18271.1
2026-05-15T17:30:00Z,19567.1
2026-05-15T17:45:00Z,13215.1
2026-05-15T18:00:00Z,15811.6
2026-05-15T18:15:00Z,6940.2
2026-05-15T18:30:00Z,14234.4
2026-05-15T18:45:00Z,13374.5
2026-05-15T19:00:00Z,13629.1
2026-05-15T19:15:00Z,17885.2
2026-05-15T19:30:00Z,8722.5
2026-05-15T19:45:00Z,18702.4
2026-05-15T20:00:00Z,22529.7
2026-05-15T20:15:00Z,19469.6
2026-05-15T20:30:00Z,21352.3
2026-05-15T20:45:00Z,22052.6
2026-05-15T21:00:00Z,23966.1
2026-05-15T21:15:00Z,22783.2
2026-05-15T21:30:00Z,22109.8
2026-05-15T21:45:00Z,21317.9
2026-05-15T22:00:00Z,23896.2
2026-05-15T22:15:00Z,23868.5
2026-05-15T22:30:00Z,24205.3
2026-05-15T22:45:00Z,24254.2
2026-05-15T23:00:00Z,24188.8
2026-05-15T23:15:00Z,20017.1
2026-05-15T23:30:00Z,24028.8
2026-05-15T23:45:00Z,17933.8
2026-05-16T00:00:00Z,22466.5
2026-05-16T00:15:00Z,22105.1
2026-05-16T00:30:00Z,19365.0
2026-05-16T00:45:00Z,23451.6
2026-05-16T01:00:00Z,22812.7
2026-05-16T01:15:00Z,23069.8
2026-05-16T01:30:00Z,23455.0
2026-05-16T01:45:00Z,23395.7
2026-05-16T02:00:00Z,23345.2
2026-05-16T02:15:00Z,16321.2
2026-05-16T02:30:00Z,19461.7
2026-05-16T02:45:00Z,18533.4
2026-05-16T03:00:00Z,19356.3
2026-05-16T03:15:00Z,24058.5
2026-05-16T03:30:00Z,22158.8
2026-05-16T03:45:00Z,23865.2
2026-05-16T04:00:00Z,20618.9
2026-05-16T04:15:00Z,20707.2
2026-05-16T04:30:00Z,20351.1
2026-05-16T04:45:00Z,23465.0
2026-05-16T05:00:00Z,22300.6
2026-05-16T05:15:00Z,21819.5
2026-05-16T05:30:00Z,21020.2
2026-05-16T05:45:00Z,21284.2
2026-05-16T06:00:00Z,18798.7
2026-05-16T06:15:00Z,22435.0
2026-05-16T06:30:00Z,21860.2
2026-05-16T06:45:00Z,17688.3
2026-05-16T07:00:00Z,22330.8
2026-05-16T07:15:00Z,19003.8
2026-05-16T07:30:00Z,20707.3
2026-05-16T07:45:00Z,20919.3
2026-05-16T08:00:00Z,22200.6
2026-05-16T08:15:00Z,21704.0
2026-05-16T08:30:00Z,19654.6
2026-05-16T08:45:00Z,19504.6
2026-05-16T09:00:00Z,20803.2
2026-05-16T09:15:00Z,18523.8
2026-05-16T09:30:00Z,19240.7
2026-05-16T09:45:00Z,20667.3
2026-05-16T10:00:00Z,19116.3
2026-05-16T10:15:00Z,20590.7
2026-05-16T10:30:00Z,20162.7
2026-05-16T10:45:00Z,15440.2
2026-05-16T11:00:00Z,21790.2
2026-05-16T11:15:00Z,22505.1
2026-05-16T11:30:00Z,19606.9
2026-05-16T11:45:00Z,22345.6
2026-05-16T12:00:00Z,21113.3
2026-05-16T12:15:00Z,18773.7
2026-05-16T12:30:00Z,17934.3
2026-05-16T12:45:00Z,23358.4
2026-05-16T13:00:00Z,21120.5
2026-05-16T13:15:00Z,19940.6
2026-05-16T13:30:00Z,22668.2
2026-05-16T13:45:00Z,21540.0
2026-05-16T14:00:00Z,15557.3
2026-05-16T14:15:00Z,16167.5
2026-05-16T14:30:00Z,21666.5
2026-05-16T14:45:00Z,19412.9
2026-05-16T15:00:00Z,22367.0
2026-05-16T15:15:00Z,20035.1
2026-05-16T15:30:00Z,21106.6
2026-05-16T15:45:00Z,15217.6
2026-05-16T16:00:00Z,20606.8
2026-05-16T16:15:00Z,21864.9
2026-05-16T16:30:00Z,22954.8
2026-05-16T16:45:00Z,22759.4
2026-05-16T17:00:00Z,19336.9
2026-05-16T17:15:00Z,23765.8
2026-05-16T17:30:00Z,22809.1
2026-05-16T17:45:00Z,22712.4
2026-05-16T18:00:00Z,24667.7
2026-05-16T18:15:00Z,23951.0
2026-05-16T18:30:00Z,22719.8
2026-05-16T18:45:00Z,23274.4
2026-05-16T19:00:00Z,16732.2
2026-05-16T19:15:00Z,22723.4
2026-05-16T19:30:00Z,24168.8
2026-05-16T19:45:00Z,21525.2
2026-05-16T20:00:00Z,22295.4
2026-05-16T20:15:00Z,22837.8
2026-05-16T20:30:00Z,23890.9
2026-05-16T20:45:00Z,21286.8
2026-05-16T21:00:00Z,14815.0
2026-05-16T21:15:00Z,21114.2
2026-05-16T21:30:00Z,20631.9
2026-05-16T21:45:00Z,22368.5
2026-05-16T22:00:00Z,23008.0
2026-05-16T22:15:00Z,22701.2
2026-05-16T22:30:00Z,18518.8
2026-05-16T22:45:00Z,18683.9
2026-05-16T23:00:00Z,22649.4
2026-05-16T23:15:00Z,21879.1
2026-05-16T23:30:00Z,20471.8
2026-05-16T23:45:00Z,24438.4
2026-05-17T00:00:00Z,21279.5
2026-05-17T00:15:00Z,23081.3
2026-05-17T00:30:00Z,23609.5
2026-05-17T00:45:00Z,22985.9
2026-05-17T01:00:00Z,21285.4
2026-05-17T01:15:00Z,20834.6
2026-05-17T01:30:00Z,22964.9
2026-05-17T01:45:00Z,23229.1
2026-05-17T02:00:00Z,21660.6
2026-05-17T02:15:00Z,23566.1
2026-05-17T02:30:00Z,22182.9
2026-05-17T02:45:00Z,21677.9
2026-05-17T03:00:00Z,20041.6
2026-05-17T03:15:00Z,19954.0
2026-05-17T03:30:00Z,22496.2
2026-05-17T03:45:00Z,20620.1
2026-05-17T04:00:00Z,22745.7
2026-05-17T04:15:00Z,23959.0
2026-05-17T04:30:00Z,23003.7
2026-05-17T04:45:00Z,22932.7
2026-05-17T05:00:00Z,23207.6
2026-05-17T05:15:00Z,21737.6
2026-05-17T05:30:00Z,16497.2
2026-05-17T05:45:00Z,22683.5
2026-05-17T06:00:00Z,19041.0
2026-05-17T06:15:00Z,21090.3
2026-05-17T06:30:00Z,12504.4
2026-05-17T06:45:00Z,21333.8
2026-05-17T07:00:00Z,17212.5
2026-05-17T07:15:00Z,23186.8
2026-05-17T07:30:00Z,19975.7
2026-05-17T07:45:00Z,21830.3
2026-05-17T08:00:00Z,19923.6
2026-05-17T08:15:00Z,18043.1
2026-05-17T08:30:00Z,20520.3
2026-05-17T08:45:00Z,20992.5
2026-05-17T09:00:00Z,16901.3
2026-05-17T09:15:00Z,22666.4
2026-05-17T09:30:00Z,15201.8
2026-05-17T09:45:00Z,22666.4
2026-05-17T10:00:00Z,12199.9
2026-05-17T10:15:00Z,20606.9
2026-05-17T10:30:00Z,22092.5
2026-05-17T10:45:00Z,19814.5
2026-05-17T11:00:00Z,22060.6
2026-05-17T11:15:00Z,21695.7
2026-05-17T11:30:00Z,18777.6
2026-05-17T11:45:00Z,17688.5
2026-05-17T12:00:00Z,20875.2
2026-05-17T12:15:00Z,21533.6
2026-05-17T12:30:00Z,18919.4
2026-05-17T12:45:00Z,20220.9
2026-05-17T13:00:00Z,21315.9
2026-05-17T13:15:00Z,22006.2
2026-05-17T13:30:00Z,18038.7
2026-05-17T13:45:00Z,22922.4
2026-05-17T14:00:00Z,21358.9
2026-05-17T14:15:00Z,21703.4
2026-05-17T14:30:00Z,18589.6
2026-05-17T14:45:00Z,18696.6
2026-05-17T15:00:00Z,20705.1
2026-05-17T15:15:00Z,15125.5
2026-05-17T15:30:00Z,20943.3
2026-05-17T15:45:00Z,18456.5
2026-05-17T16:00:00Z,22778.5
2026-05-17T16:15:00Z,17420.4
2026-05-17T16:30:00Z,22601.8
2026-05-17T16:45:00Z,22268.4
2026-05-17T17:00:00Z,23143.0
2026-05-17T17:15:00Z,23254.4
2026-05-17T17:30:00Z,17044.1
2026-05-17T17:45:00Z,19738.8
2026-05-17T18:00:00Z,20998.7
2026-05-17T18:15:00Z,22792.8
2026-05-17T18:30:00Z,23472.9
2026-05-17T18:45:00Z,22019.9
2026-05-17T19:00:00Z,22502.5
2026-05-17T19:15:00Z,18740.3
2026-05-17T19:30:00Z,23308.2
2026-05-17T19:45:00Z,22208.3
2026-05-17T20:00:00Z,18363.5
2026-05-17T20:15:00Z,22299.1
2026-05-17T20:30:00Z,23424.9
2026-05-17T20:45:00Z,22444.3
2026-05-17T21:00:00Z,23436.7
2026-05-17T21:15:00Z,18484.8
2026-05-17T21:30:00Z,24537.1
2026-05-17T21:45:00Z,23606.7
2026-05-17T22:00:00Z,20435.3
2026-05-17T22:15:00Z,22633.7
2026-05-17T22:30:00Z,20441.2
2026-05-17T22:45:00Z,23391.2
2026-05-17T23:00:00Z,17542.0
2026-05-17T23:15:00Z,22435.8
2026-05-17T23:30:00Z,22725.8
2026-05-17T23:45:00Z,20693.1
2026-05-18T00:00:00Z,19461.5
2026-05-18T00:15:00Z,21833.4
2026-05-18T00:30:00Z,20184.9
2026-05-18T00:45:00Z,17126.9
2026-05-18T01:00:00Z,23108.0
2026-05-18T01:15:00Z,22083.1
2026-05-18T01:30:00Z,20861.3
2026-05-18T01:45:00Z,20553.9
2026-05-18T02:00:00Z,22893.7
2026-05-18T02:15:00Z,23004.7
2026-05-18T02:30:00Z,23273.1
2026-05-18T02:45:00Z,17243.7
2026-05-18T03:00:00Z,24254.6
2026-05-18T03:15:00Z,22989.5
2026-05-18T03:30:00Z,22154.5
2026-05-18T03:45:00Z,22321.1
2026-05-18T04:00:00Z,14927.4
2026-05-18T04:15:00Z,19210.0
2026-05-18T04:30:00Z,13869.5
2026-05-18T04:45:00Z,16395.0
2026-05-18T05:00:00Z,14720.3
2026-05-18T05:15:00Z,12243.6
2026-05-18T05:30:00Z,12693.8
2026-05-18T05:45:00Z,16905.5
2026-05-18T06:00:00Z,19677.2
2026-05-18T06:15:00Z,6948.4
2026-05-18T06:30:00Z,13476.7
2026-05-18T06:45:00Z,17742.3
2026-05-18T07:00:00Z,7728.4
2026-05-18T07:15:00Z,12135.6
2026-05-18T07:30:00Z,9160.8
2026-05-18T07:45:00Z,14084.5
2026-05-18T08:00:00Z,12911.7
2026-05-18T08:15:00Z,8506.0
2026-05-18T08:30:00Z,13722.7
2026-05-18T08:45:00Z,10986.3
2026-05-18T09:00:00Z,8559.2
2026-05-18T09:15:00Z,8906.6
2026-05-18T09:30:00Z,12842.2
2026-05-18T09:45:00Z,6857.9
2026-05-18T10:00:00Z,11216.8
2026-05-18T10:15:00Z,14062.5
2026-05-18T10:30:00Z,8611.9
2026-05-18T10:45:00Z,11206.8
2026-05-18T11:00:00Z,16994.2
2026-05-18T11:15:00Z,15816.3
2026-05-18T11:30:00Z,6991.9
2026-05-18T11:45:00Z,6282.8
2026-05-18T12:00:00Z,9127.5
2026-05-18T12:15:00Z,13852.3
2026-05-18T12:30:00Z,12390.1
2026-05-18T12:45:00Z,17243.2
2026-05-18T13:00:00Z,11214.5
2026-05-18T13:15:00Z,12406.4
2026-05-18T13:30:00Z,9137.2
2026-05-18T13:45:00Z,8089.5
2026-05-18T14:00:00Z,10868.4
2026-05-18T14:15:00Z,17725.2
2026-05-18T14:30:00Z,14103.8
2026-05-18T14:45:00Z,16234.6
2026-05-18T15:00:00Z,23039.9
2026-05-18T15:15:00Z,13613.8
2026-05-18T15:30:00Z,18827.3
2026-05-18T15:45:00Z,7622.9
2026-05-18T16:00:00Z,8646.1
2026-05-18T16:15:00Z,9123.3
2026-05-18T16:30:00Z,15604.7
2026-05-18T16:45:00Z,21816.5
2026-05-18T17:00:00Z,14220.9
2026-05-18T17:15:00Z,19271.5
2026-05-18T17:30:00Z,17555.3
2026-05-18T17:45:00Z,23061.6
2026-05-18T18:00:00Z,19874.7
2026-05-18T18:15:00Z,19104.7
2026-05-18T18:30:00Z,11345.3
2026-05-18T18:45:00Z,17113.9
2026-05-18T19:00:00Z,13934.3
2026-05-18T19:15:00Z,17063.2
2026-05-18T19:30:00Z,16402.8
2026-05-18T19:45:00Z,16618.2
2026-05-18T20:00:00Z,23587.8
2026-05-18T20:15:00Z,23439.3
2026-05-18T20:30:00Z,20952.3
2026-05-18T20:45:00Z,19217.8
2026-05-18T21:00:00Z,22863.9
2026-05-18T21:15:00Z,20458.2
2026-05-18T21:30:00Z,23591.8
2026-05-18T21:45:00Z,24153.3
2026-05-18T22:00:00Z,20415.4
2026-05-18T22:15:00Z,17834.7
2026-05-18T22:30:00Z,23767.0
2026-05-18T22:45:00Z,20416.7
2026-05-18T23:00:00Z,23036.8
2026-05-18T23:15:00Z,22739.9
2026-05-18T23:30:00Z,22102.5
2026-05-18T23:45:00Z,21357.1
2026-05-19T00:00:00Z,22919.2
2026-05-19T00:15:00Z,24117.2
2026-05-19T00:30:00Z,23413.3
2026-05-19T00:45:00Z,22520.0
2026-05-19T01:00:00Z,17044.5
2026-05-19T01:15:00Z,20967.2
2026-05-19T01:30:00Z,20724.4
2026-05-19T01:45:00Z,23421.2
2026-05-19T02:00:00Z,22797.1
2026-05-19T02:15:00Z,23228.7
2026-05-19T02:30:00Z,23219.6
2026-05-19T02:45:00Z,17548.3
2026-05-19T03:00:00Z,23102.1
2026-05-19T03:15:00Z,22325.0
2026-05-19T03:30:00Z,23759.8
2026-05-19T03:45:00Z,17374.1
2026-05-19T04:00:00Z,19348.8
2026-05-19T04:15:00Z,12263.3
2026-05-19T04:30:00Z,22704.4
2026-05-19T04:45:00Z,22085.9
2026-05-19T05:00:00Z,18931.4
2026-05-19T05:15:00Z,13819.7
2026-05-19T05:30:00Z,12499.1
2026-05-19T05:45:00Z,10485.6
2026-05-19T06:00:00Z,11685.1
2026-05-19T06:15:00Z,16954.0
2026-05-19T06:30:00Z,16588.1
2026-05-19T06:45:00Z,18588.6
2026-05-19T07:00:00Z,21046.4
2026-05-19T07:15:00Z,21301.4
2026-05-19T07:30:00Z,13542.1
2026-05-19T07:45:00Z,5952.5
2026-05-19T08:00:00Z,8966.0
2026-05-19T08:15:00Z,12100.4
2026-05-19T08:30:00Z,11241.4
2026-05-19T08:45:00Z,14618.8
2026-05-19T09:00:00Z,6499.6
2026-05-19T09:15:00Z,17099.9
2026-05-19T09:30:00Z,7936.4
2026-05-19T09:45:00Z,8985.3
2026-05-19T10:00:00Z,13835.4
2026-05-19T10:15:00Z,13258.8
2026-05-19T10:30:00Z,10656.8
2026-05-19T10:45:00Z,15541.4
2026-05-19T11:00:00Z,11876.7
2026-05-19T11:15:00Z,17673.1
2026-05-19T11:30:00Z,10899.9
2026-05-19T11:45:00Z,11527.5
2026-05-19T12:00:00Z,6302.8
2026-05-19T12:15:00Z,17480.1
2026-05-19T12:30:00Z,16187.3
2026-05-19T12:45:00Z,13273.2
2026-05-19T13:00:00Z,18342.8
2026-05-19T13:15:00Z,15346.9
2026-05-19T13:30:00Z,14521.5
2026-05-19T13:45:00Z,15688.8
2026-05-19T14:00:00Z,8529.0
2026-05-19T14:15:00Z,6465.4
2026-05-19T14:30:00Z,16725.8
2026-05-19T14:45:00Z,5801.0
2026-05-19T15:00:00Z,18993.6
2026-05-19T15:15:00Z,18777.3
2026-05-19T15:30:00Z,15992.9
2026-05-19T15:45:00Z,15324.5
2026-05-19T16:00:00Z,14738.9
2026-05-19T16:15:00Z,10267.0
2026-05-19T16:30:00Z,23125.1
2026-05-19T16:45:00Z,15379.4
2026-05-19T17:00:00Z,22949.0
2026-05-19T17:15:00Z,14069.2
2026-05-19T17:30:00Z,18026.2
2026-05-19T17:45:00Z,19170.3
2026-05-19T18:00:00Z,19976.1
2026-05-19T18:15:00Z,14930.6
2026-05-19T18:30:00Z,24257.1
2026-05-19T18:45:00Z,16398.4
2026-05-19T19:00:00Z,13111.0
2026-05-19T19:15:00Z,16552.8
2026-05-19T19:30:00Z,22754.0
2026-05-19T19:45:00Z,16708.0
2026-05-19T20:00:00Z,22377.7
2026-05-19T20:15:00Z,23899.3
2026-05-19T20:30:00Z,21124.5
2026-05-19T20:45:00Z,20721.0
2026-05-19T21:00:00Z,22679.2
2026-05-19T21:15:00Z,24012.4
2026-05-19T21:30:00Z,22432.4
2026-05-19T21:45:00Z,22600.6
2026-05-19T22:00:00Z,19516.5
2026-05-19T22:15:00Z,18399.1
2026-05-19T22:30:00Z,22991.5
2026-05-19T22:45:00Z,19193.4
2026-05-19T23:00:00Z,18354.0
2026-05-19T23:15:00Z,19586.6
2026-05-19T23:30:00Z,23760.9
2026-05-19T23:45:00Z,24218.9
2026-05-20T00:00:00Z,23395.5
2026-05-20T00:15:00Z,22604.8
2026-05-20T00:30:00Z,19029.7
2026-05-20T00:45:00Z,21954.4
2026-05-20T01:00:00Z,16631.1
2026-05-20T01:15:00Z,22829.2
2026-05-20T01:30:00Z,19109.1
2026-05-20T01:45:00Z,18296.3
2026-05-20T02:00:00Z,21705.7
2026-05-20T02:15:00Z,22166.3
2026-05-20T02:30:00Z,22594.2
2026-05-20T02:45:00Z,23588.5
2026-05-20T03:00:00Z,24549.0
2026-05-20T03:15:00Z,23938.7
2026-05-20T03:30:00Z,21437.3
2026-05-20T03:45:00Z,23962.3
2026-05-20T04:00:00Z,18950.9
2026-05-20T04:15:00Z,13495.0
2026-05-20T04:30:00Z,22904.7
2026-05-20T04:45:00Z,20862.9
2026-05-20T05:00:00Z,11993.0
2026-05-20T05:15:00Z,9537.4
2026-05-20T05:30:00Z,20930.5
2026-05-20T05:45:00Z,17201.6
2026-05-20T06:00:00Z,17878.3
2026-05-20T06:15:00Z,18158.0
2026-05-20T06:30:00Z,10244.7
2026-05-20T06:45:00Z,9714.3
2026-05-20T07:00:00Z,15592.9
2026-05-20T07:15:00Z,8389.1
2026-05-20T07:30:00Z,11491.6
2026-05-20T07:45:00Z,8639.1
2026-05-20T08:00:00Z,10243.0
2026-05-20T08:15:00Z,7203.5
2026-05-20T08:30:00Z,8072.0
2026-05-20T08:45:00Z,14509.5
2026-05-20T09:00:00Z,7880.6
2026-05-20T09:15:00Z,21827.7
2026-05-20T09:30:00Z,12881.3
2026-05-20T09:45:00Z,10551.6
2026-05-20T10:00:00Z,13309.1
2026-05-20T10:15:00Z,13886.1
2026-05-20T10:30:00Z,10997.0
2026-05-20T10:45:00Z,8127.0
2026-05-20T11:00:00Z,8758.3
2026-05-20T11:15:00Z,6018.2
2026-05-20T11:30:00Z,8391.3
2026-05-20T11:45:00Z,11829.2
2026-05-20T12:00:00Z,16467.0
2026-05-20T12:15:00Z,19687.9
2026-05-20T12:30:00Z,15691.4
2026-05-20T12:45:00Z,8530.0
2026-05-20T13:00:00Z,15537.4
2026-05-20T13:15:00Z,13820.7
2026-05-20T13:30:00Z,18635.0
2026-05-20T13:45:00Z,14929.0
2026-05-20T14:00:00Z,16605.8
2026-05-20T14:15:00Z,11194.7
2026-05-20T14:30:00Z,13566.4
2026-05-20T14:45:00Z,13321.3
2026-05-20T15:00:00Z,9543.9
2026-05-20T15:15:00Z,16661.5
2026-05-20T15:30:00Z,16089.7
2026-05-20T15:45:00Z,12025.0
2026-05-20T16:00:00Z,14914.6
2026-05-20T16:15:00Z,19773.3
2026-05-20T16:30:00Z,13548.8
2026-05-20T16:45:00Z,13517.6
2026-05-20T17:00:00Z,15218.5
2026-05-20T17:15:00Z,9556.5
2026-05-20T17:30:00Z,13084.4
2026-05-20T17:45:00Z,21683.3
2026-05-20T18:00:00Z,18566.5
2026-05-20T18:15:00Z,15230.7
2026-05-20T18:30:00Z,20006.6
2026-05-20T18:45:00Z,15420.1
2026-05-20T19:00:00Z,22890.5
2026-05-20T19:15:00Z,13467.7
2026-05-20T19:30:00Z,12481.9
2026-05-20T19:45:00Z,14705.4
2026-05-20T20:00:00Z,21600.5
2026-05-20T20:15:00Z,24740.5
2026-05-20T20:30:00Z,23021.3
2026-05-20T20:45:00Z,19294.6
2026-05-20T21:00:00Z,23751.4
2026-05-20T21:15:00Z,16646.2
2026-05-20T21:30:00Z,23449.1
2026-05-20T21:45:00Z,23842.2
2026-05-20T22:00:00Z,24268.3
2026-05-20T22:15:00Z,12080.2
2026-05-20T22:30:00Z,21268.3
2026-05-20T22:45:00Z,24266.3
2026-05-20T23:00:00Z,24027.3
2026-05-20T23:15:00Z,21605.7
2026-05-20T23:30:00Z,23246.4
2026-05-20T23:45:00Z,21692.5
2026-05-21T00:00:00Z,23673.7
2026-05-21T00:15:00Z,21880.8
2026-05-21T00:30:00Z,23047.2
2026-05-21T00:45:00Z,22678.1
2026-05-21T01:00:00Z,19702.1
2026-05-21T01:15:00Z,22727.9
2026-05-21T01:30:00Z,23043.9
2026-05-21T01:45:00Z,21827.4
2026-05-21T02:00:00Z,24025.4
2026-05-21T02:15:00Z,20414.6
2026-05-21T02:30:00Z,20150.7
2026-05-21T02:45:00Z,22634.8
2026-05-21T03:00:00Z,17064.3
2026-05-21T03:15:00Z,22029.3
2026-05-21T03:30:00Z,24571.3
2026-05-21T03:45:00Z,23088.0
2026-05-21T04:00:00Z,14179.5
2026-05-21T04:15:00Z,15234.1
2026-05-21T04:30:00Z,15347.0
2026-05-21T04:45:00Z,18903.0
2026-05-21T05:00:00Z,13075.0
2026-05-21T05:15:00Z,14968.5
2026-05-21T05:30:00Z,17807.0
2026-05-21T05:45:00Z,11131.6
2026-05-21T06:00:00Z,9751.9
2026-05-21T06:15:00Z,17755.8
2026-05-21T06:30:00Z,12270.8
2026-05-21T06:45:00Z,9032.9
2026-05-21T07:00:00Z,9971.2
2026-05-21T07:15:00Z,11073.0
2026-05-21T07:30:00Z,13916.9
2026-05-21T07:45:00Z,12778.1
2026-05-21T08:00:00Z,17236.8
2026-05-21T08:15:00Z,6976.2
2026-05-21T08:30:00Z,16537.7
2026-05-21T08:45:00Z,10793.1
2026-05-21T09:00:00Z,15455.6
2026-05-21T09:15:00Z,23212.1
2026-05-21T09:30:00Z,10043.9
2026-05-21T09:45:00Z,15768.7
2026-05-21T10:00:00Z,15716.9
2026-05-21T10:15:00Z,17684.9
2026-05-21T10:30:00Z,9861.9
2026-05-21T10:45:00Z,11837.7
2026-05-21T11:00:00Z,16284.6
2026-05-21T11:15:00Z,22641.7
2026-05-21T11:30:00Z,12820.1
2026-05-21T11:45:00Z,17672.9
2026-05-21T12:00:00Z,14160.0
2026-05-21T12:15:00Z,18015.0
2026-05-21T12:30:00Z,12198.6
2026-05-21T12:45:00Z,13865.2
2026-05-21T13:00:00Z,11296.3
2026-05-21T13:15:00Z,18968.5
2026-05-21T13:30:00Z,14767.3
2026-05-21T13:45:00Z,13395.4
2026-05-21T14:00:00Z,15793.5
2026-05-21T14:15:00Z,14380.0
2026-05-21T14:30:00Z,16184.1
2026-05-21T14:45:00Z,13667.9
2026-05-21T15:00:00Z,16567.0
2026-05-21T15:15:00Z,13819.1
2026-05-21T15:30:00Z,12639.4
2026-05-21T15:45:00Z,18133.2
2026-05-21T16:00:00Z,9928.0
2026-05-21T16:15:00Z,18091.4
2026-05-21T16:30:00Z,13590.0
2026-05-21T16:45:00Z,14912.3
2026-05-21T17:00:00Z,19000.0
2026-05-21T17:15:00Z,17597.7
2026-05-21T17:30:00Z,8563.8
2026-05-21T17:45:00Z,15798.1
2026-05-21T18:00:00Z,18828.9
2026-05-21T18:15:00Z,15996.3
2026-05-21T18:30:00Z,15592.1
2026-05-21T18:45:00Z,9662.0
2026-05-21T19:00:00Z,13353.6
2026-05-21T19:15:00Z,15528.9
2026-05-21T19:30:00Z,19405.2
2026-05-21T19:45:00Z,15479.4
2026-05-21T20:00:00Z,22519.0
2026-05-21T20:15:00Z,23231.8
2026-05-21T20:30:00Z,23553.9
2026-05-21T20:45:00Z,23898.0
2026-05-21T21:00:00Z,19758.6
2026-05-21T21:15:00Z,22217.9
2026-05-21T21:30:00Z,15220.6
2026-05-21T21:45:00Z,19914.2
2026-05-21T22:00:00Z,22191.9
2026-05-21T22:15:00Z,18509.8
2026-05-21T22:30:00Z,22235.4
2026-05-21T22:45:00Z,21654.7
2026-05-21T23:00:00Z,23981.0
2026-05-21T23:15:00Z,20432.9
2026-05-21T23:30:00Z,22776.0
2026-05-21T23:45:00Z,21337.5
2026-05-22T00:00:00Z,20343.7
2026-05-22T00:15:00Z,22313.7
2026-05-22T00:30:00Z,18888.4
2026-05-22T00:45:00Z,16597.8
2026-05-22T01:00:00Z,23645.0
2026-05-22T01:15:00Z,21942.7
2026-05-22T01:30:00Z,22779.3
2026-05-22T01:45:00Z,17236.2
2026-05-22T02:00:00Z,22977.7
2026-05-22T02:15:00Z,20725.3
2026-05-22T02:30:00Z,24100.6
2026-05-22T02:45:00Z,23975.0
2026-05-22T03:00:00Z,22888.0
2026-05-22T03:15:00Z,16504.6
2026-05-22T03:30:00Z,16729.8
2026-05-22T03:45:00Z,20254.1
2026-05-22T04:00:00Z,15911.4
2026-05-22T04:15:00Z,18601.4
2026-05-22T04:30:00Z,16518.5
2026-05-22T04:45:00Z,9470.6
2026-05-22T05:00:00Z,17550.4
2026-05-22T05:15:00Z,18529.6
2026-05-22T05:30:00Z,14244.5
2026-05-22T05:45:00Z,12539.7
2026-05-22T06:00:00Z,13043.0
2026-05-22T06:15:00Z,19964.4
2026-05-22T06:30:00Z,12591.7
2026-05-22T06:45:00Z,16083.8
2026-05-22T07:00:00Z,13098.1
2026-05-22T07:15:00Z,12879.7
2026-05-22T07:30:00Z,15333.4
2026-05-22T07:45:00Z,9439.6
2026-05-22T08:00:00Z,10342.8
2026-05-22T08:15:00Z,16538.3
2026-05-22T08:30:00Z,11002.5
2026-05-22T08:45:00Z,8636.3
2026-05-22T09:00:00Z,8569.2
2026-05-22T09:15:00Z,5254.0
2026-05-22T09:30:00Z,10879.6
2026-05-22T09:45:00Z,11844.8
2026-05-22T10:00:00Z,17335.4
2026-05-22T10:15:00Z,7142.3
2026-05-22T10:30:00Z,8576.2
2026-05-22T10:45:00Z,17918.2
2026-05-22T11:00:00Z,15823.1
2026-05-22T11:15:00Z,11511.5
2026-05-22T11:30:00Z,19469.1
2026-05-22T11:45:00Z,16991.8
2026-05-22T12:00:00Z,16604.2
2026-05-22T12:15:00Z,16689.6
2026-05-22T12:30:00Z,15785.0
2026-05-22T12:45:00Z,11835.6
2026-05-22T13:00:00Z,15331.5
2026-05-22T13:15:00Z,15625.3
2026-05-22T13:30:00Z,17750.8
2026-05-22T13:45:00Z,12710.9
2026-05-22T14:00:00Z,17027.4
2026-05-22T14:15:00Z,11680.3
2026-05-22T14:30:00Z,18754.2
2026-05-22T14:45:00Z,13281.7
2026-05-22T15:00:00Z,13320.6
2026-05-22T15:15:00Z,12554.7
2026-05-22T15:30:00Z,13344.4
2026-05-22T15:45:00Z,14306.8
2026-05-22T16:00:00Z,22054.4
2026-05-22T16:15:00Z,21353.6
2026-05-22T16:30:00Z,11694.2
2026-05-22T16:45:00Z,10716.0
2026-05-22T17:00:00Z,17038.4
2026-05-22T17:15:00Z,9116.3
2026-05-22T17:30:00Z,18249.2
2026-05-22T17:45:00Z,18709.1
2026-05-22T18:00:00Z,10556.6
2026-05-22T18:15:00Z,10852.7
2026-05-22T18:30:00Z,21041.8
2026-05-22T18:45:00Z,6903.2
2026-05-22T19:00:00Z,19456.3
2026-05-22T19:15:00Z,13814.3
2026-05-22T19:30:00Z,9083.2
2026-05-22T19:45:00Z,14163.3
2026-05-22T20:00:00Z,23131.0
2026-05-22T20:15:00Z,22138.7
2026-05-22T20:30:00Z,24440.7
2026-05-22T20:45:00Z,16609.4
2026-05-22T21:00:00Z,24226.6
2026-05-22T21:15:00Z,23613.2
2026-05-22T21:30:00Z,17165.9
2026-05-22T21:45:00Z,24155.0
2026-05-22T22:00:00Z,23648.4
2026-05-22T22:15:00Z,23170.9
2026-05-22T22:30:00Z,23538.3
2026-05-22T22:45:00Z,23977.4
2026-05-22T23:00:00Z,19190.0
2026-05-22T23:15:00Z,23564.0
2026-05-22T23:30:00Z,22654.9
2026-05-22T23:45:00Z,23974.7
2026-05-23T00:00:00Z,23393.8
2026-05-23T00:15:00Z,16691.2
2026-05-23T00:30:00Z,21384.9
2026-05-23T00:45:00Z,23487.1
2026-05-23T01:00:00Z,23372.7
2026-05-23T01:15:00Z,18993.8
2026-05-23T01:30:00Z,22113.7
2026-05-23T01:45:00Z,23274.1
2026-05-23T02:00:00Z,24055.8
2026-05-23T02:15:00Z,22470.2
2026-05-23T02:30:00Z,23218.7
2026-05-23T02:45:00Z,18715.7
2026-05-23T03:00:00Z,22696.7
2026-05-23T03:15:00Z,17118.6
2026-05-23T03:30:00Z,22701.0
2026-05-23T03:45:00Z,22902.0
2026-05-23T04:00:00Z,21389.3
2026-05-23T04:15:00Z,23622.8
2026-05-23T04:30:00Z,23343.8
2026-05-23T04:45:00Z,21627.3
2026-05-23T05:00:00Z,20748.8
2026-05-23T05:15:00Z,23397.0
2026-05-23T05:30:00Z,19548.1
2026-05-23T05:45:00Z,21443.8
2026-05-23T06:00:00Z,22301.2
2026-05-23T06:15:00Z,20224.6
2026-05-23T06:30:00Z,17159.8
2026-05-23T06:45:00Z,18978.7
2026-05-23T07:00:00Z,18259.1
2026-05-23T07:15:00Z,20646.6
2026-05-23T07:30:00Z,20807.6
2026-05-23T07:45:00Z,20672.1
2026-05-23T08:00:00Z,22080.7
2026-05-23T08:15:00Z,21738.2
2026-05-23T08:30:00Z,19225.4
2026-05-23T08:45:00Z,20552.1
2026-05-23T09:00:00Z,19779.2
2026-05-23T09:15:00Z,20040.1
2026-05-23T09:30:00Z,15790.1
2026-05-23T09:45:00Z,15888.4
2026-05-23T10:00:00Z,21555.3
2026-05-23T10:15:00Z,19564.6
2026-05-23T10:30:00Z,19435.1
2026-05-23T10:45:00Z,21872.6
2026-05-23T11:00:00Z,12668.3
2026-05-23T11:15:00Z,19768.9
2026-05-23T11:30:00Z,20084.6
2026-05-23T11:45:00Z,20686.5
2026-05-23T12:00:00Z,21048.5
2026-05-23T12:15:00Z,13850.3
2026-05-23T12:30:00Z,15240.8
2026-05-23T12:45:00Z,14373.5
2026-05-23T13:00:00Z,13580.4
2026-05-23T13:15:00Z,7701.1
2026-05-23T13:30:00Z,12758.3
2026-05-23T13:45:00Z,22497.8
2026-05-23T14:00:00Z,22779.9
2026-05-23T14:15:00Z,21338.0
2026-05-23T14:30:00Z,21699.4
2026-05-23T14:45:00Z,19021.0
2026-05-23T15:00:00Z,19155.0
2026-05-23T15:15:00Z,20810.8
2026-05-23T15:30:00Z,18133.7
2026-05-23T15:45:00Z,20728.3
2026-05-23T16:00:00Z,22936.3
2026-05-23T16:15:00Z,22767.4
2026-05-23T16:30:00Z,17938.4
2026-05-23T16:45:00Z,18789.2
2026-05-23T17:00:00Z,22137.1
2026-05-23T17:15:00Z,20808.9
2026-05-23T17:30:00Z,19296.7
2026-05-23T17:45:00Z,19469.4
2026-05-23T18:00:00Z,23770.3
2026-05-23T18:15:00Z,21221.0
2026-05-23T18:30:00Z,23799.2
2026-05-23T18:45:00Z,23022.8
2026-05-23T19:00:00Z,24068.4
2026-05-23T19:15:00Z,23321.7
2026-05-23T19:30:00Z,23997.3
2026-05-23T19:45:00Z,23032.1
2026-05-23T20:00:00Z,20678.7
2026-05-23T20:15:00Z,23310.9
2026-05-23T20:30:00Z,20511.3
2026-05-23T20:45:00Z,19396.7
2026-05-23T21:00:00Z,23692.3
2026-05-23T21:15:00Z,24275.3
2026-05-23T21:30:00Z,22635.2
2026-05-23T21:45:00Z,23721.2
2026-05-23T22:00:00Z,24044.1
2026-05-23T22:15:00Z,24304.1
2026-05-23T22:30:00Z,16020.4
2026-05-23T22:45:00Z,24128.8
2026-05-23T23:00:00Z,22714.6
2026-05-23T23:15:00Z,21118.3
2026-05-23T23:30:00Z,23502.6
2026-05-23T23:45:00Z,23705.1
2026-05-24T00:00:00Z,16627.0
2026-05-24T00:15:00Z,14599.0
2026-05-24T00:30:00Z,23890.1
2026-05-24T00:45:00Z,22970.7
2026-05-24T01:00:00Z,22871.2
2026-05-24T01:15:00Z,23838.4
2026-05-24T01:30:00Z,23076.8
2026-05-24T01:45:00Z,23159.2
2026-05-24T02:00:00Z,22319.8
2026-05-24T02:15:00Z,21379.9
2026-05-24T02:30:00Z,20086.0
2026-05-24T02:45:00Z,23166.0
2026-05-24T03:00:00Z,18054.4
2026-05-24T03:15:00Z,16655.0
2026-05-24T03:30:00Z,24195.4
2026-05-24T03:45:00Z,22486.3
2026-05-24T04:00:00Z,20025.8
2026-05-24T04:15:00Z,23285.4
2026-05-24T04:30:00Z,12325.9
2026-05-24T04:45:00Z,23533.5
2026-05-24T05:00:00Z,22210.3
2026-05-24T05:15:00Z,20707.1
2026-05-24T05:30:00Z,19793.9
2026-05-24T05:45:00Z,22678.3
2026-05-24T06:00:00Z,22242.9
2026-05-24T06:15:00Z,17545.7
2026-05-24T06:30:00Z,22222.6
2026-05-24T06:45:00Z,22074.1
2026-05-24T07:00:00Z,19496.1
2026-05-24T07:15:00Z,21872.6
2026-05-24T07:30:00Z,20917.4
2026-05-24T07:45:00Z,19033.7
2026-05-24T08:00:00Z,19120.3
2026-05-24T08:15:00Z,21179.7
2026-05-24T08:30:00Z,11073.2
2026-05-24T08:45:00Z,15518.9
2026-05-24T09:00:00Z,14406.5
2026-05-24T09:15:00Z,10783.2
2026-05-24T09:30:00Z,14802.2
2026-05-24T09:45:00Z,10351.9
2026-05-24T10:00:00Z,21826.5
2026-05-24T10:15:00Z,21541.6
2026-05-24T10:30:00Z,21549.3
2026-05-24T10:45:00Z,16628.2
2026-05-24T11:00:00Z,16720.5
2026-05-24T11:15:00Z,20729.7
2026-05-24T11:30:00Z,22546.5
2026-05-24T11:45:00Z,21173.8
2026-05-24T12:00:00Z,23435.9
2026-05-24T12:15:00Z,19222.5
2026-05-24T12:30:00Z,17669.8
2026-05-24T12:45:00Z,19989.0
2026-05-24T13:00:00Z,21784.6
2026-05-24T13:15:00Z,18934.7
2026-05-24T13:30:00Z,21596.0
2026-05-24T13:45:00Z,18656.2
2026-05-24T14:00:00Z,22395.7
2026-05-24T14:15:00Z,22224.7
2026-05-24T14:30:00Z,21238.6
2026-05-24T14:45:00Z,17268.2
2026-05-24T15:00:00Z,21019.6
2026-05-24T15:15:00Z,22558.1
2026-05-24T15:30:00Z,21194.8
2026-05-24T15:45:00Z,18582.1
2026-05-24T16:00:00Z,19706.8
2026-05-24T16:15:00Z,23599.1
2026-05-24T16:30:00Z,21880.6
2026-05-24T16:45:00Z,21922.6
2026-05-24T17:00:00Z,20155.4
2026-05-24T17:15:00Z,23090.1
2026-05-24T17:30:00Z,21223.5
2026-05-24T17:45:00Z,23348.5
2026-05-24T18:00:00Z,20910.8
2026-05-24T18:15:00Z,22462.4
2026-05-24T18:30:00Z,23828.6
2026-05-24T18:45:00Z,18861.8
2026-05-24T19:00:00Z,18094.7
2026-05-24T19:15:00Z,23758.7
2026-05-24T19:30:00Z,22844.7
2026-05-24T19:45:00Z,20580.3
2026-05-24T20:00:00Z,21939.9
2026-05-24T20:15:00Z,21968.7
2026-05-24T20:30:00Z,24220.1
2026-05-24T20:45:00Z,23959.1
2026-05-24T21:00:00Z,23786.3
2026-05-24T21:15:00Z,20559.0
2026-05-24T21:30:00Z,22603.4
2026-05-24T21:45:00Z,19904.3
2026-05-24T22:00:00Z,20689.9
2026-05-24T22:15:00Z,24945.4
2026-05-24T22:30:00Z,23128.0
2026-05-24T22:45:00Z,19816.4
2026-05-24T23:00:00Z,22746.5
2026-05-24T23:15:00Z,19564.3
2026-05-24T23:30:00Z,23032.5
2026-05-24T23:45:00Z,15076.7
2026-05-25T00:00:00Z,23014.7
2026-05-25T00:15:00Z,24266.6
2026-05-25T00:30:00Z,23820.6
2026-05-25T00:45:00Z,24399.2
2026-05-25T01:00:00Z,23346.6
2026-05-25T01:15:00Z,19433.4
2026-05-25T01:30:00Z,21755.8
2026-05-25T01:45:00Z,19545.9
2026-05-25T02:00:00Z,23261.8
2026-05-25T02:15:00Z,19088.7
2026-05-25T02:30:00Z,24286.6
2026-05-25T02:45:00Z,18765.8
2026-05-25T03:00:00Z,18889.0
2026-05-25T03:15:00Z,21861.5
2026-05-25T03:30:00Z,23941.2
2026-05-25T03:45:00Z,24501.6
2026-05-25T04:00:00Z,20408.4
2026-05-25T04:15:00Z,22455.2
2026-05-25T04:30:00Z,16284.2
2026-05-25T04:45:00Z,13391.2
2026-05-25T05:00:00Z,12418.7
2026-05-25T05:15:00Z,12557.8
2026-05-25T05:30:00Z,16291.3
2026-05-25T05:45:00Z,13037.7
2026-05-25T06:00:00Z,7760.2
2026-05-25T06:15:00Z,15126.5
2026-05-25T06:30:00Z,9661.1
2026-05-25T06:45:00Z,11584.5
2026-05-25T07:00:00Z,17438.3
2026-05-25T07:15:00Z,16768.3
2026-05-25T07:30:00Z,13925.5
2026-05-25T07:45:00Z,14401.8
2026-05-25T08:00:00Z,17845.7
2026-05-25T08:15:00Z,14487.0
2026-05-25T08:30:00Z,10428.8
2026-05-25T08:45:00Z,8524.1
2026-05-25T09:00:00Z,13251.3
2026-05-25T09:15:00Z,16702.4
2026-05-25T09:30:00Z,19516.9
2026-05-25T09:45:00Z,8882.1
2026-05-25T10:00:00Z,14870.7
2026-05-25T10:15:00Z,12810.3
2026-05-25T10:30:00Z,14624.2
2026-05-25T10:45:00Z,15556.7
2026-05-25T11:00:00Z,11077.3
2026-05-25T11:15:00Z,15666.1
2026-05-25T11:30:00Z,7614.3
2026-05-25T11:45:00Z,17687.6
2026-05-25T12:00:00Z,14916.6
2026-05-25T12:15:00Z,17475.4
2026-05-25T12:30:00Z,11878.9
2026-05-25T12:45:00Z,12207.8
2026-05-25T13:00:00Z,16274.1
2026-05-25T13:15:00Z,12157.2
2026-05-25T13:30:00Z,11656.7
2026-05-25T13:45:00Z,14381.3
2026-05-25T14:00:00Z,20090.7
2026-05-25T14:15:00Z,13678.8
2026-05-25T14:30:00Z,17817.9
2026-05-25T14:45:00Z,10163.6
2026-05-25T15:00:00Z,14065.8
2026-05-25T15:15:00Z,11533.5
2026-05-25T15:30:00Z,12471.3
2026-05-25T15:45:00Z,11863.7
2026-05-25T16:00:00Z,13671.9
2026-05-25T16:15:00Z,18119.1
2026-05-25T16:30:00Z,9611.2
2026-05-25T16:45:00Z,18269.5
2026-05-25T17:00:00Z,22527.8
2026-05-25T17:15:00Z,17880.2
2026-05-25T17:30:00Z,12156.0
2026-05-25T17:45:00Z,12815.5
2026-05-25T18:00:00Z,19016.8
2026-05-25T18:15:00Z,12665.3
2026-05-25T18:30:00Z,14082.7
2026-05-25T18:45:00Z,20705.2
2026-05-25T19:00:00Z,19087.4
2026-05-25T19:15:00Z,15652.5
2026-05-25T19:30:00Z,22194.3
2026-05-25T19:45:00Z,8180.6
2026-05-25T20:00:00Z,24468.3
2026-05-25T20:15:00Z,24097.0
2026-05-25T20:30:00Z,22105.3
2026-05-25T20:45:00Z,23862.5
2026-05-25T21:00:00Z,24045.0
2026-05-25T21:15:00Z,23570.4
2026-05-25T21:30:00Z,23350.1
2026-05-25T21:45:00Z,23340.0
2026-05-25T22:00:00Z,19664.5
2026-05-25T22:15:00Z,19515.9
2026-05-25T22:30:00Z,23842.2
2026-05-25T22:45:00Z,23383.3
2026-05-25T23:00:00Z,24294.4
2026-05-25T23:15:00Z,23971.2
2026-05-25T23:30:00Z,13778.6
2026-05-25T23:45:00Z,23171.7
2026-05-26T00:00:00Z,22926.6
2026-05-26T00:15:00Z,22644.3
2026-05-26T00:30:00Z,20696.4
2026-05-26T00:45:00Z,22822.9
2026-05-26T01:00:00Z,18250.4
2026-05-26T01:15:00Z,17250.1
2026-05-26T01:30:00Z,22070.7
2026-05-26T01:45:00Z,22551.4
2026-05-26T02:00:00Z,23301.8
2026-05-26T02:15:00Z,24745.1
2026-05-26T02:30:00Z,21612.8
2026-05-26T02:45:00Z,19461.7
2026-05-26T03:00:00Z,20050.1
2026-05-26T03:15:00Z,19415.3
2026-05-26T03:30:00Z,24352.3
2026-05-26T03:45:00Z,21644.4
2026-05-26T04:00:00Z,8214.4
2026-05-26T04:15:00Z,10746.3
2026-05-26T04:30:00Z,16515.0
2026-05-26T04:45:00Z,14119.3
2026-05-26T05:00:00Z,22532.9
2026-05-26T05:15:00Z,13809.1
2026-05-26T05:30:00Z,19736.3
2026-05-26T05:45:00Z,10982.6
2026-05-26T06:00:00Z,13489.7
2026-05-26T06:15:00Z,17876.5
2026-05-26T06:30:00Z,13763.6
2026-05-26T06:45:00Z,9301.9
2026-05-26T07:00:00Z,23192.1
2026-05-26T07:15:00Z,17001.1
2026-05-26T07:30:00Z,20202.0
2026-05-26T07:45:00Z,11195.9
2026-05-26T08:00:00Z,11705.5
2026-05-26T08:15:00Z,16473.2
2026-05-26T08:30:00Z,14009.6
2026-05-26T08:45:00Z,12331.3
2026-05-26T09:00:00Z,17719.0
2026-05-26T09:15:00Z,12862.1
2026-05-26T09:30:00Z,11852.1
2026-05-26T09:45:00Z,18932.8
2026-05-26T10:00:00Z,18332.6
2026-05-26T10:15:00Z,10972.3
2026-05-26T10:30:00Z,12894.1
2026-05-26T10:45:00Z,8910.0
2026-05-26T11:00:00Z,16419.1
2026-05-26T11:15:00Z,17681.4
2026-05-26T11:30:00Z,11218.7
2026-05-26T11:45:00Z,10831.6
2026-05-26T12:00:00Z,12170.2
2026-05-26T12:15:00Z,12267.7
2026-05-26T12:30:00Z,10349.3
2026-05-26T12:45:00Z,8780.6
2026-05-26T13:00:00Z,7352.5
2026-05-26T13:15:00Z,7552.8
2026-05-26T13:30:00Z,11818.9
2026-05-26T13:45:00Z,14546.6
2026-05-26T14:00:00Z,16819.2
2026-05-26T14:15:00Z,16150.7
2026-05-26T14:30:00Z,18909.7
2026-05-26T14:45:00Z,11832.4
2026-05-26T15:00:00Z,8915.8
2026-05-26T15:15:00Z,13421.4
2026-05-26T15:30:00Z,12721.0
2026-05-26T15:45:00Z,8706.0
2026-05-26T16:00:00Z,9841.2
2026-05-26T16:15:00Z,19113.6
2026-05-26T16:30:00Z,13891.7
2026-05-26T16:45:00Z,8731.4
2026-05-26T17:00:00Z,18911.2
2026-05-26T17:15:00Z,17586.2
2026-05-26T17:30:00Z,19887.4
2026-05-26T17:45:00Z,10821.6
2026-05-26T18:00:00Z,12551.4
2026-05-26T18:15:00Z,14595.6
2026-05-26T18:30:00Z,13217.8
2026-05-26T18:45:00Z,13963.8
2026-05-26T19:00:00Z,19707.7
2026-05-26T19:15:00Z,20848.7
2026-05-26T19:30:00Z,12532.4
2026-05-26T19:45:00Z,14189.7
2026-05-26T20:00:00Z,23798.8
2026-05-26T20:15:00Z,21700.9
2026-05-26T20:30:00Z,19572.7
2026-05-26T20:45:00Z,23651.8
2026-05-26T21:00:00Z,20884.7
2026-05-26T21:15:00Z,24675.8
2026-05-26T21:30:00Z,22414.4
2026-05-26T21:45:00Z,22972.9
2026-05-26T22:00:00Z,20911.5
2026-05-26T22:15:00Z,21798.8
2026-05-26T22:30:00Z,23565.0
2026-05-26T22:45:00Z,18263.1
2026-05-26T23:00:00Z,18338.0
2026-05-26T23:15:00Z,23548.6
2026-05-26T23:30:00Z,21152.7
2026-05-26T23:45:00Z,20920.8
2026-05-27T00:00:00Z,21116.1
2026-05-27T00:15:00Z,24387.2
2026-05-27T00:30:00Z,21790.4
2026-05-27T00:45:00Z,22976.1
2026-05-27T01:00:00Z,21372.6
2026-05-27T01:15:00Z,23357.8
2026-05-27T01:30:00Z,24480.8
2026-05-27T01:45:00Z,23163.3
2026-05-27T02:00:00Z,19818.1
2026-05-27T02:15:00Z,19684.4
2026-05-27T02:30:00Z,22334.4
2026-05-27T02:45:00Z,19793.5
2026-05-27T03:00:00Z,20478.9
2026-05-27T03:15:00Z,23544.7
2026-05-27T03:30:00Z,20365.8
2026-05-27T03:45:00Z,23375.2
2026-05-27T04:00:00Z,15627.3
2026-05-27T04:15:00Z,15145.1
2026-05-27T04:30:00Z,14271.4
2026-05-27T04:45:00Z,13275.7
2026-05-27T05:00:00Z,12744.6
2026-05-27T05:15:00Z,17516.1
2026-05-27T05:30:00Z,8755.6
2026-05-27T05:45:00Z,11927.8
2026-05-27T06:00:00Z,14367.8
2026-05-27T06:15:00Z,13751.5
2026-05-27T06:30:00Z,10728.9
2026-05-27T06:45:00Z,7627.4
2026-05-27T07:00:00Z,9657.2
2026-05-27T07:15:00Z,16470.9
2026-05-27T07:30:00Z,10828.3
2026-05-27T07:45:00Z,13719.5
2026-05-27T08:00:00Z,11997.4
2026-05-27T08:15:00Z,19138.7
2026-05-27T08:30:00Z,8329.2
2026-05-27T08:45:00Z,13925.9
2026-05-27T09:00:00Z,13054.5
2026-05-27T09:15:00Z,8811.8
2026-05-27T09:30:00Z,15682.2
2026-05-27T09:45:00Z,12186.6
2026-05-27T10:00:00Z,11033.1
2026-05-27T10:15:00Z,12965.5
2026-05-27T10:30:00Z,10176.7
2026-05-27T10:45:00Z,15010.6
2026-05-27T11:00:00Z,9900.0
2026-05-27T11:15:00Z,15447.6
2026-05-27T11:30:00Z,15357.4
2026-05-27T11:45:00Z,13521.1
2026-05-27T12:00:00Z,18226.6
2026-05-27T12:15:00Z,7198.9
2026-05-27T12:30:00Z,16434.2
2026-05-27T12:45:00Z,10188.8
2026-05-27T13:00:00Z,18133.2
2026-05-27T13:15:00Z,7407.2
2026-05-27T13:30:00Z,9992.9
2026-05-27T13:45:00Z,14920.5
2026-05-27T14:00:00Z,6801.4
2026-05-27T14:15:00Z,16760.9
2026-05-27T14:30:00Z,17844.3
2026-05-27T14:45:00Z,10396.2
2026-05-27T15:00:00Z,14041.9
2026-05-27T15:15:00Z,13845.5
2026-05-27T15:30:00Z,14723.1
2026-05-27T15:45:00Z,13454.2
2026-05-27T16:00:00Z,18650.4
2026-05-27T16:15:00Z,15630.8
2026-05-27T16:30:00Z,9128.4
2026-05-27T16:45:00Z,9032.0
2026-05-27T17:00:00Z,14385.9
2026-05-27T17:15:00Z,14227.8
2026-05-27T17:30:00Z,9078.0
2026-05-27T17:45:00Z,13296.6
2026-05-27T18:00:00Z,14701.8
2026-05-27T18:15:00Z,15625.6
2026-05-27T18:30:00Z,17117.5
2026-05-27T18:45:00Z,16132.0
2026-05-27T19:00:00Z,15212.9
2026-05-27T19:15:00Z,15174.5
2026-05-27T19:30:00Z,14766.9
2026-05-27T19:45:00Z,13658.1
2026-05-27T20:00:00Z,22601.9
2026-05-27T20:15:00Z,17819.9
2026-05-27T20:30:00Z,21458.7
2026-05-27T20:45:00Z,23695.3
2026-05-27T21:00:00Z,15111.1
2026-05-27T21:15:00Z,22916.3
2026-05-27T21:30:00Z,23674.3
2026-05-27T21:45:00Z,23837.8
2026-05-27T22:00:00Z,23408.3
2026-05-27T22:15:00Z,24608.6
2026-05-27T22:30:00Z,16889.1
2026-05-27T22:45:00Z,23657.1
2026-05-27T23:00:00Z,22958.8
2026-05-27T23:15:00Z,20885.0
2026-05-27T23:30:00Z,21580.7
2026-05-27T23:45:00Z,19498.9
2026-05-28T00:00:00Z,23159.7
2026-05-28T00:15:00Z,24671.6
2026-05-28T00:30:00Z,19272.3
2026-05-28T00:45:00Z,16639.6
2026-05-28T01:00:00Z,20420.1
2026-05-28T01:15:00Z,20537.0
2026-05-28T01:30:00Z,23614.1
2026-05-28T01:45:00Z,23497.1
2026-05-28T02:00:00Z,22145.4
2026-05-28T02:15:00Z,24178.7
2026-05-28T02:30:00Z,23503.6
2026-05-28T02:45:00Z,19309.0
2026-05-28T03:00:00Z,22661.4
2026-05-28T03:15:00Z,19337.8
2026-05-28T03:30:00Z,20859.0
2026-05-28T03:45:00Z,23717.2
2026-05-28T04:00:00Z,15132.1
2026-05-28T04:15:00Z,9284.5
2026-05-28T04:30:00Z,23165.9
2026-05-28T04:45:00Z,14823.5
2026-05-28T05:00:00Z,17425.1
2026-05-28T05:15:00Z,13573.2
2026-05-28T05:30:00Z,19332.8
2026-05-28T05:45:00Z,10169.2
2026-05-28T06:00:00Z,14382.8
2026-05-28T06:15:00Z,12583.2
2026-05-28T06:30:00Z,18047.5
2026-05-28T06:45:00Z,12946.7
2026-05-28T07:00:00Z,13758.5
2026-05-28T07:15:00Z,17360.1
2026-05-28T07:30:00Z,20629.7
2026-05-28T07:45:00Z,10047.0
2026-05-28T08:00:00Z,11934.7
2026-05-28T08:15:00Z,8648.7
2026-05-28T08:30:00Z,19577.8
2026-05-28T08:45:00Z,12692.2
2026-05-28T09:00:00Z,10116.9
2026-05-28T09:15:00Z,8757.4
2026-05-28T09:30:00Z,13463.1
2026-05-28T09:45:00Z,10150.5
2026-05-28T10:00:00Z,20754.7
2026-05-28T10:15:00Z,20282.3
2026-05-28T10:30:00Z,11133.3
2026-05-28T10:45:00Z,17197.6
2026-05-28T11:00:00Z,17834.6
2026-05-28T11:15:00Z,11374.7
2026-05-28T11:30:00Z,13066.2
2026-05-28T11:45:00Z,17058.7
2026-05-28T12:00:00Z,12424.7
2026-05-28T12:15:00Z,17450.2
2026-05-28T12:30:00Z,12333.8
2026-05-28T12:45:00Z,9772.0
2026-05-28T13:00:00Z,16396.6
2026-05-28T13:15:00Z,14727.1
2026-05-28T13:30:00Z,11714.6
2026-05-28T13:45:00Z,13140.4
2026-05-28T14:00:00Z,14114.6
2026-05-28T14:15:00Z,22415.0
2026-05-28T14:30:00Z,14269.5
2026-05-28T14:45:00Z,14279.6
2026-05-28T15:00:00Z,18410.0
2026-05-28T15:15:00Z,14375.1
2026-05-28T15:30:00Z,18189.0
2026-05-28T15:45:00Z,16050.4
2026-05-28T16:00:00Z,9968.0
2026-05-28T16:15:00Z,16861.0
2026-05-28T16:30:00Z,12401.7
2026-05-28T16:45:00Z,15534.7
2026-05-28T17:00:00Z,12868.8
2026-05-28T17:15:00Z,23978.3
2026-05-28T17:30:00Z,14366.6
2026-05-28T17:45:00Z,14555.9
2026-05-28T18:00:00Z,9705.7
2026-05-28T18:15:00Z,10044.6
2026-05-28T18:30:00Z,15791.4
2026-05-28T18:45:00Z,23366.7
2026-05-28T19:00:00Z,7623.7
2026-05-28T19:15:00Z,12762.5
2026-05-28T19:30:00Z,24301.8
2026-05-28T19:45:00Z,15857.1
2026-05-28T20:00:00Z,20793.6
2026-05-28T20:15:00Z,18937.5
2026-05-28T20:30:00Z,23899.9
2026-05-28T20:45:00Z,22260.0
2026-05-28T21:00:00Z,22408.9
2026-05-28T21:15:00Z,20257.3
2026-05-28T21:30:00Z,18432.6
2026-05-28T21:45:00Z,21273.0
2026-05-28T22:00:00Z,22090.3
2026-05-28T22:15:00Z,21479.7
2026-05-28T22:30:00Z,23469.8
2026-05-28T22:45:00Z,18802.7
2026-05-28T23:00:00Z,24583.2
2026-05-28T23:15:00Z,23496.7
2026-05-28T23:30:00Z,24288.5
2026-05-28T23:45:00Z,22607.2
2026-05-29T00:00:00Z,23752.2
2026-05-29T00:15:00Z,23719.2
2026-05-29T00:30:00Z,20550.5
2026-05-29T00:45:00Z,22492.5
2026-05-29T01:00:00Z,22461.4
2026-05-29T01:15:00Z,23361.3
2026-05-29T01:30:00Z,23821.4
2026-05-29T01:45:00Z,16513.9
2026-05-29T02:00:00Z,23159.6
2026-05-29T02:15:00Z,24273.8
2026-05-29T02:30:00Z,23578.4
2026-05-29T02:45:00Z,20559.2
2026-05-29T03:00:00Z,19630.1
2026-05-29T03:15:00Z,24321.2
2026-05-29T03:30:00Z,22154.7
2026-05-29T03:45:00Z,20326.1
2026-05-29T04:00:00Z,18069.6
2026-05-29T04:15:00Z,12964.9
2026-05-29T04:30:00Z,18262.7
2026-05-29T04:45:00Z,13095.9
2026-05-29T05:00:00Z,13712.6
2026-05-29T05:15:00Z,10507.5
2026-05-29T05:30:00Z,15737.4
2026-05-29T05:45:00Z,13391.2
2026-05-29T06:00:00Z,19058.3
2026-05-29T06:15:00Z,12540.9
2026-05-29T06:30:00Z,6854.7
2026-05-29T06:45:00Z,11223.5
2026-05-29T07:00:00Z,13174.8
2026-05-29T07:15:00Z,19386.9
2026-05-29T07:30:00Z,5303.1
2026-05-29T07:45:00Z,21960.1
2026-05-29T08:00:00Z,17573.0
2026-05-29T08:15:00Z,11771.8
2026-05-29T08:30:00Z,18101.9
2026-05-29T08:45:00Z,15590.9
2026-05-29T09:00:00Z,14691.5
2026-05-29T09:15:00Z,13817.1
2026-05-29T09:30:00Z,15777.7
2026-05-29T09:45:00Z,9089.7
2026-05-29T10:00:00Z,12158.9
2026-05-29T10:15:00Z,8223.6
2026-05-29T10:30:00Z,10039.3
2026-05-29T10:45:00Z,12351.6
2026-05-29T11:00:00Z,8360.7
2026-05-29T11:15:00Z,16372.2
2026-05-29T11:30:00Z,8617.7
2026-05-29T11:45:00Z,15314.5
2026-05-29T12:00:00Z,20521.9
2026-05-29T12:15:00Z,16912.7
2026-05-29T12:30:00Z,11882.0
2026-05-29T12:45:00Z,13088.4
2026-05-29T13:00:00Z,13874.3
2026-05-29T13:15:00Z,8000.2
2026-05-29T13:30:00Z,17706.5
2026-05-29T13:45:00Z,9140.3
2026-05-29T14:00:00Z,13872.6
2026-05-29T14:15:00Z,7197.8
2026-05-29T14:30:00Z,18320.5
2026-05-29T14:45:00Z,15882.5
2026-05-29T15:00:00Z,9069.9
2026-05-29T15:15:00Z,17390.7
2026-05-29T15:30:00Z,12020.7
2026-05-29T15:45:00Z,18028.7
2026-05-29T16:00:00Z,19002.9
2026-05-29T16:15:00Z,24265.2
2026-05-29T16:30:00Z,13639.5
2026-05-29T16:45:00Z,10275.1
2026-05-29T17:00:00Z,13486.5
2026-05-29T17:15:00Z,18641.1
2026-05-29T17:30:00Z,16634.3
2026-05-29T17:45:00Z,11579.8
2026-05-29T18:00:00Z,15826.1
2026-05-29T18:15:00Z,9244.7
2026-05-29T18:30:00Z,11180.6
2026-05-29T18:45:00Z,18238.9
2026-05-29T19:00:00Z,23485.7
2026-05-29T19:15:00Z,13912.6
2026-05-29T19:30:00Z,10036.4
2026-05-29T19:45:00Z,14543.5
2026-05-29T20:00:00Z,21766.8
2026-05-29T20:15:00Z,18555.2
2026-05-29T20:30:00Z,23011.5
2026-05-29T20:45:00Z,24935.8
2026-05-29T21:00:00Z,24369.7
2026-05-29T21:15:00Z,23729.4
2026-05-29T21:30:00Z,23622.5
2026-05-29T21:45:00Z,21437.8
2026-05-29T22:00:00Z,19066.2
2026-05-29T22:15:00Z,21646.4
2026-05-29T22:30:00Z,18523.5
2026-05-29T22:45:00Z,22489.8
2026-05-29T23:00:00Z,23970.4
2026-05-29T23:15:00Z,23161.4
2026-05-29T23:30:00Z,19945.4
2026-05-29T23:45:00Z,23484.3
2026-05-30T00:00:00Z,23280.8
2026-05-30T00:15:00Z,23881.7
2026-05-30T00:30:00Z,23672.4
2026-05-30T00:45:00Z,13135.2
2026-05-30T01:00:00Z,22040.4
2026-05-30T01:15:00Z,22781.2
2026-05-30T01:30:00Z,23214.6
2026-05-30T01:45:00Z,23976.0
2026-05-30T02:00:00Z,18404.1
2026-05-30T02:15:00Z,19160.3
2026-05-30T02:30:00Z,18800.4
2026-05-30T02:45:00Z,23252.8
2026-05-30T03:00:00Z,23192.5
2026-05-30T03:15:00Z,23922.3
2026-05-30T03:30:00Z,22847.1
2026-05-30T03:45:00Z,24108.1
2026-05-30T04:00:00Z,23231.1
2026-05-30T04:15:00Z,22892.2
2026-05-30T04:30:00Z,16865.9
2026-05-30T04:45:00Z,21176.1
2026-05-30T05:00:00Z,21438.4
2026-05-30T05:15:00Z,19764.3
2026-05-30T05:30:00Z,21908.4
2026-05-30T05:45:00Z,21784.8
2026-05-30T06:00:00Z,22306.9
2026-05-30T06:15:00Z,19786.5
2026-05-30T06:30:00Z,21399.4
2026-05-30T06:45:00Z,16086.3
2026-05-30T07:00:00Z,15839.5
2026-05-30T07:15:00Z,21558.7
2026-05-30T07:30:00Z,22007.7
2026-05-30T07:45:00Z,21638.9
2026-05-30T08:00:00Z,13452.2
2026-05-30T08:15:00Z,20384.4
2026-05-30T08:30:00Z,13114.2
2026-05-30T08:45:00Z,17904.3
2026-05-30T09:00:00Z,20109.2
2026-05-30T09:15:00Z,14826.4
2026-05-30T09:30:00Z,17331.8
2026-05-30T09:45:00Z,21392.3
2026-05-30T10:00:00Z,14799.5
2026-05-30T10:15:00Z,20123.2
2026-05-30T10:30:00Z,20941.0
2026-05-30T10:45:00Z,20892.4
2026-05-30T11:00:00Z,16585.6
2026-05-30T11:15:00Z,20847.4
2026-05-30T11:30:00Z,18603.4
2026-05-30T11:45:00Z,20837.9
2026-05-30T12:00:00Z,15764.5
2026-05-30T12:15:00Z,19222.0
2026-05-30T12:30:00Z,19571.6
2026-05-30T12:45:00Z,19187.4
2026-05-30T13:00:00Z,17592.6
2026-05-30T13:15:00Z,22677.6
2026-05-30T13:30:00Z,18048.2
2026-05-30T13:45:00Z,18465.4
2026-05-30T14:00:00Z,22885.8
2026-05-30T14:15:00Z,22714.7
2026-05-30T14:30:00Z,18435.9
2026-05-30T14:45:00Z,21445.1
2026-05-30T15:00:00Z,21259.6
2026-05-30T15:15:00Z,22371.2
2026-05-30T15:30:00Z,22743.3
2026-05-30T15:45:00Z,16485.2
2026-05-30T16:00:00Z,23021.6
2026-05-30T16:15:00Z,20416.0
2026-05-30T16:30:00Z,22612.4
2026-05-30T16:45:00Z,22757.1
2026-05-30T17:00:00Z,21830.2
2026-05-30T17:15:00Z,17763.2
2026-05-30T17:30:00Z,23102.0
2026-05-30T17:45:00Z,23110.3
2026-05-30T18:00:00Z,23922.9
2026-05-30T18:15:00Z,16359.3
2026-05-30T18:30:00Z,23076.5
2026-05-30T18:45:00Z,22979.6
2026-05-30T19:00:00Z,22677.2
2026-05-30T19:15:00Z,22995.4
2026-05-30T19:30:00Z,23011.3
2026-05-30T19:45:00Z,21561.7
2026-05-30T20:00:00Z,23173.9
2026-05-30T20:15:00Z,20219.6
2026-05-30T20:30:00Z,22092.6
2026-05-30T20:45:00Z,22266.6
2026-05-30T21:00:00Z,21242.8
2026-05-30T21:15:00Z,23763.0
2026-05-30T21:30:00Z,21355.8
2026-05-30T21:45:00Z,23347.0
2026-05-30T22:00:00Z,24155.4
2026-05-30T22:15:00Z,23462.7
2026-05-30T22:30:00Z,14134.9
2026-05-30T22:45:00Z,23667.2
2026-05-30T23:00:00Z,20631.8
2026-05-30T23:15:00Z,21936.1
2026-05-30T23:30:00Z,23405.6
2026-05-30T23:45:00Z,21844.9
2026-05-31T00:00:00Z,22660.1
2026-05-31T00:15:00Z,18714.3
2026-05-31T00:30:00Z,22022.8
2026-05-31T00:45:00Z,21386.3
2026-05-31T01:00:00Z,23317.7
2026-05-31T01:15:00Z,20547.7
2026-05-31T01:30:00Z,21978.2
2026-05-31T01:45:00Z,22959.7
2026-05-31T02:00:00Z,18828.3
2026-05-31T02:15:00Z,19437.2
2026-05-31T02:30:00Z,22977.2
2026-05-31T02:45:00Z,23536.3
2026-05-31T03:00:00Z,22750.3
2026-05-31T03:15:00Z,19860.1
2026-05-31T03:30:00Z,20409.7
2026-05-31T03:45:00Z,17868.4
2026-05-31T04:00:00Z,20878.1
2026-05-31T04:15:00Z,23124.6
2026-05-31T04:30:00Z,22801.6
2026-05-31T04:45:00Z,20828.4
2026-05-31T05:00:00Z,21772.2
2026-05-31T05:15:00Z,22196.8
2026-05-31T05:30:00Z,22511.2
2026-05-31T05:45:00Z,20254.5
2026-05-31T06:00:00Z,22974.6
2026-05-31T06:15:00Z,21746.0
2026-05-31T06:30:00Z,21545.8
2026-05-31T06:45:00Z,20436.8
2026-05-31T07:00:00Z,18784.1
2026-05-31T07:15:00Z,19205.8
2026-05-31T07:30:00Z,17166.0
2026-05-31T07:45:00Z,19151.3
2026-05-31T08:00:00Z,21617.8
2026-05-31T08:15:00Z,14652.3
2026-05-31T08:30:00Z,16681.7
2026-05-31T08:45:00Z,17582.7
2026-05-31T09:00:00Z,21905.5
2026-05-31T09:15:00Z,19214.2
2026-05-31T09:30:00Z,15744.2
2026-05-31T09:45:00Z,19755.7
2026-05-31T10:00:00Z,15278.3
2026-05-31T10:15:00Z,15016.8
2026-05-31T10:30:00Z,14925.7
2026-05-31T10:45:00Z,21573.3
2026-05-31T11:00:00Z,20995.6
2026-05-31T11:15:00Z,19994.3
2026-05-31T11:30:00Z,12958.2
2026-05-31T11:45:00Z,20119.3
2026-05-31T12:00:00Z,21465.3
2026-05-31T12:15:00Z,20287.0
2026-05-31T12:30:00Z,16675.3
2026-05-31T12:45:00Z,19194.4
2026-05-31T13:00:00Z,20006.7
2026-05-31T13:15:00Z,14600.9
2026-05-31T13:30:00Z,21757.7
2026-05-31T13:45:00Z,21237.8
2026-05-31T14:00:00Z,20272.3
2026-05-31T14:15:00Z,18114.6
2026-05-31T14:30:00Z,23381.1
2026-05-31T14:45:00Z,20801.1
2026-05-31T15:00:00Z,21905.9
2026-05-31T15:15:00Z,22791.8
2026-05-31T15:30:00Z,21614.5
2026-05-31T15:45:00Z,16337.2
2026-05-31T16:00:00Z,20629.1
2026-05-31T16:15:00Z,22186.7
2026-05-31T16:30:00Z,19667.4
2026-05-31T16:45:00Z,17324.2
2026-05-31T17:00:00Z,22345.7
2026-05-31T17:15:00Z,21015.6
2026-05-31T17:30:00Z,22852.6
2026-05-31T17:45:00Z,21340.9
2026-05-31T18:00:00Z,20441.0
2026-05-31T18:15:00Z,24286.3
2026-05-31T18:30:00Z,19356.5
2026-05-31T18:45:00Z,22883.2
2026-05-31T19:00:00Z,19285.7
2026-05-31T19:15:00Z,23896.4
2026-05-31T19:30:00Z,23510.6
2026-05-31T19:45:00Z,20394.8
2026-05-31T20:00:00Z,21496.1
2026-05-31T20:15:00Z,22976.3
2026-05-31T20:30:00Z,23840.8
2026-05-31T20:45:00Z,23677.8
2026-05-31T21:00:00Z,19565.5
2026-05-31T21:15:00Z,23535.1
2026-05-31T21:30:00Z,22735.5
2026-05-31T21:45:00Z,16036.4
2026-05-31T22:00:00Z,23379.4
2026-05-31T22:15:00Z,21805.3
2026-05-31T22:30:00Z,21032.3
2026-05-31T22:45:00Z,23316.1
2026-05-31T23:00:00Z,22787.1
2026-05-31T23:15:00Z,18577.3
2026-05-31T23:30:00Z,19064.3
2026-05-31T23:45:00Z,22593.1
2026-06-01T00:00:00Z,23443.5
2026-06-01T00:15:00Z,19491.0
2026-06-01T00:30:00Z,22886.0
2026-06-01T00:45:00Z,23996.9
2026-06-01T01:00:00Z,22578.3
2026-06-01T01:15:00Z,16830.6
2026-06-01T01:30:00Z,22110.9
2026-06-01T01:45:00Z,23376.1
2026-06-01T02:00:00Z,23301.7
2026-06-01T02:15:00Z,24010.9
2026-06-01T02:30:00Z,23055.9
2026-06-01T02:45:00Z,19274.6
2026-06-01T03:00:00Z,22972.1
2026-06-01T03:15:00Z,19684.6
2026-06-01T03:30:00Z,23192.5
2026-06-01T03:45:00Z,20805.5
2026-06-01T04:00:00Z,17117.6
2026-06-01T04:15:00Z,6565.7
2026-06-01T04:30:00Z,18382.2
2026-06-01T04:45:00Z,8185.2
2026-06-01T05:00:00Z,6927.7
2026-06-01T05:15:00Z,14290.2
2026-06-01T05:30:00Z,13210.8
2026-06-01T05:45:00Z,16602.7
2026-06-01T06:00:00Z,14327.8
2026-06-01T06:15:00Z,12708.9
2026-06-01T06:30:00Z,11697.4
2026-06-01T06:45:00Z,17948.6
2026-06-01T07:00:00Z,17844.0
2026-06-01T07:15:00Z,17410.6
2026-06-01T07:30:00Z,11612.9
2026-06-01T07:45:00Z,17038.7
2026-06-01T08:00:00Z,14178.5
2026-06-01T08:15:00Z,10731.5
2026-06-01T08:30:00Z,7356.7
2026-06-01T08:45:00Z,6248.9
2026-06-01T09:00:00Z,11599.5
2026-06-01T09:15:00Z,14568.1
2026-06-01T09:30:00Z,11570.9
2026-06-01T09:45:00Z,17304.6
2026-06-01T10:00:00Z,6254.6
2026-06-01T10:15:00Z,8610.7
2026-06-01T10:30:00Z,8217.6
2026-06-01T10:45:00Z,4875.9
2026-06-01T11:00:00Z,12064.6
2026-06-01T11:15:00Z,11006.4
2026-06-01T11:30:00Z,13130.2
2026-06-01T11:45:00Z,8739.0
2026-06-01T12:00:00Z,22181.6
2026-06-01T12:15:00Z,10502.7
2026-06-01T12:30:00Z,9769.6
2026-06-01T12:45:00Z,18262.7
2026-06-01T13:00:00Z,6994.4
2026-06-01T13:15:00Z,9712.8
2026-06-01T13:30:00Z,12558.8
2026-06-01T13:45:00Z,12847.5
2026-06-01T14:00:00Z,17962.4
2026-06-01T14:15:00Z,17856.1
2026-06-01T14:30:00Z,16219.0
2026-06-01T14:45:00Z,10523.3
2026-06-01T15:00:00Z,7268.9
2026-06-01T15:15:00Z,9270.4
2026-06-01T15:30:00Z,17821.9
2026-06-01T15:45:00Z,12630.6
2026-06-01T16:00:00Z,13960.5
2026-06-01T16:15:00Z,15589.7
2026-06-01T16:30:00Z,12564.1
2026-06-01T16:45:00Z,18472.7
2026-06-01T17:00:00Z,9292.2
2026-06-01T17:15:00Z,18883.1
2026-06-01T17:30:00Z,14548.1
2026-06-01T17:45:00Z,14951.4
2026-06-01T18:00:00Z,14828.0
2026-06-01T18:15:00Z,22629.1
2026-06-01T18:30:00Z,10352.8
2026-06-01T18:45:00Z,22898.0
2026-06-01T19:00:00Z,10464.5
2026-06-01T19:15:00Z,10373.7
2026-06-01T19:30:00Z,10345.9
2026-06-01T19:45:00Z,14378.5
2026-06-01T20:00:00Z,20652.5
2026-06-01T20:15:00Z,18428.2
2026-06-01T20:30:00Z,23932.2
2026-06-01T20:45:00Z,24258.6
2026-06-01T21:00:00Z,24126.5
2026-06-01T21:15:00Z,20142.3
2026-06-01T21:30:00Z,21605.7
2026-06-01T21:45:00Z,21740.1
2026-06-01T22:00:00Z,24654.4
2026-06-01T22:15:00Z,19714.6
2026-06-01T22:30:00Z,24157.1
2026-06-01T22:45:00Z,20160.2
2026-06-01T23:00:00Z,24078.1
2026-06-01T23:15:00Z,16396.9
2026-06-01T23:30:00Z,16596.9
2026-06-01T23:45:00Z,17519.2
2026-06-02T00:00:00Z,15853.1
2026-06-02T00:15:00Z,14824.4
2026-06-02T00:30:00Z,12982.4
2026-06-02T00:45:00Z,22403.5
2026-06-02T01:00:00Z,17522.3
2026-06-02T01:15:00Z,16481.6
2026-06-02T01:30:00Z,19166.4
2026-06-02T01:45:00Z,23323.7
2026-06-02T02:00:00Z,22264.6
2026-06-02T02:15:00Z,23155.5
2026-06-02T02:30:00Z,24048.1
2026-06-02T02:45:00Z,22795.0
2026-06-02T03:00:00Z,17913.2
2026-06-02T03:15:00Z,24378.6
2026-06-02T03:30:00Z,22242.3
2026-06-02T03:45:00Z,22805.7
2026-06-02T04:00:00Z,13031.7
2026-06-02T04:15:00Z,15141.2
2026-06-02T04:30:00Z,13800.5
2026-06-02T04:45:00Z,16303.1
2026-06-02T05:00:00Z,13984.1
2026-06-02T05:15:00Z,15527.5
2026-06-02T05:30:00Z,13688.5
2026-06-02T05:45:00Z,13507.9
2026-06-02T06:00:00Z,13132.8
2026-06-02T06:15:00Z,20579.0
2026-06-02T06:30:00Z,19349.1
2026-06-02T06:45:00Z,20637.0
2026-06-02T07:00:00Z,10152.2
2026-06-02T07:15:00Z,17848.3
2026-06-02T07:30:00Z,6267.0
2026-06-02T07:45:00Z,9167.6
2026-06-02T08:00:00Z,10384.9
2026-06-02T08:15:00Z,15928.6
2026-06-02T08:30:00Z,9605.3
2026-06-02T08:45:00Z,14368.4
2026-06-02T09:00:00Z,10243.7
2026-06-02T09:15:00Z,8859.1
2026-06-02T09:30:00Z,10704.7
2026-06-02T09:45:00Z,4483.7
2026-06-02T10:00:00Z,7555.2
2026-06-02T10:15:00Z,11433.6
2026-06-02T10:30:00Z,13422.9
2026-06-02T10:45:00Z,13666.0
2026-06-02T11:00:00Z,8967.1
2026-06-02T11:15:00Z,12527.0
2026-06-02T11:30:00Z,9813.1
2026-06-02T11:45:00Z,5725.1
2026-06-02T12:00:00Z,5862.3
2026-06-02T12:15:00Z,19179.0
2026-06-02T12:30:00Z,14986.4
2026-06-02T12:45:00Z,19403.2
2026-06-02T13:00:00Z,15685.0
2026-06-02T13:15:00Z,22756.3
2026-06-02T13:30:00Z,16502.0
2026-06-02T13:45:00Z,12607.1
2026-06-02T14:00:00Z,17030.3
2026-06-02T14:15:00Z,12341.9
2026-06-02T14:30:00Z,13283.9
2026-06-02T14:45:00Z,10438.1
2026-06-02T15:00:00Z,15292.2
2026-06-02T15:15:00Z,18105.6
2026-06-02T15:30:00Z,15561.5
2026-06-02T15:45:00Z,13876.3
2026-06-02T16:00:00Z,12186.0
2026-06-02T16:15:00Z,17185.4
2026-06-02T16:30:00Z,18074.4
2026-06-02T16:45:00Z,17831.4
2026-06-02T17:00:00Z,18422.2
2026-06-02T17:15:00Z,22302.5
2026-06-02T17:30:00Z,9157.2
2026-06-02T17:45:00Z,17332.2
2026-06-02T18:00:00Z,19545.1
2026-06-02T18:15:00Z,15772.7
2026-06-02T18:30:00Z,14688.0
2026-06-02T18:45:00Z,13994.3
2026-06-02T19:00:00Z,18788.1
2026-06-02T19:15:00Z,13798.5
2026-06-02T19:30:00Z,18357.0
2026-06-02T19:45:00Z,13749.6
2026-06-02T20:00:00Z,22722.6
2026-06-02T20:15:00Z,22880.1
2026-06-02T20:30:00Z,23134.2
2026-06-02T20:45:00Z,23454.2
2026-06-02T21:00:00Z,16957.1
2026-06-02T21:15:00Z,20532.4
2026-06-02T21:30:00Z,16503.5
2026-06-02T21:45:00Z,22222.1
2026-06-02T22:00:00Z,20542.7
2026-06-02T22:15:00Z,24211.9
2026-06-02T22:30:00Z,23378.4
2026-06-02T22:45:00Z,22811.9
2026-06-02T23:00:00Z,23622.7
2026-06-02T23:15:00Z,22489.7
2026-06-02T23:30:00Z,24558.5
2026-06-02T23:45:00Z,22190.4
2026-06-03T00:00:00Z,17908.6
2026-06-03T00:15:00Z,23511.4
2026-06-03T00:30:00Z,24362.2
2026-06-03T00:45:00Z,23878.2
2026-06-03T01:00:00Z,22866.4
2026-06-03T01:15:00Z,20366.0
2026-06-03T01:30:00Z,21373.2
2026-06-03T01:45:00Z,22831.0
2026-06-03T02:00:00Z,21680.6
2026-06-03T02:15:00Z,23175.1
2026-06-03T02:30:00Z,23578.4
2026-06-03T02:45:00Z,21773.4
2026-06-03T03:00:00Z,13034.3
2026-06-03T03:15:00Z,22933.7
2026-06-03T03:30:00Z,22433.5
2026-06-03T03:45:00Z,23618.4
2026-06-03T04:00:00Z,14075.4
2026-06-03T04:15:00Z,9824.5
2026-06-03T04:30:00Z,7344.0
2026-06-03T04:45:00Z,13281.1
2026-06-03T05:00:00Z,12139.9
2026-06-03T05:15:00Z,2858.0
2026-06-03T05:30:00Z,13004.4
2026-06-03T05:45:00Z,12176.8
2026-06-03T06:00:00Z,19018.6
2026-06-03T06:15:00Z,9114.1
2026-06-03T06:30:00Z,11005.6
2026-06-03T06:45:00Z,16950.8
2026-06-03T07:00:00Z,10815.6
2026-06-03T07:15:00Z,16767.5
2026-06-03T07:30:00Z,20892.8
2026-06-03T07:45:00Z,7234.8
2026-06-03T08:00:00Z,14737.9
2026-06-03T08:15:00Z,17279.2
2026-06-03T08:30:00Z,19348.8
2026-06-03T08:45:00Z,15034.5
2026-06-03T09:00:00Z,10935.0
2026-06-03T09:15:00Z,11880.6
2026-06-03T09:30:00Z,15075.6
2026-06-03T09:45:00Z,10340.1
2026-06-03T10:00:00Z,7639.3
2026-06-03T10:15:00Z,9918.8
2026-06-03T10:30:00Z,14009.1
2026-06-03T10:45:00Z,12463.2
2026-06-03T11:00:00Z,13263.1
2026-06-03T11:15:00Z,5869.8
2026-06-03T11:30:00Z,16511.7
2026-06-03T11:45:00Z,17066.9
2026-06-03T12:00:00Z,11194.5
2026-06-03T12:15:00Z,12819.8
2026-06-03T12:30:00Z,21602.4
2026-06-03T12:45:00Z,17050.4
2026-06-03T13:00:00Z,15963.2
2026-06-03T13:15:00Z,11803.2
2026-06-03T13:30:00Z,10928.0
2026-06-03T13:45:00Z,10297.8
2026-06-03T14:00:00Z,19985.7
2026-06-03T14:15:00Z,10416.8
2026-06-03T14:30:00Z,17472.2
2026-06-03T14:45:00Z,17209.5
2026-06-03T15:00:00Z,6132.4
2026-06-03T15:15:00Z,9557.1
2026-06-03T15:30:00Z,10204.3
2026-06-03T15:45:00Z,19140.3
2026-06-03T16:00:00Z,15007.5
2026-06-03T16:15:00Z,9782.8
2026-06-03T16:30:00Z,13531.8
2026-06-03T16:45:00Z,13060.5
2026-06-03T17:00:00Z,22370.4
2026-06-03T17:15:00Z,13861.4
2026-06-03T17:30:00Z,18029.3
2026-06-03T17:45:00Z,22086.8
2026-06-03T18:00:00Z,18892.9
2026-06-03T18:15:00Z,18526.5
2026-06-03T18:30:00Z,15509.9
2026-06-03T18:45:00Z,13257.4
2026-06-03T19:00:00Z,15692.0
2026-06-03T19:15:00Z,10525.6
2026-06-03T19:30:00Z,10361.7
2026-06-03T19:45:00Z,15183.5
2026-06-03T20:00:00Z,24534.1
2026-06-03T20:15:00Z,18417.0
2026-06-03T20:30:00Z,24740.0
2026-06-03T20:45:00Z,15261.4
2026-06-03T21:00:00Z,19172.9
2026-06-03T21:15:00Z,23975.2
2026-06-03T21:30:00Z,21527.5
2026-06-03T21:45:00Z,18981.2
2026-06-03T22:00:00Z,23939.8
2026-06-03T22:15:00Z,21618.9
2026-06-03T22:30:00Z,23431.7
2026-06-03T22:45:00Z,23233.7
2026-06-03T23:00:00Z,21688.4
2026-06-03T23:15:00Z,20942.1
2026-06-03T23:30:00Z,21523.8
2026-06-03T23:45:00Z,16241.2
2026-06-04T00:00:00Z,24163.6
2026-06-04T00:15:00Z,23059.0
2026-06-04T00:30:00Z,19817.3
2026-06-04T00:45:00Z,23327.5
2026-06-04T01:00:00Z,23281.1
2026-06-04T01:15:00Z,23213.5
2026-06-04T01:30:00Z,22854.1
2026-06-04T01:45:00Z,24016.7
2026-06-04T02:00:00Z,23741.7
2026-06-04T02:15:00Z,24257.1
2026-06-04T02:30:00Z,24015.5
2026-06-04T02:45:00Z,23271.6
2026-06-04T03:00:00Z,21412.5
2026-06-04T03:15:00Z,22117.9
2026-06-04T03:30:00Z,23996.0
2026-06-04T03:45:00Z,24401.7
2026-06-04T04:00:00Z,16888.5
2026-06-04T04:15:00Z,17610.6
2026-06-04T04:30:00Z,9472.0
2026-06-04T04:45:00Z,19358.9
2026-06-04T05:00:00Z,17899.7
2026-06-04T05:15:00Z,11194.4
2026-06-04T05:30:00Z,8778.9
2026-06-04T05:45:00Z,17648.6
2026-06-04T06:00:00Z,16706.8
2026-06-04T06:15:00Z,6402.9
2026-06-04T06:30:00Z,12734.4
2026-06-04T06:45:00Z,18538.8
2026-06-04T07:00:00Z,14166.2
2026-06-04T07:15:00Z,8360.0
2026-06-04T07:30:00Z,16973.1
2026-06-04T07:45:00Z,9125.6
2026-06-04T08:00:00Z,10366.4
2026-06-04T08:15:00Z,18637.1
2026-06-04T08:30:00Z,13391.2
2026-06-04T08:45:00Z,5048.7
2026-06-04T09:00:00Z,10975.2
2026-06-04T09:15:00Z,16745.5
2026-06-04T09:30:00Z,7105.7
2026-06-04T09:45:00Z,12186.8
2026-06-04T10:00:00Z,13663.1
2026-06-04T10:15:00Z,8673.9
2026-06-04T10:30:00Z,14348.1
2026-06-04T10:45:00Z,10946.2
2026-06-04T11:00:00Z,12841.8
2026-06-04T11:15:00Z,14297.6
2026-06-04T11:30:00Z,12467.3
2026-06-04T11:45:00Z,11541.3
2026-06-04T12:00:00Z,5975.7
2026-06-04T12:15:00Z,10679.9
2026-06-04T12:30:00Z,18983.0
2026-06-04T12:45:00Z,11415.2
2026-06-04T13:00:00Z,13919.1
2026-06-04T13:15:00Z,7784.0
2026-06-04T13:30:00Z,10168.5
2026-06-04T13:45:00Z,11550.5
2026-06-04T14:00:00Z,17852.8
2026-06-04T14:15:00Z,5693.3
2026-06-04T14:30:00Z,17832.3
2026-06-04T14:45:00Z,12773.5
2026-06-04T15:00:00Z,15872.4
2026-06-04T15:15:00Z,17510.3
2026-06-04T15:30:00Z,13634.2
2026-06-04T15:45:00Z,12524.5
2026-06-04T16:00:00Z,9692.3
2026-06-04T16:15:00Z,6917.4
2026-06-04T16:30:00Z,17249.1
2026-06-04T16:45:00Z,16071.2
2026-06-04T17:00:00Z,23895.8
2026-06-04T17:15:00Z,16492.0
2026-06-04T17:30:00Z,15543.9
2026-06-04T17:45:00Z,13348.2
2026-06-04T18:00:00Z,14596.0
2026-06-04T18:15:00Z,12439.8
2026-06-04T18:30:00Z,8801.3
2026-06-04T18:45:00Z,16429.8
2026-06-04T19:00:00Z,16950.2
2026-06-04T19:15:00Z,14126.7
2026-06-04T19:30:00Z,11635.5
2026-06-04T19:45:00Z,14290.2
2026-06-04T20:00:00Z,20044.4
2026-06-04T20:15:00Z,20536.1
2026-06-04T20:30:00Z,23695.2
2026-06-04T20:45:00Z,16876.4
2026-06-04T21:00:00Z,24498.8
2026-06-04T21:15:00Z,22705.0
2026-06-04T21:30:00Z,23687.9
2026-06-04T21:45:00Z,22428.4
2026-06-04T22:00:00Z,22540.1
2026-06-04T22:15:00Z,24430.3
2026-06-04T22:30:00Z,22240.7
2026-06-04T22:45:00Z,20660.3
2026-06-04T23:00:00Z,22391.8
2026-06-04T23:15:00Z,23021.1
2026-06-04T23:30:00Z,23760.0
2026-06-04T23:45:00Z,22882.3
2026-06-05T00:00:00Z,22967.1
2026-06-05T00:15:00Z,17594.1
2026-06-05T00:30:00Z,23893.0
2026-06-05T00:45:00Z,23525.2
2026-06-05T01:00:00Z,21293.2
2026-06-05T01:15:00Z,17663.6
2026-06-05T01:30:00Z,24372.5
2026-06-05T01:45:00Z,21549.8
2026-06-05T02:00:00Z,22264.0
2026-06-05T02:15:00Z,22069.2
2026-06-05T02:30:00Z,20282.8
2026-06-05T02:45:00Z,23099.3
2026-06-05T03:00:00Z,22099.6
2026-06-05T03:15:00Z,23466.6
2026-06-05T03:30:00Z,16945.9
2026-06-05T03:45:00Z,20175.8
2026-06-05T04:00:00Z,13872.8
2026-06-05T04:15:00Z,14973.8
2026-06-05T04:30:00Z,17799.6
2026-06-05T04:45:00Z,13152.6
2026-06-05T05:00:00Z,20249.2
2026-06-05T05:15:00Z,13214.9
2026-06-05T05:30:00Z,19679.9
2026-06-05T05:45:00Z,18128.9
2026-06-05T06:00:00Z,10278.5
2026-06-05T06:15:00Z,21737.4
2026-06-05T06:30:00Z,17248.5
2026-06-05T06:45:00Z,9829.9
2026-06-05T07:00:00Z,17868.3
2026-06-05T07:15:00Z,7383.4
2026-06-05T07:30:00Z,17695.2
2026-06-05T07:45:00Z,13919.0
2026-06-05T08:00:00Z,15264.7
2026-06-05T08:15:00Z,7946.7
2026-06-05T08:30:00Z,17346.5
2026-06-05T08:45:00Z,12279.1
2026-06-05T09:00:00Z,14107.1
2026-06-05T09:15:00Z,17426.5
2026-06-05T09:30:00Z,14828.8
2026-06-05T09:45:00Z,18642.8
2026-06-05T10:00:00Z,8693.7
2026-06-05T10:15:00Z,14938.9
2026-06-05T10:30:00Z,13481.1
2026-06-05T10:45:00Z,13532.2
2026-06-05T11:00:00Z,15971.3
2026-06-05T11:15:00Z,17752.0
2026-06-05T11:30:00Z,21866.6
2026-06-05T11:45:00Z,16106.7
2026-06-05T12:00:00Z,17690.9
2026-06-05T12:15:00Z,10122.5
2026-06-05T12:30:00Z,15601.8
2026-06-05T12:45:00Z,12370.1
2026-06-05T13:00:00Z,13799.5
2026-06-05T13:15:00Z,19458.5
2026-06-05T13:30:00Z,13730.6
2026-06-05T13:45:00Z,5927.4
2026-06-05T14:00:00Z,12649.0
2026-06-05T14:15:00Z,16730.0
2026-06-05T14:30:00Z,9979.6
2026-06-05T14:45:00Z,9837.8
2026-06-05T15:00:00Z,14275.6
2026-06-05T15:15:00Z,17168.9
2026-06-05T15:30:00Z,11070.0
2026-06-05T15:45:00Z,18109.1
2026-06-05T16:00:00Z,14728.5
2026-06-05T16:15:00Z,13988.8
2026-06-05T16:30:00Z,10388.8
2026-06-05T16:45:00Z,13680.0
2026-06-05T17:00:00Z,17839.9
2026-06-05T17:15:00Z,7886.8
2026-06-05T17:30:00Z,17790.8
2026-06-05T17:45:00Z,23849.9
2026-06-05T18:00:00Z,20126.4
2026-06-05T18:15:00Z,20619.6
2026-06-05T18:30:00Z,8550.8
2026-06-05T18:45:00Z,13555.0
2026-06-05T19:00:00Z,10577.6
2026-06-05T19:15:00Z,12849.2
2026-06-05T19:30:00Z,9514.7
2026-06-05T19:45:00Z,13001.2
2026-06-05T20:00:00Z,22935.7
2026-06-05T20:15:00Z,23313.5
2026-06-05T20:30:00Z,19151.3
2026-06-05T20:45:00Z,24287.1
2026-06-05T21:00:00Z,22647.0
2026-06-05T21:15:00Z,23604.1
2026-06-05T21:30:00Z,20841.0
2026-06-05T21:45:00Z,24764.8
2026-06-05T22:00:00Z,22094.7
2026-06-05T22:15:00Z,18960.9
2026-06-05T22:30:00Z,23979.0
2026-06-05T22:45:00Z,23085.8
2026-06-05T23:00:00Z,23561.2
2026-06-05T23:15:00Z,23860.7
2026-06-05T23:30:00Z,23625.3
2026-06-05T23:45:00Z,23773.7
2026-06-06T00:00:00Z,16676.4
2026-06-06T00:15:00Z,24284.5
2026-06-06T00:30:00Z,22853.2
2026-06-06T00:45:00Z,19928.6
2026-06-06T01:00:00Z,23986.9
2026-06-06T01:15:00Z,16088.9
2026-06-06T01:30:00Z,20459.6
2026-06-06T01:45:00Z,20320.3
2026-06-06T02:00:00Z,20730.8
2026-06-06T02:15:00Z,21153.9
2026-06-06T02:30:00Z,22696.8
2026-06-06T02:45:00Z,21386.9
2026-06-06T03:00:00Z,23944.6
2026-06-06T03:15:00Z,22129.7
2026-06-06T03:30:00Z,18231.8
2026-06-06T03:45:00Z,21562.6
2026-06-06T04:00:00Z,19174.9
2026-06-06T04:15:00Z,22000.5
2026-06-06T04:30:00Z,19851.1
2026-06-06T04:45:00Z,22731.1
2026-06-06T05:00:00Z,21435.7
2026-06-06T05:15:00Z,20854.8
2026-06-06T05:30:00Z,19870.9
2026-06-06T05:45:00Z,19171.6
2026-06-06T06:00:00Z,20539.3
2026-06-06T06:15:00Z,21928.2
2026-06-06T06:30:00Z,16162.5
2026-06-06T06:45:00Z,18171.6
2026-06-06T07:00:00Z,22248.7
2026-06-06T07:15:00Z,20702.1
2026-06-06T07:30:00Z,21573.1
2026-06-06T07:45:00Z,22780.3
2026-06-06T08:00:00Z,15028.7
2026-06-06T08:15:00Z,15643.9
2026-06-06T08:30:00Z,15060.3
2026-06-06T08:45:00Z,18053.0
2026-06-06T09:00:00Z,20618.5
2026-06-06T09:15:00Z,14511.0
2026-06-06T09:30:00Z,20974.1
2026-06-06T09:45:00Z,14815.9
2026-06-06T10:00:00Z,22642.4
2026-06-06T10:15:00Z,19212.3
2026-06-06T10:30:00Z,18530.3
2026-06-06T10:45:00Z,12636.5
2026-06-06T11:00:00Z,15070.8
2026-06-06T11:15:00Z,20365.6
2026-06-06T11:30:00Z,20747.9
2026-06-06T11:45:00Z,17633.2
2026-06-06T12:00:00Z,21977.9
2026-06-06T12:15:00Z,18013.9
2026-06-06T12:30:00Z,18199.1
2026-06-06T12:45:00Z,17151.5
2026-06-06T13:00:00Z,21981.3
2026-06-06T13:15:00Z,21172.3
2026-06-06T13:30:00Z,21013.6
2026-06-06T13:45:00Z,20395.4
2026-06-06T14:00:00Z,17703.8
2026-06-06T14:15:00Z,20612.4
2026-06-06T14:30:00Z,19045.2
2026-06-06T14:45:00Z,17264.6
2026-06-06T15:00:00Z,22199.6
2026-06-06T15:15:00Z,21645.9
2026-06-06T15:30:00Z,21709.0
2026-06-06T15:45:00Z,22027.9
2026-06-06T16:00:00Z,22694.8
2026-06-06T16:15:00Z,15642.8
2026-06-06T16:30:00Z,19126.3
2026-06-06T16:45:00Z,22680.1
2026-06-06T17:00:00Z,21286.5
2026-06-06T17:15:00Z,18189.0
2026-06-06T17:30:00Z,22511.0
2026-06-06T17:45:00Z,24067.9
2026-06-06T18:00:00Z,23862.0
2026-06-06T18:15:00Z,22653.3
2026-06-06T18:30:00Z,20300.9
2026-06-06T18:45:00Z,19579.2
2026-06-06T19:00:00Z,22130.9
2026-06-06T19:15:00Z,23839.2
2026-06-06T19:30:00Z,20347.4
2026-06-06T19:45:00Z,22369.2
2026-06-06T20:00:00Z,20295.8
2026-06-06T20:15:00Z,23430.7
2026-06-06T20:30:00Z,23810.5
2026-06-06T20:45:00Z,22175.1
2026-06-06T21:00:00Z,23291.0
2026-06-06T21:15:00Z,24251.0
2026-06-06T21:30:00Z,18794.9
2026-06-06T21:45:00Z,24211.1
2026-06-06T22:00:00Z,24189.2
2026-06-06T22:15:00Z,20955.3
2026-06-06T22:30:00Z,22918.5
2026-06-06T22:45:00Z,23065.2
2026-06-06T23:00:00Z,22227.4
2026-06-06T23:15:00Z,19889.7
2026-06-06T23:30:00Z,18959.4
2026-06-06T23:45:00Z,22032.4
2026-06-07T00:00:00Z,15992.3
2026-06-07T00:15:00Z,19305.3
2026-06-07T00:30:00Z,22585.9
2026-06-07T00:45:00Z,19091.2
2026-06-07T01:00:00Z,20109.8
2026-06-07T01:15:00Z,23565.2
2026-06-07T01:30:00Z,17728.7
2026-06-07T01:45:00Z,23646.3
2026-06-07T02:00:00Z,21292.4
2026-06-07T02:15:00Z,19822.0
2026-06-07T02:30:00Z,22353.2
2026-06-07T02:45:00Z,23430.7
2026-06-07T03:00:00Z,17879.7
2026-06-07T03:15:00Z,22785.4
2026-06-07T03:30:00Z,22364.9
2026-06-07T03:45:00Z,23842.7
2026-06-07T04:00:00Z,22267.6
2026-06-07T04:15:00Z,13679.8
2026-06-07T04:30:00Z,23626.3
2026-06-07T04:45:00Z,21831.4
2026-06-07T05:00:00Z,18018.2
2026-06-07T05:15:00Z,20834.2
2026-06-07T05:30:00Z,23410.9
2026-06-07T05:45:00Z,23307.0
2026-06-07T06:00:00Z,21220.9
2026-06-07T06:15:00Z,20501.6
2026-06-07T06:30:00Z,13751.5
2026-06-07T06:45:00Z,18935.5
2026-06-07T07:00:00Z,19366.9
2026-06-07T07:15:00Z,19879.2
2026-06-07T07:30:00Z,21207.8
2026-06-07T07:45:00Z,20082.7
2026-06-07T08:00:00Z,20634.3
2026-06-07T08:15:00Z,21974.6
2026-06-07T08:30:00Z,20448.9
2026-06-07T08:45:00Z,13481.0
2026-06-07T09:00:00Z,21901.9
2026-06-07T09:15:00Z,19996.7
2026-06-07T09:30:00Z,17023.8
2026-06-07T09:45:00Z,22307.8
2026-06-07T10:00:00Z,18409.5
2026-06-07T10:15:00Z,19620.2
2026-06-07T10:30:00Z,19865.9
2026-06-07T10:45:00Z,19753.7
2026-06-07T11:00:00Z,17766.5
2026-06-07T11:15:00Z,20280.8
2026-06-07T11:30:00Z,21073.7
2026-06-07T11:45:00Z,17703.5
2026-06-07T12:00:00Z,18799.2
2026-06-07T12:15:00Z,21032.6
2026-06-07T12:30:00Z,19611.0
2026-06-07T12:45:00Z,19120.8
2026-06-07T13:00:00Z,15695.3
2026-06-07T13:15:00Z,20317.6
2026-06-07T13:30:00Z,20280.2
2026-06-07T13:45:00Z,19820.3
2026-06-07T14:00:00Z,17036.7
2026-06-07T14:15:00Z,16193.8
2026-06-07T14:30:00Z,17270.1
2026-06-07T14:45:00Z,21261.7
2026-06-07T15:00:00Z,21408.5
2026-06-07T15:15:00Z,21834.6
2026-06-07T15:30:00Z,20513.7
2026-06-07T15:45:00Z,21754.9
2026-06-07T16:00:00Z,19015.5
2026-06-07T16:15:00Z,22126.2
2026-06-07T16:30:00Z,23503.0
2026-06-07T16:45:00Z,20559.4
2026-06-07T17:00:00Z,20207.6
2026-06-07T17:15:00Z,20900.2
2026-06-07T17:30:00Z,21735.0
2026-06-07T17:45:00Z,22635.3
2026-06-07T18:00:00Z,21195.1
2026-06-07T18:15:00Z,22734.6
2026-06-07T18:30:00Z,22118.4
2026-06-07T18:45:00Z,23054.5
2026-06-07T19:00:00Z,24289.2
2026-06-07T19:15:00Z,22999.4
2026-06-07T19:30:00Z,22941.6
2026-06-07T19:45:00Z,22622.7
2026-06-07T20:00:00Z,20328.8
2026-06-07T20:15:00Z,23614.8
2026-06-07T20:30:00Z,24010.8
2026-06-07T20:45:00Z,23903.1
2026-06-07T21:00:00Z,21568.8
2026-06-07T21:15:00Z,22857.9
2026-06-07T21:30:00Z,20030.7
2026-06-07T21:45:00Z,22627.0
2026-06-07T22:00:00Z,20519.1
2026-06-07T22:15:00Z,23456.1
2026-06-07T22:30:00Z,22784.9
2026-06-07T22:45:00Z,22241.0
2026-06-07T23:00:00Z,21558.4
2026-06-07T23:15:00Z,20442.2
2026-06-07T23:30:00Z,19651.0
2026-06-07T23:45:00Z,24250.8
2026-06-08T00:00:00Z,19181.0
2026-06-08T00:15:00Z,15518.0
2026-06-08T00:30:00Z,17891.4
2026-06-08T00:45:00Z,24268.1
2026-06-08T01:00:00Z,16609.4
2026-06-08T01:15:00Z,15945.3
2026-06-08T01:30:00Z,14593.1
2026-06-08T01:45:00Z,17238.6
2026-06-08T02:00:00Z,15291.4
2026-06-08T02:15:00Z,15566.1
2026-06-08T02:30:00Z,24511.6
2026-06-08T02:45:00Z,16159.4
2026-06-08T03:00:00Z,23155.8
2026-06-08T03:15:00Z,22574.3
2026-06-08T03:30:00Z,22812.0
2026-06-08T03:45:00Z,23421.7
2026-06-08T04:00:00Z,19180.0
2026-06-08T04:15:00Z,16000.8
2026-06-08T04:30:00Z,16359.5
2026-06-08T04:45:00Z,13701.9
2026-06-08T05:00:00Z,13169.2
2026-06-08T05:15:00Z,13928.5
2026-06-08T05:30:00Z,16239.5
2026-06-08T05:45:00Z,9436.5
2026-06-08T06:00:00Z,9793.9
2026-06-08T06:15:00Z,13666.3
2026-06-08T06:30:00Z,18473.3
2026-06-08T06:45:00Z,16506.3
2026-06-08T07:00:00Z,15146.2
2026-06-08T07:15:00Z,19470.1
2026-06-08T07:30:00Z,4740.2
2026-06-08T07:45:00Z,10369.2
2026-06-08T08:00:00Z,12903.7
2026-06-08T08:15:00Z,14132.0
2026-06-08T08:30:00Z,11405.8
2026-06-08T08:45:00Z,14582.0
2026-06-08T09:00:00Z,17855.5
2026-06-08T09:15:00Z,17600.4
2026-06-08T09:30:00Z,10899.0
2026-06-08T09:45:00Z,14396.2
2026-06-08T10:00:00Z,13980.9
2026-06-08T10:15:00Z,20033.1
2026-06-08T10:30:00Z,7892.8
2026-06-08T10:45:00Z,6004.6
2026-06-08T11:00:00Z,9254.0
2026-06-08T11:15:00Z,12780.2
2026-06-08T11:30:00Z,17846.2
2026-06-08T11:45:00Z,10500.4
2026-06-08T12:00:00Z,8351.7
2026-06-08T12:15:00Z,15379.0
2026-06-08T12:30:00Z,8772.0
2026-06-08T12:45:00Z,7228.0
2026-06-08T13:00:00Z,13147.9
2026-06-08T13:15:00Z,9576.3
2026-06-08T13:30:00Z,11865.2
2026-06-08T13:45:00Z,10883.9
2026-06-08T14:00:00Z,13834.4
2026-06-08T14:15:00Z,13825.1
2026-06-08T14:30:00Z,8938.5
2026-06-08T14:45:00Z,15298.0
2026-06-08T15:00:00Z,16294.4
2026-06-08T15:15:00Z,10611.4
2026-06-08T15:30:00Z,8675.7
2026-06-08T15:45:00Z,13963.2
2026-06-08T16:00:00Z,17734.0
2026-06-08T16:15:00Z,10213.4
2026-06-08T16:30:00Z,17846.7
2026-06-08T16:45:00Z,12469.6
2026-06-08T17:00:00Z,15071.4
2026-06-08T17:15:00Z,22528.1
2026-06-08T17:30:00Z,11151.9
2026-06-08T17:45:00Z,10781.1
2026-06-08T18:00:00Z,9566.3
2026-06-08T18:15:00Z,19899.0
2026-06-08T18:30:00Z,12305.2
2026-06-08T18:45:00Z,12800.8
2026-06-08T19:00:00Z,11203.0
2026-06-08T19:15:00Z,22968.0
2026-06-08T19:30:00Z,22608.8
2026-06-08T19:45:00Z,18039.2
2026-06-08T20:00:00Z,18111.2
2026-06-08T20:15:00Z,22744.4
2026-06-08T20:30:00Z,19779.6
2026-06-08T20:45:00Z,20021.9
2026-06-08T21:00:00Z,22361.8
2026-06-08T21:15:00Z,23569.6
2026-06-08T21:30:00Z,22055.5
2026-06-08T21:45:00Z,12815.1
2026-06-08T22:00:00Z,24023.8
2026-06-08T22:15:00Z,24260.5
2026-06-08T22:30:00Z,24628.8
2026-06-08T22:45:00Z,24464.1
2026-06-08T23:00:00Z,20103.8
2026-06-08T23:15:00Z,22418.5
2026-06-08T23:30:00Z,24473.8
2026-06-08T23:45:00Z,23346.7
2026-06-09T00:00:00Z,23333.0
2026-06-09T00:15:00Z,23382.8
2026-06-09T00:30:00Z,19872.3
2026-06-09T00:45:00Z,20922.1
2026-06-09T01:00:00Z,23751.8
2026-06-09T01:15:00Z,23990.8
2026-06-09T01:30:00Z,24091.3
2026-06-09T01:45:00Z,23960.5
2026-06-09T02:00:00Z,23157.7
2026-06-09T02:15:00Z,24218.4
2026-06-09T02:30:00Z,23879.8
2026-06-09T02:45:00Z,23993.8
2026-06-09T03:00:00Z,19260.6
2026-06-09T03:15:00Z,22870.9
2026-06-09T03:30:00Z,21803.1
2026-06-09T03:45:00Z,20492.0
2026-06-09T04:00:00Z,15218.1
2026-06-09T04:15:00Z,18617.7
2026-06-09T04:30:00Z,20943.5
2026-06-09T04:45:00Z,15809.7
2026-06-09T05:00:00Z,16071.6
2026-06-09T05:15:00Z,18503.4
2026-06-09T05:30:00Z,10969.7
2026-06-09T05:45:00Z,15615.5
2026-06-09T06:00:00Z,15253.8
2026-06-09T06:15:00Z,15054.9
2026-06-09T06:30:00Z,16959.2
2026-06-09T06:45:00Z,12935.1
2026-06-09T07:00:00Z,12895.5
2026-06-09T07:15:00Z,8643.6
2026-06-09T07:30:00Z,6928.1
2026-06-09T07:45:00Z,7387.0
2026-06-09T08:00:00Z,15933.4
2026-06-09T08:15:00Z,11372.1
2026-06-09T08:30:00Z,19294.5
2026-06-09T08:45:00Z,18695.6
2026-06-09T09:00:00Z,10492.1
2026-06-09T09:15:00Z,11007.5
2026-06-09T09:30:00Z,7070.7
2026-06-09T09:45:00Z,12771.0
2026-06-09T10:00:00Z,18650.5
2026-06-09T10:15:00Z,15642.7
2026-06-09T10:30:00Z,13658.1
2026-06-09T10:45:00Z,7213.0
2026-06-09T11:00:00Z,14023.2
2026-06-09T11:15:00Z,12588.2
2026-06-09T11:30:00Z,10745.6
2026-06-09T11:45:00Z,12042.4
2026-06-09T12:00:00Z,10239.7
2026-06-09T12:15:00Z,8556.7
2026-06-09T12:30:00Z,15859.5
2026-06-09T12:45:00Z,17351.5
2026-06-09T13:00:00Z,7110.4
2026-06-09T13:15:00Z,14121.3
2026-06-09T13:30:00Z,21016.2
2026-06-09T13:45:00Z,17966.2
2026-06-09T14:00:00Z,16699.6
2026-06-09T14:15:00Z,15147.6
2026-06-09T14:30:00Z,12443.5
2026-06-09T14:45:00Z,10555.1
2026-06-09T15:00:00Z,6799.9
2026-06-09T15:15:00Z,19813.2
2026-06-09T15:30:00Z,16654.0
2026-06-09T15:45:00Z,8544.9
2026-06-09T16:00:00Z,9704.3
2026-06-09T16:15:00Z,16204.3
2026-06-09T16:30:00Z,23561.0
2026-06-09T16:45:00Z,15313.6
2026-06-09T17:00:00Z,12906.5
2026-06-09T17:15:00Z,9773.2
2026-06-09T17:30:00Z,11224.3
2026-06-09T17:45:00Z,11934.8
2026-06-09T18:00:00Z,15083.4
2026-06-09T18:15:00Z,10682.3
2026-06-09T18:30:00Z,22915.9
2026-06-09T18:45:00Z,13158.1
2026-06-09T19:00:00Z,20281.7
2026-06-09T19:15:00Z,16295.2
2026-06-09T19:30:00Z,18447.1
2026-06-09T19:45:00Z,15335.6
2026-06-09T20:00:00Z,24514.3
2026-06-09T20:15:00Z,16375.0
2026-06-09T20:30:00Z,24023.8
2026-06-09T20:45:00Z,22065.4
2026-06-09T21:00:00Z,21855.8
2026-06-09T21:15:00Z,20413.0
2026-06-09T21:30:00Z,21986.0
2026-06-09T21:45:00Z,23770.7
2026-06-09T22:00:00Z,24118.7
2026-06-09T22:15:00Z,17489.9
2026-06-09T22:30:00Z,17652.0
2026-06-09T22:45:00Z,23064.3
2026-06-09T23:00:00Z,19440.7
2026-06-09T23:15:00Z,23366.2
2026-06-09T23:30:00Z,22222.9
2026-06-09T23:45:00Z,18161.8
2026-06-10T00:00:00Z,23255.3
2026-06-10T00:15:00Z,23424.6
2026-06-10T00:30:00Z,18678.5
2026-06-10T00:45:00Z,21939.1
2026-06-10T01:00:00Z,21968.2
2026-06-10T01:15:00Z,24349.1
2026-06-10T01:30:00Z,21688.8
2026-06-10T01:45:00Z,24580.8
2026-06-10T02:00:00Z,22661.3
2026-06-10T02:15:00Z,22051.0
2026-06-10T02:30:00Z,17454.6
2026-06-10T02:45:00Z,22730.8
2026-06-10T03:00:00Z,24374.4
2026-06-10T03:15:00Z,22892.3
2026-06-10T03:30:00Z,18793.1
2026-06-10T03:45:00Z,23743.2
2026-06-10T04:00:00Z,8672.9
2026-06-10T04:15:00Z,13160.6
2026-06-10T04:30:00Z,14286.2
2026-06-10T04:45:00Z,23081.7
2026-06-10T05:00:00Z,11414.8
2026-06-10T05:15:00Z,17239.1
2026-06-10T05:30:00Z,12653.5
2026-06-10T05:45:00Z,14132.9
2026-06-10T06:00:00Z,20871.0
2026-06-10T06:15:00Z,17044.6
2026-06-10T06:30:00Z,17851.1
2026-06-10T06:45:00Z,10948.4
2026-06-10T07:00:00Z,17523.1
2026-06-10T07:15:00Z,12050.2
2026-06-10T07:30:00Z,11907.2
2026-06-10T07:45:00Z,21211.3
2026-06-10T08:00:00Z,9304.0
2026-06-10T08:15:00Z,10117.4
2026-06-10T08:30:00Z,17864.4
2026-06-10T08:45:00Z,18443.6
2026-06-10T09:00:00Z,7145.0
2026-06-10T09:15:00Z,10688.0
2026-06-10T09:30:00Z,14092.5
2026-06-10T09:45:00Z,18851.7
2026-06-10T10:00:00Z,17306.3
2026-06-10T10:15:00Z,17899.1
2026-06-10T10:30:00Z,12889.3
2026-06-10T10:45:00Z,16627.1
2026-06-10T11:00:00Z,12662.2
2026-06-10T11:15:00Z,12144.4
2026-06-10T11:30:00Z,14134.8
2026-06-10T11:45:00Z,9969.7
2026-06-10T12:00:00Z,3911.4
2026-06-10T12:15:00Z,8989.2
2026-06-10T12:30:00Z,10001.2
2026-06-10T12:45:00Z,8819.2
2026-06-10T13:00:00Z,16649.2
2026-06-10T13:15:00Z,21404.6
2026-06-10T13:30:00Z,11794.8
2026-06-10T13:45:00Z,21369.1
2026-06-10T14:00:00Z,12190.8
2026-06-10T14:15:00Z,8479.1
2026-06-10T14:30:00Z,9961.3
2026-06-10T14:45:00Z,16648.7
2026-06-10T15:00:00Z,10766.8
2026-06-10T15:15:00Z,17038.6
2026-06-10T15:30:00Z,17300.8
2026-06-10T15:45:00Z,7918.7
2026-06-10T16:00:00Z,11601.0
2026-06-10T16:15:00Z,16477.0
2026-06-10T16:30:00Z,13932.6
2026-06-10T16:45:00Z,17697.1
2026-06-10T17:00:00Z,19136.2
2026-06-10T17:15:00Z,9868.3
2026-06-10T17:30:00Z,11838.0
2026-06-10T17:45:00Z,8699.0
2026-06-10T18:00:00Z,18774.1
2026-06-10T18:15:00Z,16614.4
2026-06-10T18:30:00Z,14582.8
2026-06-10T18:45:00Z,18465.7
2026-06-10T19:00:00Z,11931.9
2026-06-10T19:15:00Z,14450.2
2026-06-10T19:30:00Z,20052.0
2026-06-10T19:45:00Z,19061.0
2026-06-10T20:00:00Z,20411.9
2026-06-10T20:15:00Z,23791.2
2026-06-10T20:30:00Z,23667.4
2026-06-10T20:45:00Z,22862.0
2026-06-10T21:00:00Z,20838.6
2026-06-10T21:15:00Z,24438.4
2026-06-10T21:30:00Z,21300.5
2026-06-10T21:45:00Z,23721.9
2026-06-10T22:00:00Z,24005.3
2026-06-10T22:15:00Z,23642.9
2026-06-10T22:30:00Z,24307.1
2026-06-10T22:45:00Z,18939.2
2026-06-10T23:00:00Z,23550.3
2026-06-10T23:15:00Z,23424.1
2026-06-10T23:30:00Z,24442.1
2026-06-10T23:45:00Z,22288.7
2026-06-11T00:00:00Z,19216.5
2026-06-11T00:15:00Z,22212.2
2026-06-11T00:30:00Z,21629.6
2026-06-11T00:45:00Z,20201.9
2026-06-11T01:00:00Z,17899.2
2026-06-11T01:15:00Z,20053.2
2026-06-11T01:30:00Z,24027.6
2026-06-11T01:45:00Z,23107.7
2026-06-11T02:00:00Z,22850.0
2026-06-11T02:15:00Z,19224.1
2026-06-11T02:30:00Z,22437.2
2026-06-11T02:45:00Z,24187.7
2026-06-11T03:00:00Z,23660.3
2026-06-11T03:15:00Z,18744.8
2026-06-11T03:30:00Z,24078.4
2026-06-11T03:45:00Z,20390.2
2026-06-11T04:00:00Z,21268.8
2026-06-11T04:15:00Z,19259.3
2026-06-11T04:30:00Z,6764.6
2026-06-11T04:45:00Z,10821.7
2026-06-11T05:00:00Z,6871.7
2026-06-11T05:15:00Z,13460.8
2026-06-11T05:30:00Z,15668.8
2026-06-11T05:45:00Z,22676.1
2026-06-11T06:00:00Z,12092.1
2026-06-11T06:15:00Z,17242.7
2026-06-11T06:30:00Z,8428.3
2026-06-11T06:45:00Z,11838.0
2026-06-11T07:00:00Z,17494.1
2026-06-11T07:15:00Z,18268.7
2026-06-11T07:30:00Z,14250.6
2026-06-11T07:45:00Z,17435.3
2026-06-11T08:00:00Z,12334.8
2026-06-11T08:15:00Z,11808.2
2026-06-11T08:30:00Z,10657.9
2026-06-11T08:45:00Z,10490.8
2026-06-11T09:00:00Z,5913.7
2026-06-11T09:15:00Z,15944.9
2026-06-11T09:30:00Z,16532.6
2026-06-11T09:45:00Z,9203.3
2026-06-11T10:00:00Z,12902.5
2026-06-11T10:15:00Z,9712.6
2026-06-11T10:30:00Z,15793.2
2026-06-11T10:45:00Z,16635.7
2026-06-11T11:00:00Z,6171.8
2026-06-11T11:15:00Z,13978.9
2026-06-11T11:30:00Z,13449.5
2026-06-11T11:45:00Z,17718.7
2026-06-11T12:00:00Z,9704.6
2026-06-11T12:15:00Z,16257.3
2026-06-11T12:30:00Z,13951.8
2026-06-11T12:45:00Z,11291.1
2026-06-11T13:00:00Z,16364.0
2026-06-11T13:15:00Z,8077.4
2026-06-11T13:30:00Z,11073.7
2026-06-11T13:45:00Z,10058.0
2026-06-11T14:00:00Z,15570.6
2026-06-11T14:15:00Z,14383.5
2026-06-11T14:30:00Z,13463.8
2026-06-11T14:45:00Z,13339.1
2026-06-11T15:00:00Z,7473.9
2026-06-11T15:15:00Z,15607.4
2026-06-11T15:30:00Z,9093.6
2026-06-11T15:45:00Z,16555.1
2026-06-11T16:00:00Z,12005.8
2026-06-11T16:15:00Z,14992.4
2026-06-11T16:30:00Z,17472.8
2026-06-11T16:45:00Z,12383.1
2026-06-11T17:00:00Z,13901.4
2026-06-11T17:15:00Z,12300.9
2026-06-11T17:30:00Z,20297.7
2026-06-11T17:45:00Z,13307.0
2026-06-11T18:00:00Z,22717.1
2026-06-11T18:15:00Z,20256.6
2026-06-11T18:30:00Z,15625.1
2026-06-11T18:45:00Z,13145.8
2026-06-11T19:00:00Z,18811.9
2026-06-11T19:15:00Z,11606.2
2026-06-11T19:30:00Z,14914.1
2026-06-11T19:45:00Z,24392.7
2026-06-11T20:00:00Z,24464.3
2026-06-11T20:15:00Z,23864.6
2026-06-11T20:30:00Z,23201.9
2026-06-11T20:45:00Z,18619.1
2026-06-11T21:00:00Z,22878.1
2026-06-11T21:15:00Z,23595.0
2026-06-11T21:30:00Z,24091.1
2026-06-11T21:45:00Z,22548.2
2026-06-11T22:00:00Z,23483.2
2026-06-11T22:15:00Z,24042.8
2026-06-11T22:30:00Z,24048.4
2026-06-11T22:45:00Z,24526.2
2026-06-11T23:00:00Z,24255.0
2026-06-11T23:15:00Z,24102.9
2026-06-11T23:30:00Z,21152.6
2026-06-11T23:45:00Z,23184.0
2026-06-12T00:00:00Z,18172.1
2026-06-12T00:15:00Z,23033.7
2026-06-12T00:30:00Z,23327.6
2026-06-12T00:45:00Z,24127.6
2026-06-12T01:00:00Z,23161.8
2026-06-12T01:15:00Z,22193.1
2026-06-12T01:30:00Z,24098.1
2026-06-12T01:45:00Z,23064.4
2026-06-12T02:00:00Z,20938.5
2026-06-12T02:15:00Z,23025.7
2026-06-12T02:30:00Z,22850.9
2026-06-12T02:45:00Z,23043.6
2026-06-12T03:00:00Z,22863.6
2026-06-12T03:15:00Z,22211.1
2026-06-12T03:30:00Z,22469.7
2026-06-12T03:45:00Z,23788.5
2026-06-12T04:00:00Z,10343.9
2026-06-12T04:15:00Z,13886.2
2026-06-12T04:30:00Z,17486.4
2026-06-12T04:45:00Z,15453.2
2026-06-12T05:00:00Z,18617.5
2026-06-12T05:15:00Z,9516.1
2026-06-12T05:30:00Z,13544.3
2026-06-12T05:45:00Z,12797.1
2026-06-12T06:00:00Z,19437.3
2026-06-12T06:15:00Z,9940.6
2026-06-12T06:30:00Z,14323.1
2026-06-12T06:45:00Z,16936.7
2026-06-12T07:00:00Z,13628.6
2026-06-12T07:15:00Z,20076.4
2026-06-12T07:30:00Z,8421.4
2026-06-12T07:45:00Z,16238.0
2026-06-12T08:00:00Z,15447.0
2026-06-12T08:15:00Z,11626.2
2026-06-12T08:30:00Z,20222.3
2026-06-12T08:45:00Z,7986.2
2026-06-12T09:00:00Z,15445.7
2026-06-12T09:15:00Z,11007.4
2026-06-12T09:30:00Z,10903.5
2026-06-12T09:45:00Z,6465.9
2026-06-12T10:00:00Z,11062.7
2026-06-12T10:15:00Z,12043.2
2026-06-12T10:30:00Z,11471.8
2026-06-12T10:45:00Z,16448.0
2026-06-12T11:00:00Z,12970.2
2026-06-12T11:15:00Z,14784.0
2026-06-12T11:30:00Z,20463.0
2026-06-12T11:45:00Z,8579.4
2026-06-12T12:00:00Z,8675.8
2026-06-12T12:15:00Z,13231.6
2026-06-12T12:30:00Z,12956.2
2026-06-12T12:45:00Z,16572.8
2026-06-12T13:00:00Z,15797.1
2026-06-12T13:15:00Z,11809.8
2026-06-12T13:30:00Z,11241.1
2026-06-12T13:45:00Z,15636.6
2026-06-12T14:00:00Z,19718.3
2026-06-12T14:15:00Z,16967.5
2026-06-12T14:30:00Z,11194.5
2026-06-12T14:45:00Z,13533.0
2026-06-12T15:00:00Z,16896.7
2026-06-12T15:15:00Z,14216.6
2026-06-12T15:30:00Z,17040.0
2026-06-12T15:45:00Z,11677.5
2026-06-12T16:00:00Z,16349.2
2026-06-12T16:15:00Z,9370.7
2026-06-12T16:30:00Z,18128.4
2026-06-12T16:45:00Z,10781.8
2026-06-12T17:00:00Z,18921.0
2026-06-12T17:15:00Z,19372.3
2026-06-12T17:30:00Z,17933.7
2026-06-12T17:45:00Z,7817.2
2026-06-12T18:00:00Z,17821.3
2026-06-12T18:15:00Z,11027.9
2026-06-12T18:30:00Z,9736.4
2026-06-12T18:45:00Z,21928.5
2026-06-12T19:00:00Z,11151.0
2026-06-12T19:15:00Z,18443.5
2026-06-12T19:30:00Z,14144.5
2026-06-12T19:45:00Z,9819.9
2026-06-12T20:00:00Z,24242.0
2026-06-12T20:15:00Z,21216.5
2026-06-12T20:30:00Z,22719.4
2026-06-12T20:45:00Z,24074.1
2026-06-12T21:00:00Z,24033.7
2026-06-12T21:15:00Z,17648.8
2026-06-12T21:30:00Z,23120.6
2026-06-12T21:45:00Z,18580.7
2026-06-12T22:00:00Z,22196.4
2026-06-12T22:15:00Z,18607.1
2026-06-12T22:30:00Z,23702.6
2026-06-12T22:45:00Z,21182.2
2026-06-12T23:00:00Z,14665.9
2026-06-12T23:15:00Z,21589.8
2026-06-12T23:30:00Z,24020.1
2026-06-12T23:45:00Z,19483.9
2026-06-13T00:00:00Z,16907.4
2026-06-13T00:15:00Z,18926.4
2026-06-13T00:30:00Z,22562.3
2026-06-13T00:45:00Z,22270.7
2026-06-13T01:00:00Z,19044.3
2026-06-13T01:15:00Z,21532.4
2026-06-13T01:30:00Z,15197.7
2026-06-13T01:45:00Z,18758.5
2026-06-13T02:00:00Z,23665.6
2026-06-13T02:15:00Z,23223.8
2026-06-13T02:30:00Z,19079.1
2026-06-13T02:45:00Z,22327.6
2026-06-13T03:00:00Z,18488.7
2026-06-13T03:15:00Z,23482.3
2026-06-13T03:30:00Z,23244.9
2026-06-13T03:45:00Z,23940.1
2026-06-13T04:00:00Z,18618.4
2026-06-13T04:15:00Z,19964.2
2026-06-13T04:30:00Z,18757.1
2026-06-13T04:45:00Z,17016.5
2026-06-13T05:00:00Z,21974.5
2026-06-13T05:15:00Z,19085.2
2026-06-13T05:30:00Z,17508.5
2026-06-13T05:45:00Z,18804.0
2026-06-13T06:00:00Z,22978.2
2026-06-13T06:15:00Z,21974.1
2026-06-13T06:30:00Z,16763.3
2026-06-13T06:45:00Z,18915.4
2026-06-13T07:00:00Z,21845.2
2026-06-13T07:15:00Z,22515.1
2026-06-13T07:30:00Z,19792.9
2026-06-13T07:45:00Z,18076.6
2026-06-13T08:00:00Z,20843.1
2026-06-13T08:15:00Z,20390.9
2026-06-13T08:30:00Z,18366.6
2026-06-13T08:45:00Z,18610.2
2026-06-13T09:00:00Z,21663.5
2026-06-13T09:15:00Z,17495.4
2026-06-13T09:30:00Z,21844.5
2026-06-13T09:45:00Z,15608.6
2026-06-13T10:00:00Z,20402.8
2026-06-13T10:15:00Z,19316.9
2026-06-13T10:30:00Z,12807.2
2026-06-13T10:45:00Z,19889.7
2026-06-13T11:00:00Z,18856.3
2026-06-13T11:15:00Z,18002.0
2026-06-13T11:30:00Z,18478.8
2026-06-13T11:45:00Z,12456.9
2026-06-13T12:00:00Z,20698.6
2026-06-13T12:15:00Z,21876.0
2026-06-13T12:30:00Z,13328.1
2026-06-13T12:45:00Z,19398.1
2026-06-13T13:00:00Z,20939.9
2026-06-13T13:15:00Z,19464.9
2026-06-13T13:30:00Z,14592.0
2026-06-13T13:45:00Z,21071.6
2026-06-13T14:00:00Z,20603.7
2026-06-13T14:15:00Z,20671.3
2026-06-13T14:30:00Z,21649.8
2026-06-13T14:45:00Z,17037.5
2026-06-13T15:00:00Z,23025.0
2026-06-13T15:15:00Z,20166.7
2026-06-13T15:30:00Z,21346.3
2026-06-13T15:45:00Z,23083.3
2026-06-13T16:00:00Z,20615.4
2026-06-13T16:15:00Z,19437.7
2026-06-13T16:30:00Z,20946.5
2026-06-13T16:45:00Z,19337.4
2026-06-13T17:00:00Z,19092.2
2026-06-13T17:15:00Z,19371.9
2026-06-13T17:30:00Z,19338.5
2026-06-13T17:45:00Z,22837.2
2026-06-13T18:00:00Z,24364.5
2026-06-13T18:15:00Z,23273.9
2026-06-13T18:30:00Z,22368.4
2026-06-13T18:45:00Z,23118.0
2026-06-13T19:00:00Z,19035.9
2026-06-13T19:15:00Z,23740.1
2026-06-13T19:30:00Z,23728.7
2026-06-13T19:45:00Z,21649.9
2026-06-13T20:00:00Z,22144.5
2026-06-13T20:15:00Z,21257.6
2026-06-13T20:30:00Z,22138.3
2026-06-13T20:45:00Z,23303.9
2026-06-13T21:00:00Z,23025.4
2026-06-13T21:15:00Z,18840.4
2026-06-13T21:30:00Z,23540.3
2026-06-13T21:45:00Z,22794.5
2026-06-13T22:00:00Z,24246.2
2026-06-13T22:15:00Z,22491.8
2026-06-13T22:30:00Z,24239.9
2026-06-13T22:45:00Z,22512.6
2026-06-13T23:00:00Z,23351.1
2026-06-13T23:15:00Z,22031.2
2026-06-13T23:30:00Z,21194.7
2026-06-13T23:45:00Z,23408.9
2026-06-14T00:00:00Z,22013.1
2026-06-14T00:15:00Z,22362.2
2026-06-14T00:30:00Z,20238.5
2026-06-14T00:45:00Z,24945.3
2026-06-14T01:00:00Z,20306.7
2026-06-14T01:15:00Z,18096.1
2026-06-14T01:30:00Z,21634.7
2026-06-14T01:45:00Z,19905.0
2026-06-14T02:00:00Z,23069.0
2026-06-14T02:15:00Z,23014.3
2026-06-14T02:30:00Z,18563.9
2026-06-14T02:45:00Z,22905.5
2026-06-14T03:00:00Z,20217.0
2026-06-14T03:15:00Z,21972.3
2026-06-14T03:30:00Z,23303.7
2026-06-14T03:45:00Z,21890.6
2026-06-14T04:00:00Z,23752.4
2026-06-14T04:15:00Z,23932.4
2026-06-14T04:30:00Z,21483.4
2026-06-14T04:45:00Z,18807.5
2026-06-14T05:00:00Z,20787.1
2026-06-14T05:15:00Z,15413.9
2026-06-14T05:30:00Z,18259.0
2026-06-14T05:45:00Z,18313.5
2026-06-14T06:00:00Z,21857.3
2026-06-14T06:15:00Z,20116.6
2026-06-14T06:30:00Z,21733.7
2026-06-14T06:45:00Z,18701.0
2026-06-14T07:00:00Z,20290.0
2026-06-14T07:15:00Z,16804.7
2026-06-14T07:30:00Z,21744.6
2026-06-14T07:45:00Z,21911.7
2026-06-14T08:00:00Z,20740.5
2026-06-14T08:15:00Z,17160.6
2026-06-14T08:30:00Z,21822.3
2026-06-14T08:45:00Z,19239.1
2026-06-14T09:00:00Z,20699.0
2026-06-14T09:15:00Z,17078.6
2026-06-14T09:30:00Z,21650.1
2026-06-14T09:45:00Z,21233.7
2026-06-14T10:00:00Z,19107.4
2026-06-14T10:15:00Z,17896.6
2026-06-14T10:30:00Z,19566.3
2026-06-14T10:45:00Z,15893.9
2026-06-14T11:00:00Z,15645.7
2026-06-14T11:15:00Z,19599.7
2026-06-14T11:30:00Z,19163.0
2026-06-14T11:45:00Z,14128.3
2026-06-14T12:00:00Z,20180.4
2026-06-14T12:15:00Z,15651.6
2026-06-14T12:30:00Z,19288.8
2026-06-14T12:45:00Z,20661.3
2026-06-14T13:00:00Z,18856.6
2026-06-14T13:15:00Z,10595.3
2026-06-14T13:30:00Z,20130.3
2026-06-14T13:45:00Z,16233.7
2026-06-14T14:00:00Z,19987.0
2026-06-14T14:15:00Z,14071.8
2026-06-14T14:30:00Z,21048.1
2026-06-14T14:45:00Z,21368.0
2026-06-14T15:00:00Z,22056.0
2026-06-14T15:15:00Z,19458.2
2026-06-14T15:30:00Z,22310.9
2026-06-14T15:45:00Z,23060.5
2026-06-14T16:00:00Z,22203.3
2026-06-14T16:15:00Z,22745.5
2026-06-14T16:30:00Z,14485.0
2026-06-14T16:45:00Z,21059.6
2026-06-14T17:00:00Z,22996.2
2026-06-14T17:15:00Z,23996.9
2026-06-14T17:30:00Z,22729.3
2026-06-14T17:45:00Z,18567.2
2026-06-14T18:00:00Z,22467.9
2026-06-14T18:15:00Z,21571.4
2026-06-14T18:30:00Z,19934.0
2026-06-14T18:45:00Z,22720.2
2026-06-14T19:00:00Z,19988.9
2026-06-14T19:15:00Z,18273.3
2026-06-14T19:30:00Z,24228.6
2026-06-14T19:45:00Z,20633.3
2026-06-14T20:00:00Z,22223.0
2026-06-14T20:15:00Z,20404.4
2026-06-14T20:30:00Z,23497.4
2026-06-14T20:45:00Z,24100.6
2026-06-14T21:00:00Z,20579.3
2026-06-14T21:15:00Z,18162.3
2026-06-14T21:30:00Z,21527.1
2026-06-14T21:45:00Z,24335.0
2026-06-14T22:00:00Z,22245.9
2026-06-14T22:15:00Z,19483.2
2026-06-14T22:30:00Z,24121.2
2026-06-14T22:45:00Z,23467.2
2026-06-14T23:00:00Z,23740.8
2026-06-14T23:15:00Z,23322.7
2026-06-14T23:30:00Z,24321.9
2026-06-14T23:45:00Z,22384.0
2026-06-15T00:00:00Z,19231.3
2026-06-15T00:15:00Z,23137.4
2026-06-15T00:30:00Z,24528.3
2026-06-15T00:45:00Z,20924.2
2026-06-15T01:00:00Z,23765.7
2026-06-15T01:15:00Z,19961.2
2026-06-15T01:30:00Z,18952.4
2026-06-15T01:45:00Z,23059.7
2026-06-15T02:00:00Z,22665.0
2026-06-15T02:15:00Z,20271.7
2026-06-15T02:30:00Z,18299.4
2026-06-15T02:45:00Z,24564.4
2026-06-15T03:00:00Z,22843.3
2026-06-15T03:15:00Z,22133.8
2026-06-15T03:30:00Z,24042.2
2026-06-15T03:45:00Z,23651.9
2026-06-15T04:00:00Z,17023.2
2026-06-15T04:15:00Z,10034.5
2026-06-15T04:30:00Z,12524.0
2026-06-15T04:45:00Z,9316.6
2026-06-15T05:00:00Z,10431.8
2026-06-15T05:15:00Z,16128.3
2026-06-15T05:30:00Z,13759.8
2026-06-15T05:45:00Z,16461.1
2026-06-15T06:00:00Z,17816.4
2026-06-15T06:15:00Z,12501.1
2026-06-15T06:30:00Z,18825.8
2026-06-15T06:45:00Z,21036.0
2026-06-15T07:00:00Z,17692.1
2026-06-15T07:15:00Z,13334.6
2026-06-15T07:30:00Z,19636.4
2026-06-15T07:45:00Z,10335.9
2026-06-15T08:00:00Z,15984.6
2026-06-15T08:15:00Z,15418.2
2026-06-15T08:30:00Z,10386.6
2026-06-15T08:45:00Z,7417.2
2026-06-15T09:00:00Z,18438.2
2026-06-15T09:15:00Z,7647.6
2026-06-15T09:30:00Z,15371.7
2026-06-15T09:45:00Z,9837.6
2026-06-15T10:00:00Z,7888.7
2026-06-15T10:15:00Z,12646.4
2026-06-15T10:30:00Z,8857.2
2026-06-15T10:45:00Z,19401.9
2026-06-15T11:00:00Z,16149.9
2026-06-15T11:15:00Z,5361.0
2026-06-15T11:30:00Z,12148.2
2026-06-15T11:45:00Z,13430.4
2026-06-15T12:00:00Z,11363.1
2026-06-15T12:15:00Z,19667.0
2026-06-15T12:30:00Z,15108.1
2026-06-15T12:45:00Z,15990.1
2026-06-15T13:00:00Z,15929.8
2026-06-15T13:15:00Z,15370.5
2026-06-15T13:30:00Z,12565.8
2026-06-15T13:45:00Z,16177.2
2026-06-15T14:00:00Z,17446.6
2026-06-15T14:15:00Z,10391.8
2026-06-15T14:30:00Z,9045.1
2026-06-15T14:45:00Z,12579.9
2026-06-15T15:00:00Z,8897.6
2026-06-15T15:15:00Z,7787.0
2026-06-15T15:30:00Z,12000.8
2026-06-15T15:45:00Z,19192.5
2026-06-15T16:00:00Z,18585.5
2026-06-15T16:15:00Z,16199.8
2026-06-15T16:30:00Z,12663.0
2026-06-15T16:45:00Z,20151.2
2026-06-15T17:00:00Z,10315.9
2026-06-15T17:15:00Z,9365.6
2026-06-15T17:30:00Z,18572.6
2026-06-15T17:45:00Z,19231.2
2026-06-15T18:00:00Z,14860.9
2026-06-15T18:15:00Z,13922.8
2026-06-15T18:30:00Z,15649.4
2026-06-15T18:45:00Z,14615.4
2026-06-15T19:00:00Z,15591.8
2026-06-15T19:15:00Z,14100.3
2026-06-15T19:30:00Z,21900.9
2026-06-15T19:45:00Z,12019.1
2026-06-15T20:00:00Z,24377.3
2026-06-15T20:15:00Z,16040.5
2026-06-15T20:30:00Z,20577.5
2026-06-15T20:45:00Z,23769.9
2026-06-15T21:00:00Z,23264.5
2026-06-15T21:15:00Z,19701.2
2026-06-15T21:30:00Z,23325.1
2026-06-15T21:45:00Z,23726.2
2026-06-15T22:00:00Z,23513.0
2026-06-15T22:15:00Z,22659.3
2026-06-15T22:30:00Z,23269.5
2026-06-15T22:45:00Z,24695.5
2026-06-15T23:00:00Z,21727.0
2026-06-15T23:15:00Z,16260.0
2026-06-15T23:30:00Z,22765.9
2026-06-15T23:45:00Z,20681.7
2026-06-16T00:00:00Z,23826.8
2026-06-16T00:15:00Z,22194.4
2026-06-16T00:30:00Z,23291.6
2026-06-16T00:45:00Z,19690.5
2026-06-16T01:00:00Z,21934.1
2026-06-16T01:15:00Z,22617.0
2026-06-16T01:30:00Z,23735.3
2026-06-16T01:45:00Z,21920.9
2026-06-16T02:00:00Z,24511.3
2026-06-16T02:15:00Z,23748.4
2026-06-16T02:30:00Z,20910.3
2026-06-16T02:45:00Z,17221.9
2026-06-16T03:00:00Z,23226.4
2026-06-16T03:15:00Z,21841.8
2026-06-16T03:30:00Z,22930.2
2026-06-16T03:45:00Z,22834.0
2026-06-16T04:00:00Z,12682.6
2026-06-16T04:15:00Z,10343.8
2026-06-16T04:30:00Z,14515.7
2026-06-16T04:45:00Z,9919.5
2026-06-16T05:00:00Z,18573.0
2026-06-16T05:15:00Z,15549.7
2026-06-16T05:30:00Z,12654.5
2026-06-16T05:45:00Z,14495.7
2026-06-16T06:00:00Z,9404.4
2026-06-16T06:15:00Z,17227.9
2026-06-16T06:30:00Z,17919.3
2026-06-16T06:45:00Z,13103.9
2026-06-16T07:00:00Z,12665.1
2026-06-16T07:15:00Z,7855.5
2026-06-16T07:30:00Z,19141.2
2026-06-16T07:45:00Z,7286.2
2026-06-16T08:00:00Z,8187.6
2026-06-16T08:15:00Z,11596.0
2026-06-16T08:30:00Z,17726.9
2026-06-16T08:45:00Z,14381.7
2026-06-16T09:00:00Z,10756.3
2026-06-16T09:15:00Z,5707.9
2026-06-16T09:30:00Z,10750.7
2026-06-16T09:45:00Z,5820.1
2026-06-16T10:00:00Z,12774.9
2026-06-16T10:15:00Z,15803.8
2026-06-16T10:30:00Z,9890.6
2026-06-16T10:45:00Z,13098.7
2026-06-16T11:00:00Z,13298.3
2026-06-16T11:15:00Z,14270.5
2026-06-16T11:30:00Z,12539.1
2026-06-16T11:45:00Z,8508.1
2026-06-16T12:00:00Z,17252.1
2026-06-16T12:15:00Z,16823.9
2026-06-16T12:30:00Z,9843.0
2026-06-16T12:45:00Z,5744.0
2026-06-16T13:00:00Z,13252.7
2026-06-16T13:15:00Z,15308.4
2026-06-16T13:30:00Z,12296.7
2026-06-16T13:45:00Z,18430.2
2026-06-16T14:00:00Z,6751.5
2026-06-16T14:15:00Z,15440.3
2026-06-16T14:30:00Z,12179.9
2026-06-16T14:45:00Z,7922.1
2026-06-16T15:00:00Z,16037.3
2026-06-16T15:15:00Z,11934.0
2026-06-16T15:30:00Z,16337.1
2026-06-16T15:45:00Z,18555.6
2026-06-16T16:00:00Z,16161.4
2026-06-16T16:15:00Z,14927.5
2026-06-16T16:30:00Z,11105.3
2026-06-16T16:45:00Z,17744.3
2026-06-16T17:00:00Z,22190.7
2026-06-16T17:15:00Z,17671.6
2026-06-16T17:30:00Z,14210.7
2026-06-16T17:45:00Z,13654.6
2026-06-16T18:00:00Z,9069.9
2026-06-16T18:15:00Z,7998.2
2026-06-16T18:30:00Z,23102.7
2026-06-16T18:45:00Z,8139.4
2026-06-16T19:00:00Z,18541.3
2026-06-16T19:15:00Z,13020.7
2026-06-16T19:30:00Z,23278.2
2026-06-16T19:45:00Z,11685.0
2026-06-16T20:00:00Z,23995.0
2026-06-16T20:15:00Z,24071.9
2026-06-16T20:30:00Z,22860.6
2026-06-16T20:45:00Z,23660.8
2026-06-16T21:00:00Z,23345.0
2026-06-16T21:15:00Z,19818.4
2026-06-16T21:30:00Z,19344.1
2026-06-16T21:45:00Z,24186.7
2026-06-16T22:00:00Z,20775.6
2026-06-16T22:15:00Z,22977.8
2026-06-16T22:30:00Z,24220.4
2026-06-16T22:45:00Z,23973.5
2026-06-16T23:00:00Z,22634.6
2026-06-16T23:15:00Z,20082.1
2026-06-16T23:30:00Z,23370.0
2026-06-16T23:45:00Z,20807.8
2026-06-17T00:00:00Z,18782.7
2026-06-17T00:15:00Z,10739.6
2026-06-17T00:30:00Z,24325.4
2026-06-17T00:45:00Z,22160.1
2026-06-17T01:00:00Z,17321.4
2026-06-17T01:15:00Z,15524.5
2026-06-17T01:30:00Z,9622.3
2026-06-17T01:45:00Z,17099.3
2026-06-17T02:00:00Z,11065.7
2026-06-17T02:15:00Z,16138.1
2026-06-17T02:30:00Z,22578.5
2026-06-17T02:45:00Z,23756.9
2026-06-17T03:00:00Z,23554.5
2026-06-17T03:15:00Z,21750.6
2026-06-17T03:30:00Z,16362.2
2026-06-17T03:45:00Z,24006.7
2026-06-17T04:00:00Z,15136.8
2026-06-17T04:15:00Z,15184.8
2026-06-17T04:30:00Z,18064.3
2026-06-17T04:45:00Z,17744.9
2026-06-17T05:00:00Z,8655.5
2026-06-17T05:15:00Z,7432.5
2026-06-17T05:30:00Z,17790.2
2026-06-17T05:45:00Z,15558.7
2026-06-17T06:00:00Z,13183.5
2026-06-17T06:15:00Z,6584.0
2026-06-17T06:30:00Z,16644.7
2026-06-17T06:45:00Z,16883.0
2026-06-17T07:00:00Z,12388.1
2026-06-17T07:15:00Z,11545.0
2026-06-17T07:30:00Z,9391.7
2026-06-17T07:45:00Z,14109.1
2026-06-17T08:00:00Z,15642.6
2026-06-17T08:15:00Z,12749.5
2026-06-17T08:30:00Z,11446.6
2026-06-17T08:45:00Z,13291.8
2026-06-17T09:00:00Z,8881.4
2026-06-17T09:15:00Z,9438.9
2026-06-17T09:30:00Z,15362.7
2026-06-17T09:45:00Z,13681.1
2026-06-17T10:00:00Z,11976.2
2026-06-17T10:15:00Z,12010.3
2026-06-17T10:30:00Z,11889.6
2026-06-17T10:45:00Z,15695.1
2026-06-17T11:00:00Z,12873.0
2026-06-17T11:15:00Z,5215.5
2026-06-17T11:30:00Z,12303.3
2026-06-17T11:45:00Z,7334.1
2026-06-17T12:00:00Z,21837.6
2026-06-17T12:15:00Z,7470.5
2026-06-17T12:30:00Z,8027.4
2026-06-17T12:45:00Z,7795.6
2026-06-17T13:00:00Z,15476.5
2026-06-17T13:15:00Z,13907.3
2026-06-17T13:30:00Z,12225.0
2026-06-17T13:45:00Z,17752.7
2026-06-17T14:00:00Z,13183.7
2026-06-17T14:15:00Z,12633.6
2026-06-17T14:30:00Z,13497.3
2026-06-17T14:45:00Z,16222.9
2026-06-17T15:00:00Z,8082.1
2026-06-17T15:15:00Z,8902.6
2026-06-17T15:30:00Z,14289.1
2026-06-17T15:45:00Z,7558.8
2026-06-17T16:00:00Z,7397.9
2026-06-17T16:15:00Z,19238.4
2026-06-17T16:30:00Z,17364.5
2026-06-17T16:45:00Z,16700.3
2026-06-17T17:00:00Z,20480.0
2026-06-17T17:15:00Z,14645.6
2026-06-17T17:30:00Z,16342.3
2026-06-17T17:45:00Z,15250.6
2026-06-17T18:00:00Z,14439.3
2026-06-17T18:15:00Z,14195.6
2026-06-17T18:30:00Z,19107.5
2026-06-17T18:45:00Z,16388.4
2026-06-17T19:00:00Z,17660.0
2026-06-17T19:15:00Z,9070.2
2026-06-17T19:30:00Z,16471.0
2026-06-17T19:45:00Z,15212.1
2026-06-17T20:00:00Z,23331.6
2026-06-17T20:15:00Z,23788.5
2026-06-17T20:30:00Z,19273.1
2026-06-17T20:45:00Z,23579.7
2026-06-17T21:00:00Z,23328.1
2026-06-17T21:15:00Z,21813.3
2026-06-17T21:30:00Z,22732.4
2026-06-17T21:45:00Z,18824.9
2026-06-17T22:00:00Z,20569.1
2026-06-17T22:15:00Z,17090.8
2026-06-17T22:30:00Z,24210.2
2026-06-17T22:45:00Z,16578.3
2026-06-17T23:00:00Z,20269.8
2026-06-17T23:15:00Z,21898.3
2026-06-17T23:30:00Z,19104.5
2026-06-17T23:45:00Z,24200.8
2026-06-18T00:00:00Z,16874.0
2026-06-18T00:15:00Z,20819.9
2026-06-18T00:30:00Z,20611.0
2026-06-18T00:45:00Z,23323.9
2026-06-18T01:00:00Z,23392.9
2026-06-18T01:15:00Z,22423.9
2026-06-18T01:30:00Z,23253.9
2026-06-18T01:45:00Z,24066.0
2026-06-18T02:00:00Z,17856.1
2026-06-18T02:15:00Z,24495.5
2026-06-18T02:30:00Z,20976.7
2026-06-18T02:45:00Z,23727.9
2026-06-18T03:00:00Z,22001.3
2026-06-18T03:15:00Z,21299.7
2026-06-18T03:30:00Z,18230.9
2026-06-18T03:45:00Z,21564.7
2026-06-18T04:00:00Z,12953.1
2026-06-18T04:15:00Z,13757.5
2026-06-18T04:30:00Z,16015.4
2026-06-18T04:45:00Z,18112.1
2026-06-18T05:00:00Z,14604.9
2026-06-18T05:15:00Z,16740.7
2026-06-18T05:30:00Z,13904.4
2026-06-18T05:45:00Z,12181.3
2026-06-18T06:00:00Z,12219.1
2026-06-18T06:15:00Z,9173.2
2026-06-18T06:30:00Z,5103.9
2026-06-18T06:45:00Z,17570.9
2026-06-18T07:00:00Z,9627.7
2026-06-18T07:15:00Z,16582.8
2026-06-18T07:30:00Z,19858.7
2026-06-18T07:45:00Z,15969.1
2026-06-18T08:00:00Z,10638.7
2026-06-18T08:15:00Z,14355.1
2026-06-18T08:30:00Z,16564.5
2026-06-18T08:45:00Z,12469.7
2026-06-18T09:00:00Z,7829.8
2026-06-18T09:15:00Z,10784.9
2026-06-18T09:30:00Z,10951.0
2026-06-18T09:45:00Z,12375.4
2026-06-18T10:00:00Z,16016.6
2026-06-18T10:15:00Z,11315.8
2026-06-18T10:30:00Z,10992.5
2026-06-18T10:45:00Z,12750.1
2026-06-18T11:00:00Z,11687.5
2026-06-18T11:15:00Z,5284.2
2026-06-18T11:30:00Z,12039.2
2026-06-18T11:45:00Z,9226.3
2026-06-18T12:00:00Z,13032.7
2026-06-18T12:15:00Z,20473.0
2026-06-18T12:30:00Z,6757.3
2026-06-18T12:45:00Z,13809.3
2026-06-18T13:00:00Z,12250.6
2026-06-18T13:15:00Z,2000.0
2026-06-18T13:30:00Z,7404.1
2026-06-18T13:45:00Z,2000.0
2026-06-18T14:00:00Z,11426.9
2026-06-18T14:15:00Z,19658.3
2026-06-18T14:30:00Z,15394.4
2026-06-18T14:45:00Z,13511.9
2026-06-18T15:00:00Z,16326.3
2026-06-18T15:15:00Z,21930.9
2026-06-18T15:30:00Z,9851.8
2026-06-18T15:45:00Z,17680.4
2026-06-18T16:00:00Z,14679.4
2026-06-18T16:15:00Z,12002.1
2026-06-18T16:30:00Z,12305.1
2026-06-18T16:45:00Z,16843.7
2026-06-18T17:00:00Z,12037.4
2026-06-18T17:15:00Z,10351.4
2026-06-18T17:30:00Z,14723.1
2026-06-18T17:45:00Z,13517.5
2026-06-18T18:00:00Z,16985.0
2026-06-18T18:15:00Z,17950.2
2026-06-18T18:30:00Z,14500.7
2026-06-18T18:45:00Z,22716.6
2026-06-18T19:00:00Z,10290.9
2026-06-18T19:15:00Z,12244.9
2026-06-18T19:30:00Z,21302.0
2026-06-18T19:45:00Z,16012.0
2026-06-18T20:00:00Z,20426.3
2026-06-18T20:15:00Z,18726.5
2026-06-18T20:30:00Z,20086.0
2026-06-18T20:45:00Z,16097.3
2026-06-18T21:00:00Z,19330.3
2026-06-18T21:15:00Z,18517.1
2026-06-18T21:30:00Z,23899.7
2026-06-18T21:45:00Z,22539.6
2026-06-18T22:00:00Z,23942.0
2026-06-18T22:15:00Z,23966.4
2026-06-18T22:30:00Z,22116.5
2026-06-18T22:45:00Z,19199.1
2026-06-18T23:00:00Z,23896.4
2026-06-18T23:15:00Z,22996.7
2026-06-18T23:30:00Z,23874.8
2026-06-18T23:45:00Z,21790.3
2026-06-19T00:00:00Z,23438.4
2026-06-19T00:15:00Z,18602.9
2026-06-19T00:30:00Z,18315.5
2026-06-19T00:45:00Z,17783.2
2026-06-19T01:00:00Z,21436.3
2026-06-19T01:15:00Z,22320.6
2026-06-19T01:30:00Z,21498.8
2026-06-19T01:45:00Z,22451.7
2026-06-19T02:00:00Z,22202.5
2026-06-19T02:15:00Z,21697.6
2026-06-19T02:30:00Z,23190.0
2026-06-19T02:45:00Z,19968.2
2026-06-19T03:00:00Z,23895.1
2026-06-19T03:15:00Z,19161.3
2026-06-19T03:30:00Z,23345.4
2026-06-19T03:45:00Z,23412.3
2026-06-19T04:00:00Z,20505.5
2026-06-19T04:15:00Z,14710.3
2026-06-19T04:30:00Z,15147.0
2026-06-19T04:45:00Z,23019.8
2026-06-19T05:00:00Z,13785.5
2026-06-19T05:15:00Z,19737.4
2026-06-19T05:30:00Z,12858.0
2026-06-19T05:45:00Z,14224.9
2026-06-19T06:00:00Z,11480.3
2026-06-19T06:15:00Z,10000.6
2026-06-19T06:30:00Z,13212.6
2026-06-19T06:45:00Z,17808.0
2026-06-19T07:00:00Z,12169.9
2026-06-19T07:15:00Z,18470.2
2026-06-19T07:30:00Z,13102.1
2026-06-19T07:45:00Z,12698.4
2026-06-19T08:00:00Z,7212.3
2026-06-19T08:15:00Z,16406.0
2026-06-19T08:30:00Z,10793.5
2026-06-19T08:45:00Z,11417.6
2026-06-19T09:00:00Z,21564.8
2026-06-19T09:15:00Z,14807.1
2026-06-19T09:30:00Z,21465.8
2026-06-19T09:45:00Z,13543.4
2026-06-19T10:00:00Z,8467.9
2026-06-19T10:15:00Z,14220.5
2026-06-19T10:30:00Z,11951.7
2026-06-19T10:45:00Z,7992.0
2026-06-19T11:00:00Z,19362.8
2026-06-19T11:15:00Z,11105.2
2026-06-19T11:30:00Z,16608.0
2026-06-19T11:45:00Z,19951.7
2026-06-19T12:00:00Z,8024.9
2026-06-19T12:15:00Z,10961.4
2026-06-19T12:30:00Z,10555.8
2026-06-19T12:45:00Z,9190.3
2026-06-19T13:00:00Z,15024.4
2026-06-19T13:15:00Z,12009.2
2026-06-19T13:30:00Z,17402.5
2026-06-19T13:45:00Z,13980.4
2026-06-19T14:00:00Z,15984.2
2026-06-19T14:15:00Z,8668.7
2026-06-19T14:30:00Z,10798.1
2026-06-19T14:45:00Z,10113.3
2026-06-19T15:00:00Z,19328.1
2026-06-19T15:15:00Z,16174.3
2026-06-19T15:30:00Z,17384.1
2026-06-19T15:45:00Z,13042.1
2026-06-19T16:00:00Z,6236.2
2026-06-19T16:15:00Z,15477.6
2026-06-19T16:30:00Z,13619.5
2026-06-19T16:45:00Z,13233.7
2026-06-19T17:00:00Z,13558.2
2026-06-19T17:15:00Z,13360.3
2026-06-19T17:30:00Z,13029.8
2026-06-19T17:45:00Z,15111.6
2026-06-19T18:00:00Z,16382.9
2026-06-19T18:15:00Z,17502.8
2026-06-19T18:30:00Z,13799.4
2026-06-19T18:45:00Z,11231.6
2026-06-19T19:00:00Z,11801.9
2026-06-19T19:15:00Z,19401.2
2026-06-19T19:30:00Z,14908.5
2026-06-19T19:45:00Z,19034.5
2026-06-19T20:00:00Z,15598.7
2026-06-19T20:15:00Z,23355.4
2026-06-19T20:30:00Z,21601.9
2026-06-19T20:45:00Z,16231.0
2026-06-19T21:00:00Z,23814.1
2026-06-19T21:15:00Z,20523.1
2026-06-19T21:30:00Z,23524.7
2026-06-19T21:45:00Z,23978.2
2026-06-19T22:00:00Z,15780.8
2026-06-19T22:15:00Z,23435.0
2026-06-19T22:30:00Z,23603.7
2026-06-19T22:45:00Z,21799.3
2026-06-19T23:00:00Z,21623.7
2026-06-19T23:15:00Z,23601.1
2026-06-19T23:30:00Z,19575.4
2026-06-19T23:45:00Z,23196.8
2026-06-20T00:00:00Z,19447.6
2026-06-20T00:15:00Z,24141.5
2026-06-20T00:30:00Z,23225.3
2026-06-20T00:45:00Z,23270.7
2026-06-20T01:00:00Z,23890.3
2026-06-20T01:15:00Z,23866.3
2026-06-20T01:30:00Z,21388.6
2026-06-20T01:45:00Z,18804.1
2026-06-20T02:00:00Z,22392.5
2026-06-20T02:15:00Z,15797.2
2026-06-20T02:30:00Z,22614.3
2026-06-20T02:45:00Z,23468.7
2026-06-20T03:00:00Z,23258.8
2026-06-20T03:15:00Z,23336.6
2026-06-20T03:30:00Z,22461.5
2026-06-20T03:45:00Z,17606.2
2026-06-20T04:00:00Z,20455.3
2026-06-20T04:15:00Z,18710.7
2026-06-20T04:30:00Z,22874.5
2026-06-20T04:45:00Z,22365.4
2026-06-20T05:00:00Z,22909.8
2026-06-20T05:15:00Z,22633.2
2026-06-20T05:30:00Z,17819.3
2026-06-20T05:45:00Z,22260.6
2026-06-20T06:00:00Z,13974.9
2026-06-20T06:15:00Z,20394.9
2026-06-20T06:30:00Z,20289.4
2026-06-20T06:45:00Z,21091.4
2026-06-20T07:00:00Z,17478.8
2026-06-20T07:15:00Z,21525.7
2026-06-20T07:30:00Z,19329.5
2026-06-20T07:45:00Z,16279.1
2026-06-20T08:00:00Z,21099.3
2026-06-20T08:15:00Z,16292.4
2026-06-20T08:30:00Z,18544.0
2026-06-20T08:45:00Z,21519.0
2026-06-20T09:00:00Z,19269.0
2026-06-20T09:15:00Z,13859.0
2026-06-20T09:30:00Z,19130.3
2026-06-20T09:45:00Z,20567.8
2026-06-20T10:00:00Z,20265.0
2026-06-20T10:15:00Z,20187.0
2026-06-20T10:30:00Z,19599.7
2026-06-20T10:45:00Z,20698.6
2026-06-20T11:00:00Z,13959.7
2026-06-20T11:15:00Z,17967.2
2026-06-20T11:30:00Z,20465.5
2026-06-20T11:45:00Z,21321.8
2026-06-20T12:00:00Z,20014.3
2026-06-20T12:15:00Z,19502.1
2026-06-20T12:30:00Z,18100.4
2026-06-20T12:45:00Z,21524.8
2026-06-20T13:00:00Z,20557.7
2026-06-20T13:15:00Z,20024.4
2026-06-20T13:30:00Z,22140.9
2026-06-20T13:45:00Z,12349.0
2026-06-20T14:00:00Z,19415.7
2026-06-20T14:15:00Z,18605.7
2026-06-20T14:30:00Z,20948.2
2026-06-20T14:45:00Z,20812.8
2026-06-20T15:00:00Z,16375.1
2026-06-20T15:15:00Z,20443.5
2026-06-20T15:30:00Z,22923.0
2026-06-20T15:45:00Z,22271.3
2026-06-20T16:00:00Z,21926.7
2026-06-20T16:15:00Z,20183.0
2026-06-20T16:30:00Z,17348.2
2026-06-20T16:45:00Z,18739.5
2026-06-20T17:00:00Z,21604.5
2026-06-20T17:15:00Z,19022.1
2026-06-20T17:30:00Z,22677.8
2026-06-20T17:45:00Z,23527.5
2026-06-20T18:00:00Z,23731.5
2026-06-20T18:15:00Z,17571.4
2026-06-20T18:30:00Z,22608.4
2026-06-20T18:45:00Z,23533.4
2026-06-20T19:00:00Z,23845.4
2026-06-20T19:15:00Z,18510.2
2026-06-20T19:30:00Z,23293.9
2026-06-20T19:45:00Z,18188.9
2026-06-20T20:00:00Z,23040.2
2026-06-20T20:15:00Z,21835.5
2026-06-20T20:30:00Z,23186.0
2026-06-20T20:45:00Z,23521.7
2026-06-20T21:00:00Z,19033.9
2026-06-20T21:15:00Z,17613.9
2026-06-20T21:30:00Z,19027.1
2026-06-20T21:45:00Z,21439.7
2026-06-20T22:00:00Z,21962.0
2026-06-20T22:15:00Z,21176.9
2026-06-20T22:30:00Z,18307.9
2026-06-20T22:45:00Z,19101.6
2026-06-20T23:00:00Z,23791.6
2026-06-20T23:15:00Z,22102.1
2026-06-20T23:30:00Z,23399.8
2026-06-20T23:45:00Z,23545.8
2026-06-21T00:00:00Z,23568.7
2026-06-21T00:15:00Z,23203.2
2026-06-21T00:30:00Z,22938.4
2026-06-21T00:45:00Z,23685.6
2026-06-21T01:00:00Z,24100.5
2026-06-21T01:15:00Z,22522.0
2026-06-21T01:30:00Z,23645.9
2026-06-21T01:45:00Z,21783.1
2026-06-21T02:00:00Z,21031.0
2026-06-21T02:15:00Z,19191.5
2026-06-21T02:30:00Z,16343.4
2026-06-21T02:45:00Z,16161.5
2026-06-21T03:00:00Z,13996.7
2026-06-21T03:15:00Z,22005.2
2026-06-21T03:30:00Z,16509.6
2026-06-21T03:45:00Z,22874.9
2026-06-21T04:00:00Z,20288.6
2026-06-21T04:15:00Z,22710.7
2026-06-21T04:30:00Z,22137.8
2026-06-21T04:45:00Z,21645.1
2026-06-21T05:00:00Z,20666.0
2026-06-21T05:15:00Z,18065.2
2026-06-21T05:30:00Z,22368.8
2026-06-21T05:45:00Z,22565.8
2026-06-21T06:00:00Z,14001.6
2026-06-21T06:15:00Z,22094.8
2026-06-21T06:30:00Z,21234.1
2026-06-21T06:45:00Z,16796.6
2026-06-21T07:00:00Z,22400.0
2026-06-21T07:15:00Z,20266.7
2026-06-21T07:30:00Z,15190.1
2026-06-21T07:45:00Z,17510.7
2026-06-21T08:00:00Z,21412.0
2026-06-21T08:15:00Z,14860.3
2026-06-21T08:30:00Z,20583.5
2026-06-21T08:45:00Z,21478.1
2026-06-21T09:00:00Z,13780.7
2026-06-21T09:15:00Z,18581.3
2026-06-21T09:30:00Z,18957.2
2026-06-21T09:45:00Z,22151.8
2026-06-21T10:00:00Z,19934.5
2026-06-21T10:15:00Z,14001.5
2026-06-21T10:30:00Z,20353.8
2026-06-21T10:45:00Z,13071.7
2026-06-21T11:00:00Z,15910.1
2026-06-21T11:15:00Z,15789.4
2026-06-21T11:30:00Z,12905.2
2026-06-21T11:45:00Z,21770.4
2026-06-21T12:00:00Z,15734.5
2026-06-21T12:15:00Z,19605.3
2026-06-21T12:30:00Z,16472.2
2026-06-21T12:45:00Z,18542.8
2026-06-21T13:00:00Z,16700.1
2026-06-21T13:15:00Z,17687.5
2026-06-21T13:30:00Z,19619.8
2026-06-21T13:45:00Z,22070.8
2026-06-21T14:00:00Z,15577.6
2026-06-21T14:15:00Z,19734.7
2026-06-21T14:30:00Z,18484.3
2026-06-21T14:45:00Z,22624.7
2026-06-21T15:00:00Z,22086.0
2026-06-21T15:15:00Z,21733.2
2026-06-21T15:30:00Z,20787.4
2026-06-21T15:45:00Z,15042.9
2026-06-21T16:00:00Z,21051.2
2026-06-21T16:15:00Z,19613.8
2026-06-21T16:30:00Z,22224.3
2026-06-21T16:45:00Z,20582.0
2026-06-21T17:00:00Z,23491.3
2026-06-21T17:15:00Z,13971.8
2026-06-21T17:30:00Z,23830.4
2026-06-21T17:45:00Z,22917.7
2026-06-21T18:00:00Z,23020.0
2026-06-21T18:15:00Z,23255.8
2026-06-21T18:30:00Z,24503.4
2026-06-21T18:45:00Z,20542.4
2026-06-21T19:00:00Z,19582.5
2026-06-21T19:15:00Z,23138.6
2026-06-21T19:30:00Z,23621.1
2026-06-21T19:45:00Z,23048.3
2026-06-21T20:00:00Z,22051.9
2026-06-21T20:15:00Z,22777.8
2026-06-21T20:30:00Z,23668.4
2026-06-21T20:45:00Z,12218.1
2026-06-21T21:00:00Z,19242.6
2026-06-21T21:15:00Z,19416.8
2026-06-21T21:30:00Z,20186.5
2026-06-21T21:45:00Z,23589.8
2026-06-21T22:00:00Z,22603.8
2026-06-21T22:15:00Z,24675.7
2026-06-21T22:30:00Z,23154.5
2026-06-21T22:45:00Z,23068.4
2026-06-21T23:00:00Z,23920.5
2026-06-21T23:15:00Z,17868.1
2026-06-21T23:30:00Z,23574.5
2026-06-21T23:45:00Z,22777.2
2026-06-22T00:00:00Z,23768.6
2026-06-22T00:15:00Z,23668.2
2026-06-22T00:30:00Z,21671.6
2026-06-22T00:45:00Z,24319.8
2026-06-22T01:00:00Z,17398.5
2026-06-22T01:15:00Z,22997.8
2026-06-22T01:30:00Z,23884.2
2026-06-22T01:45:00Z,24064.1
2026-06-22T02:00:00Z,24592.6
2026-06-22T02:15:00Z,23880.3
2026-06-22T02:30:00Z,22232.0
2026-06-22T02:45:00Z,21859.5
2026-06-22T03:00:00Z,24314.0
2026-06-22T03:15:00Z,21307.1
2026-06-22T03:30:00Z,23266.9
2026-06-22T03:45:00Z,17905.3
2026-06-22T04:00:00Z,18244.1
2026-06-22T04:15:00Z,11674.5
2026-06-22T04:30:00Z,9576.6
2026-06-22T04:45:00Z,18117.6
2026-06-22T05:00:00Z,22240.4
2026-06-22T05:15:00Z,18519.2
2026-06-22T05:30:00Z,12399.5
2026-06-22T05:45:00Z,18546.0
2026-06-22T06:00:00Z,17228.0
2026-06-22T06:15:00Z,16458.3
2026-06-22T06:30:00Z,14723.5
2026-06-22T06:45:00Z,13817.6
2026-06-22T07:00:00Z,16127.4
2026-06-22T07:15:00Z,9096.6
2026-06-22T07:30:00Z,17977.2
2026-06-22T07:45:00Z,10690.2
2026-06-22T08:00:00Z,9428.7
2026-06-22T08:15:00Z,18282.4
2026-06-22T08:30:00Z,7452.3
2026-06-22T08:45:00Z,23500.9
2026-06-22T09:00:00Z,13825.5
2026-06-22T09:15:00Z,15335.0
2026-06-22T09:30:00Z,9694.7
2026-06-22T09:45:00Z,13820.9
2026-06-22T10:00:00Z,10319.4
2026-06-22T10:15:00Z,19945.4
2026-06-22T10:30:00Z,9064.0
2026-06-22T10:45:00Z,9718.0
2026-06-22T11:00:00Z,9007.6
2026-06-22T11:15:00Z,10676.6
2026-06-22T11:30:00Z,10573.2
2026-06-22T11:45:00Z,10166.6
2026-06-22T12:00:00Z,7364.6
2026-06-22T12:15:00Z,11483.0
2026-06-22T12:30:00Z,3683.4
2026-06-22T12:45:00Z,13566.4
2026-06-22T13:00:00Z,7476.4
2026-06-22T13:15:00Z,15976.5
2026-06-22T13:30:00Z,21739.0
2026-06-22T13:45:00Z,17071.8
2026-06-22T14:00:00Z,16266.7
2026-06-22T14:15:00Z,13199.3
2026-06-22T14:30:00Z,17209.9
2026-06-22T14:45:00Z,9413.6
2026-06-22T15:00:00Z,9982.6
2026-06-22T15:15:00Z,9870.4
2026-06-22T15:30:00Z,12996.2
2026-06-22T15:45:00Z,20239.9
2026-06-22T16:00:00Z,13500.9
2026-06-22T16:15:00Z,7448.8
2026-06-22T16:30:00Z,11249.3
2026-06-22T16:45:00Z,22440.8
2026-06-22T17:00:00Z,20793.9
2026-06-22T17:15:00Z,23843.3
2026-06-22T17:30:00Z,15975.2
2026-06-22T17:45:00Z,24260.0
2026-06-22T18:00:00Z,12253.7
2026-06-22T18:15:00Z,15680.5
2026-06-22T18:30:00Z,16153.9
2026-06-22T18:45:00Z,20215.3
2026-06-22T19:00:00Z,14134.4
2026-06-22T19:15:00Z,23796.6
2026-06-22T19:30:00Z,19448.8
2026-06-22T19:45:00Z,14642.2
2026-06-22T20:00:00Z,21303.3
2026-06-22T20:15:00Z,22422.4
2026-06-22T20:30:00Z,19223.9
2026-06-22T20:45:00Z,21265.2
2026-06-22T21:00:00Z,22868.5
2026-06-22T21:15:00Z,20980.3
2026-06-22T21:30:00Z,21285.9
2026-06-22T21:45:00Z,23159.0
2026-06-22T22:00:00Z,22199.5
2026-06-22T22:15:00Z,21542.5
2026-06-22T22:30:00Z,23886.7
2026-06-22T22:45:00Z,24467.3
2026-06-22T23:00:00Z,22052.3
2026-06-22T23:15:00Z,23581.5
2026-06-22T23:30:00Z,19970.3
2026-06-22T23:45:00Z,23071.4
2026-06-23T00:00:00Z,23733.0
2026-06-23T00:15:00Z,18054.4
2026-06-23T00:30:00Z,22212.6
2026-06-23T00:45:00Z,22038.8
2026-06-23T01:00:00Z,23403.9
2026-06-23T01:15:00Z,22948.0
2026-06-23T01:30:00Z,18149.5
2026-06-23T01:45:00Z,20303.1
2026-06-23T02:00:00Z,16958.2
2026-06-23T02:15:00Z,21344.7
2026-06-23T02:30:00Z,21843.5
2026-06-23T02:45:00Z,18350.1
2026-06-23T03:00:00Z,22380.7
2026-06-23T03:15:00Z,21754.4
2026-06-23T03:30:00Z,23012.7
2026-06-23T03:45:00Z,18497.6
2026-06-23T04:00:00Z,19758.3
2026-06-23T04:15:00Z,15495.1
2026-06-23T04:30:00Z,15817.1
2026-06-23T04:45:00Z,11808.8
2026-06-23T05:00:00Z,13455.7
2026-06-23T05:15:00Z,12469.6
2026-06-23T05:30:00Z,16916.4
2026-06-23T05:45:00Z,10041.2
2026-06-23T06:00:00Z,7974.8
2026-06-23T06:15:00Z,16431.9
2026-06-23T06:30:00Z,18784.6
2026-06-23T06:45:00Z,8944.9
2026-06-23T07:00:00Z,16536.7
2026-06-23T07:15:00Z,11392.9
2026-06-23T07:30:00Z,17266.3
2026-06-23T07:45:00Z,16559.2
2026-06-23T08:00:00Z,12036.4
2026-06-23T08:15:00Z,10228.0
2026-06-23T08:30:00Z,15685.3
2026-06-23T08:45:00Z,19302.2
2026-06-23T09:00:00Z,13581.4
2026-06-23T09:15:00Z,9043.5
2026-06-23T09:30:00Z,2171.7
2026-06-23T09:45:00Z,11791.5
2026-06-23T10:00:00Z,17386.8
2026-06-23T10:15:00Z,6053.5
2026-06-23T10:30:00Z,12977.2
2026-06-23T10:45:00Z,11909.5
2026-06-23T11:00:00Z,14013.4
2026-06-23T11:15:00Z,12920.1
2026-06-23T11:30:00Z,17507.4
2026-06-23T11:45:00Z,5076.0
2026-06-23T12:00:00Z,5899.4
2026-06-23T12:15:00Z,11563.1
2026-06-23T12:30:00Z,10535.9
2026-06-23T12:45:00Z,12987.4
2026-06-23T13:00:00Z,15483.5
2026-06-23T13:15:00Z,13844.5
2026-06-23T13:30:00Z,15354.6
2026-06-23T13:45:00Z,5701.2
2026-06-23T14:00:00Z,8773.7
2026-06-23T14:15:00Z,13183.7
2026-06-23T14:30:00Z,14241.9
2026-06-23T14:45:00Z,9189.1
2026-06-23T15:00:00Z,18227.3
2026-06-23T15:15:00Z,9127.3
2026-06-23T15:30:00Z,12858.0
2026-06-23T15:45:00Z,10456.7
2026-06-23T16:00:00Z,12292.3
2026-06-23T16:15:00Z,8781.2
2026-06-23T16:30:00Z,22889.8
2026-06-23T16:45:00Z,11449.9
2026-06-23T17:00:00Z,21764.7
2026-06-23T17:15:00Z,15154.7
2026-06-23T17:30:00Z,17053.5
2026-06-23T17:45:00Z,13329.4
2026-06-23T18:00:00Z,14137.4
2026-06-23T18:15:00Z,14867.5
2026-06-23T18:30:00Z,22807.0
2026-06-23T18:45:00Z,14755.4
2026-06-23T19:00:00Z,14879.6
2026-06-23T19:15:00Z,15041.5
2026-06-23T19:30:00Z,20612.5
2026-06-23T19:45:00Z,13766.1
2026-06-23T20:00:00Z,17112.4
2026-06-23T20:15:00Z,7630.3
2026-06-23T20:30:00Z,16025.2
2026-06-23T20:45:00Z,18094.7
2026-06-23T21:00:00Z,17327.2
2026-06-23T21:15:00Z,16985.2
2026-06-23T21:30:00Z,18158.5
2026-06-23T21:45:00Z,21597.6
2026-06-23T22:00:00Z,22532.7
2026-06-23T22:15:00Z,24017.2
2026-06-23T22:30:00Z,23455.7
2026-06-23T22:45:00Z,23907.4
2026-06-23T23:00:00Z,18355.9
2026-06-23T23:15:00Z,22922.4
2026-06-23T23:30:00Z,24096.4
2026-06-23T23:45:00Z,23682.6
2026-06-24T00:00:00Z,23867.8
2026-06-24T00:15:00Z,24070.2
2026-06-24T00:30:00Z,19440.4
2026-06-24T00:45:00Z,22454.8
2026-06-24T01:00:00Z,23023.3
2026-06-24T01:15:00Z,22002.7
2026-06-24T01:30:00Z,24060.3
2026-06-24T01:45:00Z,21673.3
2026-06-24T02:00:00Z,21263.3
2026-06-24T02:15:00Z,21499.3
2026-06-24T02:30:00Z,15810.7
2026-06-24T02:45:00Z,23972.0
2026-06-24T03:00:00Z,22684.1
2026-06-24T03:15:00Z,24022.6
2026-06-24T03:30:00Z,20759.0
2026-06-24T03:45:00Z,23446.5
2026-06-24T04:00:00Z,17102.1
2026-06-24T04:15:00Z,15637.8
2026-06-24T04:30:00Z,10407.8
2026-06-24T04:45:00Z,22904.3
2026-06-24T05:00:00Z,14993.6
2026-06-24T05:15:00Z,19526.1
2026-06-24T05:30:00Z,12900.9
2026-06-24T05:45:00Z,21547.0
2026-06-24T06:00:00Z,13796.2
2026-06-24T06:15:00Z,18705.5
2026-06-24T06:30:00Z,16833.0
2026-06-24T06:45:00Z,10939.9
2026-06-24T07:00:00Z,15604.3
2026-06-24T07:15:00Z,10632.8
2026-06-24T07:30:00Z,18637.8
2026-06-24T07:45:00Z,16621.7
2026-06-24T08:00:00Z,11189.7
2026-06-24T08:15:00Z,9943.4
2026-06-24T08:30:00Z,13566.2
2026-06-24T08:45:00Z,11361.2
2026-06-24T09:00:00Z,20224.3
2026-06-24T09:15:00Z,13272.0
2026-06-24T09:30:00Z,5761.1
2026-06-24T09:45:00Z,11641.2
2026-06-24T10:00:00Z,15597.8
2026-06-24T10:15:00Z,6658.8
2026-06-24T10:30:00Z,19129.6
2026-06-24T10:45:00Z,11293.2
2026-06-24T11:00:00Z,15582.4
2026-06-24T11:15:00Z,5677.6
2026-06-24T11:30:00Z,9445.5
2026-06-24T11:45:00Z,20632.5
2026-06-24T12:00:00Z,5310.3
2026-06-24T12:15:00Z,15803.4
2026-06-24T12:30:00Z,13629.5
2026-06-24T12:45:00Z,11077.5
2026-06-24T13:00:00Z,10695.8
2026-06-24T13:15:00Z,9844.7
2026-06-24T13:30:00Z,10131.6
2026-06-24T13:45:00Z,16578.6
2026-06-24T14:00:00Z,4267.6
2026-06-24T14:15:00Z,9129.9
2026-06-24T14:30:00Z,12155.6
2026-06-24T14:45:00Z,13566.5
2026-06-24T15:00:00Z,10555.4
2026-06-24T15:15:00Z,12304.0
2026-06-24T15:30:00Z,7426.4
2026-06-24T15:45:00Z,9929.6
2026-06-24T16:00:00Z,8816.9
2026-06-24T16:15:00Z,14597.9
2026-06-24T16:30:00Z,12160.9
2026-06-24T16:45:00Z,19698.4
2026-06-24T17:00:00Z,19632.3
2026-06-24T17:15:00Z,23881.2
2026-06-24T17:30:00Z,14909.0
2026-06-24T17:45:00Z,13267.8
2026-06-24T18:00:00Z,18012.8
2026-06-24T18:15:00Z,20656.9
2026-06-24T18:30:00Z,23346.6
2026-06-24T18:45:00Z,14477.1
2026-06-24T19:00:00Z,18684.4
2026-06-24T19:15:00Z,10315.9
2026-06-24T19:30:00Z,14291.4
2026-06-24T19:45:00Z,19631.4
2026-06-24T20:00:00Z,16924.0
2026-06-24T20:15:00Z,23685.0
2026-06-24T20:30:00Z,23283.6
2026-06-24T20:45:00Z,22936.3
2026-06-24T21:00:00Z,22561.4
2026-06-24T21:15:00Z,23639.9
2026-06-24T21:30:00Z,23110.2
2026-06-24T21:45:00Z,20498.5
2026-06-24T22:00:00Z,23865.5
2026-06-24T22:15:00Z,22632.1
2026-06-24T22:30:00Z,23679.3
2026-06-24T22:45:00Z,22829.1
2026-06-24T23:00:00Z,21577.3
2026-06-24T23:15:00Z,22509.9
2026-06-24T23:30:00Z,23865.4
2026-06-24T23:45:00Z,18580.7
2026-06-25T00:00:00Z,23735.4
2026-06-25T00:15:00Z,21172.9
2026-06-25T00:30:00Z,24427.7
2026-06-25T00:45:00Z,23878.6
2026-06-25T01:00:00Z,18131.8
2026-06-25T01:15:00Z,22961.6
2026-06-25T01:30:00Z,21347.0
2026-06-25T01:45:00Z,20614.4
2026-06-25T02:00:00Z,24059.8
2026-06-25T02:15:00Z,22240.9
2026-06-25T02:30:00Z,23016.6
2026-06-25T02:45:00Z,24023.0
2026-06-25T03:00:00Z,22226.4
2026-06-25T03:15:00Z,14683.6
2026-06-25T03:30:00Z,19765.1
2026-06-25T03:45:00Z,19548.5
2026-06-25T04:00:00Z,15268.6
2026-06-25T04:15:00Z,13969.5
2026-06-25T04:30:00Z,18531.0
2026-06-25T04:45:00Z,17572.3
2026-06-25T05:00:00Z,8253.1
2026-06-25T05:15:00Z,14174.3
2026-06-25T05:30:00Z,17093.8
2026-06-25T05:45:00Z,11617.2
2026-06-25T06:00:00Z,14280.4
2026-06-25T06:15:00Z,17974.2
2026-06-25T06:30:00Z,15944.7
2026-06-25T06:45:00Z,12847.4
2026-06-25T07:00:00Z,11116.9
2026-06-25T07:15:00Z,10475.8
2026-06-25T07:30:00Z,17218.0
2026-06-25T07:45:00Z,9065.4
2026-06-25T08:00:00Z,9605.6
2026-06-25T08:15:00Z,8950.8
2026-06-25T08:30:00Z,10088.5
2026-06-25T08:45:00Z,12060.9
2026-06-25T09:00:00Z,6685.4
2026-06-25T09:15:00Z,11520.0
2026-06-25T09:30:00Z,11984.7
2026-06-25T09:45:00Z,10989.0
2026-06-25T10:00:00Z,12763.3
2026-06-25T10:15:00Z,6880.8
2026-06-25T10:30:00Z,21435.8
2026-06-25T10:45:00Z,8211.0
2026-06-25T11:00:00Z,5715.6
2026-06-25T11:15:00Z,13701.1
2026-06-25T11:30:00Z,13199.6
2026-06-25T11:45:00Z,19822.2
2026-06-25T12:00:00Z,5979.5
2026-06-25T12:15:00Z,7606.2
2026-06-25T12:30:00Z,12978.6
2026-06-25T12:45:00Z,19392.3
2026-06-25T13:00:00Z,12687.2
2026-06-25T13:15:00Z,16802.7
2026-06-25T13:30:00Z,19263.3
2026-06-25T13:45:00Z,11086.4
2026-06-25T14:00:00Z,14497.1
2026-06-25T14:15:00Z,13101.7
2026-06-25T14:30:00Z,20966.1
2026-06-25T14:45:00Z,12542.7
2026-06-25T15:00:00Z,17265.0
2026-06-25T15:15:00Z,16772.2
2026-06-25T15:30:00Z,9962.1
2026-06-25T15:45:00Z,8949.9
2026-06-25T16:00:00Z,19319.9
2026-06-25T16:15:00Z,21714.5
2026-06-25T16:30:00Z,15070.0
2026-06-25T16:45:00Z,14423.4
2026-06-25T17:00:00Z,12412.9
2026-06-25T17:15:00Z,9559.2
2026-06-25T17:30:00Z,12861.5
2026-06-25T17:45:00Z,12920.4
2026-06-25T18:00:00Z,16292.7
2026-06-25T18:15:00Z,18847.3
2026-06-25T18:30:00Z,17674.7
2026-06-25T18:45:00Z,16595.4
2026-06-25T19:00:00Z,18026.4
2026-06-25T19:15:00Z,10579.4
2026-06-25T19:30:00Z,18714.8
2026-06-25T19:45:00Z,14883.3
2026-06-25T20:00:00Z,21824.7
2026-06-25T20:15:00Z,20014.3
2026-06-25T20:30:00Z,20307.0
2026-06-25T20:45:00Z,20814.4
2026-06-25T21:00:00Z,20435.1
2026-06-25T21:15:00Z,23804.0
2026-06-25T21:30:00Z,17151.0
2026-06-25T21:45:00Z,21293.5
2026-06-25T22:00:00Z,23066.9
2026-06-25T22:15:00Z,23074.2
2026-06-25T22:30:00Z,22767.9
2026-06-25T22:45:00Z,24036.8
2026-06-25T23:00:00Z,24055.5
2026-06-25T23:15:00Z,23598.0
2026-06-25T23:30:00Z,24546.6
2026-06-25T23:45:00Z,22035.7
2026-06-26T00:00:00Z,24116.2
2026-06-26T00:15:00Z,21902.5
2026-06-26T00:30:00Z,22760.8
2026-06-26T00:45:00Z,24117.1
2026-06-26T01:00:00Z,19872.0
2026-06-26T01:15:00Z,23688.6
2026-06-26T01:30:00Z,18486.3
2026-06-26T01:45:00Z,23385.0
2026-06-26T02:00:00Z,17565.2
2026-06-26T02:15:00Z,23560.3
2026-06-26T02:30:00Z,14838.5
2026-06-26T02:45:00Z,21760.4
2026-06-26T03:00:00Z,24230.4
2026-06-26T03:15:00Z,21759.3
2026-06-26T03:30:00Z,23073.4
2026-06-26T03:45:00Z,24294.1
2026-06-26T04:00:00Z,14717.6
2026-06-26T04:15:00Z,17356.7
2026-06-26T04:30:00Z,12149.4
2026-06-26T04:45:00Z,16663.5
2026-06-26T05:00:00Z,11548.0
2026-06-26T05:15:00Z,11249.1
2026-06-26T05:30:00Z,16559.2
2026-06-26T05:45:00Z,14540.1
2026-06-26T06:00:00Z,22419.2
2026-06-26T06:15:00Z,7140.5
2026-06-26T06:30:00Z,15888.9
2026-06-26T06:45:00Z,7660.7
2026-06-26T07:00:00Z,15979.6
2026-06-26T07:15:00Z,7995.0
2026-06-26T07:30:00Z,14822.5
2026-06-26T07:45:00Z,13881.7
2026-06-26T08:00:00Z,17065.5
2026-06-26T08:15:00Z,16369.6
2026-06-26T08:30:00Z,15569.4
2026-06-26T08:45:00Z,5120.8
2026-06-26T09:00:00Z,11565.8
2026-06-26T09:15:00Z,15124.2
2026-06-26T09:30:00Z,9319.6
2026-06-26T09:45:00Z,15256.7
2026-06-26T10:00:00Z,14633.1
2026-06-26T10:15:00Z,12280.6
2026-06-26T10:30:00Z,14929.7
2026-06-26T10:45:00Z,10084.5
2026-06-26T11:00:00Z,13015.6
2026-06-26T11:15:00Z,7298.7
2026-06-26T11:30:00Z,14839.3
2026-06-26T11:45:00Z,14420.9
2026-06-26T12:00:00Z,17200.9
2026-06-26T12:15:00Z,15578.3
2026-06-26T12:30:00Z,6831.5
2026-06-26T12:45:00Z,15008.9
2026-06-26T13:00:00Z,14662.5
2026-06-26T13:15:00Z,9849.8
2026-06-26T13:30:00Z,9357.9
2026-06-26T13:45:00Z,18025.6
2026-06-26T14:00:00Z,19360.8
2026-06-26T14:15:00Z,10757.3
2026-06-26T14:30:00Z,17775.9
2026-06-26T14:45:00Z,13383.7
2026-06-26T15:00:00Z,6932.0
2026-06-26T15:15:00Z,12121.5
2026-06-26T15:30:00Z,8612.2
2026-06-26T15:45:00Z,17666.1
2026-06-26T16:00:00Z,13551.8
2026-06-26T16:15:00Z,14823.0
2026-06-26T16:30:00Z,17477.0
2026-06-26T16:45:00Z,13000.3
2026-06-26T17:00:00Z,8348.8
2026-06-26T17:15:00Z,19012.1
2026-06-26T17:30:00Z,8058.2
2026-06-26T17:45:00Z,9617.4
2026-06-26T18:00:00Z,13654.0
2026-06-26T18:15:00Z,16462.1
2026-06-26T18:30:00Z,11512.0
2026-06-26T18:45:00Z,15250.4
2026-06-26T19:00:00Z,15530.4
2026-06-26T19:15:00Z,17393.5
2026-06-26T19:30:00Z,17265.2
2026-06-26T19:45:00Z,14103.0
2026-06-26T20:00:00Z,22053.7
2026-06-26T20:15:00Z,22206.2
2026-06-26T20:30:00Z,20719.4
2026-06-26T20:45:00Z,22445.7
2026-06-26T21:00:00Z,20569.3
2026-06-26T21:15:00Z,20452.1
2026-06-26T21:30:00Z,19874.0
2026-06-26T21:45:00Z,21819.6
2026-06-26T22:00:00Z,22181.6
2026-06-26T22:15:00Z,18384.6
2026-06-26T22:30:00Z,24067.3
2026-06-26T22:45:00Z,15104.6
2026-06-26T23:00:00Z,23922.9
2026-06-26T23:15:00Z,20888.2
2026-06-26T23:30:00Z,23726.9
2026-06-26T23:45:00Z,23026.0
2026-06-27T00:00:00Z,22037.3
2026-06-27T00:15:00Z,19409.5
2026-06-27T00:30:00Z,22095.9
2026-06-27T00:45:00Z,23315.3
2026-06-27T01:00:00Z,23465.7
2026-06-27T01:15:00Z,20154.2
2026-06-27T01:30:00Z,19458.5
2026-06-27T01:45:00Z,21890.4
2026-06-27T02:00:00Z,22998.0
2026-06-27T02:15:00Z,20898.4
2026-06-27T02:30:00Z,18540.3
2026-06-27T02:45:00Z,22809.9
2026-06-27T03:00:00Z,22834.5
2026-06-27T03:15:00Z,22026.6
2026-06-27T03:30:00Z,23296.2
2026-06-27T03:45:00Z,21711.7
2026-06-27T04:00:00Z,22993.8
2026-06-27T04:15:00Z,23253.0
2026-06-27T04:30:00Z,23014.1
2026-06-27T04:45:00Z,12842.2
2026-06-27T05:00:00Z,23924.7
2026-06-27T05:15:00Z,23227.8
2026-06-27T05:30:00Z,23420.1
2026-06-27T05:45:00Z,18366.1
2026-06-27T06:00:00Z,16179.8
2026-06-27T06:15:00Z,18204.5
2026-06-27T06:30:00Z,17552.5
2026-06-27T06:45:00Z,20453.7
2026-06-27T07:00:00Z,22236.8
2026-06-27T07:15:00Z,20358.7
2026-06-27T07:30:00Z,17896.2
2026-06-27T07:45:00Z,13649.3
2026-06-27T08:00:00Z,18147.9
2026-06-27T08:15:00Z,18057.1
2026-06-27T08:30:00Z,20417.2
2026-06-27T08:45:00Z,15484.6
2026-06-27T09:00:00Z,17254.0
2026-06-27T09:15:00Z,20233.7
2026-06-27T09:30:00Z,16792.3
2026-06-27T09:45:00Z,19195.0
2026-06-27T10:00:00Z,17731.6
2026-06-27T10:15:00Z,20314.0
2026-06-27T10:30:00Z,20205.7
2026-06-27T10:45:00Z,18416.6
2026-06-27T11:00:00Z,18688.0
2026-06-27T11:15:00Z,17851.3
2026-06-27T11:30:00Z,16129.1
2026-06-27T11:45:00Z,18088.6
2026-06-27T12:00:00Z,19996.8
2026-06-27T12:15:00Z,17323.0
2026-06-27T12:30:00Z,21156.4
2026-06-27T12:45:00Z,15294.4
2026-06-27T13:00:00Z,19376.7
2026-06-27T13:15:00Z,15616.4
2026-06-27T13:30:00Z,22096.9
2026-06-27T13:45:00Z,19588.8
2026-06-27T14:00:00Z,17110.2
2026-06-27T14:15:00Z,17284.3
2026-06-27T14:30:00Z,16322.2
2026-06-27T14:45:00Z,18094.3
2026-06-27T15:00:00Z,23705.7
2026-06-27T15:15:00Z,15756.1
2026-06-27T15:30:00Z,20339.2
2026-06-27T15:45:00Z,22775.1
2026-06-27T16:00:00Z,18357.8
2026-06-27T16:15:00Z,21033.9
2026-06-27T16:30:00Z,20575.4
2026-06-27T16:45:00Z,17052.3
2026-06-27T17:00:00Z,21856.3
2026-06-27T17:15:00Z,15705.7
2026-06-27T17:30:00Z,19841.4
2026-06-27T17:45:00Z,18433.8
2026-06-27T18:00:00Z,21395.5
2026-06-27T18:15:00Z,23941.5
2026-06-27T18:30:00Z,18919.8
2026-06-27T18:45:00Z,21526.0
2026-06-27T19:00:00Z,24134.3
2026-06-27T19:15:00Z,16511.3
2026-06-27T19:30:00Z,23103.8
2026-06-27T19:45:00Z,22235.2
2026-06-27T20:00:00Z,22348.4
2026-06-27T20:15:00Z,20954.4
2026-06-27T20:30:00Z,22367.0
2026-06-27T20:45:00Z,23171.5
2026-06-27T21:00:00Z,19833.4
2026-06-27T21:15:00Z,23417.4
2026-06-27T21:30:00Z,24071.2
2026-06-27T21:45:00Z,19038.4
2026-06-27T22:00:00Z,19448.9
2026-06-27T22:15:00Z,24107.6
2026-06-27T22:30:00Z,20587.1
2026-06-27T22:45:00Z,18242.3
2026-06-27T23:00:00Z,22649.9
2026-06-27T23:15:00Z,24173.7
2026-06-27T23:30:00Z,20348.6
2026-06-27T23:45:00Z,19782.9
2026-06-28T00:00:00Z,17722.2
2026-06-28T00:15:00Z,22386.9
2026-06-28T00:30:00Z,21644.8
2026-06-28T00:45:00Z,21940.7
2026-06-28T01:00:00Z,21948.9
2026-06-28T01:15:00Z,22615.0
2026-06-28T01:30:00Z,23545.4
2026-06-28T01:45:00Z,23283.2
2026-06-28T02:00:00Z,19348.4
2026-06-28T02:15:00Z,16634.0
2026-06-28T02:30:00Z,22887.6
2026-06-28T02:45:00Z,18202.7
2026-06-28T03:00:00Z,21158.5
2026-06-28T03:15:00Z,22871.9
2026-06-28T03:30:00Z,15624.3
2026-06-28T03:45:00Z,18530.3
2026-06-28T04:00:00Z,21804.2
2026-06-28T04:15:00Z,18916.6
2026-06-28T04:30:00Z,23097.8
2026-06-28T04:45:00Z,23114.3
2026-06-28T05:00:00Z,22069.5
2026-06-28T05:15:00Z,19364.5
2026-06-28T05:30:00Z,22714.3
2026-06-28T05:45:00Z,20294.4
2026-06-28T06:00:00Z,16478.8
2026-06-28T06:15:00Z,19238.5
2026-06-28T06:30:00Z,22043.5
2026-06-28T06:45:00Z,14048.2
2026-06-28T07:00:00Z,15918.4
2026-06-28T07:15:00Z,20627.2
2026-06-28T07:30:00Z,17113.4
2026-06-28T07:45:00Z,22819.3
2026-06-28T08:00:00Z,17467.5
2026-06-28T08:15:00Z,17710.4
2026-06-28T08:30:00Z,17705.3
2026-06-28T08:45:00Z,21648.6
2026-06-28T09:00:00Z,20738.4
2026-06-28T09:15:00Z,16067.2
2026-06-28T09:30:00Z,12487.1
2026-06-28T09:45:00Z,21003.6
2026-06-28T10:00:00Z,19636.7
2026-06-28T10:15:00Z,18668.1
2026-06-28T10:30:00Z,16133.2
2026-06-28T10:45:00Z,17431.6
2026-06-28T11:00:00Z,18994.3
2026-06-28T11:15:00Z,18209.7
2026-06-28T11:30:00Z,19217.6
2026-06-28T11:45:00Z,21349.8
2026-06-28T12:00:00Z,20279.6
2026-06-28T12:15:00Z,15154.7
2026-06-28T12:30:00Z,19737.7
2026-06-28T12:45:00Z,15712.4
2026-06-28T13:00:00Z,17419.9
2026-06-28T13:15:00Z,21051.1
2026-06-28T13:30:00Z,16071.6
2026-06-28T13:45:00Z,23035.6
2026-06-28T14:00:00Z,19758.1
2026-06-28T14:15:00Z,15237.2
2026-06-28T14:30:00Z,22106.4
2026-06-28T14:45:00Z,21437.7
2026-06-28T15:00:00Z,21118.0
2026-06-28T15:15:00Z,21519.2
2026-06-28T15:30:00Z,21372.6
2026-06-28T15:45:00Z,17050.0
2026-06-28T16:00:00Z,19919.3
2026-06-28T16:15:00Z,22346.7
2026-06-28T16:30:00Z,22266.6
2026-06-28T16:45:00Z,20847.9
2026-06-28T17:00:00Z,23268.5
2026-06-28T17:15:00Z,20426.0
2026-06-28T17:30:00Z,22287.3
2026-06-28T17:45:00Z,17171.1
2026-06-28T18:00:00Z,23735.1
2026-06-28T18:15:00Z,24392.9
2026-06-28T18:30:00Z,24366.3
2026-06-28T18:45:00Z,22722.6
2026-06-28T19:00:00Z,23737.7
2026-06-28T19:15:00Z,20304.8
2026-06-28T19:30:00Z,22787.1
2026-06-28T19:45:00Z,22640.7
2026-06-28T20:00:00Z,23026.7
2026-06-28T20:15:00Z,20248.0
2026-06-28T20:30:00Z,20496.9
2026-06-28T20:45:00Z,22771.0
2026-06-28T21:00:00Z,22035.2
2026-06-28T21:15:00Z,23033.9
2026-06-28T21:30:00Z,16436.0
2026-06-28T21:45:00Z,23034.9
2026-06-28T22:00:00Z,22699.3
2026-06-28T22:15:00Z,23539.0
2026-06-28T22:30:00Z,24184.5
2026-06-28T22:45:00Z,18398.5
2026-06-28T23:00:00Z,24233.8
2026-06-28T23:15:00Z,22063.4
2026-06-28T23:30:00Z,23813.0
2026-06-28T23:45:00Z,19333.2
2026-06-29T00:00:00Z,20829.2
2026-06-29T00:15:00Z,16678.8
2026-06-29T00:30:00Z,23618.7
2026-06-29T00:45:00Z,22606.9
2026-06-29T01:00:00Z,16829.9
2026-06-29T01:15:00Z,19668.2
2026-06-29T01:30:00Z,23025.2
2026-06-29T01:45:00Z,19468.7
2026-06-29T02:00:00Z,22891.6
2026-06-29T02:15:00Z,12428.2
2026-06-29T02:30:00Z,22092.5
2026-06-29T02:45:00Z,23058.3
2026-06-29T03:00:00Z,18860.1
2026-06-29T03:15:00Z,23126.9
2026-06-29T03:30:00Z,22365.7
2026-06-29T03:45:00Z,23872.8
2026-06-29T04:00:00Z,13359.4
2026-06-29T04:15:00Z,23307.7
2026-06-29T04:30:00Z,13124.4
2026-06-29T04:45:00Z,18411.3
2026-06-29T05:00:00Z,18846.0
2026-06-29T05:15:00Z,12628.7
2026-06-29T05:30:00Z,18723.6
2026-06-29T05:45:00Z,9216.5
2026-06-29T06:00:00Z,15381.3
2026-06-29T06:15:00Z,5633.4
2026-06-29T06:30:00Z,14058.0
2026-06-29T06:45:00Z,17636.6
2026-06-29T07:00:00Z,16512.0
2026-06-29T07:15:00Z,11878.0
2026-06-29T07:30:00Z,7571.1
2026-06-29T07:45:00Z,21149.9
2026-06-29T08:00:00Z,16395.0
2026-06-29T08:15:00Z,18215.5
2026-06-29T08:30:00Z,22001.7
2026-06-29T08:45:00Z,14148.7
2026-06-29T09:00:00Z,11468.2
2026-06-29T09:15:00Z,16280.3
2026-06-29T09:30:00Z,13833.6
2026-06-29T09:45:00Z,7818.2
2026-06-29T10:00:00Z,13764.4
2026-06-29T10:15:00Z,5566.5
2026-06-29T10:30:00Z,5594.9
2026-06-29T10:45:00Z,13107.2
2026-06-29T11:00:00Z,20192.2
2026-06-29T11:15:00Z,14860.5
2026-06-29T11:30:00Z,12278.4
2026-06-29T11:45:00Z,16873.5
2026-06-29T12:00:00Z,9717.6
2026-06-29T12:15:00Z,12641.0
2026-06-29T12:30:00Z,12573.9
2026-06-29T12:45:00Z,13606.5
2026-06-29T13:00:00Z,17480.7
2026-06-29T13:15:00Z,7151.3
2026-06-29T13:30:00Z,10309.4
2026-06-29T13:45:00Z,12075.1
2026-06-29T14:00:00Z,11507.4
2026-06-29T14:15:00Z,12991.0
2026-06-29T14:30:00Z,12224.5
2026-06-29T14:45:00Z,17433.9
2026-06-29T15:00:00Z,5122.6
2026-06-29T15:15:00Z,9199.8
2026-06-29T15:30:00Z,17821.5
2026-06-29T15:45:00Z,14531.6
2026-06-29T16:00:00Z,9879.2
2026-06-29T16:15:00Z,17622.0
2026-06-29T16:30:00Z,20955.9
2026-06-29T16:45:00Z,15538.0
2026-06-29T17:00:00Z,17483.2
2026-06-29T17:15:00Z,15829.4
2026-06-29T17:30:00Z,10156.3
2026-06-29T17:45:00Z,18220.9
2026-06-29T18:00:00Z,11946.9
2026-06-29T18:15:00Z,13021.1
2026-06-29T18:30:00Z,18372.5
2026-06-29T18:45:00Z,14147.8
2026-06-29T19:00:00Z,19242.0
2026-06-29T19:15:00Z,17324.6
2026-06-29T19:30:00Z,16531.1
2026-06-29T19:45:00Z,15605.3
2026-06-29T20:00:00Z,20776.3
2026-06-29T20:15:00Z,23979.0
2026-06-29T20:30:00Z,23491.5
2026-06-29T20:45:00Z,20749.6
2026-06-29T21:00:00Z,16832.6
2026-06-29T21:15:00Z,23207.2
2026-06-29T21:30:00Z,23478.4
2026-06-29T21:45:00Z,17109.3
2026-06-29T22:00:00Z,19776.1
2026-06-29T22:15:00Z,24505.1
2026-06-29T22:30:00Z,24263.2
2026-06-29T22:45:00Z,21806.3
2026-06-29T23:00:00Z,22066.0
2026-06-29T23:15:00Z,22849.2
2026-06-29T23:30:00Z,23650.0
2026-06-29T23:45:00Z,24329.6
2026-06-30T00:00:00Z,22490.7
2026-06-30T00:15:00Z,20425.7
2026-06-30T00:30:00Z,23505.8
2026-06-30T00:45:00Z,22674.1
2026-06-30T01:00:00Z,23480.9
2026-06-30T01:15:00Z,23931.1
2026-06-30T01:30:00Z,22970.5
2026-06-30T01:45:00Z,23012.7
2026-06-30T02:00:00Z,24064.7
2026-06-30T02:15:00Z,21980.6
2026-06-30T02:30:00Z,18637.9
2026-06-30T02:45:00Z,23021.4
2026-06-30T03:00:00Z,23781.1
2026-06-30T03:15:00Z,23779.4
2026-06-30T03:30:00Z,20568.9
2026-06-30T03:45:00Z,20763.7
2026-06-30T04:00:00Z,21713.3
2026-06-30T04:15:00Z,14829.6
2026-06-30T04:30:00Z,14377.2
2026-06-30T04:45:00Z,17252.0
2026-06-30T05:00:00Z,10879.9
2026-06-30T05:15:00Z,17927.4
2026-06-30T05:30:00Z,21361.2
2026-06-30T05:45:00Z,21789.4
2026-06-30T06:00:00Z,4734.5
2026-06-30T06:15:00Z,16877.7
2026-06-30T06:30:00Z,13271.9
2026-06-30T06:45:00Z,14741.6
2026-06-30T07:00:00Z,11394.8
2026-06-30T07:15:00Z,12895.8
2026-06-30T07:30:00Z,8065.2
2026-06-30T07:45:00Z,11164.5
2026-06-30T08:00:00Z,10524.3
2026-06-30T08:15:00Z,15497.1
2026-06-30T08:30:00Z,20732.7
2026-06-30T08:45:00Z,14955.9
2026-06-30T09:00:00Z,11178.6
2026-06-30T09:15:00Z,15412.3
2026-06-30T09:30:00Z,14850.5
2026-06-30T09:45:00Z,9778.5
2026-06-30T10:00:00Z,14406.4
2026-06-30T10:15:00Z,12091.5
2026-06-30T10:30:00Z,4479.2
2026-06-30T10:45:00Z,20299.6
2026-06-30T11:00:00Z,15564.2
2026-06-30T11:15:00Z,16433.4
2026-06-30T11:30:00Z,9613.2
2026-06-30T11:45:00Z,17800.7
2026-06-30T12:00:00Z,5780.0
2026-06-30T12:15:00Z,10812.7
2026-06-30T12:30:00Z,19004.3
2026-06-30T12:45:00Z,15600.1
2026-06-30T13:00:00Z,5167.5
2026-06-30T13:15:00Z,9411.5
2026-06-30T13:30:00Z,13165.2
2026-06-30T13:45:00Z,15227.9
2026-06-30T14:00:00Z,14153.6
2026-06-30T14:15:00Z,18323.1
2026-06-30T14:30:00Z,16028.6
2026-06-30T14:45:00Z,6875.9
2026-06-30T15:00:00Z,7769.7
2026-06-30T15:15:00Z,17337.7
2026-06-30T15:30:00Z,16892.3
2026-06-30T15:45:00Z,12361.1
2026-06-30T16:00:00Z,17666.1
2026-06-30T16:15:00Z,10783.6
2026-06-30T16:30:00Z,11320.5
2026-06-30T16:45:00Z,16397.0
2026-06-30T17:00:00Z,11033.4
2026-06-30T17:15:00Z,14360.2
2026-06-30T17:30:00Z,15119.7
2026-06-30T17:45:00Z,16961.7
2026-06-30T18:00:00Z,21677.1
2026-06-30T18:15:00Z,12568.5
2026-06-30T18:30:00Z,14427.3
2026-06-30T18:45:00Z,16737.0
2026-06-30T19:00:00Z,8955.7
2026-06-30T19:15:00Z,18963.1
2026-06-30T19:30:00Z,13136.4
2026-06-30T19:45:00Z,19016.8
2026-06-30T20:00:00Z,23762.2
2026-06-30T20:15:00Z,24283.8
2026-06-30T20:30:00Z,24196.6
2026-06-30T20:45:00Z,21897.1
2026-06-30T21:00:00Z,22385.1
2026-06-30T21:15:00Z,24077.7
2026-06-30T21:30:00Z,23531.3
2026-06-30T21:45:00Z,16564.6
2026-06-30T22:00:00Z,16759.7
2026-06-30T22:15:00Z,15481.2
2026-06-30T22:30:00Z,15435.0
2026-06-30T22:45:00Z,17830.7
2026-06-30T23:00:00Z,17742.1
2026-06-30T23:15:00Z,22456.3
2026-06-30T23:30:00Z,23762.0
2026-06-30T23:45:00Z,17783.7
2026-07-01T00:00:00Z,24338.6
2026-07-01T00:15:00Z,23157.6
2026-07-01T00:30:00Z,19694.3
2026-07-01T00:45:00Z,22781.0
2026-07-01T01:00:00Z,19617.7
2026-07-01T01:15:00Z,20000.6
2026-07-01T01:30:00Z,22604.9
2026-07-01T01:45:00Z,23041.3
2026-07-01T02:00:00Z,23993.9
2026-07-01T02:15:00Z,23387.7
2026-07-01T02:30:00Z,22766.9
2026-07-01T02:45:00Z,22810.7
2026-07-01T03:00:00Z,23419.8
2026-07-01T03:15:00Z,22844.7
2026-07-01T03:30:00Z,21903.8
2026-07-01T03:45:00Z,23270.4
2026-07-01T04:00:00Z,17489.7
2026-07-01T04:15:00Z,15976.6
2026-07-01T04:30:00Z,14338.5
2026-07-01T04:45:00Z,13272.2
2026-07-01T05:00:00Z,10702.1
2026-07-01T05:15:00Z,16285.8
2026-07-01T05:30:00Z,7833.9
2026-07-01T05:45:00Z,10549.2
2026-07-01T06:00:00Z,11722.2
2026-07-01T06:15:00Z,10732.6
2026-07-01T06:30:00Z,10553.7
2026-07-01T06:45:00Z,13748.8
2026-07-01T07:00:00Z,11257.6
2026-07-01T07:15:00Z,7299.1
2026-07-01T07:30:00Z,15081.4
2026-07-01T07:45:00Z,7809.3
2026-07-01T08:00:00Z,13145.8
2026-07-01T08:15:00Z,15629.3
2026-07-01T08:30:00Z,6236.3
2026-07-01T08:45:00Z,20964.7
2026-07-01T09:00:00Z,15853.7
2026-07-01T09:15:00Z,13709.4
2026-07-01T09:30:00Z,15405.1
2026-07-01T09:45:00Z,8239.0
2026-07-01T10:00:00Z,17610.6
2026-07-01T10:15:00Z,13420.3
2026-07-01T10:30:00Z,11902.7
2026-07-01T10:45:00Z,14582.4
2026-07-01T11:00:00Z,9675.5
2026-07-01T11:15:00Z,13018.5
2026-07-01T11:30:00Z,12836.3
2026-07-01T11:45:00Z,16370.2
2026-07-01T12:00:00Z,8483.7
2026-07-01T12:15:00Z,17285.8
2026-07-01T12:30:00Z,20013.2
2026-07-01T12:45:00Z,16878.8
2026-07-01T13:00:00Z,10331.5
2026-07-01T13:15:00Z,16910.1
2026-07-01T13:30:00Z,18461.9
2026-07-01T13:45:00Z,7199.3
2026-07-01T14:00:00Z,6980.2
2026-07-01T14:15:00Z,17408.5
2026-07-01T14:30:00Z,11374.7
2026-07-01T14:45:00Z,15936.5
2026-07-01T15:00:00Z,8633.3
2026-07-01T15:15:00Z,16662.1
2026-07-01T15:30:00Z,17679.0
2026-07-01T15:45:00Z,15832.5
2026-07-01T16:00:00Z,13815.9
2026-07-01T16:15:00Z,9128.7
2026-07-01T16:30:00Z,18119.9
2026-07-01T16:45:00Z,9795.7
2026-07-01T17:00:00Z,21053.4
2026-07-01T17:15:00Z,17446.1
2026-07-01T17:30:00Z,23269.4
2026-07-01T17:45:00Z,11434.4
2026-07-01T18:00:00Z,17201.3
2026-07-01T18:15:00Z,14148.1
2026-07-01T18:30:00Z,14326.4
2026-07-01T18:45:00Z,11499.8
2026-07-01T19:00:00Z,16643.2
2026-07-01T19:15:00Z,17506.2
2026-07-01T19:30:00Z,14157.1
2026-07-01T19:45:00Z,18840.7
2026-07-01T20:00:00Z,23540.3
2026-07-01T20:15:00Z,22917.6
2026-07-01T20:30:00Z,19402.6
2026-07-01T20:45:00Z,22370.7
2026-07-01T21:00:00Z,22174.1
2026-07-01T21:15:00Z,22899.5
2026-07-01T21:30:00Z,22365.6
2026-07-01T21:45:00Z,20541.5
2026-07-01T22:00:00Z,24277.9
2026-07-01T22:15:00Z,17282.7
2026-07-01T22:30:00Z,23921.5
2026-07-01T22:45:00Z,23402.3
2026-07-01T23:00:00Z,20534.6
2026-07-01T23:15:00Z,23655.8
2026-07-01T23:30:00Z,21524.6
2026-07-01T23:45:00Z,22653.9
2026-07-02T00:00:00Z,20502.4
2026-07-02T00:15:00Z,22459.0
2026-07-02T00:30:00Z,24097.4
2026-07-02T00:45:00Z,24136.6
2026-07-02T01:00:00Z,23944.9
2026-07-02T01:15:00Z,16198.8
2026-07-02T01:30:00Z,22442.2
2026-07-02T01:45:00Z,19202.3
2026-07-02T02:00:00Z,21078.0
2026-07-02T02:15:00Z,23511.1
2026-07-02T02:30:00Z,22914.0
2026-07-02T02:45:00Z,23663.6
2026-07-02T03:00:00Z,23635.4
2026-07-02T03:15:00Z,23476.8
2026-07-02T03:30:00Z,24126.0
2026-07-02T03:45:00Z,21877.0
2026-07-02T04:00:00Z,14439.0
2026-07-02T04:15:00Z,9688.3
2026-07-02T04:30:00Z,21946.3
2026-07-02T04:45:00Z,13502.5
2026-07-02T05:00:00Z,9338.4
2026-07-02T05:15:00Z,17294.4
2026-07-02T05:30:00Z,15315.3
2026-07-02T05:45:00Z,17193.9
2026-07-02T06:00:00Z,14160.9
2026-07-02T06:15:00Z,11196.6
2026-07-02T06:30:00Z,10924.3
2026-07-02T06:45:00Z,19183.8
2026-07-02T07:00:00Z,8228.7
2026-07-02T07:15:00Z,19485.8
2026-07-02T07:30:00Z,13467.4
2026-07-02T07:45:00Z,6764.4
2026-07-02T08:00:00Z,13711.4
2026-07-02T08:15:00Z,16373.8
2026-07-02T08:30:00Z,15489.3
2026-07-02T08:45:00Z,7763.5
2026-07-02T09:00:00Z,17221.6
2026-07-02T09:15:00Z,13619.3
2026-07-02T09:30:00Z,8464.0
2026-07-02T09:45:00Z,9055.9
2026-07-02T10:00:00Z,3990.9
2026-07-02T10:15:00Z,7351.3
2026-07-02T10:30:00Z,16880.6
2026-07-02T10:45:00Z,16616.0
2026-07-02T11:00:00Z,14283.7
2026-07-02T11:15:00Z,11451.3
2026-07-02T11:30:00Z,7860.5
2026-07-02T11:45:00Z,10643.3
2026-07-02T12:00:00Z,7661.9
2026-07-02T12:15:00Z,12360.5
2026-07-02T12:30:00Z,16100.2
2026-07-02T12:45:00Z,6347.9
2026-07-02T13:00:00Z,15931.8
2026-07-02T13:15:00Z,12571.2
2026-07-02T13:30:00Z,11152.3
2026-07-02T13:45:00Z,20115.0
2026-07-02T14:00:00Z,11294.3
2026-07-02T14:15:00Z,13928.5
2026-07-02T14:30:00Z,8746.7
2026-07-02T14:45:00Z,10558.0
2026-07-02T15:00:00Z,16937.7
2026-07-02T15:15:00Z,12079.7
2026-07-02T15:30:00Z,12460.4
2026-07-02T15:45:00Z,17508.2
2026-07-02T16:00:00Z,6532.9
2026-07-02T16:15:00Z,13035.3
2026-07-02T16:30:00Z,9310.1
2026-07-02T16:45:00Z,11732.8
2026-07-02T17:00:00Z,12454.1
2026-07-02T17:15:00Z,12918.1
2026-07-02T17:30:00Z,16399.6
2026-07-02T17:45:00Z,19187.9
2026-07-02T18:00:00Z,22506.9
2026-07-02T18:15:00Z,15164.9
2026-07-02T18:30:00Z,12500.1
2026-07-02T18:45:00Z,18211.4
2026-07-02T19:00:00Z,14289.8
2026-07-02T19:15:00Z,11852.3
2026-07-02T19:30:00Z,15426.3
2026-07-02T19:45:00Z,20238.9
2026-07-02T20:00:00Z,20814.5
2026-07-02T20:15:00Z,23043.9
2026-07-02T20:30:00Z,22518.8
2026-07-02T20:45:00Z,17909.3
2026-07-02T21:00:00Z,23422.7
2026-07-02T21:15:00Z,19629.7
2026-07-02T21:30:00Z,23482.5
2026-07-02T21:45:00Z,23736.2
2026-07-02T22:00:00Z,24054.8
2026-07-02T22:15:00Z,22459.9
2026-07-02T22:30:00Z,24283.1
2026-07-02T22:45:00Z,20011.0
2026-07-02T23:00:00Z,23435.8
2026-07-02T23:15:00Z,20076.1
2026-07-02T23:30:00Z,24157.5
2026-07-02T23:45:00Z,23569.3
2026-07-03T00:00:00Z,23113.3
2026-07-03T00:15:00Z,24279.0
2026-07-03T00:30:00Z,18293.5
2026-07-03T00:45:00Z,19461.3
2026-07-03T01:00:00Z,16858.9
2026-07-03T01:15:00Z,22911.3
2026-07-03T01:30:00Z,23070.2
2026-07-03T01:45:00Z,18935.2
2026-07-03T02:00:00Z,22601.0
2026-07-03T02:15:00Z,23222.7
2026-07-03T02:30:00Z,23204.1
2026-07-03T02:45:00Z,18427.1
2026-07-03T03:00:00Z,17157.7
2026-07-03T03:15:00Z,23775.3
2026-07-03T03:30:00Z,23729.1
2026-07-03T03:45:00Z,20539.9
2026-07-03T04:00:00Z,15013.5
2026-07-03T04:15:00Z,8944.2
2026-07-03T04:30:00Z,10457.1
2026-07-03T04:45:00Z,9439.6
2026-07-03T05:00:00Z,13684.4
2026-07-03T05:15:00Z,9794.9
2026-07-03T05:30:00Z,13741.8
2026-07-03T05:45:00Z,13196.0
2026-07-03T06:00:00Z,8448.9
2026-07-03T06:15:00Z,18786.5
2026-07-03T06:30:00Z,16858.0
2026-07-03T06:45:00Z,9753.2
2026-07-03T07:00:00Z,14523.0
2026-07-03T07:15:00Z,12879.1
2026-07-03T07:30:00Z,14040.7
2026-07-03T07:45:00Z,15065.3
2026-07-03T08:00:00Z,19845.2
2026-07-03T08:15:00Z,11921.1
2026-07-03T08:30:00Z,8033.1
2026-07-03T08:45:00Z,9735.8
2026-07-03T09:00:00Z,14306.2
2026-07-03T09:15:00Z,7716.8
2026-07-03T09:30:00Z,9992.9
2026-07-03T09:45:00Z,14991.4
2026-07-03T10:00:00Z,12691.9
2026-07-03T10:15:00Z,8685.3
2026-07-03T10:30:00Z,7061.6
2026-07-03T10:45:00Z,5634.9
2026-07-03T11:00:00Z,10742.9
2026-07-03T11:15:00Z,11230.7
2026-07-03T11:30:00Z,13201.3
2026-07-03T11:45:00Z,14546.4
2026-07-03T12:00:00Z,13514.4
2026-07-03T12:15:00Z,19629.4
2026-07-03T12:30:00Z,17160.6
2026-07-03T12:45:00Z,4585.1
2026-07-03T13:00:00Z,6073.5
2026-07-03T13:15:00Z,9590.0
2026-07-03T13:30:00Z,14164.8
2026-07-03T13:45:00Z,14455.0
2026-07-03T14:00:00Z,16850.2
2026-07-03T14:15:00Z,12709.4
2026-07-03T14:30:00Z,11687.1
2026-07-03T14:45:00Z,17910.1
2026-07-03T15:00:00Z,13568.1
2026-07-03T15:15:00Z,8130.2
2026-07-03T15:30:00Z,14075.4
2026-07-03T15:45:00Z,22306.0
2026-07-03T16:00:00Z,14044.1
2026-07-03T16:15:00Z,13643.7
2026-07-03T16:30:00Z,17819.9
2026-07-03T16:45:00Z,17472.7
2026-07-03T17:00:00Z,14064.9
2026-07-03T17:15:00Z,13898.8
2026-07-03T17:30:00Z,18944.5
2026-07-03T17:45:00Z,14940.2
2026-07-03T18:00:00Z,17151.0
2026-07-03T18:15:00Z,15271.2
2026-07-03T18:30:00Z,13024.2
2026-07-03T18:45:00Z,13861.2
2026-07-03T19:00:00Z,15288.8
2026-07-03T19:15:00Z,15439.3
2026-07-03T19:30:00Z,17431.0
2026-07-03T19:45:00Z,18032.0
2026-07-03T20:00:00Z,23112.8
2026-07-03T20:15:00Z,23811.0
2026-07-03T20:30:00Z,23806.3
2026-07-03T20:45:00Z,24589.4
2026-07-03T21:00:00Z,23958.6
2026-07-03T21:15:00Z,19329.6
2026-07-03T21:30:00Z,22606.2
2026-07-03T21:45:00Z,22304.1
2026-07-03T22:00:00Z,20357.5
2026-07-03T22:15:00Z,23265.5
2026-07-03T22:30:00Z,19496.2
2026-07-03T22:45:00Z,18512.8
2026-07-03T23:00:00Z,22283.6
2026-07-03T23:15:00Z,21768.1
2026-07-03T23:30:00Z,23483.4
2026-07-03T23:45:00Z,20968.7
2026-07-04T00:00:00Z,21078.1
2026-07-04T00:15:00Z,19029.8
2026-07-04T00:30:00Z,21686.9
2026-07-04T00:45:00Z,23175.3
2026-07-04T01:00:00Z,23771.6
2026-07-04T01:15:00Z,22914.1
2026-07-04T01:30:00Z,16153.7
2026-07-04T01:45:00Z,21259.3
2026-07-04T02:00:00Z,21285.4
2026-07-04T02:15:00Z,23481.2
2026-07-04T02:30:00Z,22251.3
2026-07-04T02:45:00Z,18789.3
2026-07-04T03:00:00Z,21200.3
2026-07-04T03:15:00Z,21814.8
2026-07-04T03:30:00Z,23028.3
2026-07-04T03:45:00Z,18100.2
2026-07-04T04:00:00Z,23534.6
2026-07-04T04:15:00Z,22154.7
2026-07-04T04:30:00Z,19466.2
2026-07-04T04:45:00Z,20304.2
2026-07-04T05:00:00Z,19652.9
2026-07-04T05:15:00Z,20208.3
2026-07-04T05:30:00Z,18650.0
2026-07-04T05:45:00Z,22724.7
2026-07-04T06:00:00Z,17557.6
2026-07-04T06:15:00Z,20302.5
2026-07-04T06:30:00Z,17106.2
2026-07-04T06:45:00Z,21033.7
2026-07-04T07:00:00Z,21071.6
2026-07-04T07:15:00Z,21389.3
2026-07-04T07:30:00Z,21659.8
2026-07-04T07:45:00Z,16021.2
2026-07-04T08:00:00Z,21059.7
2026-07-04T08:15:00Z,21477.0
2026-07-04T08:30:00Z,15911.6
2026-07-04T08:45:00Z,19052.6
2026-07-04T09:00:00Z,16048.3
2026-07-04T09:15:00Z,21724.6
2026-07-04T09:30:00Z,18943.6
2026-07-04T09:45:00Z,20939.1
2026-07-04T10:00:00Z,22768.0
2026-07-04T10:15:00Z,17622.1
2026-07-04T10:30:00Z,17945.6
2026-07-04T10:45:00Z,23044.4
2026-07-04T11:00:00Z,19517.3
2026-07-04T11:15:00Z,20751.5
2026-07-04T11:30:00Z,19077.6
2026-07-04T11:45:00Z,18940.7
2026-07-04T12:00:00Z,12026.9
2026-07-04T12:15:00Z,18127.0
2026-07-04T12:30:00Z,20859.2
2026-07-04T12:45:00Z,19764.0
2026-07-04T13:00:00Z,20217.5
2026-07-04T13:15:00Z,21355.8
2026-07-04T13:30:00Z,19347.5
2026-07-04T13:45:00Z,18603.5
2026-07-04T14:00:00Z,20325.5
2026-07-04T14:15:00Z,16652.5
2026-07-04T14:30:00Z,19713.1
2026-07-04T14:45:00Z,20838.4
2026-07-04T15:00:00Z,18715.9
2026-07-04T15:15:00Z,17519.6
2026-07-04T15:30:00Z,21745.1
2026-07-04T15:45:00Z,21971.2
2026-07-04T16:00:00Z,23317.6
2026-07-04T16:15:00Z,23250.9
2026-07-04T16:30:00Z,23265.1
2026-07-04T16:45:00Z,19420.4
2026-07-04T17:00:00Z,22978.0
2026-07-04T17:15:00Z,23271.7
2026-07-04T17:30:00Z,22495.1
2026-07-04T17:45:00Z,20202.6
2026-07-04T18:00:00Z,23201.5
2026-07-04T18:15:00Z,23801.8
2026-07-04T18:30:00Z,20779.5
2026-07-04T18:45:00Z,23284.2
2026-07-04T19:00:00Z,23426.9
2026-07-04T19:15:00Z,16460.7
2026-07-04T19:30:00Z,18478.4
2026-07-04T19:45:00Z,24374.1
2026-07-04T20:00:00Z,22717.1
2026-07-04T20:15:00Z,23920.6
2026-07-04T20:30:00Z,24180.5
2026-07-04T20:45:00Z,23590.5
2026-07-04T21:00:00Z,14270.4
2026-07-04T21:15:00Z,22870.6
2026-07-04T21:30:00Z,13974.2
2026-07-04T21:45:00Z,16647.8
2026-07-04T22:00:00Z,21729.5
2026-07-04T22:15:00Z,22925.1
2026-07-04T22:30:00Z,22565.8
2026-07-04T22:45:00Z,22371.4
2026-07-04T23:00:00Z,23298.2
2026-07-04T23:15:00Z,20732.5
2026-07-04T23:30:00Z,21390.0
2026-07-04T23:45:00Z,24363.1
2026-07-05T00:00:00Z,23667.4
2026-07-05T00:15:00Z,24376.1
2026-07-05T00:30:00Z,19352.1
2026-07-05T00:45:00Z,22250.7
2026-07-05T01:00:00Z,19180.2
2026-07-05T01:15:00Z,20388.9
2026-07-05T01:30:00Z,23245.7
2026-07-05T01:45:00Z,19005.6
2026-07-05T02:00:00Z,23607.6
2026-07-05T02:15:00Z,17955.0
2026-07-05T02:30:00Z,23659.3
2026-07-05T02:45:00Z,21026.3
2026-07-05T03:00:00Z,23298.4
2026-07-05T03:15:00Z,18431.2
2026-07-05T03:30:00Z,20886.9
2026-07-05T03:45:00Z,24180.6
2026-07-05T04:00:00Z,18115.9
2026-07-05T04:15:00Z,23794.1
2026-07-05T04:30:00Z,22837.6
2026-07-05T04:45:00Z,22390.3
2026-07-05T05:00:00Z,23196.4
2026-07-05T05:15:00Z,23539.6
2026-07-05T05:30:00Z,22839.3
2026-07-05T05:45:00Z,22736.6
2026-07-05T06:00:00Z,16497.3
2026-07-05T06:15:00Z,21560.7
2026-07-05T06:30:00Z,20026.7
2026-07-05T06:45:00Z,20366.6
2026-07-05T07:00:00Z,19253.0
2026-07-05T07:15:00Z,19473.4
2026-07-05T07:30:00Z,20826.8
2026-07-05T07:45:00Z,17987.9
2026-07-05T08:00:00Z,18735.0
2026-07-05T08:15:00Z,13421.7
2026-07-05T08:30:00Z,17925.6
2026-07-05T08:45:00Z,20419.7
2026-07-05T09:00:00Z,21955.7
2026-07-05T09:15:00Z,15327.5
2026-07-05T09:30:00Z,19213.2
2026-07-05T09:45:00Z,19355.6
2026-07-05T10:00:00Z,17900.6
2026-07-05T10:15:00Z,21291.4
2026-07-05T10:30:00Z,15478.5
2026-07-05T10:45:00Z,20283.8
2026-07-05T11:00:00Z,18296.2
2026-07-05T11:15:00Z,17310.2
2026-07-05T11:30:00Z,20790.2
2026-07-05T11:45:00Z,20469.2
2026-07-05T12:00:00Z,16364.5
2026-07-05T12:15:00Z,13942.3
2026-07-05T12:30:00Z,8193.5
2026-07-05T12:45:00Z,19836.6
2026-07-05T13:00:00Z,20049.6
2026-07-05T13:15:00Z,21504.3
2026-07-05T13:30:00Z,13832.9
2026-07-05T13:45:00Z,15918.8
2026-07-05T14:00:00Z,19424.4
2026-07-05T14:15:00Z,21986.9
2026-07-05T14:30:00Z,17765.7
2026-07-05T14:45:00Z,22202.6
2026-07-05T15:00:00Z,21598.6
2026-07-05T15:15:00Z,19235.0
2026-07-05T15:30:00Z,19070.4
2026-07-05T15:45:00Z,22458.1
2026-07-05T16:00:00Z,20195.4
2026-07-05T16:15:00Z,14184.0
2026-07-05T16:30:00Z,22008.8
2026-07-05T16:45:00Z,19893.5
2026-07-05T17:00:00Z,23248.3
2026-07-05T17:15:00Z,21928.0
2026-07-05T17:30:00Z,24024.5
2026-07-05T17:45:00Z,23639.1
2026-07-05T18:00:00Z,24188.2
2026-07-05T18:15:00Z,20727.3
2026-07-05T18:30:00Z,23644.8
2026-07-05T18:45:00Z,24150.4
2026-07-05T19:00:00Z,23951.3
2026-07-05T19:15:00Z,24338.3
2026-07-05T19:30:00Z,24115.8
2026-07-05T19:45:00Z,23197.1
2026-07-05T20:00:00Z,20861.6
2026-07-05T20:15:00Z,22983.8
2026-07-05T20:30:00Z,22076.5
2026-07-05T20:45:00Z,24013.7
2026-07-05T21:00:00Z,23788.7
2026-07-05T21:15:00Z,24289.0
2026-07-05T21:30:00Z,17776.8
2026-07-05T21:45:00Z,23704.4
2026-07-05T22:00:00Z,19294.3
2026-07-05T22:15:00Z,22470.4
2026-07-05T22:30:00Z,19395.9
2026-07-05T22:45:00Z,18041.0
2026-07-05T23:00:00Z,24500.7
2026-07-05T23:15:00Z,24119.3
2026-07-05T23:30:00Z,24079.6
2026-07-05T23:45:00Z,22163.4
2026-07-06T00:00:00Z,15011.9
2026-07-06T00:15:00Z,24214.0
2026-07-06T00:30:00Z,22636.8
2026-07-06T00:45:00Z,21170.5
2026-07-06T01:00:00Z,23107.6
2026-07-06T01:15:00Z,22716.5
2026-07-06T01:30:00Z,18037.6
2026-07-06T01:45:00Z,23339.1
2026-07-06T02:00:00Z,23567.5
2026-07-06T02:15:00Z,23365.2
2026-07-06T02:30:00Z,23692.8
2026-07-06T02:45:00Z,21448.2
2026-07-06T03:00:00Z,20525.5
2026-07-06T03:15:00Z,23398.0
2026-07-06T03:30:00Z,23496.9
2026-07-06T03:45:00Z,20421.9
2026-07-06T04:00:00Z,18177.8
2026-07-06T04:15:00Z,11101.4
2026-07-06T04:30:00Z,12889.2
2026-07-06T04:45:00Z,20845.4
2026-07-06T05:00:00Z,15556.3
2026-07-06T05:15:00Z,14718.4
2026-07-06T05:30:00Z,20095.7
2026-07-06T05:45:00Z,7784.3
2026-07-06T06:00:00Z,12297.4
2026-07-06T06:15:00Z,17075.2
2026-07-06T06:30:00Z,15915.4
2026-07-06T06:45:00Z,7995.4
2026-07-06T07:00:00Z,19267.2
2026-07-06T07:15:00Z,16171.5
2026-07-06T07:30:00Z,17961.7
2026-07-06T07:45:00Z,13221.9
2026-07-06T08:00:00Z,14148.6
2026-07-06T08:15:00Z,15989.0
2026-07-06T08:30:00Z,14771.4
2026-07-06T08:45:00Z,17211.4
2026-07-06T09:00:00Z,11220.5
2026-07-06T09:15:00Z,16075.7
2026-07-06T09:30:00Z,18628.4
2026-07-06T09:45:00Z,11387.6
2026-07-06T10:00:00Z,17619.6
2026-07-06T10:15:00Z,4676.6
2026-07-06T10:30:00Z,8526.2
2026-07-06T10:45:00Z,11717.7
2026-07-06T11:00:00Z,3882.3
2026-07-06T11:15:00Z,9046.3
2026-07-06T11:30:00Z,15388.4
2026-07-06T11:45:00Z,11247.0
2026-07-06T12:00:00Z,10710.4
2026-07-06T12:15:00Z,13468.6
2026-07-06T12:30:00Z,13815.3
2026-07-06T12:45:00Z,8958.1
2026-07-06T13:00:00Z,8353.9
2026-07-06T13:15:00Z,12277.0
2026-07-06T13:30:00Z,11319.6
2026-07-06T13:45:00Z,11463.3
2026-07-06T14:00:00Z,8765.0
2026-07-06T14:15:00Z,12581.5
2026-07-06T14:30:00Z,13294.1
2026-07-06T14:45:00Z,17261.6
2026-07-06T15:00:00Z,18525.8
2026-07-06T15:15:00Z,14782.3
2026-07-06T15:30:00Z,15827.7
2026-07-06T15:45:00Z,10745.0
2026-07-06T16:00:00Z,7950.8
2026-07-06T16:15:00Z,13518.2
2026-07-06T16:30:00Z,15029.0
2026-07-06T16:45:00Z,20474.2
2026-07-06T17:00:00Z,12742.9
2026-07-06T17:15:00Z,15283.7
2026-07-06T17:30:00Z,19955.6
2026-07-06T17:45:00Z,19654.2
2026-07-06T18:00:00Z,10299.8
2026-07-06T18:15:00Z,15112.1
2026-07-06T18:30:00Z,16475.2
2026-07-06T18:45:00Z,12974.5
2026-07-06T19:00:00Z,10703.3
2026-07-06T19:15:00Z,15212.2
2026-07-06T19:30:00Z,15070.6
2026-07-06T19:45:00Z,15413.4
2026-07-06T20:00:00Z,23381.2
2026-07-06T20:15:00Z,23391.9
2026-07-06T20:30:00Z,22879.2
2026-07-06T20:45:00Z,22007.6
2026-07-06T21:00:00Z,22847.8
2026-07-06T21:15:00Z,24127.3
2026-07-06T21:30:00Z,22557.4
2026-07-06T21:45:00Z,24226.3
2026-07-06T22:00:00Z,23762.5
2026-07-06T22:15:00Z,21578.1
2026-07-06T22:30:00Z,24111.9
2026-07-06T22:45:00Z,17910.9
2026-07-06T23:00:00Z,22766.1
2026-07-06T23:15:00Z,19185.8
2026-07-06T23:30:00Z,23413.5
2026-07-06T23:45:00Z,24200.7
2026-07-07T00:00:00Z,23393.9
2026-07-07T00:15:00Z,23962.3
2026-07-07T00:30:00Z,21170.6
2026-07-07T00:45:00Z,16704.5
2026-07-07T01:00:00Z,24121.7
2026-07-07T01:15:00Z,24724.6
2026-07-07T01:30:00Z,20933.0
2026-07-07T01:45:00Z,23890.6
2026-07-07T02:00:00Z,23535.9
2026-07-07T02:15:00Z,23163.5
2026-07-07T02:30:00Z,23383.0
2026-07-07T02:45:00Z,16612.2
2026-07-07T03:00:00Z,23575.6
2026-07-07T03:15:00Z,19783.4
2026-07-07T03:30:00Z,24427.6
2026-07-07T03:45:00Z,19010.7
2026-07-07T04:00:00Z,12874.1
2026-07-07T04:15:00Z,15794.4
2026-07-07T04:30:00Z,17044.9
2026-07-07T04:45:00Z,14256.4
2026-07-07T05:00:00Z,18436.0
2026-07-07T05:15:00Z,10569.1
2026-07-07T05:30:00Z,12935.9
2026-07-07T05:45:00Z,8584.6
2026-07-07T06:00:00Z,22277.1
2026-07-07T06:15:00Z,15617.2
2026-07-07T06:30:00Z,19528.8
2026-07-07T06:45:00Z,16893.2
2026-07-07T07:00:00Z,13337.8
2026-07-07T07:15:00Z,10054.6
2026-07-07T07:30:00Z,18378.4
2026-07-07T07:45:00Z,17306.7
2026-07-07T08:00:00Z,16676.5
2026-07-07T08:15:00Z,13978.1
2026-07-07T08:30:00Z,9602.7
2026-07-07T08:45:00Z,6347.0
2026-07-07T09:00:00Z,21832.7
2026-07-07T09:15:00Z,15279.5
2026-07-07T09:30:00Z,20972.0
2026-07-07T09:45:00Z,12374.7
2026-07-07T10:00:00Z,15545.8
2026-07-07T10:15:00Z,17498.5
2026-07-07T10:30:00Z,12722.4
2026-07-07T10:45:00Z,16337.6
2026-07-07T11:00:00Z,13778.6
2026-07-07T11:15:00Z,11727.6
2026-07-07T11:30:00Z,13842.4
2026-07-07T11:45:00Z,13732.8
2026-07-07T12:00:00Z,16574.9
2026-07-07T12:15:00Z,11663.0
2026-07-07T12:30:00Z,11663.1
2026-07-07T12:45:00Z,17218.4
2026-07-07T13:00:00Z,6633.6
2026-07-07T13:15:00Z,8887.8
2026-07-07T13:30:00Z,11347.7
2026-07-07T13:45:00Z,16715.4
2026-07-07T14:00:00Z,21531.9
2026-07-07T14:15:00Z,9891.1
2026-07-07T14:30:00Z,17387.7
2026-07-07T14:45:00Z,16136.8
2026-07-07T15:00:00Z,14460.8
2026-07-07T15:15:00Z,15710.9
2026-07-07T15:30:00Z,14576.9
2026-07-07T15:45:00Z,14332.3
2026-07-07T16:00:00Z,17581.7
2026-07-07T16:15:00Z,12165.9
2026-07-07T16:30:00Z,17829.3
2026-07-07T16:45:00Z,13474.0
2026-07-07T17:00:00Z,15768.1
2026-07-07T17:15:00Z,18202.4
2026-07-07T17:30:00Z,18113.7
2026-07-07T17:45:00Z,19821.6
2026-07-07T18:00:00Z,14135.0
2026-07-07T18:15:00Z,19430.4
2026-07-07T18:30:00Z,14524.2
2026-07-07T18:45:00Z,10864.5
2026-07-07T19:00:00Z,19135.8
2026-07-07T19:15:00Z,20200.0
2026-07-07T19:30:00Z,13045.1
2026-07-07T19:45:00Z,18841.0
2026-07-07T20:00:00Z,18751.4
2026-07-07T20:15:00Z,22807.2
2026-07-07T20:30:00Z,20842.7
2026-07-07T20:45:00Z,20095.9
2026-07-07T21:00:00Z,23535.3
2026-07-07T21:15:00Z,24256.5
2026-07-07T21:30:00Z,21868.2
2026-07-07T21:45:00Z,20347.9
2026-07-07T22:00:00Z,23783.6
2026-07-07T22:15:00Z,23083.3
2026-07-07T22:30:00Z,19753.3
2026-07-07T22:45:00Z,18314.4
2026-07-07T23:00:00Z,20547.1
2026-07-07T23:15:00Z,19730.9
2026-07-07T23:30:00Z,16330.3
2026-07-07T23:45:00Z,20008.3
2026-07-08T00:00:00Z,22188.8
2026-07-08T00:15:00Z,20694.0
2026-07-08T00:30:00Z,20219.7
2026-07-08T00:45:00Z,23765.7
2026-07-08T01:00:00Z,22862.8
2026-07-08T01:15:00Z,23489.7
2026-07-08T01:30:00Z,19611.6
2026-07-08T01:45:00Z,23869.0
2026-07-08T02:00:00Z,24227.9
2026-07-08T02:15:00Z,23947.8
2026-07-08T02:30:00Z,23911.5
2026-07-08T02:45:00Z,22740.0
2026-07-08T03:00:00Z,22019.7
2026-07-08T03:15:00Z,24040.3
2026-07-08T03:30:00Z,19346.3
2026-07-08T03:45:00Z,23108.7
2026-07-08T04:00:00Z,12947.8
2026-07-08T04:15:00Z,13140.0
2026-07-08T04:30:00Z,14677.7
2026-07-08T04:45:00Z,17523.4
2026-07-08T05:00:00Z,10241.9
2026-07-08T05:15:00Z,16792.3
2026-07-08T05:30:00Z,10306.0
2026-07-08T05:45:00Z,16241.1
2026-07-08T06:00:00Z,12603.5
2026-07-08T06:15:00Z,13224.4
2026-07-08T06:30:00Z,14355.5
2026-07-08T06:45:00Z,16930.1
2026-07-08T07:00:00Z,17580.6
2026-07-08T07:15:00Z,13068.9
2026-07-08T07:30:00Z,12324.0
2026-07-08T07:45:00Z,11822.9
2026-07-08T08:00:00Z,12289.5
2026-07-08T08:15:00Z,11646.3
2026-07-08T08:30:00Z,10688.6
2026-07-08T08:45:00Z,15370.9
2026-07-08T09:00:00Z,14228.0
2026-07-08T09:15:00Z,16013.8
2026-07-08T09:30:00Z,14775.0
2026-07-08T09:45:00Z,5159.6
2026-07-08T10:00:00Z,14834.0
2026-07-08T10:15:00Z,13865.2
2026-07-08T10:30:00Z,14296.0
2026-07-08T10:45:00Z,5817.0
2026-07-08T11:00:00Z,14726.7
2026-07-08T11:15:00Z,10207.3
2026-07-08T11:30:00Z,10720.6
2026-07-08T11:45:00Z,13252.3
2026-07-08T12:00:00Z,16088.4
2026-07-08T12:15:00Z,6472.7
2026-07-08T12:30:00Z,8942.8
2026-07-08T12:45:00Z,5002.8
2026-07-08T13:00:00Z,14564.9
2026-07-08T13:15:00Z,21092.7
2026-07-08T13:30:00Z,13217.7
2026-07-08T13:45:00Z,21246.5
2026-07-08T14:00:00Z,12648.1
2026-07-08T14:15:00Z,15805.9
2026-07-08T14:30:00Z,13809.2
2026-07-08T14:45:00Z,10097.1
2026-07-08T15:00:00Z,9048.8
2026-07-08T15:15:00Z,15851.1
2026-07-08T15:30:00Z,10373.7
2026-07-08T15:45:00Z,23672.4
2026-07-08T16:00:00Z,15007.4
2026-07-08T16:15:00Z,6484.3
2026-07-08T16:30:00Z,12694.7
2026-07-08T16:45:00Z,13175.9
2026-07-08T17:00:00Z,11004.0
2026-07-08T17:15:00Z,17213.7
2026-07-08T17:30:00Z,12337.4
2026-07-08T17:45:00Z,17309.9
2026-07-08T18:00:00Z,15136.2
2026-07-08T18:15:00Z,15183.7
2026-07-08T18:30:00Z,9426.3
2026-07-08T18:45:00Z,12559.1
2026-07-08T19:00:00Z,10429.3
2026-07-08T19:15:00Z,15014.1
2026-07-08T19:30:00Z,24171.5
2026-07-08T19:45:00Z,21980.4
2026-07-08T20:00:00Z,18772.4
2026-07-08T20:15:00Z,21467.9
2026-07-08T20:30:00Z,24795.6
2026-07-08T20:45:00Z,23920.6
2026-07-08T21:00:00Z,23778.2
2026-07-08T21:15:00Z,24432.3
2026-07-08T21:30:00Z,24365.2
2026-07-08T21:45:00Z,19615.3
2026-07-08T22:00:00Z,19400.5
2026-07-08T22:15:00Z,22896.6
2026-07-08T22:30:00Z,24204.1
2026-07-08T22:45:00Z,23053.1
2026-07-08T23:00:00Z,20593.0
2026-07-08T23:15:00Z,21134.8
2026-07-08T23:30:00Z,24118.1
2026-07-08T23:45:00Z,22023.4
2026-07-09T00:00:00Z,19442.5
2026-07-09T00:15:00Z,24723.6
2026-07-09T00:30:00Z,22846.4
2026-07-09T00:45:00Z,23779.3
2026-07-09T01:00:00Z,18887.0
2026-07-09T01:15:00Z,22310.9
2026-07-09T01:30:00Z,19875.2
2026-07-09T01:45:00Z,20402.8
2026-07-09T02:00:00Z,24506.7
2026-07-09T02:15:00Z,21592.4
2026-07-09T02:30:00Z,22603.2
2026-07-09T02:45:00Z,22651.8
2026-07-09T03:00:00Z,23734.2
2026-07-09T03:15:00Z,23780.7
2026-07-09T03:30:00Z,20030.0
2026-07-09T03:45:00Z,15873.1
2026-07-09T04:00:00Z,18010.5
2026-07-09T04:15:00Z,11664.6
2026-07-09T04:30:00Z,12839.1
2026-07-09T04:45:00Z,13048.3
2026-07-09T05:00:00Z,14746.7
2026-07-09T05:15:00Z,6784.7
2026-07-09T05:30:00Z,11087.8
2026-07-09T05:45:00Z,13108.0
2026-07-09T06:00:00Z,9068.7
2026-07-09T06:15:00Z,17992.2
2026-07-09T06:30:00Z,13303.1
2026-07-09T06:45:00Z,15742.3
2026-07-09T07:00:00Z,20630.5
2026-07-09T07:15:00Z,12577.8
2026-07-09T07:30:00Z,11940.2
2026-07-09T07:45:00Z,6853.4
2026-07-09T08:00:00Z,20225.7
2026-07-09T08:15:00Z,12246.8
2026-07-09T08:30:00Z,14781.2
2026-07-09T08:45:00Z,16492.1
2026-07-09T09:00:00Z,5962.7
2026-07-09T09:15:00Z,12594.2
2026-07-09T09:30:00Z,12302.8
2026-07-09T09:45:00Z,13494.0
2026-07-09T10:00:00Z,19900.9
2026-07-09T10:15:00Z,13803.1
2026-07-09T10:30:00Z,10496.4
2026-07-09T10:45:00Z,20959.8
2026-07-09T11:00:00Z,4183.0
2026-07-09T11:15:00Z,20505.6
2026-07-09T11:30:00Z,8961.6
2026-07-09T11:45:00Z,13938.1
2026-07-09T12:00:00Z,14029.0
2026-07-09T12:15:00Z,8156.0
2026-07-09T12:30:00Z,4675.8
2026-07-09T12:45:00Z,11985.9
2026-07-09T13:00:00Z,16112.6
2026-07-09T13:15:00Z,9922.0
2026-07-09T13:30:00Z,19990.5
2026-07-09T13:45:00Z,18380.4
2026-07-09T14:00:00Z,8629.3
2026-07-09T14:15:00Z,15527.8
2026-07-09T14:30:00Z,12651.0
2026-07-09T14:45:00Z,15137.0
2026-07-09T15:00:00Z,18624.9
2026-07-09T15:15:00Z,9621.5
2026-07-09T15:30:00Z,13139.4
2026-07-09T15:45:00Z,11628.5
2026-07-09T16:00:00Z,7082.0
2026-07-09T16:15:00Z,17322.4
2026-07-09T16:30:00Z,14246.8
2026-07-09T16:45:00Z,15023.9
2026-07-09T17:00:00Z,18497.1
2026-07-09T17:15:00Z,20384.8
2026-07-09T17:30:00Z,11907.5
2026-07-09T17:45:00Z,23932.6
2026-07-09T18:00:00Z,13570.9
2026-07-09T18:15:00Z,13908.3
2026-07-09T18:30:00Z,13691.3
2026-07-09T18:45:00Z,11992.4
2026-07-09T19:00:00Z,12798.7
2026-07-09T19:15:00Z,13929.3
2026-07-09T19:30:00Z,13471.6
2026-07-09T19:45:00Z,19128.3
2026-07-09T20:00:00Z,23738.6
2026-07-09T20:15:00Z,23940.9
2026-07-09T20:30:00Z,24269.9
2026-07-09T20:45:00Z,20847.9
2026-07-09T21:00:00Z,21471.0
2026-07-09T21:15:00Z,20099.2
2026-07-09T21:30:00Z,24158.4
2026-07-09T21:45:00Z,23473.6
2026-07-09T22:00:00Z,21175.1
2026-07-09T22:15:00Z,23500.2
2026-07-09T22:30:00Z,23346.8
2026-07-09T22:45:00Z,24532.2
2026-07-09T23:00:00Z,23993.6
2026-07-09T23:15:00Z,15876.3
2026-07-09T23:30:00Z,20101.6
2026-07-09T23:45:00Z,22309.9
2026-07-10T00:00:00Z,24337.1
2026-07-10T00:15:00Z,23457.0
2026-07-10T00:30:00Z,20336.9
2026-07-10T00:45:00Z,22900.0
2026-07-10T01:00:00Z,23242.0
2026-07-10T01:15:00Z,24335.1
2026-07-10T01:30:00Z,24579.4
2026-07-10T01:45:00Z,22805.5
2026-07-10T02:00:00Z,24268.4
2026-07-10T02:15:00Z,23964.3
2026-07-10T02:30:00Z,22766.6
2026-07-10T02:45:00Z,24721.4
2026-07-10T03:00:00Z,19340.0
2026-07-10T03:15:00Z,19360.2
2026-07-10T03:30:00Z,22372.0
2026-07-10T03:45:00Z,23683.9
2026-07-10T04:00:00Z,14836.2
2026-07-10T04:15:00Z,9652.8
2026-07-10T04:30:00Z,13330.4
2026-07-10T04:45:00Z,9610.2
2026-07-10T05:00:00Z,16371.1
2026-07-10T05:15:00Z,13234.6
2026-07-10T05:30:00Z,11125.7
2026-07-10T05:45:00Z,13593.1
2026-07-10T06:00:00Z,21029.9
2026-07-10T06:15:00Z,15827.4
2026-07-10T06:30:00Z,21920.6
2026-07-10T06:45:00Z,14186.9
2026-07-10T07:00:00Z,17496.9
2026-07-10T07:15:00Z,11321.5
2026-07-10T07:30:00Z,15787.3
2026-07-10T07:45:00Z,8163.7
2026-07-10T08:00:00Z,10357.3
2026-07-10T08:15:00Z,13627.5
2026-07-10T08:30:00Z,9813.9
2026-07-10T08:45:00Z,15618.3
2026-07-10T09:00:00Z,14628.5
2026-07-10T09:15:00Z,12282.8
2026-07-10T09:30:00Z,6854.0
2026-07-10T09:45:00Z,12477.8
2026-07-10T10:00:00Z,7555.2
2026-07-10T10:15:00Z,12934.7
2026-07-10T10:30:00Z,17441.7
2026-07-10T10:45:00Z,14184.3
2026-07-10T11:00:00Z,6390.8
2026-07-10T11:15:00Z,15454.7
2026-07-10T11:30:00Z,10915.5
2026-07-10T11:45:00Z,17624.2
2026-07-10T12:00:00Z,6254.8
2026-07-10T12:15:00Z,11192.5
2026-07-10T12:30:00Z,14261.0
2026-07-10T12:45:00Z,12968.5
2026-07-10T13:00:00Z,13755.1
2026-07-10T13:15:00Z,7219.3
2026-07-10T13:30:00Z,11988.5
2026-07-10T13:45:00Z,5080.0
2026-07-10T14:00:00Z,12396.4
2026-07-10T14:15:00Z,10854.4
2026-07-10T14:30:00Z,12019.8
2026-07-10T14:45:00Z,7291.4
2026-07-10T15:00:00Z,19072.0
2026-07-10T15:15:00Z,21297.8
2026-07-10T15:30:00Z,9533.6
2026-07-10T15:45:00Z,14474.9
2026-07-10T16:00:00Z,14949.4
2026-07-10T16:15:00Z,13124.7
2026-07-10T16:30:00Z,18365.4
2026-07-10T16:45:00Z,13289.2
2026-07-10T17:00:00Z,15595.1
2026-07-10T17:15:00Z,18053.4
2026-07-10T17:30:00Z,13382.0
2026-07-10T17:45:00Z,10796.8
2026-07-10T18:00:00Z,8619.6
2026-07-10T18:15:00Z,17593.4
2026-07-10T18:30:00Z,16202.5
2026-07-10T18:45:00Z,18129.6
2026-07-10T19:00:00Z,13235.5
2026-07-10T19:15:00Z,19735.7
2026-07-10T19:30:00Z,18275.8
2026-07-10T19:45:00Z,10353.9
2026-07-10T20:00:00Z,20848.2
2026-07-10T20:15:00Z,23353.1
2026-07-10T20:30:00Z,20543.6
2026-07-10T20:45:00Z,22907.4
2026-07-10T21:00:00Z,21717.3
2026-07-10T21:15:00Z,16762.5
2026-07-10T21:30:00Z,22886.9
2026-07-10T21:45:00Z,24600.1
2026-07-10T22:00:00Z,22372.1
2026-07-10T22:15:00Z,24437.3
2026-07-10T22:30:00Z,22506.5
2026-07-10T22:45:00Z,23532.8
2026-07-10T23:00:00Z,21752.4
2026-07-10T23:15:00Z,22206.1
2026-07-10T23:30:00Z,23045.2
2026-07-10T23:45:00Z,18610.3
2026-07-11T00:00:00Z,21534.2
2026-07-11T00:15:00Z,23696.5
2026-07-11T00:30:00Z,16196.9
2026-07-11T00:45:00Z,20141.5
2026-07-11T01:00:00Z,22188.6
2026-07-11T01:15:00Z,21663.8
2026-07-11T01:30:00Z,20275.0
2026-07-11T01:45:00Z,16030.1
2026-07-11T02:00:00Z,15098.4
2026-07-11T02:15:00Z,18489.7
2026-07-11T02:30:00Z,17855.4
2026-07-11T02:45:00Z,16282.0
2026-07-11T03:00:00Z,19598.3
2026-07-11T03:15:00Z,20037.0
2026-07-11T03:30:00Z,23974.7
2026-07-11T03:45:00Z,23398.1
2026-07-11T04:00:00Z,8406.3
2026-07-11T04:15:00Z,22898.1
2026-07-11T04:30:00Z,22806.9
2026-07-11T04:45:00Z,18090.0
2026-07-11T05:00:00Z,22465.8
2026-07-11T05:15:00Z,21613.0
2026-07-11T05:30:00Z,18675.7
2026-07-11T05:45:00Z,21337.2
2026-07-11T06:00:00Z,16785.6
2026-07-11T06:15:00Z,22185.8
2026-07-11T06:30:00Z,18789.9
2026-07-11T06:45:00Z,19794.6
2026-07-11T07:00:00Z,20399.7
2026-07-11T07:15:00Z,21634.3
2026-07-11T07:30:00Z,19511.0
2026-07-11T07:45:00Z,20247.7
2026-07-11T08:00:00Z,21902.4
2026-07-11T08:15:00Z,21650.9
2026-07-11T08:30:00Z,18676.8
2026-07-11T08:45:00Z,20809.1
2026-07-11T09:00:00Z,17404.1
2026-07-11T09:15:00Z,17936.3
2026-07-11T09:30:00Z,18399.8
2026-07-11T09:45:00Z,19777.5
2026-07-11T10:00:00Z,20411.7
2026-07-11T10:15:00Z,18645.9
2026-07-11T10:30:00Z,18284.3
2026-07-11T10:45:00Z,19213.2
2026-07-11T11:00:00Z,15927.7
2026-07-11T11:15:00Z,17499.0
2026-07-11T11:30:00Z,18786.1
2026-07-11T11:45:00Z,21621.7
2026-07-11T12:00:00Z,20294.0
2026-07-11T12:15:00Z,21582.0
2026-07-11T12:30:00Z,20612.2
2026-07-11T12:45:00Z,18580.5
2026-07-11T13:00:00Z,17651.1
2026-07-11T13:15:00Z,21051.0
2026-07-11T13:30:00Z,18867.4
2026-07-11T13:45:00Z,19809.7
2026-07-11T14:00:00Z,20572.1
2026-07-11T14:15:00Z,22256.9
2026-07-11T14:30:00Z,20749.8
2026-07-11T14:45:00Z,21723.8
2026-07-11T15:00:00Z,21706.1
2026-07-11T15:15:00Z,19196.6
2026-07-11T15:30:00Z,18523.3
2026-07-11T15:45:00Z,15819.5
2026-07-11T16:00:00Z,22199.0
2026-07-11T16:15:00Z,21458.1
2026-07-11T16:30:00Z,21747.7
2026-07-11T16:45:00Z,21711.1
2026-07-11T17:00:00Z,19420.7
2026-07-11T17:15:00Z,22487.2
2026-07-11T17:30:00Z,22918.4
2026-07-11T17:45:00Z,23168.1
2026-07-11T18:00:00Z,23438.1
2026-07-11T18:15:00Z,23044.0
2026-07-11T18:30:00Z,24679.5
2026-07-11T18:45:00Z,22102.3
2026-07-11T19:00:00Z,22011.3
2026-07-11T19:15:00Z,20458.9
2026-07-11T19:30:00Z,24142.7
2026-07-11T19:45:00Z,18519.3
2026-07-11T20:00:00Z,21986.5
2026-07-11T20:15:00Z,20644.7
2026-07-11T20:30:00Z,22244.4
2026-07-11T20:45:00Z,15931.6
2026-07-11T21:00:00Z,22404.8
2026-07-11T21:15:00Z,22734.9
2026-07-11T21:30:00Z,20922.3
2026-07-11T21:45:00Z,21547.5
2026-07-11T22:00:00Z,23207.3
2026-07-11T22:15:00Z,21988.4
2026-07-11T22:30:00Z,14055.1
2026-07-11T22:45:00Z,22987.9
2026-07-11T23:00:00Z,24077.3
2026-07-11T23:15:00Z,22381.9
2026-07-11T23:30:00Z,19191.2
2026-07-11T23:45:00Z,19519.9
2026-07-12T00:00:00Z,18213.1
2026-07-12T00:15:00Z,22977.7
2026-07-12T00:30:00Z,14916.6
2026-07-12T00:45:00Z,20551.7
2026-07-12T01:00:00Z,19071.6
2026-07-12T01:15:00Z,23264.4
2026-07-12T01:30:00Z,22779.3
2026-07-12T01:45:00Z,20619.6
2026-07-12T02:00:00Z,21236.5
2026-07-12T02:15:00Z,23752.6
2026-07-12T02:30:00Z,24018.9
2026-07-12T02:45:00Z,20293.1
2026-07-12T03:00:00Z,16460.0
2026-07-12T03:15:00Z,23678.6
2026-07-12T03:30:00Z,21641.3
2026-07-12T03:45:00Z,19294.6
2026-07-12T04:00:00Z,22995.9
2026-07-12T04:15:00Z,23531.3
2026-07-12T04:30:00Z,17579.9
2026-07-12T04:45:00Z,22058.4
2026-07-12T05:00:00Z,23487.7
2026-07-12T05:15:00Z,22689.5
2026-07-12T05:30:00Z,22469.7
2026-07-12T05:45:00Z,17141.0
2026-07-12T06:00:00Z,20904.4
2026-07-12T06:15:00Z,22111.9
2026-07-12T06:30:00Z,19393.2
2026-07-12T06:45:00Z,16583.1
2026-07-12T07:00:00Z,23154.4
2026-07-12T07:15:00Z,17498.5
2026-07-12T07:30:00Z,20633.0
2026-07-12T07:45:00Z,20456.6
2026-07-12T08:00:00Z,18162.6
2026-07-12T08:15:00Z,16319.1
2026-07-12T08:30:00Z,20280.2
2026-07-12T08:45:00Z,11859.4
2026-07-12T09:00:00Z,17571.1
2026-07-12T09:15:00Z,18388.2
2026-07-12T09:30:00Z,20107.5
2026-07-12T09:45:00Z,19780.7
2026-07-12T10:00:00Z,12548.8
2026-07-12T10:15:00Z,22494.1
2026-07-12T10:30:00Z,17452.3
2026-07-12T10:45:00Z,22181.1
2026-07-12T11:00:00Z,16866.5
2026-07-12T11:15:00Z,16438.2
2026-07-12T11:30:00Z,19781.6
2026-07-12T11:45:00Z,18828.8
2026-07-12T12:00:00Z,18390.0
2026-07-12T12:15:00Z,18755.4
2026-07-12T12:30:00Z,15290.8
2026-07-12T12:45:00Z,17333.6
2026-07-12T13:00:00Z,13167.6
2026-07-12T13:15:00Z,21502.1
2026-07-12T13:30:00Z,21316.1
2026-07-12T13:45:00Z,20258.2
2026-07-12T14:00:00Z,21596.1
2026-07-12T14:15:00Z,20525.0
2026-07-12T14:30:00Z,20241.5
2026-07-12T14:45:00Z,19622.3
2026-07-12T15:00:00Z,16761.8
2026-07-12T15:15:00Z,22855.8
2026-07-12T15:30:00Z,15251.6
2026-07-12T15:45:00Z,21344.6
2026-07-12T16:00:00Z,21343.1
2026-07-12T16:15:00Z,22674.4
2026-07-12T16:30:00Z,22460.2
2026-07-12T16:45:00Z,23114.0
2026-07-12T17:00:00Z,23246.9
2026-07-12T17:15:00Z,16302.7
2026-07-12T17:30:00Z,21473.4
2026-07-12T17:45:00Z,23058.7
2026-07-12T18:00:00Z,19494.0
2026-07-12T18:15:00Z,23178.9
2026-07-12T18:30:00Z,23558.7
2026-07-12T18:45:00Z,20216.3
2026-07-12T19:00:00Z,21665.7
2026-07-12T19:15:00Z,23488.0
2026-07-12T19:30:00Z,24203.1
2026-07-12T19:45:00Z,20397.5
2026-07-12T20:00:00Z,22544.3
2026-07-12T20:15:00Z,22444.4
2026-07-12T20:30:00Z,23904.8
2026-07-12T20:45:00Z,20742.6
2026-07-12T21:00:00Z,22647.6
2026-07-12T21:15:00Z,22760.2
2026-07-12T21:30:00Z,22142.7
2026-07-12T21:45:00Z,22913.3
2026-07-12T22:00:00Z,19232.0
2026-07-12T22:15:00Z,23748.4
2026-07-12T22:30:00Z,20298.2
2026-07-12T22:45:00Z,23501.2
2026-07-12T23:00:00Z,20831.1
2026-07-12T23:15:00Z,24552.8
2026-07-12T23:30:00Z,18994.6
2026-07-12T23:45:00Z,23148.6
2026-07-13T00:00:00Z,24262.0
2026-07-13T00:15:00Z,21821.1
2026-07-13T00:30:00Z,22222.8
2026-07-13T00:45:00Z,23643.6
2026-07-13T01:00:00Z,21972.5
2026-07-13T01:15:00Z,17714.3
2026-07-13T01:30:00Z,17661.9
2026-07-13T01:45:00Z,24486.9
2026-07-13T02:00:00Z,22954.9
2026-07-13T02:15:00Z,23565.1
2026-07-13T02:30:00Z,22511.5
2026-07-13T02:45:00Z,22500.6
2026-07-13T03:00:00Z,24016.0
2026-07-13T03:15:00Z,15709.6
2026-07-13T03:30:00Z,19619.9
2026-07-13T03:45:00Z,24191.1
2026-07-13T04:00:00Z,15301.7
2026-07-13T04:15:00Z,17379.3
2026-07-13T04:30:00Z,13603.3
2026-07-13T04:45:00Z,14210.0
2026-07-13T05:00:00Z,10165.2
2026-07-13T05:15:00Z,13508.4
2026-07-13T05:30:00Z,13577.7
2026-07-13T05:45:00Z,18875.5
2026-07-13T06:00:00Z,12202.4
2026-07-13T06:15:00Z,18923.6
2026-07-13T06:30:00Z,11561.5
2026-07-13T06:45:00Z,12787.5
2026-07-13T07:00:00Z,13550.9
2026-07-13T07:15:00Z,14042.7
2026-07-13T07:30:00Z,12394.7
2026-07-13T07:45:00Z,5239.2
2026-07-13T08:00:00Z,6728.0
2026-07-13T08:15:00Z,20493.3
2026-07-13T08:30:00Z,11717.9
2026-07-13T08:45:00Z,12303.9
2026-07-13T09:00:00Z,20203.4
2026-07-13T09:15:00Z,13538.5
2026-07-13T09:30:00Z,10365.3
2026-07-13T09:45:00Z,11295.0
2026-07-13T10:00:00Z,10313.7
2026-07-13T10:15:00Z,21324.0
2026-07-13T10:30:00Z,13787.2
2026-07-13T10:45:00Z,11774.6
2026-07-13T11:00:00Z,6655.6
2026-07-13T11:15:00Z,10670.7
2026-07-13T11:30:00Z,15382.1
2026-07-13T11:45:00Z,12804.5
2026-07-13T12:00:00Z,6199.3
2026-07-13T12:15:00Z,16237.3
2026-07-13T12:30:00Z,15335.1
2026-07-13T12:45:00Z,10603.1
2026-07-13T13:00:00Z,13521.3
2026-07-13T13:15:00Z,14714.9
2026-07-13T13:30:00Z,14410.7
2026-07-13T13:45:00Z,7539.1
2026-07-13T14:00:00Z,7071.5
2026-07-13T14:15:00Z,10998.3
2026-07-13T14:30:00Z,11958.7
2026-07-13T14:45:00Z,12105.7
2026-07-13T15:00:00Z,13239.8
2026-07-13T15:15:00Z,18622.4
2026-07-13T15:30:00Z,18212.7
2026-07-13T15:45:00Z,7005.2
2026-07-13T16:00:00Z,21905.1
2026-07-13T16:15:00Z,16795.2
2026-07-13T16:30:00Z,15837.8
2026-07-13T16:45:00Z,14325.0
2026-07-13T17:00:00Z,11372.5
2026-07-13T17:15:00Z,17366.0
2026-07-13T17:30:00Z,17048.6
2026-07-13T17:45:00Z,18513.3
2026-07-13T18:00:00Z,13687.2
2026-07-13T18:15:00Z,23297.4
2026-07-13T18:30:00Z,24290.1
2026-07-13T18:45:00Z,22413.2
2026-07-13T19:00:00Z,19281.3
2026-07-13T19:15:00Z,16930.8
2026-07-13T19:30:00Z,20160.8
2026-07-13T19:45:00Z,22073.7
2026-07-13T20:00:00Z,20664.8
2026-07-13T20:15:00Z,22414.4
2026-07-13T20:30:00Z,23686.8
2026-07-13T20:45:00Z,24513.3
2026-07-13T21:00:00Z,24513.6
2026-07-13T21:15:00Z,18122.3
2026-07-13T21:30:00Z,25060.4
2026-07-13T21:45:00Z,23692.4
2026-07-13T22:00:00Z,21151.4
2026-07-13T22:15:00Z,23458.5
2026-07-13T22:30:00Z,19130.6
2026-07-13T22:45:00Z,21570.1
2026-07-13T23:00:00Z,15591.8
2026-07-13T23:15:00Z,23800.8
2026-07-13T23:30:00Z,20562.9
2026-07-13T23:45:00Z,23744.1
2026-07-14T00:00:00Z,24922.7
2026-07-14T00:15:00Z,18084.1
2026-07-14T00:30:00Z,23508.5
2026-07-14T00:45:00Z,23482.0
2026-07-14T01:00:00Z,22195.1
2026-07-14T01:15:00Z,22309.4
2026-07-14T01:30:00Z,20522.1
2026-07-14T01:45:00Z,23151.5
2026-07-14T02:00:00Z,17363.9
2026-07-14T02:15:00Z,20970.0
2026-07-14T02:30:00Z,24158.4
2026-07-14T02:45:00Z,22539.4
2026-07-14T03:00:00Z,22943.1
2026-07-14T03:15:00Z,21552.5
2026-07-14T03:30:00Z,21808.9
2026-07-14T03:45:00Z,22536.9
2026-07-14T04:00:00Z,16176.6
2026-07-14T04:15:00Z,11600.1
2026-07-14T04:30:00Z,13832.9
2026-07-14T04:45:00Z,14711.0
2026-07-14T05:00:00Z,22867.0
2026-07-14T05:15:00Z,19034.5
2026-07-14T05:30:00Z,11447.6
2026-07-14T05:45:00Z,10468.8
2026-07-14T06:00:00Z,12895.9
2026-07-14T06:15:00Z,13340.6
2026-07-14T06:30:00Z,13028.6
2026-07-14T06:45:00Z,15560.3
2026-07-14T07:00:00Z,13850.7
2026-07-14T07:15:00Z,18955.1
2026-07-14T07:30:00Z,16579.8
2026-07-14T07:45:00Z,7892.8
2026-07-14T08:00:00Z,13953.3
2026-07-14T08:15:00Z,9176.2
2026-07-14T08:30:00Z,15835.1
2026-07-14T08:45:00Z,14361.9
2026-07-14T09:00:00Z,18199.6
2026-07-14T09:15:00Z,10046.7
2026-07-14T09:30:00Z,16113.0
2026-07-14T09:45:00Z,19967.6
2026-07-14T10:00:00Z,10677.3
2026-07-14T10:15:00Z,13219.6
2026-07-14T10:30:00Z,12431.6
2026-07-14T10:45:00Z,17787.5
2026-07-14T11:00:00Z,22447.9
2026-07-14T11:15:00Z,6358.4
2026-07-14T11:30:00Z,8410.6
2026-07-14T11:45:00Z,15345.6
2026-07-14T12:00:00Z,10107.0
2026-07-14T12:15:00Z,7737.1
2026-07-14T12:30:00Z,10999.3
2026-07-14T12:45:00Z,8831.5
2026-07-14T13:00:00Z,22652.5
2026-07-14T13:15:00Z,11840.0
2026-07-14T13:30:00Z,10785.0
2026-07-14T13:45:00Z,17609.2
2026-07-14T14:00:00Z,16328.5
2026-07-14T14:15:00Z,18498.5
2026-07-14T14:30:00Z,7733.6
2026-07-14T14:45:00Z,12454.6
2026-07-14T15:00:00Z,13581.5
2026-07-14T15:15:00Z,16780.8
2026-07-14T15:30:00Z,16780.0
2026-07-14T15:45:00Z,11994.8
2026-07-14T16:00:00Z,17035.1
2026-07-14T16:15:00Z,9941.6
2026-07-14T16:30:00Z,10756.4
2026-07-14T16:45:00Z,20541.9
2026-07-14T17:00:00Z,18043.3
2026-07-14T17:15:00Z,14206.4
2026-07-14T17:30:00Z,16892.9
2026-07-14T17:45:00Z,19489.2
2026-07-14T18:00:00Z,15446.9
2026-07-14T18:15:00Z,20653.6
2026-07-14T18:30:00Z,18845.0
2026-07-14T18:45:00Z,14433.5
2026-07-14T19:00:00Z,22972.6
2026-07-14T19:15:00Z,18171.5
2026-07-14T19:30:00Z,14860.2
2026-07-14T19:45:00Z,14449.1
2026-07-14T20:00:00Z,23885.1
2026-07-14T20:15:00Z,21921.1
2026-07-14T20:30:00Z,22971.1
2026-07-14T20:45:00Z,23155.3
2026-07-14T21:00:00Z,19685.7
2026-07-14T21:15:00Z,22780.6
2026-07-14T21:30:00Z,23369.4
2026-07-14T21:45:00Z,15360.6
2026-07-14T22:00:00Z,23584.9
2026-07-14T22:15:00Z,23735.2
2026-07-14T22:30:00Z,19623.5
2026-07-14T22:45:00Z,23148.5
2026-07-14T23:00:00Z,24560.1
2026-07-14T23:15:00Z,23662.3
2026-07-14T23:30:00Z,21291.7
2026-07-14T23:45:00Z,19354.0
2026-07-15T00:00:00Z,23857.6
2026-07-15T00:15:00Z,23300.2
2026-07-15T00:30:00Z,24113.6
2026-07-15T00:45:00Z,21888.0
2026-07-15T01:00:00Z,22590.4
2026-07-15T01:15:00Z,23958.0
2026-07-15T01:30:00Z,19895.3
2026-07-15T01:45:00Z,21979.0
2026-07-15T02:00:00Z,19581.7
2026-07-15T02:15:00Z,23532.9
2026-07-15T02:30:00Z,23527.5
2026-07-15T02:45:00Z,23345.6
2026-07-15T03:00:00Z,23936.8
2026-07-15T03:15:00Z,22917.1
2026-07-15T03:30:00Z,22861.5
2026-07-15T03:45:00Z,23945.9
2026-07-15T04:00:00Z,24017.5
2026-07-15T04:15:00Z,13591.4
2026-07-15T04:30:00Z,13658.7
2026-07-15T04:45:00Z,15671.7
2026-07-15T05:00:00Z,19128.1
2026-07-15T05:15:00Z,16938.4
2026-07-15T05:30:00Z,17880.8
2026-07-15T05:45:00Z,13461.4
2026-07-15T06:00:00Z,13469.4
2026-07-15T06:15:00Z,12777.6
2026-07-15T06:30:00Z,18293.3
2026-07-15T06:45:00Z,13859.5
2026-07-15T07:00:00Z,13963.9
2026-07-15T07:15:00Z,10281.9
2026-07-15T07:30:00Z,9557.6
2026-07-15T07:45:00Z,12420.3
2026-07-15T08:00:00Z,13422.1
2026-07-15T08:15:00Z,5964.4
2026-07-15T08:30:00Z,20038.4
2026-07-15T08:45:00Z,12917.8
2026-07-15T09:00:00Z,16011.4
2026-07-15T09:15:00Z,5876.1
2026-07-15T09:30:00Z,11182.4
2026-07-15T09:45:00Z,17414.4
2026-07-15T10:00:00Z,21419.0
2026-07-15T10:15:00Z,5225.9
2026-07-15T10:30:00Z,11822.3
2026-07-15T10:45:00Z,13491.2
2026-07-15T11:00:00Z,11802.0
2026-07-15T11:15:00Z,15692.9
2026-07-15T11:30:00Z,11911.7
2026-07-15T11:45:00Z,19795.5
2026-07-15T12:00:00Z,18049.2
2026-07-15T12:15:00Z,13001.2
2026-07-15T12:30:00Z,17915.2
2026-07-15T12:45:00Z,7615.3
2026-07-15T13:00:00Z,9669.8
2026-07-15T13:15:00Z,14541.5
2026-07-15T13:30:00Z,13135.5
2026-07-15T13:45:00Z,5894.9
2026-07-15T14:00:00Z,14989.8
2026-07-15T14:15:00Z,7392.2
2026-07-15T14:30:00Z,13855.3
2026-07-15T14:45:00Z,2095.3
2026-07-15T15:00:00Z,3811.2
2026-07-15T15:15:00Z,6353.7
2026-07-15T15:30:00Z,2813.0
2026-07-15T15:45:00Z,6122.7
2026-07-15T16:00:00Z,4864.6
2026-07-15T16:15:00Z,19182.3
2026-07-15T16:30:00Z,13049.6
2026-07-15T16:45:00Z,20109.1
2026-07-15T17:00:00Z,12900.8
2026-07-15T17:15:00Z,6770.7
2026-07-15T17:30:00Z,16249.1
2026-07-15T17:45:00Z,15161.4
2026-07-15T18:00:00Z,13320.3
2026-07-15T18:15:00Z,11142.5
2026-07-15T18:30:00Z,13124.7
2026-07-15T18:45:00Z,17767.9
2026-07-15T19:00:00Z,12089.3
2026-07-15T19:15:00Z,19266.5
2026-07-15T19:30:00Z,16922.9
2026-07-15T19:45:00Z,10156.1
2026-07-15T20:00:00Z,23389.4
2026-07-15T20:15:00Z,15937.5
2026-07-15T20:30:00Z,17591.3
2026-07-15T20:45:00Z,13649.8
2026-07-15T21:00:00Z,18291.6
2026-07-15T21:15:00Z,16539.0
2026-07-15T21:30:00Z,16953.4
2026-07-15T21:45:00Z,22351.3
2026-07-15T22:00:00Z,23242.0
2026-07-15T22:15:00Z,20674.0
2026-07-15T22:30:00Z,23792.3
2026-07-15T22:45:00Z,19000.4
2026-07-15T23:00:00Z,22572.7
2026-07-15T23:15:00Z,22535.5
2026-07-15T23:30:00Z,24475.4
2026-07-15T23:45:00Z,23595.8
2026-07-16T00:00:00Z,23747.5
2026-07-16T00:15:00Z,22784.9
2026-07-16T00:30:00Z,16344.5
2026-07-16T00:45:00Z,23598.4
2026-07-16T01:00:00Z,24067.0
2026-07-16T01:15:00Z,21314.8
2026-07-16T01:30:00Z,24774.3
2026-07-16T01:45:00Z,21441.4
2026-07-16T02:00:00Z,24596.8
2026-07-16T02:15:00Z,24222.4
2026-07-16T02:30:00Z,23532.4
2026-07-16T02:45:00Z,24224.3
2026-07-16T03:00:00Z,21019.6
2026-07-16T03:15:00Z,24051.3
2026-07-16T03:30:00Z,22462.3
2026-07-16T03:45:00Z,20865.2
2026-07-16T04:00:00Z,9625.8
2026-07-16T04:15:00Z,16399.0
2026-07-16T04:30:00Z,11195.8
2026-07-16T04:45:00Z,14559.9
2026-07-16T05:00:00Z,12425.4
2026-07-16T05:15:00Z,12503.4
2026-07-16T05:30:00Z,8471.3
2026-07-16T05:45:00Z,22894.4
2026-07-16T06:00:00Z,15274.8
2026-07-16T06:15:00Z,12311.2
2026-07-16T06:30:00Z,17523.3
2026-07-16T06:45:00Z,16169.3
2026-07-16T07:00:00Z,21731.0
2026-07-16T07:15:00Z,13510.5
2026-07-16T07:30:00Z,15587.0
2026-07-16T07:45:00Z,5804.6
2026-07-16T08:00:00Z,10773.9
2026-07-16T08:15:00Z,15406.8
2026-07-16T08:30:00Z,11974.8
2026-07-16T08:45:00Z,19697.3
2026-07-16T09:00:00Z,16485.1
2026-07-16T09:15:00Z,13162.9
2026-07-16T09:30:00Z,18740.0
2026-07-16T09:45:00Z,5543.7
2026-07-16T10:00:00Z,11971.0
2026-07-16T10:15:00Z,13031.4
2026-07-16T10:30:00Z,13564.6
2026-07-16T10:45:00Z,12560.3
2026-07-16T11:00:00Z,19751.9
2026-07-16T11:15:00Z,11684.8
2026-07-16T11:30:00Z,20068.1
2026-07-16T11:45:00Z,12386.3
2026-07-16T12:00:00Z,10666.9
2026-07-16T12:15:00Z,7469.6
2026-07-16T12:30:00Z,9533.1
2026-07-16T12:45:00Z,11350.8
2026-07-16T13:00:00Z,14051.5
2026-07-16T13:15:00Z,11054.5
2026-07-16T13:30:00Z,8778.4
2026-07-16T13:45:00Z,18125.2
2026-07-16T14:00:00Z,14903.6
2026-07-16T14:15:00Z,9920.5
2026-07-16T14:30:00Z,14012.5
2026-07-16T14:45:00Z,14753.5
2026-07-16T15:00:00Z,20547.2
2026-07-16T15:15:00Z,12925.7
2026-07-16T15:30:00Z,14030.8
2026-07-16T15:45:00Z,16701.8
2026-07-16T16:00:00Z,13594.6
2026-07-16T16:15:00Z,12419.9
2026-07-16T16:30:00Z,23590.9
2026-07-16T16:45:00Z,18000.0
2026-07-16T17:00:00Z,17826.5
2026-07-16T17:15:00Z,20100.2
2026-07-16T17:30:00Z,9331.5
2026-07-16T17:45:00Z,14212.2
2026-07-16T18:00:00Z,14003.6
2026-07-16T18:15:00Z,14498.3
2026-07-16T18:30:00Z,17817.7
2026-07-16T18:45:00Z,17956.7
2026-07-16T19:00:00Z,8097.4
2026-07-16T19:15:00Z,11787.0
2026-07-16T19:30:00Z,14382.3
2026-07-16T19:45:00Z,7366.2
2026-07-16T20:00:00Z,23740.3
2026-07-16T20:15:00Z,20818.3
2026-07-16T20:30:00Z,22077.5
2026-07-16T20:45:00Z,17859.0
2026-07-16T21:00:00Z,24052.3
2026-07-16T21:15:00Z,22705.5
2026-07-16T21:30:00Z,17494.7
2026-07-16T21:45:00Z,22913.3
2026-07-16T22:00:00Z,22512.4
2026-07-16T22:15:00Z,19483.0
2026-07-16T22:30:00Z,21029.4
2026-07-16T22:45:00Z,24225.9
2026-07-16T23:00:00Z,22505.5
2026-07-16T23:15:00Z,22083.3
2026-07-16T23:30:00Z,23806.0
2026-07-16T23:45:00Z,24113.6
2026-07-17T00:00:00Z,23142.7
2026-07-17T00:15:00Z,17182.5
2026-07-17T00:30:00Z,22844.5
2026-07-17T00:45:00Z,22651.2
2026-07-17T01:00:00Z,18896.4
2026-07-17T01:15:00Z,23769.4
2026-07-17T01:30:00Z,23981.3
2026-07-17T01:45:00Z,23942.8
2026-07-17T02:00:00Z,21809.5
2026-07-17T02:15:00Z,24006.1
2026-07-17T02:30:00Z,16037.3
2026-07-17T02:45:00Z,22533.8
2026-07-17T03:00:00Z,22836.2
2026-07-17T03:15:00Z,23289.5
2026-07-17T03:30:00Z,23411.1
2026-07-17T03:45:00Z,24299.2
2026-07-17T04:00:00Z,15568.2
2026-07-17T04:15:00Z,21781.9
2026-07-17T04:30:00Z,14257.3
2026-07-17T04:45:00Z,10894.2
2026-07-17T05:00:00Z,10118.1
2026-07-17T05:15:00Z,18569.1
2026-07-17T05:30:00Z,19078.4
2026-07-17T05:45:00Z,13358.4
2026-07-17T06:00:00Z,9696.0
2026-07-17T06:15:00Z,8500.4
2026-07-17T06:30:00Z,8957.9
2026-07-17T06:45:00Z,12546.7
2026-07-17T07:00:00Z,10696.0
2026-07-17T07:15:00Z,11138.8
2026-07-17T07:30:00Z,9863.1
2026-07-17T07:45:00Z,14522.7
2026-07-17T08:00:00Z,9126.7
2026-07-17T08:15:00Z,3909.5
2026-07-17T08:30:00Z,12519.1
2026-07-17T08:45:00Z,17635.4
2026-07-17T09:00:00Z,14701.0
2026-07-17T09:15:00Z,8695.9
2026-07-17T09:30:00Z,19395.1
2026-07-17T09:45:00Z,13440.7
2026-07-17T10:00:00Z,12352.6
2026-07-17T10:15:00Z,11238.8
2026-07-17T10:30:00Z,13062.9
2026-07-17T10:45:00Z,13567.7
2026-07-17T11:00:00Z,15337.6
2026-07-17T11:15:00Z,4987.5
2026-07-17T11:30:00Z,7638.2
2026-07-17T11:45:00Z,13583.9
2026-07-17T12:00:00Z,16062.3
2026-07-17T12:15:00Z,22101.9
2026-07-17T12:30:00Z,12331.2
2026-07-17T12:45:00Z,12059.8
2026-07-17T13:00:00Z,12346.2
2026-07-17T13:15:00Z,13671.5
2026-07-17T13:30:00Z,14649.7
2026-07-17T13:45:00Z,11352.8
2026-07-17T14:00:00Z,7724.4
2026-07-17T14:15:00Z,13360.3
2026-07-17T14:30:00Z,13541.6
2026-07-17T14:45:00Z,13380.2
2026-07-17T15:00:00Z,12801.6
2026-07-17T15:15:00Z,20221.0
2026-07-17T15:30:00Z,13398.3
2026-07-17T15:45:00Z,18309.3
2026-07-17T16:00:00Z,14701.0
2026-07-17T16:15:00Z,13661.6
2026-07-17T16:30:00Z,12344.6
2026-07-17T16:45:00Z,13764.8
2026-07-17T17:00:00Z,11794.6
2026-07-17T17:15:00Z,17809.1
2026-07-17T17:30:00Z,13278.5
2026-07-17T17:45:00Z,13005.1
2026-07-17T18:00:00Z,10877.9
2026-07-17T18:15:00Z,11549.8
2026-07-17T18:30:00Z,13342.1
2026-07-17T18:45:00Z,15196.3
2026-07-17T19:00:00Z,12602.5
2026-07-17T19:15:00Z,10725.9
2026-07-17T19:30:00Z,13312.6
2026-07-17T19:45:00Z,13838.3
2026-07-17T20:00:00Z,21828.1
2026-07-17T20:15:00Z,21675.0
2026-07-17T20:30:00Z,15370.9
2026-07-17T20:45:00Z,21506.0
2026-07-17T21:00:00Z,23472.7
2026-07-17T21:15:00Z,23001.4
2026-07-17T21:30:00Z,17760.7
2026-07-17T21:45:00Z,20320.7
2026-07-17T22:00:00Z,20934.7
2026-07-17T22:15:00Z,22864.6
2026-07-17T22:30:00Z,22689.2
2026-07-17T22:45:00Z,23105.4
2026-07-17T23:00:00Z,22167.8
2026-07-17T23:15:00Z,23696.7
2026-07-17T23:30:00Z,23555.7
2026-07-17T23:45:00Z,23884.4
2026-07-18T00:00:00Z,24229.4
2026-07-18T00:15:00Z,16140.1
2026-07-18T00:30:00Z,20409.0
2026-07-18T00:45:00Z,23933.2
2026-07-18T01:00:00Z,15836.4
2026-07-18T01:15:00Z,23011.0
2026-07-18T01:30:00Z,23549.9
2026-07-18T01:45:00Z,18690.4
2026-07-18T02:00:00Z,22730.2
2026-07-18T02:15:00Z,23924.6
2026-07-18T02:30:00Z,23945.0
2026-07-18T02:45:00Z,10953.6
2026-07-18T03:00:00Z,13726.1
2026-07-18T03:15:00Z,11493.3
2026-07-18T03:30:00Z,16007.9
2026-07-18T03:45:00Z,8023.1
2026-07-18T04:00:00Z,17014.3
2026-07-18T04:15:00Z,21522.0
2026-07-18T04:30:00Z,17529.2
2026-07-18T04:45:00Z,20450.2
2026-07-18T05:00:00Z,21196.1
2026-07-18T05:15:00Z,20692.0
2026-07-18T05:30:00Z,17028.4
2026-07-18T05:45:00Z,22293.5
2026-07-18T06:00:00Z,21637.2
2026-07-18T06:15:00Z,21633.5
2026-07-18T06:30:00Z,18515.8
2026-07-18T06:45:00Z,20227.0
2026-07-18T07:00:00Z,22201.7
2026-07-18T07:15:00Z,20608.8
2026-07-18T07:30:00Z,15055.4
2026-07-18T07:45:00Z,19223.6
2026-07-18T08:00:00Z,22516.2
2026-07-18T08:15:00Z,20703.3
2026-07-18T08:30:00Z,19001.6
2026-07-18T08:45:00Z,20222.0
2026-07-18T09:00:00Z,18041.4
2026-07-18T09:15:00Z,20538.1
2026-07-18T09:30:00Z,17948.4
2026-07-18T09:45:00Z,19981.0
2026-07-18T10:00:00Z,20741.5
2026-07-18T10:15:00Z,17718.0
2026-07-18T10:30:00Z,18329.0
2026-07-18T10:45:00Z,14223.9
2026-07-18T11:00:00Z,19627.2
2026-07-18T11:15:00Z,13987.8
2026-07-18T11:30:00Z,19599.6
2026-07-18T11:45:00Z,22076.6
2026-07-18T12:00:00Z,23003.5
2026-07-18T12:15:00Z,15344.1
2026-07-18T12:30:00Z,20659.8
2026-07-18T12:45:00Z,19056.4
2026-07-18T13:00:00Z,17437.1
2026-07-18T13:15:00Z,22179.0
2026-07-18T13:30:00Z,22035.4
2026-07-18T13:45:00Z,21792.1
2026-07-18T14:00:00Z,20502.9
2026-07-18T14:15:00Z,21544.5
2026-07-18T14:30:00Z,20774.1
2026-07-18T14:45:00Z,18771.6
2026-07-18T15:00:00Z,19240.6
2026-07-18T15:15:00Z,20930.6
2026-07-18T15:30:00Z,18817.2
2026-07-18T15:45:00Z,21900.9
2026-07-18T16:00:00Z,23247.2
2026-07-18T16:15:00Z,23012.1
2026-07-18T16:30:00Z,14767.8
2026-07-18T16:45:00Z,17024.9
2026-07-18T17:00:00Z,22770.0
2026-07-18T17:15:00Z,19604.3
2026-07-18T17:30:00Z,23667.7
2026-07-18T17:45:00Z,23169.4
2026-07-18T18:00:00Z,23882.4
2026-07-18T18:15:00Z,18531.5
2026-07-18T18:30:00Z,17459.5
2026-07-18T18:45:00Z,21053.6
2026-07-18T19:00:00Z,22869.8
2026-07-18T19:15:00Z,21730.8
2026-07-18T19:30:00Z,18846.1
2026-07-18T19:45:00Z,22384.0
2026-07-18T20:00:00Z,18586.9
2026-07-18T20:15:00Z,22420.8
2026-07-18T20:30:00Z,23639.8
2026-07-18T20:45:00Z,21244.8
2026-07-18T21:00:00Z,23840.6
2026-07-18T21:15:00Z,20359.9
2026-07-18T21:30:00Z,21179.4
2026-07-18T21:45:00Z,23566.1
2026-07-18T22:00:00Z,22754.3
2026-07-18T22:15:00Z,24113.0
2026-07-18T22:30:00Z,21094.0
2026-07-18T22:45:00Z,22718.0
2026-07-18T23:00:00Z,20421.2
2026-07-18T23:15:00Z,21678.3
2026-07-18T23:30:00Z,22684.7
2026-07-18T23:45:00Z,13469.5
2026-07-19T00:00:00Z,23301.1
2026-07-19T00:15:00Z,18462.7
2026-07-19T00:30:00Z,22754.1
2026-07-19T00:45:00Z,20841.6
2026-07-19T01:00:00Z,22379.6
2026-07-19T01:15:00Z,21475.0
2026-07-19T01:30:00Z,18086.7
2026-07-19T01:45:00Z,21414.8
2026-07-19T02:00:00Z,21317.4
2026-07-19T02:15:00Z,20313.0
2026-07-19T02:30:00Z,18727.0
2026-07-19T02:45:00Z,23570.7
2026-07-19T03:00:00Z,23914.3
2026-07-19T03:15:00Z,16153.4
2026-07-19T03:30:00Z,23406.4
2026-07-19T03:45:00Z,23359.4
2026-07-19T04:00:00Z,17698.5
2026-07-19T04:15:00Z,21973.8
2026-07-19T04:30:00Z,19593.9
2026-07-19T04:45:00Z,19013.6
2026-07-19T05:00:00Z,12185.0
2026-07-19T05:15:00Z,20889.4
2026-07-19T05:30:00Z,20464.4
2026-07-19T05:45:00Z,20449.9
2026-07-19T06:00:00Z,20181.3
2026-07-19T06:15:00Z,21719.3
2026-07-19T06:30:00Z,21515.2
2026-07-19T06:45:00Z,20959.6
2026-07-19T07:00:00Z,16694.2
2026-07-19T07:15:00Z,21578.2
2026-07-19T07:30:00Z,20644.5
2026-07-19T07:45:00Z,21712.6
2026-07-19T08:00:00Z,19496.4
2026-07-19T08:15:00Z,19265.9
2026-07-19T08:30:00Z,19812.4
2026-07-19T08:45:00Z,22021.2
2026-07-19T09:00:00Z,13754.0
2026-07-19T09:15:00Z,19473.4
2026-07-19T09:30:00Z,17288.5
2026-07-19T09:45:00Z,21807.6
2026-07-19T10:00:00Z,6891.3
2026-07-19T10:15:00Z,19932.7
2026-07-19T10:30:00Z,20461.3
2026-07-19T10:45:00Z,20904.1
2026-07-19T11:00:00Z,20229.3
2026-07-19T11:15:00Z,21145.8
2026-07-19T11:30:00Z,18791.2
2026-07-19T11:45:00Z,20963.2
2026-07-19T12:00:00Z,18324.4
2026-07-19T12:15:00Z,19971.0
2026-07-19T12:30:00Z,20425.8
2026-07-19T12:45:00Z,19382.3
2026-07-19T13:00:00Z,22609.1
2026-07-19T13:15:00Z,20615.5
2026-07-19T13:30:00Z,20953.4
2026-07-19T13:45:00Z,15516.1
2026-07-19T14:00:00Z,20857.3
2026-07-19T14:15:00Z,16539.2
2026-07-19T14:30:00Z,19304.0
2026-07-19T14:45:00Z,19633.1
2026-07-19T15:00:00Z,22207.4
2026-07-19T15:15:00Z,14912.1
2026-07-19T15:30:00Z,22805.8
2026-07-19T15:45:00Z,13309.4
2026-07-19T16:00:00Z,21007.2
2026-07-19T16:15:00Z,17981.8
2026-07-19T16:30:00Z,22215.8
2026-07-19T16:45:00Z,22077.8
2026-07-19T17:00:00Z,21056.7
2026-07-19T17:15:00Z,22179.1
2026-07-19T17:30:00Z,16620.4
2026-07-19T17:45:00Z,23258.2
2026-07-19T18:00:00Z,20718.1
2026-07-19T18:15:00Z,23854.9
2026-07-19T18:30:00Z,22568.2
2026-07-19T18:45:00Z,23701.6
2026-07-19T19:00:00Z,22860.8
2026-07-19T19:15:00Z,16531.0
2026-07-19T19:30:00Z,18684.6
2026-07-19T19:45:00Z,11908.0
2026-07-19T20:00:00Z,23592.1
2026-07-19T20:15:00Z,22643.3
2026-07-19T20:30:00Z,16028.7
2026-07-19T20:45:00Z,23012.7
2026-07-19T21:00:00Z,20411.0
2026-07-19T21:15:00Z,23069.2
2026-07-19T21:30:00Z,23967.7
2026-07-19T21:45:00Z,24407.2
2026-07-19T22:00:00Z,18148.9
2026-07-19T22:15:00Z,16705.2
2026-07-19T22:30:00Z,23772.7
2026-07-19T22:45:00Z,23554.4
2026-07-19T23:00:00Z,23930.5
2026-07-19T23:15:00Z,20645.8
2026-07-19T23:30:00Z,23746.8
2026-07-19T23:45:00Z,24197.4
2026-07-20T00:00:00Z,20815.5
2026-07-20T00:15:00Z,23429.0
2026-07-20T00:30:00Z,23211.8
2026-07-20T00:45:00Z,17293.5
2026-07-20T01:00:00Z,21912.8
2026-07-20T01:15:00Z,22949.4
2026-07-20T01:30:00Z,23916.0
2026-07-20T01:45:00Z,23114.8
2026-07-20T02:00:00Z,24727.0
2026-07-20T02:15:00Z,22936.8
2026-07-20T02:30:00Z,24569.7
2026-07-20T02:45:00Z,21266.7
2026-07-20T03:00:00Z,16044.9
2026-07-20T03:15:00Z,22365.6
2026-07-20T03:30:00Z,18989.0
2026-07-20T03:45:00Z,19509.0
2026-07-20T04:00:00Z,14212.3
2026-07-20T04:15:00Z,14636.7
2026-07-20T04:30:00Z,11741.6
2026-07-20T04:45:00Z,18802.7
2026-07-20T05:00:00Z,18261.3
2026-07-20T05:15:00Z,8374.4
2026-07-20T05:30:00Z,17832.8
2026-07-20T05:45:00Z,13652.4
2026-07-20T06:00:00Z,12773.3
2026-07-20T06:15:00Z,6749.4
2026-07-20T06:30:00Z,11047.0
2026-07-20T06:45:00Z,18701.5
2026-07-20T07:00:00Z,16513.7
2026-07-20T07:15:00Z,12639.3
2026-07-20T07:30:00Z,9503.8
2026-07-20T07:45:00Z,9665.2
2026-07-20T08:00:00Z,15020.7
2026-07-20T08:15:00Z,8901.8
2026-07-20T08:30:00Z,16342.2
2026-07-20T08:45:00Z,8478.2
2026-07-20T09:00:00Z,14728.7
2026-07-20T09:15:00Z,13946.6
2026-07-20T09:30:00Z,13043.6
2026-07-20T09:45:00Z,9880.4
2026-07-20T10:00:00Z,12760.0
2026-07-20T10:15:00Z,11944.3
2026-07-20T10:30:00Z,11890.2
2026-07-20T10:45:00Z,10236.5
2026-07-20T11:00:00Z,9937.7
2026-07-20T11:15:00Z,18079.1
2026-07-20T11:30:00Z,18037.1
2026-07-20T11:45:00Z,10840.7
2026-07-20T12:00:00Z,17179.7
2026-07-20T12:15:00Z,13035.4
2026-07-20T12:30:00Z,14268.2
2026-07-20T12:45:00Z,8376.0
2026-07-20T13:00:00Z,16575.7
2026-07-20T13:15:00Z,13620.7
2026-07-20T13:30:00Z,9984.8
2026-07-20T13:45:00Z,11875.8
2026-07-20T14:00:00Z,12858.7
2026-07-20T14:15:00Z,14955.4
2026-07-20T14:30:00Z,12086.5
2026-07-20T14:45:00Z,6245.1
2026-07-20T15:00:00Z,6093.9
2026-07-20T15:15:00Z,18227.0
2026-07-20T15:30:00Z,6275.7
2026-07-20T15:45:00Z,7121.3
2026-07-20T16:00:00Z,14511.8
2026-07-20T16:15:00Z,21120.1
2026-07-20T16:30:00Z,22741.1
2026-07-20T16:45:00Z,17448.0
2026-07-20T17:00:00Z,15468.3
2026-07-20T17:15:00Z,18558.8
2026-07-20T17:30:00Z,15391.8
2026-07-20T17:45:00Z,17609.7
2026-07-20T18:00:00Z,13676.6
2026-07-20T18:15:00Z,20746.2
2026-07-20T18:30:00Z,11935.5
2026-07-20T18:45:00Z,12673.5
2026-07-20T19:00:00Z,15283.2
2026-07-20T19:15:00Z,24597.3
2026-07-20T19:30:00Z,10109.0
2026-07-20T19:45:00Z,19403.0
2026-07-20T20:00:00Z,22037.1
2026-07-20T20:15:00Z,23084.2
2026-07-20T20:30:00Z,17973.1
2026-07-20T20:45:00Z,23653.7
2026-07-20T21:00:00Z,17719.4
2026-07-20T21:15:00Z,22863.3
2026-07-20T21:30:00Z,23370.6
2026-07-20T21:45:00Z,23351.4
2026-07-20T22:00:00Z,19582.4
2026-07-20T22:15:00Z,19841.5
2026-07-20T22:30:00Z,24094.2
2026-07-20T22:45:00Z,23098.0
2026-07-20T23:00:00Z,20531.3
2026-07-20T23:15:00Z,21823.5
2026-07-20T23:30:00Z,23270.0
2026-07-20T23:45:00Z,23025.8
2026-07-21T00:00:00Z,22811.0
2026-07-21T00:15:00Z,22846.8
2026-07-21T00:30:00Z,20709.2
2026-07-21T00:45:00Z,19425.5
2026-07-21T01:00:00Z,24242.4
2026-07-21T01:15:00Z,24136.5
2026-07-21T01:30:00Z,20222.5
2026-07-21T01:45:00Z,22066.8
2026-07-21T02:00:00Z,21621.4
2026-07-21T02:15:00Z,23291.1
2026-07-21T02:30:00Z,22494.2
2026-07-21T02:45:00Z,20541.3
2026-07-21T03:00:00Z,21814.8
2026-07-21T03:15:00Z,23714.1
2026-07-21T03:30:00Z,23360.3
2026-07-21T03:45:00Z,20418.2
2026-07-21T04:00:00Z,23502.9
2026-07-21T04:15:00Z,11647.7
2026-07-21T04:30:00Z,22692.2
2026-07-21T04:45:00Z,15321.7
2026-07-21T05:00:00Z,13466.6
2026-07-21T05:15:00Z,17652.3
2026-07-21T05:30:00Z,12491.3
2026-07-21T05:45:00Z,7986.2
2026-07-21T06:00:00Z,13563.3
2026-07-21T06:15:00Z,10030.2
2026-07-21T06:30:00Z,12719.6
2026-07-21T06:45:00Z,5836.6
2026-07-21T07:00:00Z,15644.6
2026-07-21T07:15:00Z,10832.9
2026-07-21T07:30:00Z,13661.8
2026-07-21T07:45:00Z,15566.4
2026-07-21T08:00:00Z,8567.9
2026-07-21T08:15:00Z,9561.4
2026-07-21T08:30:00Z,16586.9
2026-07-21T08:45:00Z,15913.3
2026-07-21T09:00:00Z,9061.3
2026-07-21T09:15:00Z,9202.6
2026-07-21T09:30:00Z,16166.1
2026-07-21T09:45:00Z,12985.6
2026-07-21T10:00:00Z,9735.1
2026-07-21T10:15:00Z,3667.6
2026-07-21T10:30:00Z,16332.9
2026-07-21T10:45:00Z,5958.0
2026-07-21T11:00:00Z,11852.7
2026-07-21T11:15:00Z,8594.1
2026-07-21T11:30:00Z,20767.6
2026-07-21T11:45:00Z,18240.4
2026-07-21T12:00:00Z,9164.2
2026-07-21T12:15:00Z,14675.5
2026-07-21T12:30:00Z,10974.1
2026-07-21T12:45:00Z,15430.6
2026-07-21T13:00:00Z,11560.3
2026-07-21T13:15:00Z,14527.3
2026-07-21T13:30:00Z,20849.8
2026-07-21T13:45:00Z,15429.3
2026-07-21T14:00:00Z,10364.1
2026-07-21T14:15:00Z,16180.0
2026-07-21T14:30:00Z,7151.3
2026-07-21T14:45:00Z,7968.8
2026-07-21T15:00:00Z,18195.5
2026-07-21T15:15:00Z,13838.7
2026-07-21T15:30:00Z,22371.4
2026-07-21T15:45:00Z,10529.4
2026-07-21T16:00:00Z,6326.0
2026-07-21T16:15:00Z,13843.2
2026-07-21T16:30:00Z,13419.4
2026-07-21T16:45:00Z,12839.3
2026-07-21T17:00:00Z,18126.2
2026-07-21T17:15:00Z,12507.6
2026-07-21T17:30:00Z,16387.2
2026-07-21T17:45:00Z,13734.5
2026-07-21T18:00:00Z,14445.8
2026-07-21T18:15:00Z,13274.4
2026-07-21T18:30:00Z,14946.4
2026-07-21T18:45:00Z,24423.7
2026-07-21T19:00:00Z,11527.7
2026-07-21T19:15:00Z,21431.8
2026-07-21T19:30:00Z,12700.9
2026-07-21T19:45:00Z,9080.7
2026-07-21T20:00:00Z,24372.3
2026-07-21T20:15:00Z,20760.9
2026-07-21T20:30:00Z,20751.4
2026-07-21T20:45:00Z,24034.8
2026-07-21T21:00:00Z,21542.4
2026-07-21T21:15:00Z,24012.9
2026-07-21T21:30:00Z,24356.2
2026-07-21T21:45:00Z,19879.7
2026-07-21T22:00:00Z,22290.6
2026-07-21T22:15:00Z,20542.7
2026-07-21T22:30:00Z,23896.7
2026-07-21T22:45:00Z,21429.5
2026-07-21T23:00:00Z,23685.6
2026-07-21T23:15:00Z,22921.3
2026-07-21T23:30:00Z,19625.6
2026-07-21T23:45:00Z,24426.9
2026-07-22T00:00:00Z,16491.8
2026-07-22T00:15:00Z,21824.7
2026-07-22T00:30:00Z,22498.4
2026-07-22T00:45:00Z,22316.7
2026-07-22T01:00:00Z,18834.3
2026-07-22T01:15:00Z,21893.9
2026-07-22T01:30:00Z,22838.7
2026-07-22T01:45:00Z,23618.4
2026-07-22T02:00:00Z,20596.9
2026-07-22T02:15:00Z,20504.5
2026-07-22T02:30:00Z,23745.2
2026-07-22T02:45:00Z,23573.9
2026-07-22T03:00:00Z,18628.8
2026-07-22T03:15:00Z,23015.9
2026-07-22T03:30:00Z,19209.5
2026-07-22T03:45:00Z,23374.3
2026-07-22T04:00:00Z,19895.2
2026-07-22T04:15:00Z,17816.8
2026-07-22T04:30:00Z,18762.4
2026-07-22T04:45:00Z,13751.7
2026-07-22T05:00:00Z,12760.5
2026-07-22T05:15:00Z,10662.5
2026-07-22T05:30:00Z,14586.2
2026-07-22T05:45:00Z,14080.8
2026-07-22T06:00:00Z,14771.7
2026-07-22T06:15:00Z,14646.6
2026-07-22T06:30:00Z,7854.2
2026-07-22T06:45:00Z,11855.1
2026-07-22T07:00:00Z,15918.8
2026-07-22T07:15:00Z,15618.7
2026-07-22T07:30:00Z,12408.3
2026-07-22T07:45:00Z,15251.7
2026-07-22T08:00:00Z,14809.1
2026-07-22T08:15:00Z,12914.1
2026-07-22T08:30:00Z,18823.3
2026-07-22T08:45:00Z,9943.3
2026-07-22T09:00:00Z,7633.2
2026-07-22T09:15:00Z,11391.7
2026-07-22T09:30:00Z,15838.1
2026-07-22T09:45:00Z,14579.5
2026-07-22T10:00:00Z,9412.5
2026-07-22T10:15:00Z,15278.9
2026-07-22T10:30:00Z,16596.1
2026-07-22T10:45:00Z,10710.8
2026-07-22T11:00:00Z,14366.9
2026-07-22T11:15:00Z,18848.4
2026-07-22T11:30:00Z,13257.5
2026-07-22T11:45:00Z,18000.9
2026-07-22T12:00:00Z,10914.6
2026-07-22T12:15:00Z,15477.3
2026-07-22T12:30:00Z,8780.5
2026-07-22T12:45:00Z,16590.2
2026-07-22T13:00:00Z,16144.8
2026-07-22T13:15:00Z,19696.7
2026-07-22T13:30:00Z,15828.4
2026-07-22T13:45:00Z,18298.7
2026-07-22T14:00:00Z,22518.1
2026-07-22T14:15:00Z,20538.3
2026-07-22T14:30:00Z,16061.0
2026-07-22T14:45:00Z,13109.9
2026-07-22T15:00:00Z,8691.6
2026-07-22T15:15:00Z,13450.0
2026-07-22T15:30:00Z,20411.0
2026-07-22T15:45:00Z,10208.8
2026-07-22T16:00:00Z,19102.4
2026-07-22T16:15:00Z,18495.7
2026-07-22T16:30:00Z,14974.1
2026-07-22T16:45:00Z,14212.7
2026-07-22T17:00:00Z,9544.4
2026-07-22T17:15:00Z,16760.9
2026-07-22T17:30:00Z,9909.3
2026-07-22T17:45:00Z,14824.2
2026-07-22T18:00:00Z,17917.1
2026-07-22T18:15:00Z,15660.2
2026-07-22T18:30:00Z,19547.1
2026-07-22T18:45:00Z,10807.8
2026-07-22T19:00:00Z,19064.5
2026-07-22T19:15:00Z,24124.1
2026-07-22T19:30:00Z,15191.0
2026-07-22T19:45:00Z,17015.7
2026-07-22T20:00:00Z,24591.3
2026-07-22T20:15:00Z,20395.7
2026-07-22T20:30:00Z,20048.0
2026-07-22T20:45:00Z,19250.5
2026-07-22T21:00:00Z,21648.0
2026-07-22T21:15:00Z,20585.1
2026-07-22T21:30:00Z,21954.8
2026-07-22T21:45:00Z,24336.2
2026-07-22T22:00:00Z,24186.3
2026-07-22T22:15:00Z,15692.3
2026-07-22T22:30:00Z,22926.6
2026-07-22T22:45:00Z,23279.3
2026-07-22T23:00:00Z,19132.6
2026-07-22T23:15:00Z,23581.0
2026-07-22T23:30:00Z,24520.5
2026-07-22T23:45:00Z,22369.6
2026-07-23T00:00:00Z,20220.6
2026-07-23T00:15:00Z,21932.8
2026-07-23T00:30:00Z,20093.8
2026-07-23T00:45:00Z,22683.9
2026-07-23T01:00:00Z,22470.9
2026-07-23T01:15:00Z,22083.5
2026-07-23T01:30:00Z,23836.6
2026-07-23T01:45:00Z,20479.5
2026-07-23T02:00:00Z,22651.3
2026-07-23T02:15:00Z,18580.5
2026-07-23T02:30:00Z,19981.4
2026-07-23T02:45:00Z,19517.3
2026-07-23T03:00:00Z,21678.2
2026-07-23T03:15:00Z,23866.4
2026-07-23T03:30:00Z,22979.7
2026-07-23T03:45:00Z,22669.8
2026-07-23T04:00:00Z,15350.6
2026-07-23T04:15:00Z,17881.0
2026-07-23T04:30:00Z,11622.2
2026-07-23T04:45:00Z,8529.3
2026-07-23T05:00:00Z,15387.6
2026-07-23T05:15:00Z,5782.2
2026-07-23T05:30:00Z,18232.4
2026-07-23T05:45:00Z,17302.1
2026-07-23T06:00:00Z,11351.0
2026-07-23T06:15:00Z,17403.9
2026-07-23T06:30:00Z,5878.1
2026-07-23T06:45:00Z,12958.7
2026-07-23T07:00:00Z,9222.7
2026-07-23T07:15:00Z,17118.9
2026-07-23T07:30:00Z,9253.5
2026-07-23T07:45:00Z,11028.7
2026-07-23T08:00:00Z,11680.0
2026-07-23T08:15:00Z,10697.7
2026-07-23T08:30:00Z,14561.9
2026-07-23T08:45:00Z,13120.1
2026-07-23T09:00:00Z,9459.6
2026-07-23T09:15:00Z,14685.0
2026-07-23T09:30:00Z,11068.8
2026-07-23T09:45:00Z,7867.6
2026-07-23T10:00:00Z,11381.8
2026-07-23T10:15:00Z,14720.6
2026-07-23T10:30:00Z,10832.1
2026-07-23T10:45:00Z,15696.6
2026-07-23T11:00:00Z,9971.5
2026-07-23T11:15:00Z,6656.5
2026-07-23T11:30:00Z,11123.0
2026-07-23T11:45:00Z,9105.8
2026-07-23T12:00:00Z,11240.7
2026-07-23T12:15:00Z,9416.1
2026-07-23T12:30:00Z,12365.4
2026-07-23T12:45:00Z,14626.4
2026-07-23T13:00:00Z,12843.1
2026-07-23T13:15:00Z,17762.0
2026-07-23T13:30:00Z,7502.7
2026-07-23T13:45:00Z,11763.1
2026-07-23T14:00:00Z,14830.0
2026-07-23T14:15:00Z,11396.4
2026-07-23T14:30:00Z,14446.2
2026-07-23T14:45:00Z,6071.0
2026-07-23T15:00:00Z,6159.1
2026-07-23T15:15:00Z,21648.4
2026-07-23T15:30:00Z,20934.3
2026-07-23T15:45:00Z,17909.1
2026-07-23T16:00:00Z,10024.5
2026-07-23T16:15:00Z,9497.9
2026-07-23T16:30:00Z,14324.7
2026-07-23T16:45:00Z,17991.3
2026-07-23T17:00:00Z,14253.7
2026-07-23T17:15:00Z,21720.2
2026-07-23T17:30:00Z,17006.1
2026-07-23T17:45:00Z,14986.7
2026-07-23T18:00:00Z,10902.8
2026-07-23T18:15:00Z,10093.5
2026-07-23T18:30:00Z,12079.5
2026-07-23T18:45:00Z,14494.0
2026-07-23T19:00:00Z,19195.5
2026-07-23T19:15:00Z,16321.5
2026-07-23T19:30:00Z,11087.2
2026-07-23T19:45:00Z,12249.5
2026-07-23T20:00:00Z,20618.3
2026-07-23T20:15:00Z,21903.6
2026-07-23T20:30:00Z,21730.8
2026-07-23T20:45:00Z,23053.9
2026-07-23T21:00:00Z,24484.3
2026-07-23T21:15:00Z,22977.4
2026-07-23T21:30:00Z,24238.6
2026-07-23T21:45:00Z,17847.6
2026-07-23T22:00:00Z,23927.8
2026-07-23T22:15:00Z,21578.1
2026-07-23T22:30:00Z,22271.6
2026-07-23T22:45:00Z,23958.9
2026-07-23T23:00:00Z,23768.7
2026-07-23T23:15:00Z,21398.0
2026-07-23T23:30:00Z,18776.2
2026-07-23T23:45:00Z,23086.1
2026-07-24T00:00:00Z,20433.5
2026-07-24T00:15:00Z,24226.5
2026-07-24T00:30:00Z,23835.0
2026-07-24T00:45:00Z,14846.2
2026-07-24T01:00:00Z,22969.0
2026-07-24T01:15:00Z,20687.3
2026-07-24T01:30:00Z,23031.9
2026-07-24T01:45:00Z,19388.0
2026-07-24T02:00:00Z,19790.7
2026-07-24T02:15:00Z,23264.4
2026-07-24T02:30:00Z,18099.4
2026-07-24T02:45:00Z,20574.8
2026-07-24T03:00:00Z,23129.1
2026-07-24T03:15:00Z,23393.9
2026-07-24T03:30:00Z,23767.5
2026-07-24T03:45:00Z,21934.6
2026-07-24T04:00:00Z,17889.5
2026-07-24T04:15:00Z,12142.0
2026-07-24T04:30:00Z,13882.1
2026-07-24T04:45:00Z,7866.4
2026-07-24T05:00:00Z,17531.0
2026-07-24T05:15:00Z,14512.2
2026-07-24T05:30:00Z,21122.6
2026-07-24T05:45:00Z,19487.1
2026-07-24T06:00:00Z,11481.0
2026-07-24T06:15:00Z,11773.5
2026-07-24T06:30:00Z,11335.8
2026-07-24T06:45:00Z,11483.6
2026-07-24T07:00:00Z,15574.6
2026-07-24T07:15:00Z,13298.1
2026-07-24T07:30:00Z,15033.9
2026-07-24T07:45:00Z,20427.2
2026-07-24T08:00:00Z,13579.3
2026-07-24T08:15:00Z,11378.0
2026-07-24T08:30:00Z,6778.6
2026-07-24T08:45:00Z,16295.3
2026-07-24T09:00:00Z,12180.2
2026-07-24T09:15:00Z,8436.8
2026-07-24T09:30:00Z,7630.7
2026-07-24T09:45:00Z,12000.0
2026-07-24T10:00:00Z,18933.6
2026-07-24T10:15:00Z,9812.8
2026-07-24T10:30:00Z,13061.3
2026-07-24T10:45:00Z,11442.5
2026-07-24T11:00:00Z,7816.5
2026-07-24T11:15:00Z,6765.4
2026-07-24T11:30:00Z,12223.0
2026-07-24T11:45:00Z,10385.8
2026-07-24T12:00:00Z,16416.5
2026-07-24T12:15:00Z,12149.7
2026-07-24T12:30:00Z,13092.3
2026-07-24T12:45:00Z,14030.5
2026-07-24T13:00:00Z,15305.3
2026-07-24T13:15:00Z,6835.7
2026-07-24T13:30:00Z,11641.2
2026-07-24T13:45:00Z,13290.0
2026-07-24T14:00:00Z,8395.9
2026-07-24T14:15:00Z,18085.9
2026-07-24T14:30:00Z,11462.1
2026-07-24T14:45:00Z,11878.8
2026-07-24T15:00:00Z,17294.5
2026-07-24T15:15:00Z,20330.8
2026-07-24T15:30:00Z,8205.2
2026-07-24T15:45:00Z,9225.8
2026-07-24T16:00:00Z,14321.9
2026-07-24T16:15:00Z,8413.1
2026-07-24T16:30:00Z,13414.7
2026-07-24T16:45:00Z,13849.7
2026-07-24T17:00:00Z,12897.0
2026-07-24T17:15:00Z,10626.6
2026-07-24T17:30:00Z,14192.6
2026-07-24T17:45:00Z,17611.7
2026-07-24T18:00:00Z,15289.3
2026-07-24T18:15:00Z,14733.5
2026-07-24T18:30:00Z,14989.9
2026-07-24T18:45:00Z,20377.3
2026-07-24T19:00:00Z,18787.5
2026-07-24T19:15:00Z,10625.8
2026-07-24T19:30:00Z,17682.4
2026-07-24T19:45:00Z,18602.0
2026-07-24T20:00:00Z,23118.4
2026-07-24T20:15:00Z,23492.6
2026-07-24T20:30:00Z,23931.6
2026-07-24T20:45:00Z,23757.3
2026-07-24T21:00:00Z,20298.8
2026-07-24T21:15:00Z,23981.3
2026-07-24T21:30:00Z,22580.2
2026-07-24T21:45:00Z,24430.2
2026-07-24T22:00:00Z,21898.8
2026-07-24T22:15:00Z,24061.8
2026-07-24T22:30:00Z,24385.9
2026-07-24T22:45:00Z,23135.8
2026-07-24T23:00:00Z,21471.7
2026-07-24T23:15:00Z,23241.2
2026-07-24T23:30:00Z,16564.1
2026-07-24T23:45:00Z,20386.3
2026-07-25T00:00:00Z,23367.0
2026-07-25T00:15:00Z,22861.9
2026-07-25T00:30:00Z,19240.6
2026-07-25T00:45:00Z,19071.2
2026-07-25T01:00:00Z,21740.2
2026-07-25T01:15:00Z,19213.5
2026-07-25T01:30:00Z,15374.9
2026-07-25T01:45:00Z,18859.6
2026-07-25T02:00:00Z,23755.4
2026-07-25T02:15:00Z,22969.9
2026-07-25T02:30:00Z,20273.0
2026-07-25T02:45:00Z,23376.0
2026-07-25T03:00:00Z,23437.0
2026-07-25T03:15:00Z,17265.7
2026-07-25T03:30:00Z,21779.6
2026-07-25T03:45:00Z,23915.0
2026-07-25T04:00:00Z,24110.3
2026-07-25T04:15:00Z,16349.0
2026-07-25T04:30:00Z,22827.5
2026-07-25T04:45:00Z,21565.3
2026-07-25T05:00:00Z,22257.0
2026-07-25T05:15:00Z,21365.6
2026-07-25T05:30:00Z,22865.4
2026-07-25T05:45:00Z,21241.2
2026-07-25T06:00:00Z,23150.3
2026-07-25T06:15:00Z,17879.2
2026-07-25T06:30:00Z,16037.7
2026-07-25T06:45:00Z,23251.3
2026-07-25T07:00:00Z,15397.6
2026-07-25T07:15:00Z,19747.1
2026-07-25T07:30:00Z,21124.4
2026-07-25T07:45:00Z,18611.0
2026-07-25T08:00:00Z,18168.8
2026-07-25T08:15:00Z,17574.7
2026-07-25T08:30:00Z,20275.2
2026-07-25T08:45:00Z,17511.0
2026-07-25T09:00:00Z,13522.4
2026-07-25T09:15:00Z,16963.6
2026-07-25T09:30:00Z,20928.2
2026-07-25T09:45:00Z,20336.9
2026-07-25T10:00:00Z,13932.2
2026-07-25T10:15:00Z,14371.1
2026-07-25T10:30:00Z,18917.5
2026-07-25T10:45:00Z,16286.8
2026-07-25T11:00:00Z,20384.8
2026-07-25T11:15:00Z,22391.7
2026-07-25T11:30:00Z,17111.3
2026-07-25T11:45:00Z,21029.8
2026-07-25T12:00:00Z,19148.1
2026-07-25T12:15:00Z,15647.8
2026-07-25T12:30:00Z,22097.2
2026-07-25T12:45:00Z,16457.7
2026-07-25T13:00:00Z,17619.3
2026-07-25T13:15:00Z,18087.7
2026-07-25T13:30:00Z,22237.9
2026-07-25T13:45:00Z,17525.4
2026-07-25T14:00:00Z,19197.2
2026-07-25T14:15:00Z,17541.5
2026-07-25T14:30:00Z,21988.1
2026-07-25T14:45:00Z,21194.2
2026-07-25T15:00:00Z,19353.9
2026-07-25T15:15:00Z,21560.0
2026-07-25T15:30:00Z,19591.3
2026-07-25T15:45:00Z,19245.7
2026-07-25T16:00:00Z,17714.5
2026-07-25T16:15:00Z,18633.7
2026-07-25T16:30:00Z,17336.9
2026-07-25T16:45:00Z,22346.7
2026-07-25T17:00:00Z,22286.6
2026-07-25T17:15:00Z,22823.7
2026-07-25T17:30:00Z,23741.6
2026-07-25T17:45:00Z,22591.3
2026-07-25T18:00:00Z,23576.5
2026-07-25T18:15:00Z,23981.4
2026-07-25T18:30:00Z,22471.8
2026-07-25T18:45:00Z,18830.9
2026-07-25T19:00:00Z,23648.8
2026-07-25T19:15:00Z,22317.2
2026-07-25T19:30:00Z,16432.4
2026-07-25T19:45:00Z,23645.9
2026-07-25T20:00:00Z,17049.7
2026-07-25T20:15:00Z,23532.8
2026-07-25T20:30:00Z,15865.3
2026-07-25T20:45:00Z,14952.4
2026-07-25T21:00:00Z,21279.0
2026-07-25T21:15:00Z,22335.5
2026-07-25T21:30:00Z,22373.5
2026-07-25T21:45:00Z,22940.4
2026-07-25T22:00:00Z,20112.4
2026-07-25T22:15:00Z,19818.9
2026-07-25T22:30:00Z,23841.0
2026-07-25T22:45:00Z,21827.1
2026-07-25T23:00:00Z,21237.1
2026-07-25T23:15:00Z,23345.0
2026-07-25T23:30:00Z,20131.5
2026-07-25T23:45:00Z,14624.4
2026-07-26T00:00:00Z,22556.1
2026-07-26T00:15:00Z,19910.1
2026-07-26T00:30:00Z,23456.9
2026-07-26T00:45:00Z,22324.6
2026-07-26T01:00:00Z,21746.0
2026-07-26T01:15:00Z,18692.5
2026-07-26T01:30:00Z,23153.5
2026-07-26T01:45:00Z,23769.3
2026-07-26T02:00:00Z,23437.6
2026-07-26T02:15:00Z,23345.9
2026-07-26T02:30:00Z,23769.2
2026-07-26T02:45:00Z,23359.5
2026-07-26T03:00:00Z,22368.5
2026-07-26T03:15:00Z,19644.1
2026-07-26T03:30:00Z,22033.4
2026-07-26T03:45:00Z,23303.4
2026-07-26T04:00:00Z,20165.4
2026-07-26T04:15:00Z,21333.9
2026-07-26T04:30:00Z,17886.6
2026-07-26T04:45:00Z,21498.9
2026-07-26T05:00:00Z,21946.2
2026-07-26T05:15:00Z,17676.5
2026-07-26T05:30:00Z,16549.5
2026-07-26T05:45:00Z,22524.6
2026-07-26T06:00:00Z,20248.3
2026-07-26T06:15:00Z,11090.8
2026-07-26T06:30:00Z,21228.7
2026-07-26T06:45:00Z,20615.1
2026-07-26T07:00:00Z,20832.3
2026-07-26T07:15:00Z,17094.0
2026-07-26T07:30:00Z,19044.2
2026-07-26T07:45:00Z,19310.4
2026-07-26T08:00:00Z,18620.0
2026-07-26T08:15:00Z,20206.7
2026-07-26T08:30:00Z,21634.2
2026-07-26T08:45:00Z,20214.9
2026-07-26T09:00:00Z,12190.4
2026-07-26T09:15:00Z,19254.7
2026-07-26T09:30:00Z,19379.7
2026-07-26T09:45:00Z,20769.0
2026-07-26T10:00:00Z,20462.4
2026-07-26T10:15:00Z,17664.3
2026-07-26T10:30:00Z,16037.2
2026-07-26T10:45:00Z,20042.2
2026-07-26T11:00:00Z,20893.2
2026-07-26T11:15:00Z,19480.7
2026-07-26T11:30:00Z,20088.9
2026-07-26T11:45:00Z,20281.6
2026-07-26T12:00:00Z,16128.8
2026-07-26T12:15:00Z,14598.7
2026-07-26T12:30:00Z,11764.6
2026-07-26T12:45:00Z,14127.9
2026-07-26T13:00:00Z,14428.4
2026-07-26T13:15:00Z,19936.5
2026-07-26T13:30:00Z,17812.4
2026-07-26T13:45:00Z,19610.9
2026-07-26T14:00:00Z,13477.1
2026-07-26T14:15:00Z,22152.5
2026-07-26T14:30:00Z,21754.5
2026-07-26T14:45:00Z,20321.8
2026-07-26T15:00:00Z,20419.0
2026-07-26T15:15:00Z,22799.4
2026-07-26T15:30:00Z,22874.7
2026-07-26T15:45:00Z,21313.3
2026-07-26T16:00:00Z,21764.3
2026-07-26T16:15:00Z,22236.6
2026-07-26T16:30:00Z,16562.5
2026-07-26T16:45:00Z,22407.8
2026-07-26T17:00:00Z,22098.5
2026-07-26T17:15:00Z,21534.7
2026-07-26T17:30:00Z,22589.8
2026-07-26T17:45:00Z,24124.8
2026-07-26T18:00:00Z,23779.9
2026-07-26T18:15:00Z,22924.5
2026-07-26T18:30:00Z,16504.9
2026-07-26T18:45:00Z,20350.1
2026-07-26T19:00:00Z,21523.6
2026-07-26T19:15:00Z,23575.2
2026-07-26T19:30:00Z,21617.5
2026-07-26T19:45:00Z,18277.4
2026-07-26T20:00:00Z,20298.5
2026-07-26T20:15:00Z,21054.3
2026-07-26T20:30:00Z,20540.5
2026-07-26T20:45:00Z,22338.7
2026-07-26T21:00:00Z,21279.5
2026-07-26T21:15:00Z,22227.0
2026-07-26T21:30:00Z,21397.4
2026-07-26T21:45:00Z,23105.7
2026-07-26T22:00:00Z,24277.3
2026-07-26T22:15:00Z,14696.6
2026-07-26T22:30:00Z,22803.7
2026-07-26T22:45:00Z,24136.4
2026-07-26T23:00:00Z,24175.4
2026-07-26T23:15:00Z,24110.1
2026-07-26T23:30:00Z,22057.8
2026-07-26T23:45:00Z,23909.0
2026-07-27T00:00:00Z,21881.1
2026-07-27T00:15:00Z,21378.6
2026-07-27T00:30:00Z,21852.0
2026-07-27T00:45:00Z,24013.9
2026-07-27T01:00:00Z,17153.7
2026-07-27T01:15:00Z,23091.4
2026-07-27T01:30:00Z,20292.2
2026-07-27T01:45:00Z,22748.9
2026-07-27T02:00:00Z,18651.7
2026-07-27T02:15:00Z,20016.9
2026-07-27T02:30:00Z,23886.3
2026-07-27T02:45:00Z,22804.1
2026-07-27T03:00:00Z,23792.6
2026-07-27T03:15:00Z,18931.3
2026-07-27T03:30:00Z,17735.8
2026-07-27T03:45:00Z,24522.2
2026-07-27T04:00:00Z,13050.3
2026-07-27T04:15:00Z,18721.5
2026-07-27T04:30:00Z,19560.7
2026-07-27T04:45:00Z,13529.5
2026-07-27T05:00:00Z,17716.5
2026-07-27T05:15:00Z,17519.8
2026-07-27T05:30:00Z,11169.5
2026-07-27T05:45:00Z,10303.5
2026-07-27T06:00:00Z,11897.9
2026-07-27T06:15:00Z,9943.7
2026-07-27T06:30:00Z,18125.6
2026-07-27T06:45:00Z,15231.4
2026-07-27T07:00:00Z,9091.0
2026-07-27T07:15:00Z,6463.5
2026-07-27T07:30:00Z,6846.4
2026-07-27T07:45:00Z,18076.6
2026-07-27T08:00:00Z,16788.4
2026-07-27T08:15:00Z,16310.4
2026-07-27T08:30:00Z,8907.4
2026-07-27T08:45:00Z,7963.4
2026-07-27T09:00:00Z,19026.7
2026-07-27T09:15:00Z,18559.0
2026-07-27T09:30:00Z,7667.2
2026-07-27T09:45:00Z,4843.4
2026-07-27T10:00:00Z,6983.6
2026-07-27T10:15:00Z,15505.9
2026-07-27T10:30:00Z,16537.8
2026-07-27T10:45:00Z,8828.3
2026-07-27T11:00:00Z,10543.0
2026-07-27T11:15:00Z,14404.5
2026-07-27T11:30:00Z,15855.0
2026-07-27T11:45:00Z,9613.8
2026-07-27T12:00:00Z,11595.6
2026-07-27T12:15:00Z,10289.6
2026-07-27T12:30:00Z,10092.8
2026-07-27T12:45:00Z,10113.4
2026-07-27T13:00:00Z,10584.8
2026-07-27T13:15:00Z,11259.1
2026-07-27T13:30:00Z,7326.3
2026-07-27T13:45:00Z,8043.7
2026-07-27T14:00:00Z,18552.3
2026-07-27T14:15:00Z,15999.4
2026-07-27T14:30:00Z,16911.5
2026-07-27T14:45:00Z,13293.7
2026-07-27T15:00:00Z,14810.2
2026-07-27T15:15:00Z,17707.2
2026-07-27T15:30:00Z,21443.5
2026-07-27T15:45:00Z,19907.1
2026-07-27T16:00:00Z,15289.2
2026-07-27T16:15:00Z,6884.6
2026-07-27T16:30:00Z,18093.4
2026-07-27T16:45:00Z,10167.8
2026-07-27T17:00:00Z,9450.3
2026-07-27T17:15:00Z,18981.5
2026-07-27T17:30:00Z,17478.9
2026-07-27T17:45:00Z,12026.8
2026-07-27T18:00:00Z,13668.2
2026-07-27T18:15:00Z,10913.2
2026-07-27T18:30:00Z,15791.0
2026-07-27T18:45:00Z,15762.8
2026-07-27T19:00:00Z,19904.8
2026-07-27T19:15:00Z,10924.0
2026-07-27T19:30:00Z,14457.2
2026-07-27T19:45:00Z,17544.2
2026-07-27T20:00:00Z,23279.0
2026-07-27T20:15:00Z,23890.7
2026-07-27T20:30:00Z,21584.1
2026-07-27T20:45:00Z,12965.0
2026-07-27T21:00:00Z,23343.7
2026-07-27T21:15:00Z,24024.7
2026-07-27T21:30:00Z,20737.8
2026-07-27T21:45:00Z,23752.1
2026-07-27T22:00:00Z,21478.4
2026-07-27T22:15:00Z,22239.0
2026-07-27T22:30:00Z,10899.9
2026-07-27T22:45:00Z,23320.3
2026-07-27T23:00:00Z,24143.9
2026-07-27T23:15:00Z,24437.6
2026-07-27T23:30:00Z,18451.7
2026-07-27T23:45:00Z,23300.1
2026-07-28T00:00:00Z,22995.6
2026-07-28T00:15:00Z,18741.8
2026-07-28T00:30:00Z,22373.6
2026-07-28T00:45:00Z,17743.2
2026-07-28T01:00:00Z,22763.5
2026-07-28T01:15:00Z,24016.1
2026-07-28T01:30:00Z,22387.0
2026-07-28T01:45:00Z,22579.6
2026-07-28T02:00:00Z,23861.9
2026-07-28T02:15:00Z,17857.4
2026-07-28T02:30:00Z,22638.1
2026-07-28T02:45:00Z,22822.8
2026-07-28T03:00:00Z,22483.0
2026-07-28T03:15:00Z,20127.4
2026-07-28T03:30:00Z,20281.7
2026-07-28T03:45:00Z,21528.5
2026-07-28T04:00:00Z,17811.1
2026-07-28T04:15:00Z,8951.3
2026-07-28T04:30:00Z,14641.4
2026-07-28T04:45:00Z,17226.4
2026-07-28T05:00:00Z,16725.8
2026-07-28T05:15:00Z,13723.2
2026-07-28T05:30:00Z,14140.2
2026-07-28T05:45:00Z,16962.5
2026-07-28T06:00:00Z,15156.5
2026-07-28T06:15:00Z,21735.3
2026-07-28T06:30:00Z,13173.7
2026-07-28T06:45:00Z,17343.0
2026-07-28T07:00:00Z,15324.7
2026-07-28T07:15:00Z,6291.3
2026-07-28T07:30:00Z,13258.8
2026-07-28T07:45:00Z,6315.7
2026-07-28T08:00:00Z,8944.0
2026-07-28T08:15:00Z,16790.2
2026-07-28T08:30:00Z,16171.5
2026-07-28T08:45:00Z,17115.9
2026-07-28T09:00:00Z,6110.7
2026-07-28T09:15:00Z,13642.9
2026-07-28T09:30:00Z,10275.3
2026-07-28T09:45:00Z,7195.7
2026-07-28T10:00:00Z,13427.3
2026-07-28T10:15:00Z,13963.5
2026-07-28T10:30:00Z,15455.9
2026-07-28T10:45:00Z,18327.2
2026-07-28T11:00:00Z,11347.9
2026-07-28T11:15:00Z,10689.0
2026-07-28T11:30:00Z,14470.7
2026-07-28T11:45:00Z,12377.7
2026-07-28T12:00:00Z,17577.8
2026-07-28T12:15:00Z,11534.4
2026-07-28T12:30:00Z,8215.7
2026-07-28T12:45:00Z,15249.6
2026-07-28T13:00:00Z,11304.4
2026-07-28T13:15:00Z,13963.5
2026-07-28T13:30:00Z,5782.3
2026-07-28T13:45:00Z,5306.3
2026-07-28T14:00:00Z,12018.3
2026-07-28T14:15:00Z,16546.5
2026-07-28T14:30:00Z,18323.9
2026-07-28T14:45:00Z,20798.1
2026-07-28T15:00:00Z,11262.1
2026-07-28T15:15:00Z,11152.9
2026-07-28T15:30:00Z,18951.4
2026-07-28T15:45:00Z,16359.9
2026-07-28T16:00:00Z,10870.3
2026-07-28T16:15:00Z,17583.3
2026-07-28T16:30:00Z,17626.6
2026-07-28T16:45:00Z,20383.6
2026-07-28T17:00:00Z,15342.0
2026-07-28T17:15:00Z,15697.8
2026-07-28T17:30:00Z,18880.6
2026-07-28T17:45:00Z,15995.3
2026-07-28T18:00:00Z,20105.5
2026-07-28T18:15:00Z,20343.9
2026-07-28T18:30:00Z,13991.7
2026-07-28T18:45:00Z,18658.9
2026-07-28T19:00:00Z,9851.3
2026-07-28T19:15:00Z,16111.2
2026-07-28T19:30:00Z,19121.6
2026-07-28T19:45:00Z,16619.0
2026-07-28T20:00:00Z,23093.2
2026-07-28T20:15:00Z,23286.7
2026-07-28T20:30:00Z,22083.0
2026-07-28T20:45:00Z,24430.0
2026-07-28T21:00:00Z,20966.0
2026-07-28T21:15:00Z,24543.4
2026-07-28T21:30:00Z,23595.8
2026-07-28T21:45:00Z,23775.2
2026-07-28T22:00:00Z,24405.2
2026-07-28T22:15:00Z,23996.2
2026-07-28T22:30:00Z,23222.5
2026-07-28T22:45:00Z,22676.8
2026-07-28T23:00:00Z,24728.1
2026-07-28T23:15:00Z,22282.9
2026-07-28T23:30:00Z,23025.8
2026-07-28T23:45:00Z,22256.7
2026-07-29T00:00:00Z,24361.2
2026-07-29T00:15:00Z,23700.7
2026-07-29T00:30:00Z,23008.3
2026-07-29T00:45:00Z,23759.2
2026-07-29T01:00:00Z,22822.3
2026-07-29T01:15:00Z,21595.5
2026-07-29T01:30:00Z,23585.9
2026-07-29T01:45:00Z,22481.4
2026-07-29T02:00:00Z,22957.8
2026-07-29T02:15:00Z,21064.3
2026-07-29T02:30:00Z,23236.2
2026-07-29T02:45:00Z,24274.6
2026-07-29T03:00:00Z,24239.9
2026-07-29T03:15:00Z,22553.1
2026-07-29T03:30:00Z,21395.7
2026-07-29T03:45:00Z,22973.4
2026-07-29T04:00:00Z,14682.9
2026-07-29T04:15:00Z,19233.1
2026-07-29T04:30:00Z,19988.2
2026-07-29T04:45:00Z,11547.7
2026-07-29T05:00:00Z,16228.0
2026-07-29T05:15:00Z,18909.6
2026-07-29T05:30:00Z,8859.5
2026-07-29T05:45:00Z,18367.6
2026-07-29T06:00:00Z,7970.2
2026-07-29T06:15:00Z,8516.6
2026-07-29T06:30:00Z,12673.9
2026-07-29T06:45:00Z,4181.9
2026-07-29T07:00:00Z,21001.0
2026-07-29T07:15:00Z,5245.1
2026-07-29T07:30:00Z,8102.9
2026-07-29T07:45:00Z,4857.8
2026-07-29T08:00:00Z,15140.9
2026-07-29T08:15:00Z,16310.6
2026-07-29T08:30:00Z,11014.7
2026-07-29T08:45:00Z,16938.3
2026-07-29T09:00:00Z,9466.8
2026-07-29T09:15:00Z,19824.4
2026-07-29T09:30:00Z,8582.1
2026-07-29T09:45:00Z,4187.4
2026-07-29T10:00:00Z,20896.5
2026-07-29T10:15:00Z,16813.6
2026-07-29T10:30:00Z,10015.7
2026-07-29T10:45:00Z,17199.4
2026-07-29T11:00:00Z,11489.4
2026-07-29T11:15:00Z,18645.5
2026-07-29T11:30:00Z,15706.4
2026-07-29T11:45:00Z,11081.5
2026-07-29T12:00:00Z,8942.1
2026-07-29T12:15:00Z,13423.2
2026-07-29T12:30:00Z,16837.4
2026-07-29T12:45:00Z,15255.6
2026-07-29T13:00:00Z,11512.3
2026-07-29T13:15:00Z,13514.6
2026-07-29T13:30:00Z,19073.1
2026-07-29T13:45:00Z,8662.7
2026-07-29T14:00:00Z,5411.3
2026-07-29T14:15:00Z,12893.9
2026-07-29T14:30:00Z,8938.0
2026-07-29T14:45:00Z,13402.1
2026-07-29T15:00:00Z,14705.3
2026-07-29T15:15:00Z,12141.7
2026-07-29T15:30:00Z,12834.3
2026-07-29T15:45:00Z,8588.3
2026-07-29T16:00:00Z,12200.2
2026-07-29T16:15:00Z,13736.1
2026-07-29T16:30:00Z,15187.6
2026-07-29T16:45:00Z,12703.1
2026-07-29T17:00:00Z,13814.2
2026-07-29T17:15:00Z,16589.9
2026-07-29T17:30:00Z,9116.7
2026-07-29T17:45:00Z,13326.5
2026-07-29T18:00:00Z,14526.4
2026-07-29T18:15:00Z,22142.7
2026-07-29T18:30:00Z,19087.3
2026-07-29T18:45:00Z,15796.4
2026-07-29T19:00:00Z,15797.4
2026-07-29T19:15:00Z,14232.3
2026-07-29T19:30:00Z,14431.4
2026-07-29T19:45:00Z,19626.7
2026-07-29T20:00:00Z,23654.3
2026-07-29T20:15:00Z,19338.3
2026-07-29T20:30:00Z,23642.4
2026-07-29T20:45:00Z,18885.5
2026-07-29T21:00:00Z,20444.0
2026-07-29T21:15:00Z,23331.0
2026-07-29T21:30:00Z,24407.5
2026-07-29T21:45:00Z,19037.6
2026-07-29T22:00:00Z,20663.4
2026-07-29T22:15:00Z,20275.3
2026-07-29T22:30:00Z,18206.2
2026-07-29T22:45:00Z,22864.8
2026-07-29T23:00:00Z,24608.1
2026-07-29T23:15:00Z,22225.0
2026-07-29T23:30:00Z,23802.5
2026-07-29T23:45:00Z,23215.4
2026-07-30T00:00:00Z,16570.6
2026-07-30T00:15:00Z,23756.6
2026-07-30T00:30:00Z,22225.0
2026-07-30T00:45:00Z,19769.7
2026-07-30T01:00:00Z,22661.9
2026-07-30T01:15:00Z,22301.9
2026-07-30T01:30:00Z,23443.4
2026-07-30T01:45:00Z,17885.8
2026-07-30T02:00:00Z,22637.8
2026-07-30T02:15:00Z,20919.5
2026-07-30T02:30:00Z,23561.4
2026-07-30T02:45:00Z,22273.8
2026-07-30T03:00:00Z,20669.9
2026-07-30T03:15:00Z,21745.5
2026-07-30T03:30:00Z,22241.8
2026-07-30T03:45:00Z,24132.7
2026-07-30T04:00:00Z,9879.2
2026-07-30T04:15:00Z,13159.3
2026-07-30T04:30:00Z,24056.4
2026-07-30T04:45:00Z,17398.6
2026-07-30T05:00:00Z,11028.4
2026-07-30T05:15:00Z,10423.1
2026-07-30T05:30:00Z,12282.1
2026-07-30T05:45:00Z,12494.4
2026-07-30T06:00:00Z,7080.9
2026-07-30T06:15:00Z,7859.4
2026-07-30T06:30:00Z,19332.5
2026-07-30T06:45:00Z,15006.5
2026-07-30T07:00:00Z,7669.9
2026-07-30T07:15:00Z,16857.0
2026-07-30T07:30:00Z,17115.8
2026-07-30T07:45:00Z,14552.4
2026-07-30T08:00:00Z,7997.6
2026-07-30T08:15:00Z,6221.6
2026-07-30T08:30:00Z,8655.1
2026-07-30T08:45:00Z,20255.2
2026-07-30T09:00:00Z,16364.4
2026-07-30T09:15:00Z,14897.8
2026-07-30T09:30:00Z,11045.1
2026-07-30T09:45:00Z,9959.5
2026-07-30T10:00:00Z,6993.4
2026-07-30T10:15:00Z,10994.6
2026-07-30T10:30:00Z,15120.7
2026-07-30T10:45:00Z,13544.2
2026-07-30T11:00:00Z,12592.3
2026-07-30T11:15:00Z,15498.7
2026-07-30T11:30:00Z,15359.7
2026-07-30T11:45:00Z,14131.9
2026-07-30T12:00:00Z,10750.6
2026-07-30T12:15:00Z,14139.2
2026-07-30T12:30:00Z,16897.0
2026-07-30T12:45:00Z,12173.8
2026-07-30T13:00:00Z,12709.8
2026-07-30T13:15:00Z,13724.1
2026-07-30T13:30:00Z,9323.6
2026-07-30T13:45:00Z,22038.8
2026-07-30T14:00:00Z,15515.3
2026-07-30T14:15:00Z,6683.2
2026-07-30T14:30:00Z,20921.2
2026-07-30T14:45:00Z,14846.0
2026-07-30T15:00:00Z,16358.7
2026-07-30T15:15:00Z,13850.6
2026-07-30T15:30:00Z,12125.8
2026-07-30T15:45:00Z,11849.0
2026-07-30T16:00:00Z,16622.3
2026-07-30T16:15:00Z,13816.6
2026-07-30T16:30:00Z,13266.0
2026-07-30T16:45:00Z,10073.3
2026-07-30T17:00:00Z,17449.9
2026-07-30T17:15:00Z,17692.5
2026-07-30T17:30:00Z,14182.7
2026-07-30T17:45:00Z,15939.9
2026-07-30T18:00:00Z,15169.5
2026-07-30T18:15:00Z,14569.2
2026-07-30T18:30:00Z,21246.6
2026-07-30T18:45:00Z,12510.8
2026-07-30T19:00:00Z,23045.1
2026-07-30T19:15:00Z,13468.4
2026-07-30T19:30:00Z,15007.8
2026-07-30T19:45:00Z,18947.3
2026-07-30T20:00:00Z,20563.5
2026-07-30T20:15:00Z,24214.4
2026-07-30T20:30:00Z,21367.9
2026-07-30T20:45:00Z,20487.2
2026-07-30T21:00:00Z,16836.7
2026-07-30T21:15:00Z,23305.5
2026-07-30T21:30:00Z,18294.2
2026-07-30T21:45:00Z,18661.8
2026-07-30T22:00:00Z,24320.2
2026-07-30T22:15:00Z,23383.2
2026-07-30T22:30:00Z,24600.3
2026-07-30T22:45:00Z,15322.0
2026-07-30T23:00:00Z,22045.2
2026-07-30T23:15:00Z,23498.3
2026-07-30T23:30:00Z,22609.2
2026-07-30T23:45:00Z,20094.6
2026-07-31T00:00:00Z,24113.5
2026-07-31T00:15:00Z,23858.1
2026-07-31T00:30:00Z,14702.3
2026-07-31T00:45:00Z,20494.0
2026-07-31T01:00:00Z,23207.0
2026-07-31T01:15:00Z,22705.5
2026-07-31T01:30:00Z,20924.8
2026-07-31T01:45:00Z,21383.3
2026-07-31T02:00:00Z,20393.3
2026-07-31T02:15:00Z,21672.0
2026-07-31T02:30:00Z,19619.2
2026-07-31T02:45:00Z,20570.4
2026-07-31T03:00:00Z,24219.5
2026-07-31T03:15:00Z,23452.7
2026-07-31T03:30:00Z,18238.4
2026-07-31T03:45:00Z,21091.4
2026-07-31T04:00:00Z,13932.7
2026-07-31T04:15:00Z,16263.1
2026-07-31T04:30:00Z,17605.6
2026-07-31T04:45:00Z,12233.6
2026-07-31T05:00:00Z,10834.8
2026-07-31T05:15:00Z,10257.4
2026-07-31T05:30:00Z,16326.3
2026-07-31T05:45:00Z,13347.9
2026-07-31T06:00:00Z,22014.9
2026-07-31T06:15:00Z,12205.7
2026-07-31T06:30:00Z,6596.2
2026-07-31T06:45:00Z,12365.9
2026-07-31T07:00:00Z,20117.1
2026-07-31T07:15:00Z,14211.3
2026-07-31T07:30:00Z,7722.2
2026-07-31T07:45:00Z,10438.7
2026-07-31T08:00:00Z,17684.8
2026-07-31T08:15:00Z,21121.7
2026-07-31T08:30:00Z,20391.9
2026-07-31T08:45:00Z,22967.9
2026-07-31T09:00:00Z,14472.6
2026-07-31T09:15:00Z,6993.1
2026-07-31T09:30:00Z,11678.8
2026-07-31T09:45:00Z,13810.4
2026-07-31T10:00:00Z,6461.1
2026-07-31T10:15:00Z,17832.8
2026-07-31T10:30:00Z,11401.8
2026-07-31T10:45:00Z,8474.4
2026-07-31T11:00:00Z,12040.0
2026-07-31T11:15:00Z,16157.8
2026-07-31T11:30:00Z,13732.4
2026-07-31T11:45:00Z,9191.6
2026-07-31T12:00:00Z,16201.6
2026-07-31T12:15:00Z,11172.1
2026-07-31T12:30:00Z,7934.7
2026-07-31T12:45:00Z,11188.0
2026-07-31T13:00:00Z,8355.5
2026-07-31T13:15:00Z,16129.0
2026-07-31T13:30:00Z,16479.3
2026-07-31T13:45:00Z,18093.4
2026-07-31T14:00:00Z,12132.4
2026-07-31T14:15:00Z,12386.7
2026-07-31T14:30:00Z,17515.1
2026-07-31T14:45:00Z,14133.9
2026-07-31T15:00:00Z,11140.4
2026-07-31T15:15:00Z,14038.1
2026-07-31T15:30:00Z,14616.2
2026-07-31T15:45:00Z,11763.5
2026-07-31T16:00:00Z,13057.7
2026-07-31T16:15:00Z,14399.8
2026-07-31T16:30:00Z,12406.3
2026-07-31T16:45:00Z,13726.0
2026-07-31T17:00:00Z,10941.9
2026-07-31T17:15:00Z,10243.7
2026-07-31T17:30:00Z,18411.8
2026-07-31T17:45:00Z,8231.8
2026-07-31T18:00:00Z,13029.9
2026-07-31T18:15:00Z,12694.5
2026-07-31T18:30:00Z,19915.4
2026-07-31T18:45:00Z,19015.1
2026-07-31T19:00:00Z,12881.3
2026-07-31T19:15:00Z,7736.5
2026-07-31T19:30:00Z,14144.6
2026-07-31T19:45:00Z,9432.3
2026-07-31T20:00:00Z,18496.8
2026-07-31T20:15:00Z,23747.7
2026-07-31T20:30:00Z,22369.7
2026-07-31T20:45:00Z,23865.2
2026-07-31T21:00:00Z,23309.9
2026-07-31T21:15:00Z,23078.3
2026-07-31T21:30:00Z,24032.6
2026-07-31T21:45:00Z,23914.7
2026-07-31T22:00:00Z,22821.3
2026-07-31T22:15:00Z,20647.2
2026-07-31T22:30:00Z,23622.1
2026-07-31T22:45:00Z,19309.2
2026-07-31T23:00:00Z,24069.0
2026-07-31T23:15:00Z,17386.1
2026-07-31T23:30:00Z,22315.8
2026-07-31T23:45:00Z,23439.7
2026-08-01T00:00:00Z,24335.7
2026-08-01T00:15:00Z,23709.9
2026-08-01T00:30:00Z,23877.9
2026-08-01T00:45:00Z,23591.0
2026-08-01T01:00:00Z,24151.6
2026-08-01T01:15:00Z,22624.2
2026-08-01T01:30:00Z,22611.1
2026-08-01T01:45:00Z,21385.9
2026-08-01T02:00:00Z,23747.0
2026-08-01T02:15:00Z,22133.0
2026-08-01T02:30:00Z,20691.7
2026-08-01T02:45:00Z,22111.1
2026-08-01T03:00:00Z,23995.1
2026-08-01T03:15:00Z,21368.9
2026-08-01T03:30:00Z,23518.0
2026-08-01T03:45:00Z,23144.3
2026-08-01T04:00:00Z,21063.2
2026-08-01T04:15:00Z,23601.8
2026-08-01T04:30:00Z,20784.7
2026-08-01T04:45:00Z,15403.6
2026-08-01T05:00:00Z,22465.5
2026-08-01T05:15:00Z,15760.9
2026-08-01T05:30:00Z,19138.6
2026-08-01T05:45:00Z,20483.5
2026-08-01T06:00:00Z,22529.9
2026-08-01T06:15:00Z,21314.3
2026-08-01T06:30:00Z,21060.4
2026-08-01T06:45:00Z,20688.5
2026-08-01T07:00:00Z,19044.0
2026-08-01T07:15:00Z,20361.1
2026-08-01T07:30:00Z,21872.9
2026-08-01T07:45:00Z,18713.8
2026-08-01T08:00:00Z,20478.1
2026-08-01T08:15:00Z,21822.0
2026-08-01T08:30:00Z,18092.6
2026-08-01T08:45:00Z,19223.5
2026-08-01T09:00:00Z,18933.6
2026-08-01T09:15:00Z,18818.8
2026-08-01T09:30:00Z,18605.6
2026-08-01T09:45:00Z,17509.2
2026-08-01T10:00:00Z,19900.8
2026-08-01T10:15:00Z,14787.9
2026-08-01T10:30:00Z,18071.7
2026-08-01T10:45:00Z,20481.0
2026-08-01T11:00:00Z,13728.3
2026-08-01T11:15:00Z,22372.7
2026-08-01T11:30:00Z,17054.5
2026-08-01T11:45:00Z,19835.2
2026-08-01T12:00:00Z,19295.0
2026-08-01T12:15:00Z,21500.3
2026-08-01T12:30:00Z,16524.4
2026-08-01T12:45:00Z,16625.5
2026-08-01T13:00:00Z,21171.7
2026-08-01T13:15:00Z,18343.9
2026-08-01T13:30:00Z,15771.6
2026-08-01T13:45:00Z,16157.6
2026-08-01T14:00:00Z,22524.9
2026-08-01T14:15:00Z,13726.3
2026-08-01T14:30:00Z,19243.4
2026-08-01T14:45:00Z,12179.3
2026-08-01T15:00:00Z,16416.0
2026-08-01T15:15:00Z,18734.5
2026-08-01T15:30:00Z,22041.8
2026-08-01T15:45:00Z,22321.7
2026-08-01T16:00:00Z,20168.1
2026-08-01T16:15:00Z,21397.0
2026-08-01T16:30:00Z,19421.9
2026-08-01T16:45:00Z,21420.1
2026-08-01T17:00:00Z,20440.5
2026-08-01T17:15:00Z,15145.0
2026-08-01T17:30:00Z,23225.1
2026-08-01T17:45:00Z,22228.2
2026-08-01T18:00:00Z,24601.5
2026-08-01T18:15:00Z,22444.4
2026-08-01T18:30:00Z,22938.6
2026-08-01T18:45:00Z,19088.5
2026-08-01T19:00:00Z,24195.8
2026-08-01T19:15:00Z,23977.5
2026-08-01T19:30:00Z,18910.9
2026-08-01T19:45:00Z,20954.1
2026-08-01T20:00:00Z,23576.6
2026-08-01T20:15:00Z,24221.9
2026-08-01T20:30:00Z,24190.4
2026-08-01T20:45:00Z,24335.3
2026-08-01T21:00:00Z,23592.0
2026-08-01T21:15:00Z,22209.6
2026-08-01T21:30:00Z,23778.9
2026-08-01T21:45:00Z,22008.1
2026-08-01T22:00:00Z,23465.8
2026-08-01T22:15:00Z,22680.6
2026-08-01T22:30:00Z,24358.8
2026-08-01T22:45:00Z,21628.1
2026-08-01T23:00:00Z,17178.3
2026-08-01T23:15:00Z,23408.6
2026-08-01T23:30:00Z,23285.4
2026-08-01T23:45:00Z,22965.7
2026-08-02T00:00:00Z,22976.0
2026-08-02T00:15:00Z,21605.6
2026-08-02T00:30:00Z,23209.9
2026-08-02T00:45:00Z,22068.6
2026-08-02T01:00:00Z,13379.1
2026-08-02T01:15:00Z,21675.1
2026-08-02T01:30:00Z,21199.0
2026-08-02T01:45:00Z,20848.9
2026-08-02T02:00:00Z,23367.6
2026-08-02T02:15:00Z,24240.4
2026-08-02T02:30:00Z,21731.3
2026-08-02T02:45:00Z,22378.6
2026-08-02T03:00:00Z,18301.5
2026-08-02T03:15:00Z,20957.2
2026-08-02T03:30:00Z,23054.9
2026-08-02T03:45:00Z,14299.4
2026-08-02T04:00:00Z,15827.9
2026-08-02T04:15:00Z,21689.8
2026-08-02T04:30:00Z,17621.7
2026-08-02T04:45:00Z,21946.5
2026-08-02T05:00:00Z,22130.4
2026-08-02T05:15:00Z,16532.4
2026-08-02T05:30:00Z,22392.4
2026-08-02T05:45:00Z,21743.5
2026-08-02T06:00:00Z,17516.3
2026-08-02T06:15:00Z,17864.4
2026-08-02T06:30:00Z,22531.5
2026-08-02T06:45:00Z,20092.0
2026-08-02T07:00:00Z,21238.6
2026-08-02T07:15:00Z,18693.7
2026-08-02T07:30:00Z,16836.6
2026-08-02T07:45:00Z,22183.8
2026-08-02T08:00:00Z,21036.8
2026-08-02T08:15:00Z,22521.9
2026-08-02T08:30:00Z,21252.0
2026-08-02T08:45:00Z,20188.2
2026-08-02T09:00:00Z,19862.4
2026-08-02T09:15:00Z,19693.3
2026-08-02T09:30:00Z,20457.6
2026-08-02T09:45:00Z,17519.4
2026-08-02T10:00:00Z,12969.1
2026-08-02T10:15:00Z,21250.2
2026-08-02T10:30:00Z,17335.2
2026-08-02T10:45:00Z,20880.3
2026-08-02T11:00:00Z,17410.1
2026-08-02T11:15:00Z,18610.4
2026-08-02T11:30:00Z,18551.1
2026-08-02T11:45:00Z,20942.1
2026-08-02T12:00:00Z,22061.4
2026-08-02T12:15:00Z,16777.7
2026-08-02T12:30:00Z,12123.4
2026-08-02T12:45:00Z,18569.5
2026-08-02T13:00:00Z,19732.2
2026-08-02T13:15:00Z,17355.2
2026-08-02T13:30:00Z,18524.3
2026-08-02T13:45:00Z,18780.1
2026-08-02T14:00:00Z,21749.5
2026-08-02T14:15:00Z,19376.8
2026-08-02T14:30:00Z,17937.9
2026-08-02T14:45:00Z,21151.1
2026-08-02T15:00:00Z,17504.4
2026-08-02T15:15:00Z,19290.8
2026-08-02T15:30:00Z,15279.4
2026-08-02T15:45:00Z,18450.1
2026-08-02T16:00:00Z,22014.7
2026-08-02T16:15:00Z,15975.7
2026-08-02T16:30:00Z,23387.2
2026-08-02T16:45:00Z,21941.0
2026-08-02T17:00:00Z,17166.6
2026-08-02T17:15:00Z,22728.7
2026-08-02T17:30:00Z,22555.8
2026-08-02T17:45:00Z,17913.2
2026-08-02T18:00:00Z,15766.5
2026-08-02T18:15:00Z,21537.8
2026-08-02T18:30:00Z,23528.4
2026-08-02T18:45:00Z,21893.1
2026-08-02T19:00:00Z,17251.9
2026-08-02T19:15:00Z,18912.5
2026-08-02T19:30:00Z,22731.9
2026-08-02T19:45:00Z,20291.0
2026-08-02T20:00:00Z,22485.9
2026-08-02T20:15:00Z,19790.1
2026-08-02T20:30:00Z,23258.8
2026-08-02T20:45:00Z,23518.3
2026-08-02T21:00:00Z,20151.7
2026-08-02T21:15:00Z,20299.8
2026-08-02T21:30:00Z,15103.0
2026-08-02T21:45:00Z,22982.0
2026-08-02T22:00:00Z,22395.9
2026-08-02T22:15:00Z,23681.0
2026-08-02T22:30:00Z,23720.6
2026-08-02T22:45:00Z,23678.7
2026-08-02T23:00:00Z,24365.5
2026-08-02T23:15:00Z,22386.8
2026-08-02T23:30:00Z,16827.7
2026-08-02T23:45:00Z,22696.4
2026-08-03T00:00:00Z,23981.0
2026-08-03T00:15:00Z,22465.9
2026-08-03T00:30:00Z,22611.9
2026-08-03T00:45:00Z,24695.6
2026-08-03T01:00:00Z,24348.8
2026-08-03T01:15:00Z,22628.0
2026-08-03T01:30:00Z,20654.1
2026-08-03T01:45:00Z,23257.6
2026-08-03T02:00:00Z,23668.3
2026-08-03T02:15:00Z,24226.4
2026-08-03T02:30:00Z,22861.1
2026-08-03T02:45:00Z,24178.4
2026-08-03T03:00:00Z,17881.7
2026-08-03T03:15:00Z,24074.2
2026-08-03T03:30:00Z,15110.3
2026-08-03T03:45:00Z,20929.1
2026-08-03T04:00:00Z,16091.7
2026-08-03T04:15:00Z,8687.8
2026-08-03T04:30:00Z,22410.0
2026-08-03T04:45:00Z,13938.0
2026-08-03T05:00:00Z,12185.2
2026-08-03T05:15:00Z,6771.2
2026-08-03T05:30:00Z,10218.7
2026-08-03T05:45:00Z,12434.0
2026-08-03T06:00:00Z,12039.2
2026-08-03T06:15:00Z,13402.5
2026-08-03T06:30:00Z,9359.0
2026-08-03T06:45:00Z,13462.2
2026-08-03T07:00:00Z,22010.7
2026-08-03T07:15:00Z,10564.2
2026-08-03T07:30:00Z,13110.2
2026-08-03T07:45:00Z,5994.5
2026-08-03T08:00:00Z,6489.4
2026-08-03T08:15:00Z,14870.6
2026-08-03T08:30:00Z,11202.0
2026-08-03T08:45:00Z,7264.5
2026-08-03T09:00:00Z,11729.3
2026-08-03T09:15:00Z,15928.4
2026-08-03T09:30:00Z,11287.1
2026-08-03T09:45:00Z,11014.3
2026-08-03T10:00:00Z,13881.5
2026-08-03T10:15:00Z,7447.3
2026-08-03T10:30:00Z,12873.2
2026-08-03T10:45:00Z,11348.3
2026-08-03T11:00:00Z,12971.6
2026-08-03T11:15:00Z,6856.4
2026-08-03T11:30:00Z,15332.2
2026-08-03T11:45:00Z,7599.1
2026-08-03T12:00:00Z,10018.7
2026-08-03T12:15:00Z,7026.2
2026-08-03T12:30:00Z,11965.3
2026-08-03T12:45:00Z,10770.0
2026-08-03T13:00:00Z,12625.2
2026-08-03T13:15:00Z,16052.1
2026-08-03T13:30:00Z,11747.1
2026-08-03T13:45:00Z,15568.8
2026-08-03T14:00:00Z,11974.3
2026-08-03T14:15:00Z,10452.5
2026-08-03T14:30:00Z,16976.0
2026-08-03T14:45:00Z,15653.2
2026-08-03T15:00:00Z,16201.8
2026-08-03T15:15:00Z,17258.7
2026-08-03T15:30:00Z,17891.1
2026-08-03T15:45:00Z,17466.7
2026-08-03T16:00:00Z,12568.8
2026-08-03T16:15:00Z,12952.6
2026-08-03T16:30:00Z,6727.8
2026-08-03T16:45:00Z,17936.9
2026-08-03T17:00:00Z,12646.4
2026-08-03T17:15:00Z,11768.3
2026-08-03T17:30:00Z,11768.6
2026-08-03T17:45:00Z,11728.5
2026-08-03T18:00:00Z,9823.9
2026-08-03T18:15:00Z,15123.7
2026-08-03T18:30:00Z,15080.7
2026-08-03T18:45:00Z,17509.8
2026-08-03T19:00:00Z,19150.6
2026-08-03T19:15:00Z,18312.3
2026-08-03T19:30:00Z,13258.0
2026-08-03T19:45:00Z,18759.1
2026-08-03T20:00:00Z,24387.7
2026-08-03T20:15:00Z,23671.1
2026-08-03T20:30:00Z,23942.5
2026-08-03T20:45:00Z,22987.5
2026-08-03T21:00:00Z,23597.6
2026-08-03T21:15:00Z,23911.2
2026-08-03T21:30:00Z,20888.0
2026-08-03T21:45:00Z,24693.0
2026-08-03T22:00:00Z,20016.6
2026-08-03T22:15:00Z,19983.6
2026-08-03T22:30:00Z,22289.4
2026-08-03T22:45:00Z,23151.4
2026-08-03T23:00:00Z,22966.6
2026-08-03T23:15:00Z,18503.6
2026-08-03T23:30:00Z,23051.1
2026-08-03T23:45:00Z,23069.8
2026-08-04T00:00:00Z,20717.4
2026-08-04T00:15:00Z,23136.2
2026-08-04T00:30:00Z,22538.4
2026-08-04T00:45:00Z,19356.1
2026-08-04T01:00:00Z,22256.3
2026-08-04T01:15:00Z,24208.7
2026-08-04T01:30:00Z,18853.9
2026-08-04T01:45:00Z,22675.3
2026-08-04T02:00:00Z,18425.1
2026-08-04T02:15:00Z,23235.4
2026-08-04T02:30:00Z,21819.2
2026-08-04T02:45:00Z,18414.8
2026-08-04T03:00:00Z,20380.2
2026-08-04T03:15:00Z,23557.5
2026-08-04T03:30:00Z,24177.3
2026-08-04T03:45:00Z,22180.7
2026-08-04T04:00:00Z,7314.9
2026-08-04T04:15:00Z,11753.8
2026-08-04T04:30:00Z,21109.6
2026-08-04T04:45:00Z,13210.8
2026-08-04T05:00:00Z,20239.7
2026-08-04T05:15:00Z,17309.0
2026-08-04T05:30:00Z,17262.5
2026-08-04T05:45:00Z,14075.2
2026-08-04T06:00:00Z,19341.7
2026-08-04T06:15:00Z,22110.2
2026-08-04T06:30:00Z,7532.7
2026-08-04T06:45:00Z,13096.8
2026-08-04T07:00:00Z,11743.9
2026-08-04T07:15:00Z,11992.2
2026-08-04T07:30:00Z,15117.9
2026-08-04T07:45:00Z,10809.1
2026-08-04T08:00:00Z,10180.2
2026-08-04T08:15:00Z,15441.0
2026-08-04T08:30:00Z,12242.1
2026-08-04T08:45:00Z,11411.3
2026-08-04T09:00:00Z,14791.4
2026-08-04T09:15:00Z,11924.6
2026-08-04T09:30:00Z,10905.9
2026-08-04T09:45:00Z,13153.3
2026-08-04T10:00:00Z,11328.6
2026-08-04T10:15:00Z,11934.3
2026-08-04T10:30:00Z,14316.8
2026-08-04T10:45:00Z,21821.0
2026-08-04T11:00:00Z,7669.7
2026-08-04T11:15:00Z,19505.8
2026-08-04T11:30:00Z,11378.7
2026-08-04T11:45:00Z,9936.6
2026-08-04T12:00:00Z,12305.6
2026-08-04T12:15:00Z,9882.5
2026-08-04T12:30:00Z,8379.8
2026-08-04T12:45:00Z,6199.5
2026-08-04T13:00:00Z,9911.8
2026-08-04T13:15:00Z,14592.3
2026-08-04T13:30:00Z,15157.2
2026-08-04T13:45:00Z,17860.8
2026-08-04T14:00:00Z,15473.3
2026-08-04T14:15:00Z,12660.2
2026-08-04T14:30:00Z,16019.9
2026-08-04T14:45:00Z,17341.5
2026-08-04T15:00:00Z,15107.7
2026-08-04T15:15:00Z,15050.0
2026-08-04T15:30:00Z,18857.2
2026-08-04T15:45:00Z,14867.9
2026-08-04T16:00:00Z,17614.5
2026-08-04T16:15:00Z,18441.4
2026-08-04T16:30:00Z,15565.4
2026-08-04T16:45:00Z,12777.4
2026-08-04T17:00:00Z,16902.2
2026-08-04T17:15:00Z,18715.0
2026-08-04T17:30:00Z,18838.9
2026-08-04T17:45:00Z,18201.2
2026-08-04T18:00:00Z,16934.3
2026-08-04T18:15:00Z,19365.1
2026-08-04T18:30:00Z,14112.3
2026-08-04T18:45:00Z,20118.3
2026-08-04T19:00:00Z,14657.2
2026-08-04T19:15:00Z,10468.7
2026-08-04T19:30:00Z,14892.2
2026-08-04T19:45:00Z,11712.4
2026-08-04T20:00:00Z,20484.0
2026-08-04T20:15:00Z,24100.5
2026-08-04T20:30:00Z,23829.3
2026-08-04T20:45:00Z,20206.4
2026-08-04T21:00:00Z,22628.2
2026-08-04T21:15:00Z,22206.8
2026-08-04T21:30:00Z,24054.9
2026-08-04T21:45:00Z,18164.6
2026-08-04T22:00:00Z,20527.7
2026-08-04T22:15:00Z,22365.9
2026-08-04T22:30:00Z,13750.8
2026-08-04T22:45:00Z,23457.5
2026-08-04T23:00:00Z,23836.5
2026-08-04T23:15:00Z,19535.4
2026-08-04T23:30:00Z,21444.5
2026-08-04T23:45:00Z,21557.1
2026-08-05T00:00:00Z,23278.8
2026-08-05T00:15:00Z,16199.8
2026-08-05T00:30:00Z,20586.5
2026-08-05T00:45:00Z,23394.7
2026-08-05T01:00:00Z,23997.0
2026-08-05T01:15:00Z,22723.3
2026-08-05T01:30:00Z,19619.9
2026-08-05T01:45:00Z,16181.3
2026-08-05T02:00:00Z,22822.4
2026-08-05T02:15:00Z,23746.7
2026-08-05T02:30:00Z,24353.2
2026-08-05T02:45:00Z,23091.6
2026-08-05T03:00:00Z,18895.5
2026-08-05T03:15:00Z,21791.0
2026-08-05T03:30:00Z,20729.0
2026-08-05T03:45:00Z,22874.3
2026-08-05T04:00:00Z,15824.4
2026-08-05T04:15:00Z,15161.5
2026-08-05T04:30:00Z,9048.4
2026-08-05T04:45:00Z,17491.7
2026-08-05T05:00:00Z,15434.9
2026-08-05T05:15:00Z,9073.1
2026-08-05T05:30:00Z,16522.2
2026-08-05T05:45:00Z,10920.8
2026-08-05T06:00:00Z,16479.3
2026-08-05T06:15:00Z,9507.9
2026-08-05T06:30:00Z,15025.2
2026-08-05T06:45:00Z,12819.1
2026-08-05T07:00:00Z,14647.1
2026-08-05T07:15:00Z,21703.6
2026-08-05T07:30:00Z,19213.4
2026-08-05T07:45:00Z,14643.4
2026-08-05T08:00:00Z,18893.6
2026-08-05T08:15:00Z,7076.0
2026-08-05T08:30:00Z,15013.5
2026-08-05T08:45:00Z,15586.3
2026-08-05T09:00:00Z,16853.6
2026-08-05T09:15:00Z,6733.9
2026-08-05T09:30:00Z,12458.6
2026-08-05T09:45:00Z,16224.8
2026-08-05T10:00:00Z,7857.5
2026-08-05T10:15:00Z,19841.0
2026-08-05T10:30:00Z,16969.9
2026-08-05T10:45:00Z,10600.0
2026-08-05T11:00:00Z,14267.5
2026-08-05T11:15:00Z,14526.6
2026-08-05T11:30:00Z,18821.9
2026-08-05T11:45:00Z,15117.3
2026-08-05T12:00:00Z,11299.1
2026-08-05T12:15:00Z,17773.9
2026-08-05T12:30:00Z,12312.6
2026-08-05T12:45:00Z,7850.7
2026-08-05T13:00:00Z,11260.5
2026-08-05T13:15:00Z,10480.4
2026-08-05T13:30:00Z,7067.1
2026-08-05T13:45:00Z,16989.8
2026-08-05T14:00:00Z,6754.9
2026-08-05T14:15:00Z,15191.6
2026-08-05T14:30:00Z,14056.1
2026-08-05T14:45:00Z,16106.1
2026-08-05T15:00:00Z,14722.2
2026-08-05T15:15:00Z,19257.7
2026-08-05T15:30:00Z,13953.2
2026-08-05T15:45:00Z,15603.0
2026-08-05T16:00:00Z,12353.1
2026-08-05T16:15:00Z,13897.7
2026-08-05T16:30:00Z,9864.1
2026-08-05T16:45:00Z,10525.8
2026-08-05T17:00:00Z,18691.4
2026-08-05T17:15:00Z,16814.4
2026-08-05T17:30:00Z,12398.6
2026-08-05T17:45:00Z,17092.2
2026-08-05T18:00:00Z,18469.5
2026-08-05T18:15:00Z,18621.3
2026-08-05T18:30:00Z,22353.9
2026-08-05T18:45:00Z,17762.7
2026-08-05T19:00:00Z,14425.5
2026-08-05T19:15:00Z,16262.1
2026-08-05T19:30:00Z,19372.5
2026-08-05T19:45:00Z,17036.9
2026-08-05T20:00:00Z,22936.1
2026-08-05T20:15:00Z,22431.8
2026-08-05T20:30:00Z,24151.7
2026-08-05T20:45:00Z,23496.1
2026-08-05T21:00:00Z,22300.0
2026-08-05T21:15:00Z,22133.3
2026-08-05T21:30:00Z,24352.8
2026-08-05T21:45:00Z,23833.5
2026-08-05T22:00:00Z,24185.7
2026-08-05T22:15:00Z,21922.2
2026-08-05T22:30:00Z,22736.9
2026-08-05T22:45:00Z,22952.8
2026-08-05T23:00:00Z,23705.9
2026-08-05T23:15:00Z,20436.2
2026-08-05T23:30:00Z,22977.6
2026-08-05T23:45:00Z,23947.5
2026-08-06T00:00:00Z,16304.8
2026-08-06T00:15:00Z,23917.8
2026-08-06T00:30:00Z,23850.0
2026-08-06T00:45:00Z,18820.3
2026-08-06T01:00:00Z,23775.5
2026-08-06T01:15:00Z,22427.7
2026-08-06T01:30:00Z,21025.4
2026-08-06T01:45:00Z,20164.2
2026-08-06T02:00:00Z,24542.4
2026-08-06T02:15:00Z,23974.8
2026-08-06T02:30:00Z,23973.3
2026-08-06T02:45:00Z,21657.0
2026-08-06T03:00:00Z,22836.8
2026-08-06T03:15:00Z,18382.9
2026-08-06T03:30:00Z,22868.0
2026-08-06T03:45:00Z,17547.1
2026-08-06T04:00:00Z,14350.0
2026-08-06T04:15:00Z,19592.1
2026-08-06T04:30:00Z,17650.4
2026-08-06T04:45:00Z,9449.7
2026-08-06T05:00:00Z,13967.6
2026-08-06T05:15:00Z,16593.9
2026-08-06T05:30:00Z,13105.7
2026-08-06T05:45:00Z,8164.3
2026-08-06T06:00:00Z,9930.7
2026-08-06T06:15:00Z,12756.3
2026-08-06T06:30:00Z,13211.1
2026-08-06T06:45:00Z,9977.1
2026-08-06T07:00:00Z,6589.7
2026-08-06T07:15:00Z,15152.9
2026-08-06T07:30:00Z,13542.6
2026-08-06T07:45:00Z,9091.5
2026-08-06T08:00:00Z,9321.9
2026-08-06T08:15:00Z,7329.0
2026-08-06T08:30:00Z,11788.0
2026-08-06T08:45:00Z,12674.0
2026-08-06T09:00:00Z,16973.2
2026-08-06T09:15:00Z,14352.8
2026-08-06T09:30:00Z,10154.8
2026-08-06T09:45:00Z,13798.6
2026-08-06T10:00:00Z,12923.7
2026-08-06T10:15:00Z,14214.0
2026-08-06T10:30:00Z,13162.6
2026-08-06T10:45:00Z,17976.2
2026-08-06T11:00:00Z,17337.3
2026-08-06T11:15:00Z,12065.8
2026-08-06T11:30:00Z,6256.5
2026-08-06T11:45:00Z,9993.6
2026-08-06T12:00:00Z,8540.4
2026-08-06T12:15:00Z,12855.5
2026-08-06T12:30:00Z,5198.4
2026-08-06T12:45:00Z,7031.0
2026-08-06T13:00:00Z,10137.1
2026-08-06T13:15:00Z,15685.5
2026-08-06T13:30:00Z,16894.9
2026-08-06T13:45:00Z,12578.1
2026-08-06T14:00:00Z,12854.0
2026-08-06T14:15:00Z,6087.3
2026-08-06T14:30:00Z,10628.1
2026-08-06T14:45:00Z,11244.1
2026-08-06T15:00:00Z,12775.7
2026-08-06T15:15:00Z,20446.7
2026-08-06T15:30:00Z,8924.5
2026-08-06T15:45:00Z,12945.5
2026-08-06T16:00:00Z,12236.2
2026-08-06T16:15:00Z,16548.2
2026-08-06T16:30:00Z,12817.0
2026-08-06T16:45:00Z,13128.8
2026-08-06T17:00:00Z,17806.1
2026-08-06T17:15:00Z,10419.6
2026-08-06T17:30:00Z,18970.6
2026-08-06T17:45:00Z,19195.2
2026-08-06T18:00:00Z,15807.0
2026-08-06T18:15:00Z,19596.6
2026-08-06T18:30:00Z,14358.1
2026-08-06T18:45:00Z,10399.9
2026-08-06T19:00:00Z,19758.6
2026-08-06T19:15:00Z,17276.0
2026-08-06T19:30:00Z,8656.6
2026-08-06T19:45:00Z,15581.3
2026-08-06T20:00:00Z,23837.0
2026-08-06T20:15:00Z,24209.9
2026-08-06T20:30:00Z,24980.5
2026-08-06T20:45:00Z,23010.3
2026-08-06T21:00:00Z,23841.6
2026-08-06T21:15:00Z,21404.3
2026-08-06T21:30:00Z,22638.1
2026-08-06T21:45:00Z,20494.1
2026-08-06T22:00:00Z,22512.3
2026-08-06T22:15:00Z,19840.6
2026-08-06T22:30:00Z,22692.0
2026-08-06T22:45:00Z,23476.2
2026-08-06T23:00:00Z,23882.0
2026-08-06T23:15:00Z,23083.9
2026-08-06T23:30:00Z,21364.7
2026-08-06T23:45:00Z,19839.1
2026-08-07T00:00:00Z,21871.3
2026-08-07T00:15:00Z,24119.0
2026-08-07T00:30:00Z,23692.6
2026-08-07T00:45:00Z,21013.5
2026-08-07T01:00:00Z,18609.7
2026-08-07T01:15:00Z,15208.3
2026-08-07T01:30:00Z,17241.9
2026-08-07T01:45:00Z,22675.9
2026-08-07T02:00:00Z,22459.4
2026-08-07T02:15:00Z,23631.2
2026-08-07T02:30:00Z,16873.0
2026-08-07T02:45:00Z,23010.9
2026-08-07T03:00:00Z,18862.1
2026-08-07T03:15:00Z,22109.9
2026-08-07T03:30:00Z,23178.4
2026-08-07T03:45:00Z,23410.3
2026-08-07T04:00:00Z,8825.9
2026-08-07T04:15:00Z,22653.2
2026-08-07T04:30:00Z,17960.0
2026-08-07T04:45:00Z,19871.3
2026-08-07T05:00:00Z,13761.6
2026-08-07T05:15:00Z,17364.4
2026-08-07T05:30:00Z,13286.6
2026-08-07T05:45:00Z,7401.4
2026-08-07T06:00:00Z,12298.1
2026-08-07T06:15:00Z,18280.2
2026-08-07T06:30:00Z,14851.5
2026-08-07T06:45:00Z,11792.0
2026-08-07T07:00:00Z,10280.4
2026-08-07T07:15:00Z,10179.2
2026-08-07T07:30:00Z,15809.9
2026-08-07T07:45:00Z,15337.0
2026-08-07T08:00:00Z,16129.8
2026-08-07T08:15:00Z,12598.1
2026-08-07T08:30:00Z,5164.1
2026-08-07T08:45:00Z,10972.9
2026-08-07T09:00:00Z,17596.6
2026-08-07T09:15:00Z,8439.4
2026-08-07T09:30:00Z,15627.0
2026-08-07T09:45:00Z,12006.7
2026-08-07T10:00:00Z,16969.3
2026-08-07T10:15:00Z,12164.2
2026-08-07T10:30:00Z,6766.1
2026-08-07T10:45:00Z,16691.9
2026-08-07T11:00:00Z,9501.4
2026-08-07T11:15:00Z,9589.9
2026-08-07T11:30:00Z,16466.7
2026-08-07T11:45:00Z,19670.0
2026-08-07T12:00:00Z,11686.9
2026-08-07T12:15:00Z,9645.5
2026-08-07T12:30:00Z,13257.8
2026-08-07T12:45:00Z,9430.3
2026-08-07T13:00:00Z,17472.1
2026-08-07T13:15:00Z,7027.1
2026-08-07T13:30:00Z,10310.7
2026-08-07T13:45:00Z,19405.3
2026-08-07T14:00:00Z,7808.9
2026-08-07T14:15:00Z,8772.3
2026-08-07T14:30:00Z,20749.5
2026-08-07T14:45:00Z,12154.0
2026-08-07T15:00:00Z,6156.9
2026-08-07T15:15:00Z,17614.9
2026-08-07T15:30:00Z,11775.8
2026-08-07T15:45:00Z,8945.0
2026-08-07T16:00:00Z,16855.5
2026-08-07T16:15:00Z,12349.1
2026-08-07T16:30:00Z,19217.3
2026-08-07T16:45:00Z,14908.6
2026-08-07T17:00:00Z,23521.6
2026-08-07T17:15:00Z,10553.0
2026-08-07T17:30:00Z,10246.7
2026-08-07T17:45:00Z,13573.5
2026-08-07T18:00:00Z,7194.8
2026-08-07T18:15:00Z,17858.8
2026-08-07T18:30:00Z,9577.2
2026-08-07T18:45:00Z,17949.1
2026-08-07T19:00:00Z,14608.0
2026-08-07T19:15:00Z,18826.8
2026-08-07T19:30:00Z,11578.3
2026-08-07T19:45:00Z,24025.1
2026-08-07T20:00:00Z,22857.5
2026-08-07T20:15:00Z,22308.8
2026-08-07T20:30:00Z,24350.5
2026-08-07T20:45:00Z,24447.3
2026-08-07T21:00:00Z,19846.3
2026-08-07T21:15:00Z,23315.6
2026-08-07T21:30:00Z,24212.9
2026-08-07T21:45:00Z,19659.5
2026-08-07T22:00:00Z,22206.4
2026-08-07T22:15:00Z,24508.6
2026-08-07T22:30:00Z,23319.5
2026-08-07T22:45:00Z,23194.4
2026-08-07T23:00:00Z,21361.1
2026-08-07T23:15:00Z,23131.1
2026-08-07T23:30:00Z,23916.2
2026-08-07T23:45:00Z,23594.3
2026-08-08T00:00:00Z,19985.7
2026-08-08T00:15:00Z,21136.2
2026-08-08T00:30:00Z,23967.5
2026-08-08T00:45:00Z,23008.0
2026-08-08T01:00:00Z,24034.3
2026-08-08T01:15:00Z,23850.4
2026-08-08T01:30:00Z,21545.3
2026-08-08T01:45:00Z,20811.7
2026-08-08T02:00:00Z,14505.0
2026-08-08T02:15:00Z,24148.7
2026-08-08T02:30:00Z,19551.3
2026-08-08T02:45:00Z,18304.6
2026-08-08T03:00:00Z,21018.2
2026-08-08T03:15:00Z,23645.1
2026-08-08T03:30:00Z,24058.8
2026-08-08T03:45:00Z,19083.5
2026-08-08T04:00:00Z,21147.5
2026-08-08T04:15:00Z,23535.7
2026-08-08T04:30:00Z,23516.1
2026-08-08T04:45:00Z,18249.1
2026-08-08T05:00:00Z,19394.4
2026-08-08T05:15:00Z,18982.9
2026-08-08T05:30:00Z,15545.0
2026-08-08T05:45:00Z,18547.3
2026-08-08T06:00:00Z,19971.0
2026-08-08T06:15:00Z,21416.1
2026-08-08T06:30:00Z,20359.7
2026-08-08T06:45:00Z,21969.6
2026-08-08T07:00:00Z,20724.8
2026-08-08T07:15:00Z,14570.4
2026-08-08T07:30:00Z,21142.1
2026-08-08T07:45:00Z,18164.1
2026-08-08T08:00:00Z,18874.8
2026-08-08T08:15:00Z,16227.7
2026-08-08T08:30:00Z,16433.0
2026-08-08T08:45:00Z,16832.9
2026-08-08T09:00:00Z,19582.3
2026-08-08T09:15:00Z,18995.1
2026-08-08T09:30:00Z,19664.4
2026-08-08T09:45:00Z,22075.2
2026-08-08T10:00:00Z,18466.1
2026-08-08T10:15:00Z,17383.6
2026-08-08T10:30:00Z,22646.2
2026-08-08T10:45:00Z,15954.9
2026-08-08T11:00:00Z,18228.6
2026-08-08T11:15:00Z,19383.3
2026-08-08T11:30:00Z,14141.4
2026-08-08T11:45:00Z,21198.2
2026-08-08T12:00:00Z,18331.3
2026-08-08T12:15:00Z,22055.2
2026-08-08T12:30:00Z,15627.1
2026-08-08T12:45:00Z,21089.8
2026-08-08T13:00:00Z,22914.2
2026-08-08T13:15:00Z,21343.1
2026-08-08T13:30:00Z,10595.6
2026-08-08T13:45:00Z,21009.4
2026-08-08T14:00:00Z,19873.3
2026-08-08T14:15:00Z,16724.1
2026-08-08T14:30:00Z,20138.1
2026-08-08T14:45:00Z,22563.0
2026-08-08T15:00:00Z,20157.0
2026-08-08T15:15:00Z,19504.9
2026-08-08T15:30:00Z,15090.9
2026-08-08T15:45:00Z,19148.4
2026-08-08T16:00:00Z,22701.4
2026-08-08T16:15:00Z,17051.6
2026-08-08T16:30:00Z,21271.6
2026-08-08T16:45:00Z,18792.9
2026-08-08T17:00:00Z,23064.9
2026-08-08T17:15:00Z,22742.7
2026-08-08T17:30:00Z,20074.4
2026-08-08T17:45:00Z,22579.8
2026-08-08T18:00:00Z,21829.5
2026-08-08T18:15:00Z,22580.4
2026-08-08T18:30:00Z,18340.5
2026-08-08T18:45:00Z,16013.2
2026-08-08T19:00:00Z,22287.8
2026-08-08T19:15:00Z,23936.4
2026-08-08T19:30:00Z,22642.6
2026-08-08T19:45:00Z,21350.6
2026-08-08T20:00:00Z,21243.0
2026-08-08T20:15:00Z,23303.1
2026-08-08T20:30:00Z,23889.5
2026-08-08T20:45:00Z,23116.5
2026-08-08T21:00:00Z,21012.5
2026-08-08T21:15:00Z,18245.0
2026-08-08T21:30:00Z,23079.6
2026-08-08T21:45:00Z,20188.4
2026-08-08T22:00:00Z,21483.3
2026-08-08T22:15:00Z,23973.2
2026-08-08T22:30:00Z,18702.2
2026-08-08T22:45:00Z,17928.3
2026-08-08T23:00:00Z,18983.7
2026-08-08T23:15:00Z,20948.2
2026-08-08T23:30:00Z,24043.1
2026-08-08T23:45:00Z,22569.8
2026-08-09T00:00:00Z,23672.3
2026-08-09T00:15:00Z,21526.2
2026-08-09T00:30:00Z,21872.5
2026-08-09T00:45:00Z,18905.5
2026-08-09T01:00:00Z,24000.5
2026-08-09T01:15:00Z,22278.2
2026-08-09T01:30:00Z,22305.0
2026-08-09T01:45:00Z,22922.3
2026-08-09T02:00:00Z,23014.1
2026-08-09T02:15:00Z,22215.8
2026-08-09T02:30:00Z,24005.8
2026-08-09T02:45:00Z,21342.4
2026-08-09T03:00:00Z,20873.0
2026-08-09T03:15:00Z,19024.2
2026-08-09T03:30:00Z,23276.4
2026-08-09T03:45:00Z,24110.0
2026-08-09T04:00:00Z,21832.1
2026-08-09T04:15:00Z,21430.9
2026-08-09T04:30:00Z,22463.5
2026-08-09T04:45:00Z,17845.1
2026-08-09T05:00:00Z,20881.4
2026-08-09T05:15:00Z,22800.4
2026-08-09T05:30:00Z,20335.4
2026-08-09T05:45:00Z,19280.2
2026-08-09T06:00:00Z,21861.5
2026-08-09T06:15:00Z,20224.9
2026-08-09T06:30:00Z,20426.3
2026-08-09T06:45:00Z,22211.1
2026-08-09T07:00:00Z,22090.3
2026-08-09T07:15:00Z,16952.9
2026-08-09T07:30:00Z,19453.9
2026-08-09T07:45:00Z,21958.5
2026-08-09T08:00:00Z,20709.8
2026-08-09T08:15:00Z,20177.7
2026-08-09T08:30:00Z,19655.8
2026-08-09T08:45:00Z,21890.3
2026-08-09T09:00:00Z,17333.1
2026-08-09T09:15:00Z,14960.6
2026-08-09T09:30:00Z,19834.9
2026-08-09T09:45:00Z,16587.5
2026-08-09T10:00:00Z,19373.5
2026-08-09T10:15:00Z,20736.9
2026-08-09T10:30:00Z,19823.1
2026-08-09T10:45:00Z,16302.3
2026-08-09T11:00:00Z,18580.1
2026-08-09T11:15:00Z,22036.6
2026-08-09T11:30:00Z,21559.2
2026-08-09T11:45:00Z,19909.1
2026-08-09T12:00:00Z,17631.3
2026-08-09T12:15:00Z,22681.7
2026-08-09T12:30:00Z,20855.4
2026-08-09T12:45:00Z,21981.5
2026-08-09T13:00:00Z,22707.1
2026-08-09T13:15:00Z,22598.1
2026-08-09T13:30:00Z,19463.4
2026-08-09T13:45:00Z,16472.6
2026-08-09T14:00:00Z,13525.3
2026-08-09T14:15:00Z,15936.7
2026-08-09T14:30:00Z,23628.8
2026-08-09T14:45:00Z,19968.7
2026-08-09T15:00:00Z,19464.2
2026-08-09T15:15:00Z,20314.0
2026-08-09T15:30:00Z,18764.3
2026-08-09T15:45:00Z,18899.5
2026-08-09T16:00:00Z,20779.3
2026-08-09T16:15:00Z,21540.6
2026-08-09T16:30:00Z,20097.2
2026-08-09T16:45:00Z,19741.3
2026-08-09T17:00:00Z,21840.6
2026-08-09T17:15:00Z,23837.6
2026-08-09T17:30:00Z,24027.4
2026-08-09T17:45:00Z,23889.2
2026-08-09T18:00:00Z,23641.8
2026-08-09T18:15:00Z,23765.0
2026-08-09T18:30:00Z,22090.8
2026-08-09T18:45:00Z,23822.1
2026-08-09T19:00:00Z,19891.5
2026-08-09T19:15:00Z,23407.9
2026-08-09T19:30:00Z,23258.7
2026-08-09T19:45:00Z,23838.9
2026-08-09T20:00:00Z,19244.0
2026-08-09T20:15:00Z,21499.3
2026-08-09T20:30:00Z,17166.4
2026-08-09T20:45:00Z,24268.4
2026-08-09T21:00:00Z,22133.7
2026-08-09T21:15:00Z,22467.7
2026-08-09T21:30:00Z,24828.5
2026-08-09T21:45:00Z,21873.7
2026-08-09T22:00:00Z,22520.8
2026-08-09T22:15:00Z,20751.5
2026-08-09T22:30:00Z,24798.5
2026-08-09T22:45:00Z,24753.5
2026-08-09T23:00:00Z,20454.2
2026-08-09T23:15:00Z,22939.9
2026-08-09T23:30:00Z,20565.9
2026-08-09T23:45:00Z,23411.3
2026-08-10T00:00:00Z,21119.5
2026-08-10T00:15:00Z,24250.8
2026-08-10T00:30:00Z,23540.6
2026-08-10T00:45:00Z,23138.4
2026-08-10T01:00:00Z,22285.4
2026-08-10T01:15:00Z,24048.4
2026-08-10T01:30:00Z,23111.1
2026-08-10T01:45:00Z,20718.1
2026-08-10T02:00:00Z,24364.6
2026-08-10T02:15:00Z,23580.9
2026-08-10T02:30:00Z,23684.5
2026-08-10T02:45:00Z,23568.2
2026-08-10T03:00:00Z,21295.9
2026-08-10T03:15:00Z,18376.1
2026-08-10T03:30:00Z,22745.8
2026-08-10T03:45:00Z,19285.3
2026-08-10T04:00:00Z,14473.3
2026-08-10T04:15:00Z,12160.0
2026-08-10T04:30:00Z,17610.8
2026-08-10T04:45:00Z,9547.8
2026-08-10T05:00:00Z,13223.7
2026-08-10T05:15:00Z,23393.5
2026-08-10T05:30:00Z,8190.0
2026-08-10T05:45:00Z,14080.5
2026-08-10T06:00:00Z,15645.3
2026-08-10T06:15:00Z,15666.4
2026-08-10T06:30:00Z,16419.4
2026-08-10T06:45:00Z,23058.7
2026-08-10T07:00:00Z,9619.3
2026-08-10T07:15:00Z,14222.8
2026-08-10T07:30:00Z,14494.9
2026-08-10T07:45:00Z,13333.7
2026-08-10T08:00:00Z,13301.0
2026-08-10T08:15:00Z,16031.3
2026-08-10T08:30:00Z,5890.5
2026-08-10T08:45:00Z,11991.0
2026-08-10T09:00:00Z,18441.1
2026-08-10T09:15:00Z,7546.4
2026-08-10T09:30:00Z,9775.9
2026-08-10T09:45:00Z,9716.5
2026-08-10T10:00:00Z,16027.9
2026-08-10T10:15:00Z,11338.7
2026-08-10T10:30:00Z,9989.0
2026-08-10T10:45:00Z,12894.2
2026-08-10T11:00:00Z,9787.8
2026-08-10T11:15:00Z,4527.2
2026-08-10T11:30:00Z,9796.5
2026-08-10T11:45:00Z,11820.4
2026-08-10T12:00:00Z,11405.1
2026-08-10T12:15:00Z,11511.4
2026-08-10T12:30:00Z,7840.4
2026-08-10T12:45:00Z,16386.4
2026-08-10T13:00:00Z,6349.3
2026-08-10T13:15:00Z,8940.0
2026-08-10T13:30:00Z,10893.1
2026-08-10T13:45:00Z,8074.1
2026-08-10T14:00:00Z,12733.6
2026-08-10T14:15:00Z,11170.9
2026-08-10T14:30:00Z,13296.6
2026-08-10T14:45:00Z,12266.5
2026-08-10T15:00:00Z,12439.5
2026-08-10T15:15:00Z,10774.8
2026-08-10T15:30:00Z,15049.3
2026-08-10T15:45:00Z,20695.7
2026-08-10T16:00:00Z,17235.1
2026-08-10T16:15:00Z,17049.1
2026-08-10T16:30:00Z,23113.7
2026-08-10T16:45:00Z,14362.6
2026-08-10T17:00:00Z,12986.4
2026-08-10T17:15:00Z,13238.8
2026-08-10T17:30:00Z,11515.0
2026-08-10T17:45:00Z,15585.1
2026-08-10T18:00:00Z,15973.7
2026-08-10T18:15:00Z,14490.1
2026-08-10T18:30:00Z,15861.2
2026-08-10T18:45:00Z,16404.9
2026-08-10T19:00:00Z,15342.8
2026-08-10T19:15:00Z,13590.3
2026-08-10T19:30:00Z,13048.0
2026-08-10T19:45:00Z,23304.9
2026-08-10T20:00:00Z,18936.4
2026-08-10T20:15:00Z,22225.6
2026-08-10T20:30:00Z,24209.3
2026-08-10T20:45:00Z,24129.4
2026-08-10T21:00:00Z,24433.6
2026-08-10T21:15:00Z,22339.1
2026-08-10T21:30:00Z,22773.3
2026-08-10T21:45:00Z,18441.0
2026-08-10T22:00:00Z,21281.7
2026-08-10T22:15:00Z,23297.2
2026-08-10T22:30:00Z,20046.4
2026-08-10T22:45:00Z,21059.3
2026-08-10T23:00:00Z,23384.2
2026-08-10T23:15:00Z,23254.3
2026-08-10T23:30:00Z,23976.4
2026-08-10T23:45:00Z,24329.2
2026-08-11T00:00:00Z,23828.7
2026-08-11T00:15:00Z,21375.6
2026-08-11T00:30:00Z,22366.3
2026-08-11T00:45:00Z,22366.3
2026-08-11T01:00:00Z,21391.7
2026-08-11T01:15:00Z,22979.9
2026-08-11T01:30:00Z,23717.4
2026-08-11T01:45:00Z,19431.6
2026-08-11T02:00:00Z,23465.8
2026-08-11T02:15:00Z,24402.7
2026-08-11T02:30:00Z,20043.4
2026-08-11T02:45:00Z,19786.3
2026-08-11T03:00:00Z,20481.8
2026-08-11T03:15:00Z,24282.2
2026-08-11T03:30:00Z,21749.5
2026-08-11T03:45:00Z,22885.4
2026-08-11T04:00:00Z,18544.2
2026-08-11T04:15:00Z,17776.8
2026-08-11T04:30:00Z,17882.5
2026-08-11T04:45:00Z,14738.8
2026-08-11T05:00:00Z,22939.8
2026-08-11T05:15:00Z,15535.9
2026-08-11T05:30:00Z,18714.4
2026-08-11T05:45:00Z,17851.0
2026-08-11T06:00:00Z,7231.2
2026-08-11T06:15:00Z,10197.9
2026-08-11T06:30:00Z,16436.0
2026-08-11T06:45:00Z,18766.3
2026-08-11T07:00:00Z,13619.4
2026-08-11T07:15:00Z,7631.8
2026-08-11T07:30:00Z,11392.7
2026-08-11T07:45:00Z,8647.7
2026-08-11T08:00:00Z,14888.9
2026-08-11T08:15:00Z,9617.4
2026-08-11T08:30:00Z,18879.3
2026-08-11T08:45:00Z,14124.4
2026-08-11T09:00:00Z,16451.9
2026-08-11T09:15:00Z,17186.4
2026-08-11T09:30:00Z,10746.2
2026-08-11T09:45:00Z,18336.9
2026-08-11T10:00:00Z,13605.7
2026-08-11T10:15:00Z,5714.8
2026-08-11T10:30:00Z,10398.2
2026-08-11T10:45:00Z,4680.3
2026-08-11T11:00:00Z,10995.1
2026-08-11T11:15:00Z,8183.4
2026-08-11T11:30:00Z,11464.1
2026-08-11T11:45:00Z,15434.6
2026-08-11T12:00:00Z,11285.4
2026-08-11T12:15:00Z,14459.5
2026-08-11T12:30:00Z,9924.0
2026-08-11T12:45:00Z,10047.4
2026-08-11T13:00:00Z,10902.4
2026-08-11T13:15:00Z,15266.0
2026-08-11T13:30:00Z,18024.6
2026-08-11T13:45:00Z,18088.1
2026-08-11T14:00:00Z,10666.4
2026-08-11T14:15:00Z,22842.8
2026-08-11T14:30:00Z,11118.0
2026-08-11T14:45:00Z,13733.3
2026-08-11T15:00:00Z,12014.9
2026-08-11T15:15:00Z,12973.2
2026-08-11T15:30:00Z,17584.7
2026-08-11T15:45:00Z,8975.7
2026-08-11T16:00:00Z,14072.2
2026-08-11T16:15:00Z,13311.8
2026-08-11T16:30:00Z,10568.2
2026-08-11T16:45:00Z,21142.5
2026-08-11T17:00:00Z,14390.5
2026-08-11T17:15:00Z,19734.5
2026-08-11T17:30:00Z,15805.5
2026-08-11T17:45:00Z,13622.2
2026-08-11T18:00:00Z,13794.7
2026-08-11T18:15:00Z,12931.1
2026-08-11T18:30:00Z,16587.0
2026-08-11T18:45:00Z,14342.6
2026-08-11T19:00:00Z,7374.7
2026-08-11T19:15:00Z,14470.8
2026-08-11T19:30:00Z,13548.3
2026-08-11T19:45:00Z,15850.5
2026-08-11T20:00:00Z,21529.0
2026-08-11T20:15:00Z,23994.3
2026-08-11T20:30:00Z,20799.5
2026-08-11T20:45:00Z,23162.7
2026-08-11T21:00:00Z,17097.1
2026-08-11T21:15:00Z,20220.3
2026-08-11T21:30:00Z,24289.4
2026-08-11T21:45:00Z,23121.2
2026-08-11T22:00:00Z,24282.0
2026-08-11T22:15:00Z,23322.8
2026-08-11T22:30:00Z,20732.8
2026-08-11T22:45:00Z,15935.8
2026-08-11T23:00:00Z,23345.8
2026-08-11T23:15:00Z,22168.2
2026-08-11T23:30:00Z,24691.9
2026-08-11T23:45:00Z,22557.5
2026-08-12T00:00:00Z,23414.4
2026-08-12T00:15:00Z,23500.4
2026-08-12T00:30:00Z,24682.5
2026-08-12T00:45:00Z,23659.1
2026-08-12T01:00:00Z,18254.5
2026-08-12T01:15:00Z,22524.6
2026-08-12T01:30:00Z,13710.2
2026-08-12T01:45:00Z,23481.7
2026-08-12T02:00:00Z,22901.5
2026-08-12T02:15:00Z,24650.8
2026-08-12T02:30:00Z,24520.2
2026-08-12T02:45:00Z,17049.4
2026-08-12T03:00:00Z,15949.1
2026-08-12T03:15:00Z,23206.6
2026-08-12T03:30:00Z,17788.4
2026-08-12T03:45:00Z,23906.9
2026-08-12T04:00:00Z,14240.4
2026-08-12T04:15:00Z,14189.6
2026-08-12T04:30:00Z,14632.9
2026-08-12T04:45:00Z,16403.0
2026-08-12T05:00:00Z,13446.4
2026-08-12T05:15:00Z,13817.3
2026-08-12T05:30:00Z,21939.8
2026-08-12T05:45:00Z,14260.9
2026-08-12T06:00:00Z,10551.9
2026-08-12T06:15:00Z,13785.2
2026-08-12T06:30:00Z,21965.7
2026-08-12T06:45:00Z,8801.0
2026-08-12T07:00:00Z,15663.7
2026-08-12T07:15:00Z,19897.1
2026-08-12T07:30:00Z,12224.2
2026-08-12T07:45:00Z,15172.7
2026-08-12T08:00:00Z,11417.0
2026-08-12T08:15:00Z,8202.7
2026-08-12T08:30:00Z,13314.7
2026-08-12T08:45:00Z,9246.1
2026-08-12T09:00:00Z,9670.1
2026-08-12T09:15:00Z,10163.8
2026-08-12T09:30:00Z,10672.7
2026-08-12T09:45:00Z,13286.4
2026-08-12T10:00:00Z,3889.9
2026-08-12T10:15:00Z,16703.7
2026-08-12T10:30:00Z,14073.1
2026-08-12T10:45:00Z,15524.5
2026-08-12T11:00:00Z,15937.5
2026-08-12T11:15:00Z,7819.1
2026-08-12T11:30:00Z,9612.4
2026-08-12T11:45:00Z,13696.0
2026-08-12T12:00:00Z,17421.8
2026-08-12T12:15:00Z,15961.8
2026-08-12T12:30:00Z,16939.3
2026-08-12T12:45:00Z,11754.3
2026-08-12T13:00:00Z,14347.9
2026-08-12T13:15:00Z,16367.2
2026-08-12T13:30:00Z,15905.5
2026-08-12T13:45:00Z,14875.1
2026-08-12T14:00:00Z,9377.0
2026-08-12T14:15:00Z,12412.6
2026-08-12T14:30:00Z,15630.7
2026-08-12T14:45:00Z,5567.6
2026-08-12T15:00:00Z,17629.8
2026-08-12T15:15:00Z,9643.0
2026-08-12T15:30:00Z,9234.1
2026-08-12T15:45:00Z,22495.8
2026-08-12T16:00:00Z,10029.9
2026-08-12T16:15:00Z,14463.4
2026-08-12T16:30:00Z,17594.2
2026-08-12T16:45:00Z,20683.5
2026-08-12T17:00:00Z,15501.7
2026-08-12T17:15:00Z,11167.7
2026-08-12T17:30:00Z,17775.4
2026-08-12T17:45:00Z,20114.9
2026-08-12T18:00:00Z,12905.5
2026-08-12T18:15:00Z,13615.1
2026-08-12T18:30:00Z,18009.1
2026-08-12T18:45:00Z,19041.9
2026-08-12T19:00:00Z,22206.9
2026-08-12T19:15:00Z,16919.6
2026-08-12T19:30:00Z,19223.2
2026-08-12T19:45:00Z,12288.9
2026-08-12T20:00:00Z,20464.0
2026-08-12T20:15:00Z,16404.2
2026-08-12T20:30:00Z,23520.0
2026-08-12T20:45:00Z,22111.8
2026-08-12T21:00:00Z,24420.0
2026-08-12T21:15:00Z,23543.8
2026-08-12T21:30:00Z,22173.4
2026-08-12T21:45:00Z,23021.5
2026-08-12T22:00:00Z,24128.8
2026-08-12T22:15:00Z,21910.2
2026-08-12T22:30:00Z,19165.6
2026-08-12T22:45:00Z,23332.6
2026-08-12T23:00:00Z,20847.4
2026-08-12T23:15:00Z,19093.9
2026-08-12T23:30:00Z,23141.7
2026-08-12T23:45:00Z,19846.3
2026-08-13T00:00:00Z,23801.7
2026-08-13T00:15:00Z,18810.6
2026-08-13T00:30:00Z,22075.1
2026-08-13T00:45:00Z,24268.2
2026-08-13T01:00:00Z,17443.9
2026-08-13T01:15:00Z,14637.2
2026-08-13T01:30:00Z,22636.6
2026-08-13T01:45:00Z,20165.0
2026-08-13T02:00:00Z,23696.0
2026-08-13T02:15:00Z,20039.4
2026-08-13T02:30:00Z,22195.2
2026-08-13T02:45:00Z,22559.8
2026-08-13T03:00:00Z,21625.2
2026-08-13T03:15:00Z,23248.1
2026-08-13T03:30:00Z,22833.0
2026-08-13T03:45:00Z,17644.8
2026-08-13T04:00:00Z,9139.2
2026-08-13T04:15:00Z,18836.1
2026-08-13T04:30:00Z,18438.2
2026-08-13T04:45:00Z,11216.4
2026-08-13T05:00:00Z,15172.2
2026-08-13T05:15:00Z,19494.4
2026-08-13T05:30:00Z,18554.8
2026-08-13T05:45:00Z,17568.3
2026-08-13T06:00:00Z,6267.9
2026-08-13T06:15:00Z,21795.9
2026-08-13T06:30:00Z,14892.6
2026-08-13T06:45:00Z,12704.2
2026-08-13T07:00:00Z,15832.8
2026-08-13T07:15:00Z,16283.3
2026-08-13T07:30:00Z,12341.9
2026-08-13T07:45:00Z,14844.6
2026-08-13T08:00:00Z,7380.6
2026-08-13T08:15:00Z,11463.4
2026-08-13T08:30:00Z,17188.3
2026-08-13T08:45:00Z,16048.2
2026-08-13T09:00:00Z,12784.5
2026-08-13T09:15:00Z,19023.9
2026-08-13T09:30:00Z,16479.7
2026-08-13T09:45:00Z,11485.4
2026-08-13T10:00:00Z,12269.7
2026-08-13T10:15:00Z,12711.9
2026-08-13T10:30:00Z,10633.8
2026-08-13T10:45:00Z,11932.1
2026-08-13T11:00:00Z,14523.4
2026-08-13T11:15:00Z,14729.5
2026-08-13T11:30:00Z,10673.9
2026-08-13T11:45:00Z,14809.8
2026-08-13T12:00:00Z,6694.6
2026-08-13T12:15:00Z,13112.2
2026-08-13T12:30:00Z,6399.4
2026-08-13T12:45:00Z,15564.6
2026-08-13T13:00:00Z,10404.2
2026-08-13T13:15:00Z,12034.1
2026-08-13T13:30:00Z,21408.6
2026-08-13T13:45:00Z,8275.0
2026-08-13T14:00:00Z,7899.6
2026-08-13T14:15:00Z,19903.1
2026-08-13T14:30:00Z,14826.1
2026-08-13T14:45:00Z,12688.7
2026-08-13T15:00:00Z,8725.6
2026-08-13T15:15:00Z,18177.5
2026-08-13T15:30:00Z,21359.5
2026-08-13T15:45:00Z,13196.6
2026-08-13T16:00:00Z,13778.4
2026-08-13T16:15:00Z,15872.9
2026-08-13T16:30:00Z,14454.5
2026-08-13T16:45:00Z,12700.8
2026-08-13T17:00:00Z,16259.2
2026-08-13T17:15:00Z,11648.5
2026-08-13T17:30:00Z,10985.4
2026-08-13T17:45:00Z,7930.2
2026-08-13T18:00:00Z,23035.8
2026-08-13T18:15:00Z,17537.6
2026-08-13T18:30:00Z,16136.2
2026-08-13T18:45:00Z,11225.6
2026-08-13T19:00:00Z,24510.1
2026-08-13T19:15:00Z,22902.3
2026-08-13T19:30:00Z,11773.0
2026-08-13T19:45:00Z,18139.3
2026-08-13T20:00:00Z,19959.3
2026-08-13T20:15:00Z,14014.2
2026-08-13T20:30:00Z,24528.8
2026-08-13T20:45:00Z,19614.8
2026-08-13T21:00:00Z,24762.4
2026-08-13T21:15:00Z,23390.5
2026-08-13T21:30:00Z,23266.7
2026-08-13T21:45:00Z,24085.9
2026-08-13T22:00:00Z,23628.4
2026-08-13T22:15:00Z,23415.4
2026-08-13T22:30:00Z,24193.6
2026-08-13T22:45:00Z,21713.2
2026-08-13T23:00:00Z,23863.4
2026-08-13T23:15:00Z,24346.2
2026-08-13T23:30:00Z,22255.5
2026-08-13T23:45:00Z,23958.8
2026-08-14T00:00:00Z,20407.8
2026-08-14T00:15:00Z,23749.7
2026-08-14T00:30:00Z,19740.5
2026-08-14T00:45:00Z,22571.1
2026-08-14T01:00:00Z,18606.6
2026-08-14T01:15:00Z,22586.5
2026-08-14T01:30:00Z,23439.6
2026-08-14T01:45:00Z,22174.7
2026-08-14T02:00:00Z,16213.0
2026-08-14T02:15:00Z,22978.4
2026-08-14T02:30:00Z,22610.6
2026-08-14T02:45:00Z,15669.6
2026-08-14T03:00:00Z,22302.0
2026-08-14T03:15:00Z,23610.9
2026-08-14T03:30:00Z,21766.8
2026-08-14T03:45:00Z,17114.9
2026-08-14T04:00:00Z,13956.3
2026-08-14T04:15:00Z,11346.7
2026-08-14T04:30:00Z,16015.6
2026-08-14T04:45:00Z,14781.6
2026-08-14T05:00:00Z,18478.5
2026-08-14T05:15:00Z,12598.0
2026-08-14T05:30:00Z,13317.3
2026-08-14T05:45:00Z,14130.6
2026-08-14T06:00:00Z,18254.5
2026-08-14T06:15:00Z,10127.9
2026-08-14T06:30:00Z,18653.7
2026-08-14T06:45:00Z,11583.5
2026-08-14T07:00:00Z,14527.7
2026-08-14T07:15:00Z,16060.5
2026-08-14T07:30:00Z,6731.7
2026-08-14T07:45:00Z,15447.0
2026-08-14T08:00:00Z,11289.5
2026-08-14T08:15:00Z,17759.7
2026-08-14T08:30:00Z,12050.8
2026-08-14T08:45:00Z,16814.6
2026-08-14T09:00:00Z,14110.9
2026-08-14T09:15:00Z,17710.6
2026-08-14T09:30:00Z,10516.9
2026-08-14T09:45:00Z,13146.0
2026-08-14T10:00:00Z,7018.0
2026-08-14T10:15:00Z,14235.6
2026-08-14T10:30:00Z,9793.7
2026-08-14T10:45:00Z,15681.0
2026-08-14T11:00:00Z,17500.7
2026-08-14T11:15:00Z,12435.9
2026-08-14T11:30:00Z,14705.9
2026-08-14T11:45:00Z,15707.3
2026-08-14T12:00:00Z,11336.0
2026-08-14T12:15:00Z,13268.0
2026-08-14T12:30:00Z,12903.0
2026-08-14T12:45:00Z,7565.5
2026-08-14T13:00:00Z,9524.3
2026-08-14T13:15:00Z,7441.2
2026-08-14T13:30:00Z,17956.1
2026-08-14T13:45:00Z,5975.4
2026-08-14T14:00:00Z,10683.5
2026-08-14T14:15:00Z,13410.4
2026-08-14T14:30:00Z,16559.4
2026-08-14T14:45:00Z,20265.4
2026-08-14T15:00:00Z,18859.1
2026-08-14T15:15:00Z,12896.3
2026-08-14T15:30:00Z,12350.7
2026-08-14T15:45:00Z,17649.7
2026-08-14T16:00:00Z,22061.2
2026-08-14T16:15:00Z,13958.2
2026-08-14T16:30:00Z,19468.9
2026-08-14T16:45:00Z,15101.6
2026-08-14T17:00:00Z,7946.2
2026-08-14T17:15:00Z,22522.9
2026-08-14T17:30:00Z,19049.7
2026-08-14T17:45:00Z,22307.9
2026-08-14T18:00:00Z,14914.3
2026-08-14T18:15:00Z,17923.0
2026-08-14T18:30:00Z,19265.0
2026-08-14T18:45:00Z,19483.2
2026-08-14T19:00:00Z,18879.8
2026-08-14T19:15:00Z,16186.7
2026-08-14T19:30:00Z,19615.4
2026-08-14T19:45:00Z,13364.9
2026-08-14T20:00:00Z,20090.8
2026-08-14T20:15:00Z,24802.1
2026-08-14T20:30:00Z,24317.8
2026-08-14T20:45:00Z,23874.3
2026-08-14T21:00:00Z,22345.7
2026-08-14T21:15:00Z,22653.4
2026-08-14T21:30:00Z,19806.3
2026-08-14T21:45:00Z,20470.9
2026-08-14T22:00:00Z,24092.3
2026-08-14T22:15:00Z,21929.5
2026-08-14T22:30:00Z,23849.6
2026-08-14T22:45:00Z,18067.5
2026-08-14T23:00:00Z,23644.9
2026-08-14T23:15:00Z,21823.7
2026-08-14T23:30:00Z,23136.7
2026-08-14T23:45:00Z,17581.8
2026-08-15T00:00:00Z,18986.1
2026-08-15T00:15:00Z,21929.8
2026-08-15T00:30:00Z,24448.3
2026-08-15T00:45:00Z,22406.9
2026-08-15T01:00:00Z,21860.5
2026-08-15T01:15:00Z,23946.7
2026-08-15T01:30:00Z,17981.5
2026-08-15T01:45:00Z,22557.3
2026-08-15T02:00:00Z,20552.7
2026-08-15T02:15:00Z,19766.7
2026-08-15T02:30:00Z,23409.2
2026-08-15T02:45:00Z,22020.3
2026-08-15T03:00:00Z,23044.4
2026-08-15T03:15:00Z,19303.6
2026-08-15T03:30:00Z,22196.7
2026-08-15T03:45:00Z,20599.1
2026-08-15T04:00:00Z,23592.2
2026-08-15T04:15:00Z,23615.9
2026-08-15T04:30:00Z,23065.3
2026-08-15T04:45:00Z,23284.7
2026-08-15T05:00:00Z,22115.7
2026-08-15T05:15:00Z,23217.2
2026-08-15T05:30:00Z,23227.8
2026-08-15T05:45:00Z,17323.8
2026-08-15T06:00:00Z,15504.5
2026-08-15T06:15:00Z,22154.5
2026-08-15T06:30:00Z,20932.8
2026-08-15T06:45:00Z,20418.3
2026-08-15T07:00:00Z,15875.2
2026-08-15T07:15:00Z,19231.4
2026-08-15T07:30:00Z,20336.3
2026-08-15T07:45:00Z,17166.0
2026-08-15T08:00:00Z,22126.1
2026-08-15T08:15:00Z,20455.4
2026-08-15T08:30:00Z,16797.7
2026-08-15T08:45:00Z,20532.6
2026-08-15T09:00:00Z,20287.0
2026-08-15T09:15:00Z,19521.8
2026-08-15T09:30:00Z,19459.2
2026-08-15T09:45:00Z,21610.0
2026-08-15T10:00:00Z,17704.0
2026-08-15T10:15:00Z,16978.1
2026-08-15T10:30:00Z,19895.1
2026-08-15T10:45:00Z,21242.4
2026-08-15T11:00:00Z,22320.0
2026-08-15T11:15:00Z,14139.4
2026-08-15T11:30:00Z,17712.6
2026-08-15T11:45:00Z,20049.3
2026-08-15T12:00:00Z,21965.7
2026-08-15T12:15:00Z,19371.0
2026-08-15T12:30:00Z,21054.4
2026-08-15T12:45:00Z,15257.3
2026-08-15T13:00:00Z,23292.5
2026-08-15T13:15:00Z,18469.8
2026-08-15T13:30:00Z,18705.9
2026-08-15T13:45:00Z,20158.3
2026-08-15T14:00:00Z,20281.0
2026-08-15T14:15:00Z,18513.8
2026-08-15T14:30:00Z,21762.7
2026-08-15T14:45:00Z,21655.3
2026-08-15T15:00:00Z,23162.5
2026-08-15T15:15:00Z,17637.3
2026-08-15T15:30:00Z,20669.6
2026-08-15T15:45:00Z,18823.2
2026-08-15T16:00:00Z,21997.2
2026-08-15T16:15:00Z,17613.0
2026-08-15T16:30:00Z,21724.5
2026-08-15T16:45:00Z,22384.9
2026-08-15T17:00:00Z,21006.2
2026-08-15T17:15:00Z,21494.5
2026-08-15T17:30:00Z,15340.7
2026-08-15T17:45:00Z,20254.0
2026-08-15T18:00:00Z,22014.0
2026-08-15T18:15:00Z,22882.0
2026-08-15T18:30:00Z,22066.1
2026-08-15T18:45:00Z,23749.7
2026-08-15T19:00:00Z,20493.6
2026-08-15T19:15:00Z,23191.1
2026-08-15T19:30:00Z,24158.0
2026-08-15T19:45:00Z,15852.5
2026-08-15T20:00:00Z,22918.1
2026-08-15T20:15:00Z,23314.0
2026-08-15T20:30:00Z,22267.0
2026-08-15T20:45:00Z,20735.4
2026-08-15T21:00:00Z,23112.7
2026-08-15T21:15:00Z,21643.7
2026-08-15T21:30:00Z,22459.6
2026-08-15T21:45:00Z,19446.1
2026-08-15T22:00:00Z,23811.2
2026-08-15T22:15:00Z,24163.7
2026-08-15T22:30:00Z,22236.3
2026-08-15T22:45:00Z,20465.3
2026-08-15T23:00:00Z,24034.3
2026-08-15T23:15:00Z,16012.3
2026-08-15T23:30:00Z,24506.1
2026-08-15T23:45:00Z,21578.0
2026-08-16T00:00:00Z,22674.5
2026-08-16T00:15:00Z,22765.3
2026-08-16T00:30:00Z,21448.6
2026-08-16T00:45:00Z,18054.7
2026-08-16T01:00:00Z,23616.1
2026-08-16T01:15:00Z,18399.1
2026-08-16T01:30:00Z,22098.9
2026-08-16T01:45:00Z,18561.4
2026-08-16T02:00:00Z,24331.5
2026-08-16T02:15:00Z,23838.1
2026-08-16T02:30:00Z,23245.9
2026-08-16T02:45:00Z,17210.1
2026-08-16T03:00:00Z,22004.8
2026-08-16T03:15:00Z,22414.0
2026-08-16T03:30:00Z,21665.0
2026-08-16T03:45:00Z,16353.4
2026-08-16T04:00:00Z,23543.3
2026-08-16T04:15:00Z,19407.5
2026-08-16T04:30:00Z,23680.7
2026-08-16T04:45:00Z,22112.0
2026-08-16T05:00:00Z,21786.0
2026-08-16T05:15:00Z,21512.5
2026-08-16T05:30:00Z,17953.5
2026-08-16T05:45:00Z,19632.8
2026-08-16T06:00:00Z,21028.8
2026-08-16T06:15:00Z,22245.8
2026-08-16T06:30:00Z,16743.1
2026-08-16T06:45:00Z,20859.2
2026-08-16T07:00:00Z,20570.7
2026-08-16T07:15:00Z,21889.6
2026-08-16T07:30:00Z,18918.2
2026-08-16T07:45:00Z,15051.2
2026-08-16T08:00:00Z,18293.6
2026-08-16T08:15:00Z,17667.8
2026-08-16T08:30:00Z,18874.4
2026-08-16T08:45:00Z,21092.9
2026-08-16T09:00:00Z,19799.7
2026-08-16T09:15:00Z,17353.3
2026-08-16T09:30:00Z,17136.6
2026-08-16T09:45:00Z,20022.6
2026-08-16T10:00:00Z,19856.1
2026-08-16T10:15:00Z,12145.7
2026-08-16T10:30:00Z,21836.5
2026-08-16T10:45:00Z,17912.3
2026-08-16T11:00:00Z,15170.1
2026-08-16T11:15:00Z,16003.4
2026-08-16T11:30:00Z,19765.2
2026-08-16T11:45:00Z,20469.4
2026-08-16T12:00:00Z,20077.8
2026-08-16T12:15:00Z,17327.4
2026-08-16T12:30:00Z,15650.2
2026-08-16T12:45:00Z,20302.6
2026-08-16T13:00:00Z,14313.6
2026-08-16T13:15:00Z,21849.2
2026-08-16T13:30:00Z,20558.1
2026-08-16T13:45:00Z,16900.3
2026-08-16T14:00:00Z,20369.3
2026-08-16T14:15:00Z,17022.8
2026-08-16T14:30:00Z,18663.5
2026-08-16T14:45:00Z,17608.7
2026-08-16T15:00:00Z,19203.2
2026-08-16T15:15:00Z,22288.9
2026-08-16T15:30:00Z,21209.8
2026-08-16T15:45:00Z,18638.2
2026-08-16T16:00:00Z,21500.7
2026-08-16T16:15:00Z,22207.1
2026-08-16T16:30:00Z,20865.0
2026-08-16T16:45:00Z,18371.4
2026-08-16T17:00:00Z,21981.7
2026-08-16T17:15:00Z,21117.0
2026-08-16T17:30:00Z,21864.1
2026-08-16T17:45:00Z,22396.9
2026-08-16T18:00:00Z,20153.0
2026-08-16T18:15:00Z,23208.9
2026-08-16T18:30:00Z,23624.0
2026-08-16T18:45:00Z,24442.4
2026-08-16T19:00:00Z,20631.0
2026-08-16T19:15:00Z,23481.5
2026-08-16T19:30:00Z,23938.5
2026-08-16T19:45:00Z,19837.5
2026-08-16T20:00:00Z,22371.7
2026-08-16T20:15:00Z,18984.3
2026-08-16T20:30:00Z,22207.9
2026-08-16T20:45:00Z,22299.9
2026-08-16T21:00:00Z,23425.6
2026-08-16T21:15:00Z,21423.4
2026-08-16T21:30:00Z,14551.9
2026-08-16T21:45:00Z,19012.2
2026-08-16T22:00:00Z,23510.6
2026-08-16T22:15:00Z,19593.9
2026-08-16T22:30:00Z,24239.7
2026-08-16T22:45:00Z,22826.6
2026-08-16T23:00:00Z,23784.2
2026-08-16T23:15:00Z,22918.3
2026-08-16T23:30:00Z,24003.2
2026-08-16T23:45:00Z,24884.4
2026-08-17T00:00:00Z,19072.7
2026-08-17T00:15:00Z,22960.5
2026-08-17T00:30:00Z,18419.2
2026-08-17T00:45:00Z,17472.9
2026-08-17T01:00:00Z,22347.5
2026-08-17T01:15:00Z,22322.6
2026-08-17T01:30:00Z,24430.3
2026-08-17T01:45:00Z,24559.4
2026-08-17T02:00:00Z,16796.9
2026-08-17T02:15:00Z,17303.3
2026-08-17T02:30:00Z,23766.6
2026-08-17T02:45:00Z,22447.4
2026-08-17T03:00:00Z,18239.9
2026-08-17T03:15:00Z,22528.3
2026-08-17T03:30:00Z,23895.9
2026-08-17T03:45:00Z,22250.8
2026-08-17T04:00:00Z,19407.3
2026-08-17T04:15:00Z,13190.3
2026-08-17T04:30:00Z,18820.5
2026-08-17T04:45:00Z,18382.5
2026-08-17T05:00:00Z,17141.6
2026-08-17T05:15:00Z,9808.0
2026-08-17T05:30:00Z,12448.6
2026-08-17T05:45:00Z,13787.9
2026-08-17T06:00:00Z,13527.6
2026-08-17T06:15:00Z,15582.6
2026-08-17T06:30:00Z,6013.1
2026-08-17T06:45:00Z,23043.6
2026-08-17T07:00:00Z,10831.9
2026-08-17T07:15:00Z,14889.7
2026-08-17T07:30:00Z,16324.8
2026-08-17T07:45:00Z,13491.8
2026-08-17T08:00:00Z,13987.9
2026-08-17T08:15:00Z,12768.3
2026-08-17T08:30:00Z,8263.4
2026-08-17T08:45:00Z,14708.7
2026-08-17T09:00:00Z,10357.0
2026-08-17T09:15:00Z,13764.0
2026-08-17T09:30:00Z,14387.5
2026-08-17T09:45:00Z,14287.2
2026-08-17T10:00:00Z,16918.6
2026-08-17T10:15:00Z,8680.3
2026-08-17T10:30:00Z,16875.3
2026-08-17T10:45:00Z,17320.7
2026-08-17T11:00:00Z,6508.0
2026-08-17T11:15:00Z,6672.5
2026-08-17T11:30:00Z,7284.2
2026-08-17T11:45:00Z,18309.3
2026-08-17T12:00:00Z,10614.8
2026-08-17T12:15:00Z,21368.5
2026-08-17T12:30:00Z,8765.0
2026-08-17T12:45:00Z,6813.9
2026-08-17T13:00:00Z,13529.4
2026-08-17T13:15:00Z,17654.3
2026-08-17T13:30:00Z,13559.8
2026-08-17T13:45:00Z,11750.4
2026-08-17T14:00:00Z,21241.2
2026-08-17T14:15:00Z,20302.3
2026-08-17T14:30:00Z,18549.3
2026-08-17T14:45:00Z,18240.2
2026-08-17T15:00:00Z,11877.0
2026-08-17T15:15:00Z,17415.9
2026-08-17T15:30:00Z,10000.9
2026-08-17T15:45:00Z,14912.2
2026-08-17T16:00:00Z,7080.0
2026-08-17T16:15:00Z,16108.6
2026-08-17T16:30:00Z,10054.1
2026-08-17T16:45:00Z,18961.8
2026-08-17T17:00:00Z,17425.0
2026-08-17T17:15:00Z,13091.4
2026-08-17T17:30:00Z,10904.9
2026-08-17T17:45:00Z,15073.4
2026-08-17T18:00:00Z,18558.0
2026-08-17T18:15:00Z,17076.9
2026-08-17T18:30:00Z,14725.6
2026-08-17T18:45:00Z,14996.6
2026-08-17T19:00:00Z,11116.6
2026-08-17T19:15:00Z,15882.5
2026-08-17T19:30:00Z,8685.5
2026-08-17T19:45:00Z,14887.4
2026-08-17T20:00:00Z,22519.0
2026-08-17T20:15:00Z,23414.4
2026-08-17T20:30:00Z,21015.3
2026-08-17T20:45:00Z,22416.4
2026-08-17T21:00:00Z,18065.5
2026-08-17T21:15:00Z,21320.9
2026-08-17T21:30:00Z,23801.9
2026-08-17T21:45:00Z,22384.1
2026-08-17T22:00:00Z,23383.8
2026-08-17T22:15:00Z,24399.4
2026-08-17T22:30:00Z,19317.7
2026-08-17T22:45:00Z,20466.2
2026-08-17T23:00:00Z,20588.1
2026-08-17T23:15:00Z,24555.5
2026-08-17T23:30:00Z,24186.0
2026-08-17T23:45:00Z,23181.2
2026-08-18T00:00:00Z,22478.5
2026-08-18T00:15:00Z,23531.2
2026-08-18T00:30:00Z,23863.0
2026-08-18T00:45:00Z,18884.8
2026-08-18T01:00:00Z,22848.7
2026-08-18T01:15:00Z,18564.8
2026-08-18T01:30:00Z,23097.4
2026-08-18T01:45:00Z,24252.2
2026-08-18T02:00:00Z,18912.2
2026-08-18T02:15:00Z,23982.6
2026-08-18T02:30:00Z,23295.5
2026-08-18T02:45:00Z,24014.9
2026-08-18T03:00:00Z,22909.7
2026-08-18T03:15:00Z,18174.1
2026-08-18T03:30:00Z,22702.4
2026-08-18T03:45:00Z,23656.6
2026-08-18T04:00:00Z,9279.4
2026-08-18T04:15:00Z,9073.2
2026-08-18T04:30:00Z,22770.8
2026-08-18T04:45:00Z,12041.2
2026-08-18T05:00:00Z,19144.2
2026-08-18T05:15:00Z,13861.7
2026-08-18T05:30:00Z,10463.6
2026-08-18T05:45:00Z,12693.2
2026-08-18T06:00:00Z,13924.3
2026-08-18T06:15:00Z,12358.2
2026-08-18T06:30:00Z,17016.4
2026-08-18T06:45:00Z,18131.9
2026-08-18T07:00:00Z,10697.2
2026-08-18T07:15:00Z,9683.4
2026-08-18T07:30:00Z,16166.3
2026-08-18T07:45:00Z,16482.0
2026-08-18T08:00:00Z,13856.9
2026-08-18T08:15:00Z,12357.3
2026-08-18T08:30:00Z,12800.0
2026-08-18T08:45:00Z,16943.1
2026-08-18T09:00:00Z,11928.1
2026-08-18T09:15:00Z,12108.1
2026-08-18T09:30:00Z,13191.7
2026-08-18T09:45:00Z,12888.1
2026-08-18T10:00:00Z,10729.4
2026-08-18T10:15:00Z,13343.2
2026-08-18T10:30:00Z,21825.0
2026-08-18T10:45:00Z,12696.8
2026-08-18T11:00:00Z,14091.6
2026-08-18T11:15:00Z,8525.5
2026-08-18T11:30:00Z,18607.8
2026-08-18T11:45:00Z,8372.6
2026-08-18T12:00:00Z,11935.2
2026-08-18T12:15:00Z,18968.4
2026-08-18T12:30:00Z,14992.9
2026-08-18T12:45:00Z,10972.5
2026-08-18T13:00:00Z,2651.7
2026-08-18T13:15:00Z,13206.8
2026-08-18T13:30:00Z,9726.3
2026-08-18T13:45:00Z,16281.8
2026-08-18T14:00:00Z,21324.5
2026-08-18T14:15:00Z,12646.2
2026-08-18T14:30:00Z,16193.1
2026-08-18T14:45:00Z,18407.4
2026-08-18T15:00:00Z,13832.9
2026-08-18T15:15:00Z,8590.2
2026-08-18T15:30:00Z,12710.7
2026-08-18T15:45:00Z,12704.9
2026-08-18T16:00:00Z,17103.1
2026-08-18T16:15:00Z,15223.0
2026-08-18T16:30:00Z,18626.5
2026-08-18T16:45:00Z,21547.0
2026-08-18T17:00:00Z,14472.6
2026-08-18T17:15:00Z,18090.1
2026-08-18T17:30:00Z,16011.5
2026-08-18T17:45:00Z,17959.4
2026-08-18T18:00:00Z,18672.2
2026-08-18T18:15:00Z,10187.9
2026-08-18T18:30:00Z,16186.4
2026-08-18T18:45:00Z,12616.3
2026-08-18T19:00:00Z,9345.0
2026-08-18T19:15:00Z,20610.2
2026-08-18T19:30:00Z,23942.3
2026-08-18T19:45:00Z,12525.3
2026-08-18T20:00:00Z,22616.3
2026-08-18T20:15:00Z,23136.1
2026-08-18T20:30:00Z,24352.9
2026-08-18T20:45:00Z,22058.4
2026-08-18T21:00:00Z,22414.4
2026-08-18T21:15:00Z,21032.3
2026-08-18T21:30:00Z,16811.3
2026-08-18T21:45:00Z,24216.5
2026-08-18T22:00:00Z,17846.0
2026-08-18T22:15:00Z,21030.1
2026-08-18T22:30:00Z,23735.9
2026-08-18T22:45:00Z,21247.3
2026-08-18T23:00:00Z,20676.2
2026-08-18T23:15:00Z,23598.1
2026-08-18T23:30:00Z,23978.7
2026-08-18T23:45:00Z,22839.8
2026-08-19T00:00:00Z,19546.9
2026-08-19T00:15:00Z,16994.7
2026-08-19T00:30:00Z,24498.0
2026-08-19T00:45:00Z,24129.1
2026-08-19T01:00:00Z,23300.4
2026-08-19T01:15:00Z,19169.7
2026-08-19T01:30:00Z,19567.8
2026-08-19T01:45:00Z,20304.2
2026-08-19T02:00:00Z,22284.8
2026-08-19T02:15:00Z,24390.0
2026-08-19T02:30:00Z,20022.3
2026-08-19T02:45:00Z,15371.4
2026-08-19T03:00:00Z,24099.6
2026-08-19T03:15:00Z,20582.4
2026-08-19T03:30:00Z,22753.7
2026-08-19T03:45:00Z,24480.5
2026-08-19T04:00:00Z,9185.5
2026-08-19T04:15:00Z,15059.9
2026-08-19T04:30:00Z,8371.4
2026-08-19T04:45:00Z,11148.0
2026-08-19T05:00:00Z,17715.3
2026-08-19T05:15:00Z,12940.7
2026-08-19T05:30:00Z,13773.8
2026-08-19T05:45:00Z,15185.6
2026-08-19T06:00:00Z,9388.7
2026-08-19T06:15:00Z,12792.6
2026-08-19T06:30:00Z,5186.6
2026-08-19T06:45:00Z,15434.0
2026-08-19T07:00:00Z,8513.8
2026-08-19T07:15:00Z,14424.0
2026-08-19T07:30:00Z,17300.4
2026-08-19T07:45:00Z,3783.0
2026-08-19T08:00:00Z,9685.4
2026-08-19T08:15:00Z,10719.6
2026-08-19T08:30:00Z,12072.6
2026-08-19T08:45:00Z,10634.4
2026-08-19T09:00:00Z,19036.0
2026-08-19T09:15:00Z,18415.0
2026-08-19T09:30:00Z,11393.8
2026-08-19T09:45:00Z,12108.3
2026-08-19T10:00:00Z,18510.3
2026-08-19T10:15:00Z,16301.8
2026-08-19T10:30:00Z,13743.4
2026-08-19T10:45:00Z,16366.4
2026-08-19T11:00:00Z,12431.4
2026-08-19T11:15:00Z,15063.6
2026-08-19T11:30:00Z,16707.4
2026-08-19T11:45:00Z,14052.7
2026-08-19T12:00:00Z,12219.8
2026-08-19T12:15:00Z,11261.5
2026-08-19T12:30:00Z,15645.8
2026-08-19T12:45:00Z,10206.7
2026-08-19T13:00:00Z,11108.7
2026-08-19T13:15:00Z,18172.2
2026-08-19T13:30:00Z,16776.6
2026-08-19T13:45:00Z,10528.5
2026-08-19T14:00:00Z,9700.5
2026-08-19T14:15:00Z,12291.9
2026-08-19T14:30:00Z,10534.4
2026-08-19T14:45:00Z,5995.8
2026-08-19T15:00:00Z,19069.4
2026-08-19T15:15:00Z,11712.9
2026-08-19T15:30:00Z,15749.8
2026-08-19T15:45:00Z,14208.9
2026-08-19T16:00:00Z,21727.8
2026-08-19T16:15:00Z,9963.1
2026-08-19T16:30:00Z,14139.0
2026-08-19T16:45:00Z,14692.1
2026-08-19T17:00:00Z,13488.9
2026-08-19T17:15:00Z,14742.3
2026-08-19T17:30:00Z,18350.9
2026-08-19T17:45:00Z,19760.9
2026-08-19T18:00:00Z,9147.9
2026-08-19T18:15:00Z,15017.6
2026-08-19T18:30:00Z,12747.4
2026-08-19T18:45:00Z,18958.5
2026-08-19T19:00:00Z,16566.5
2026-08-19T19:15:00Z,12383.9
2026-08-19T19:30:00Z,15430.8
2026-08-19T19:45:00Z,18300.1
2026-08-19T20:00:00Z,23484.2
2026-08-19T20:15:00Z,18572.5
2026-08-19T20:30:00Z,23787.8
2026-08-19T20:45:00Z,19447.6
2026-08-19T21:00:00Z,19518.8
2026-08-19T21:15:00Z,17234.1
2026-08-19T21:30:00Z,24067.0
2026-08-19T21:45:00Z,21393.5
2026-08-19T22:00:00Z,21882.1
2026-08-19T22:15:00Z,23131.3
2026-08-19T22:30:00Z,21864.0
2026-08-19T22:45:00Z,22383.3
2026-08-19T23:00:00Z,19599.2
2026-08-19T23:15:00Z,22503.8
2026-08-19T23:30:00Z,22529.9
2026-08-19T23:45:00Z,22757.7
2026-08-20T00:00:00Z,21917.5
2026-08-20T00:15:00Z,23556.7
2026-08-20T00:30:00Z,23447.7
2026-08-20T00:45:00Z,22709.0
2026-08-20T01:00:00Z,22508.1
2026-08-20T01:15:00Z,23832.7
2026-08-20T01:30:00Z,22837.2
2026-08-20T01:45:00Z,23899.8
2026-08-20T02:00:00Z,20163.7
2026-08-20T02:15:00Z,23618.8
2026-08-20T02:30:00Z,23499.3
2026-08-20T02:45:00Z,23412.5
2026-08-20T03:00:00Z,18341.7
2026-08-20T03:15:00Z,22305.9
2026-08-20T03:30:00Z,23935.7
2026-08-20T03:45:00Z,20293.7
2026-08-20T04:00:00Z,10867.0
2026-08-20T04:15:00Z,18281.0
2026-08-20T04:30:00Z,19339.3
2026-08-20T04:45:00Z,9885.3
2026-08-20T05:00:00Z,17760.3
2026-08-20T05:15:00Z,13195.0
2026-08-20T05:30:00Z,18154.1
2026-08-20T05:45:00Z,15285.4
2026-08-20T06:00:00Z,17012.0
2026-08-20T06:15:00Z,19766.8
2026-08-20T06:30:00Z,15285.4
2026-08-20T06:45:00Z,15972.5
2026-08-20T07:00:00Z,17472.9
2026-08-20T07:15:00Z,12766.0
2026-08-20T07:30:00Z,8557.4
2026-08-20T07:45:00Z,18385.7
2026-08-20T08:00:00Z,9316.5
2026-08-20T08:15:00Z,11143.0
2026-08-20T08:30:00Z,11830.1
2026-08-20T08:45:00Z,9664.6
2026-08-20T09:00:00Z,20606.1
2026-08-20T09:15:00Z,8086.1
2026-08-20T09:30:00Z,13275.6
2026-08-20T09:45:00Z,11003.3
2026-08-20T10:00:00Z,11911.2
2026-08-20T10:15:00Z,12967.0
2026-08-20T10:30:00Z,17008.2
2026-08-20T10:45:00Z,18308.3
2026-08-20T11:00:00Z,7652.7
2026-08-20T11:15:00Z,10980.4
2026-08-20T11:30:00Z,10615.7
2026-08-20T11:45:00Z,11846.8
2026-08-20T12:00:00Z,13639.0
2026-08-20T12:15:00Z,14835.6
2026-08-20T12:30:00Z,12408.5
2026-08-20T12:45:00Z,11915.2
2026-08-20T13:00:00Z,9868.7
2026-08-20T13:15:00Z,10801.0
2026-08-20T13:30:00Z,11266.2
2026-08-20T13:45:00Z,14846.1
2026-08-20T14:00:00Z,9784.0
2026-08-20T14:15:00Z,7942.3
2026-08-20T14:30:00Z,12619.9
2026-08-20T14:45:00Z,20434.0
2026-08-20T15:00:00Z,15857.2
2026-08-20T15:15:00Z,8855.3
2026-08-20T15:30:00Z,20271.8
2026-08-20T15:45:00Z,15855.5
2026-08-20T16:00:00Z,10338.4
2026-08-20T16:15:00Z,6953.5
2026-08-20T16:30:00Z,7877.8
2026-08-20T16:45:00Z,20058.1
2026-08-20T17:00:00Z,13611.0
2026-08-20T17:15:00Z,11857.4
2026-08-20T17:30:00Z,11104.3
2026-08-20T17:45:00Z,11117.6
2026-08-20T18:00:00Z,14645.8
2026-08-20T18:15:00Z,19355.7
2026-08-20T18:30:00Z,10889.9
2026-08-20T18:45:00Z,22809.9
2026-08-20T19:00:00Z,11521.4
2026-08-20T19:15:00Z,22251.6
2026-08-20T19:30:00Z,14119.8
2026-08-20T19:45:00Z,12798.7
2026-08-20T20:00:00Z,24495.9
2026-08-20T20:15:00Z,20525.3
2026-08-20T20:30:00Z,23381.3
2026-08-20T20:45:00Z,23891.0
2026-08-20T21:00:00Z,24654.7
2026-08-20T21:15:00Z,24520.0
2026-08-20T21:30:00Z,22688.6
2026-08-20T21:45:00Z,22728.2
2026-08-20T22:00:00Z,18838.2
2026-08-20T22:15:00Z,21688.6
2026-08-20T22:30:00Z,23943.0
2026-08-20T22:45:00Z,23209.4
2026-08-20T23:00:00Z,24530.6
2026-08-20T23:15:00Z,24680.0
2026-08-20T23:30:00Z,22957.8
2026-08-20T23:45:00Z,24615.9
2026-08-21T00:00:00Z,19916.0
2026-08-21T00:15:00Z,19322.9
2026-08-21T00:30:00Z,20747.8
2026-08-21T00:45:00Z,22842.2
2026-08-21T01:00:00Z,23795.4
2026-08-21T01:15:00Z,19026.7
2026-08-21T01:30:00Z,22164.4
2026-08-21T01:45:00Z,22466.0
2026-08-21T02:00:00Z,18676.5
2026-08-21T02:15:00Z,23193.1
2026-08-21T02:30:00Z,22260.5
2026-08-21T02:45:00Z,21188.3
2026-08-21T03:00:00Z,23705.6
2026-08-21T03:15:00Z,21863.1
2026-08-21T03:30:00Z,16940.6
2026-08-21T03:45:00Z,23700.0
2026-08-21T04:00:00Z,13901.9
2026-08-21T04:15:00Z,10194.4
2026-08-21T04:30:00Z,18750.9
2026-08-21T04:45:00Z,19000.2
2026-08-21T05:00:00Z,9654.5
2026-08-21T05:15:00Z,19841.3
2026-08-21T05:30:00Z,13092.6
2026-08-21T05:45:00Z,14537.3
2026-08-21T06:00:00Z,18308.0
2026-08-21T06:15:00Z,6818.4
2026-08-21T06:30:00Z,13163.7
2026-08-21T06:45:00Z,22542.2
2026-08-21T07:00:00Z,14074.5
2026-08-21T07:15:00Z,7261.9
2026-08-21T07:30:00Z,7333.9
2026-08-21T07:45:00Z,17467.3
2026-08-21T08:00:00Z,10669.4
2026-08-21T08:15:00Z,10566.5
2026-08-21T08:30:00Z,15009.6
2026-08-21T08:45:00Z,11321.4
2026-08-21T09:00:00Z,13931.0
2026-08-21T09:15:00Z,10601.3
2026-08-21T09:30:00Z,13963.2
2026-08-21T09:45:00Z,20771.2
2026-08-21T10:00:00Z,11276.0
2026-08-21T10:15:00Z,19741.7
2026-08-21T10:30:00Z,14158.3
2026-08-21T10:45:00Z,15379.6
2026-08-21T11:00:00Z,10066.8
2026-08-21T11:15:00Z,14052.4
2026-08-21T11:30:00Z,10043.4
2026-08-21T11:45:00Z,17484.9
2026-08-21T12:00:00Z,16096.6
2026-08-21T12:15:00Z,7872.5
2026-08-21T12:30:00Z,17666.1
2026-08-21T12:45:00Z,18152.5
2026-08-21T13:00:00Z,17294.9
2026-08-21T13:15:00Z,17282.9
2026-08-21T13:30:00Z,12261.6
2026-08-21T13:45:00Z,13783.0
2026-08-21T14:00:00Z,14209.1
2026-08-21T14:15:00Z,17409.2
2026-08-21T14:30:00Z,11943.5
2026-08-21T14:45:00Z,9800.7
2026-08-21T15:00:00Z,9855.0
2026-08-21T15:15:00Z,7068.9
2026-08-21T15:30:00Z,16986.3
2026-08-21T15:45:00Z,9643.6
2026-08-21T16:00:00Z,13098.3
2026-08-21T16:15:00Z,7270.7
2026-08-21T16:30:00Z,16290.7
2026-08-21T16:45:00Z,17735.0
2026-08-21T17:00:00Z,19062.8
2026-08-21T17:15:00Z,13445.9
2026-08-21T17:30:00Z,17729.3
2026-08-21T17:45:00Z,15465.1
2026-08-21T18:00:00Z,10281.3
2026-08-21T18:15:00Z,21716.7
2026-08-21T18:30:00Z,15988.7
2026-08-21T18:45:00Z,11191.2
2026-08-21T19:00:00Z,14483.9
2026-08-21T19:15:00Z,8299.5
2026-08-21T19:30:00Z,14006.5
2026-08-21T19:45:00Z,19260.1
2026-08-21T20:00:00Z,20344.2
2026-08-21T20:15:00Z,21433.1
2026-08-21T20:30:00Z,24136.4
2026-08-21T20:45:00Z,22525.2
2026-08-21T21:00:00Z,23920.0
2026-08-21T21:15:00Z,24458.3
2026-08-21T21:30:00Z,24196.8
2026-08-21T21:45:00Z,21523.2
2026-08-21T22:00:00Z,23422.6
2026-08-21T22:15:00Z,23735.5
2026-08-21T22:30:00Z,23027.8
2026-08-21T22:45:00Z,22401.6
2026-08-21T23:00:00Z,23006.9
2026-08-21T23:15:00Z,17733.0
2026-08-21T23:30:00Z,15760.0
2026-08-21T23:45:00Z,18467.8
2026-08-22T00:00:00Z,22040.9
2026-08-22T00:15:00Z,23080.3
2026-08-22T00:30:00Z,19089.4
2026-08-22T00:45:00Z,22270.6
2026-08-22T01:00:00Z,20002.3
2026-08-22T01:15:00Z,21400.7
2026-08-22T01:30:00Z,22444.8
2026-08-22T01:45:00Z,22960.6
2026-08-22T02:00:00Z,19669.0
2026-08-22T02:15:00Z,19138.3
2026-08-22T02:30:00Z,22793.3
2026-08-22T02:45:00Z,18562.2
2026-08-22T03:00:00Z,23193.9
2026-08-22T03:15:00Z,19350.0
2026-08-22T03:30:00Z,23458.0
2026-08-22T03:45:00Z,21843.4
2026-08-22T04:00:00Z,24036.2
2026-08-22T04:15:00Z,19518.5
2026-08-22T04:30:00Z,23257.1
2026-08-22T04:45:00Z,19148.9
2026-08-22T05:00:00Z,19936.2
2026-08-22T05:15:00Z,18752.5
2026-08-22T05:30:00Z,22362.3
2026-08-22T05:45:00Z,21108.8
2026-08-22T06:00:00Z,19187.5
2026-08-22T06:15:00Z,21911.0
2026-08-22T06:30:00Z,19083.5
2026-08-22T06:45:00Z,22644.8
2026-08-22T07:00:00Z,18244.5
2026-08-22T07:15:00Z,21160.3
2026-08-22T07:30:00Z,20986.2
2026-08-22T07:45:00Z,18726.5
2026-08-22T08:00:00Z,20377.5
2026-08-22T08:15:00Z,17402.9
2026-08-22T08:30:00Z,21072.4
2026-08-22T08:45:00Z,20472.7
2026-08-22T09:00:00Z,22957.9
2026-08-22T09:15:00Z,18737.9
2026-08-22T09:30:00Z,20225.0
2026-08-22T09:45:00Z,19507.6
2026-08-22T10:00:00Z,14110.3
2026-08-22T10:15:00Z,20581.7
2026-08-22T10:30:00Z,13598.0
2026-08-22T10:45:00Z,21409.0
2026-08-22T11:00:00Z,15531.0
2026-08-22T11:15:00Z,17894.1
2026-08-22T11:30:00Z,20733.2
2026-08-22T11:45:00Z,20789.6
2026-08-22T12:00:00Z,21062.0
2026-08-22T12:15:00Z,16910.1
2026-08-22T12:30:00Z,19513.3
2026-08-22T12:45:00Z,20471.2
2026-08-22T13:00:00Z,17390.5
2026-08-22T13:15:00Z,21362.6
2026-08-22T13:30:00Z,22973.5
2026-08-22T13:45:00Z,20850.5
2026-08-22T14:00:00Z,20585.0
2026-08-22T14:15:00Z,17178.8
2026-08-22T14:30:00Z,21576.8
2026-08-22T14:45:00Z,17355.6
2026-08-22T15:00:00Z,22238.5
2026-08-22T15:15:00Z,21921.9
2026-08-22T15:30:00Z,20108.2
2026-08-22T15:45:00Z,20889.0
2026-08-22T16:00:00Z,21341.1
2026-08-22T16:15:00Z,21866.3
2026-08-22T16:30:00Z,23270.4
2026-08-22T16:45:00Z,23290.8
2026-08-22T17:00:00Z,21870.5
2026-08-22T17:15:00Z,21042.0
2026-08-22T17:30:00Z,17786.7
2026-08-22T17:45:00Z,22557.6
2026-08-22T18:00:00Z,18763.4
2026-08-22T18:15:00Z,17504.5
2026-08-22T18:30:00Z,24097.4
2026-08-22T18:45:00Z,22361.5
2026-08-22T19:00:00Z,20066.9
2026-08-22T19:15:00Z,23292.2
2026-08-22T19:30:00Z,23107.4
2026-08-22T19:45:00Z,23614.6
2026-08-22T20:00:00Z,23344.6
2026-08-22T20:15:00Z,23730.9
2026-08-22T20:30:00Z,18893.8
2026-08-22T20:45:00Z,24074.2
2026-08-22T21:00:00Z,22801.5
2026-08-22T21:15:00Z,22514.7
2026-08-22T21:30:00Z,18089.7
2026-08-22T21:45:00Z,24032.2
2026-08-22T22:00:00Z,23290.7
2026-08-22T22:15:00Z,22897.8
2026-08-22T22:30:00Z,21370.8
2026-08-22T22:45:00Z,22813.7
2026-08-22T23:00:00Z,22620.6
2026-08-22T23:15:00Z,17425.3
2026-08-22T23:30:00Z,23674.2
2026-08-22T23:45:00Z,21711.5
2026-08-23T00:00:00Z,20349.3
2026-08-23T00:15:00Z,17440.4
2026-08-23T00:30:00Z,16987.1
2026-08-23T00:45:00Z,21824.0
2026-08-23T01:00:00Z,21731.2
2026-08-23T01:15:00Z,23412.3
2026-08-23T01:30:00Z,20744.8
2026-08-23T01:45:00Z,18793.8
2026-08-23T02:00:00Z,23208.8
2026-08-23T02:15:00Z,19212.4
2026-08-23T02:30:00Z,23310.5
2026-08-23T02:45:00Z,23981.1
2026-08-23T03:00:00Z,24250.2
2026-08-23T03:15:00Z,18910.9
2026-08-23T03:30:00Z,13153.6
2026-08-23T03:45:00Z,20236.2
2026-08-23T04:00:00Z,20858.7
2026-08-23T04:15:00Z,23381.9
2026-08-23T04:30:00Z,20042.3
2026-08-23T04:45:00Z,20252.6
2026-08-23T05:00:00Z,17656.9
2026-08-23T05:15:00Z,22922.8
2026-08-23T05:30:00Z,20342.2
2026-08-23T05:45:00Z,20045.1
2026-08-23T06:00:00Z,21051.5
2026-08-23T06:15:00Z,21745.6
2026-08-23T06:30:00Z,21214.8
2026-08-23T06:45:00Z,22267.3
2026-08-23T07:00:00Z,19796.8
2026-08-23T07:15:00Z,18920.5
2026-08-23T07:30:00Z,18630.9
2026-08-23T07:45:00Z,21683.2
2026-08-23T08:00:00Z,17913.0
2026-08-23T08:15:00Z,18925.4
2026-08-23T08:30:00Z,22238.1
2026-08-23T08:45:00Z,18198.4
2026-08-23T09:00:00Z,19638.9
2026-08-23T09:15:00Z,20768.8
2026-08-23T09:30:00Z,19628.8
2026-08-23T09:45:00Z,16376.8
2026-08-23T10:00:00Z,13002.1
2026-08-23T10:15:00Z,14594.1
2026-08-23T10:30:00Z,19946.7
2026-08-23T10:45:00Z,18116.9
2026-08-23T11:00:00Z,20597.0
2026-08-23T11:15:00Z,18441.7
2026-08-23T11:30:00Z,18174.3
2026-08-23T11:45:00Z,16304.6
2026-08-23T12:00:00Z,21880.9
2026-08-23T12:15:00Z,14506.7
2026-08-23T12:30:00Z,16652.8
2026-08-23T12:45:00Z,7223.4
2026-08-23T13:00:00Z,13981.1
2026-08-23T13:15:00Z,11758.9
2026-08-23T13:30:00Z,11826.4
2026-08-23T13:45:00Z,11911.2
2026-08-23T14:00:00Z,22316.7
2026-08-23T14:15:00Z,20984.0
2026-08-23T14:30:00Z,20867.4
2026-08-23T14:45:00Z,16854.3
2026-08-23T15:00:00Z,19280.7
2026-08-23T15:15:00Z,19528.3
2026-08-23T15:30:00Z,22606.0
2026-08-23T15:45:00Z,17690.9
2026-08-23T16:00:00Z,17466.3
2026-08-23T16:15:00Z,19144.7
2026-08-23T16:30:00Z,22697.8
2026-08-23T16:45:00Z,17274.3
2026-08-23T17:00:00Z,21612.4
2026-08-23T17:15:00Z,19953.6
2026-08-23T17:30:00Z,22253.6
2026-08-23T17:45:00Z,13597.8
2026-08-23T18:00:00Z,19250.4
2026-08-23T18:15:00Z,22672.4
2026-08-23T18:30:00Z,24068.7
2026-08-23T18:45:00Z,22149.7
2026-08-23T19:00:00Z,21192.5
2026-08-23T19:15:00Z,20783.5
2026-08-23T19:30:00Z,18887.3
2026-08-23T19:45:00Z,23544.0
2026-08-23T20:00:00Z,18689.9
2026-08-23T20:15:00Z,22389.1
2026-08-23T20:30:00Z,23993.0
2026-08-23T20:45:00Z,14300.5
2026-08-23T21:00:00Z,24223.1
2026-08-23T21:15:00Z,23249.1
2026-08-23T21:30:00Z,22876.0
2026-08-23T21:45:00Z,21283.8
2026-08-23T22:00:00Z,24218.5
2026-08-23T22:15:00Z,19840.7
2026-08-23T22:30:00Z,21934.4
2026-08-23T22:45:00Z,19160.0
2026-08-23T23:00:00Z,24140.7
2026-08-23T23:15:00Z,17934.3
2026-08-23T23:30:00Z,22994.2
2026-08-23T23:45:00Z,22340.8
2026-08-24T00:00:00Z,22827.4
2026-08-24T00:15:00Z,23549.5
2026-08-24T00:30:00Z,23883.2
2026-08-24T00:45:00Z,23016.1
2026-08-24T01:00:00Z,22211.3
2026-08-24T01:15:00Z,16326.5
2026-08-24T01:30:00Z,23779.7
2026-08-24T01:45:00Z,21447.9
2026-08-24T02:00:00Z,21628.8
2026-08-24T02:15:00Z,18824.0
2026-08-24T02:30:00Z,24316.0
2026-08-24T02:45:00Z,17630.6
2026-08-24T03:00:00Z,22138.4
2026-08-24T03:15:00Z,16016.8
2026-08-24T03:30:00Z,22999.8
2026-08-24T03:45:00Z,22078.8
2026-08-24T04:00:00Z,11965.4
2026-08-24T04:15:00Z,21081.0
2026-08-24T04:30:00Z,18496.1
2026-08-24T04:45:00Z,14150.3
2026-08-24T05:00:00Z,16225.7
2026-08-24T05:15:00Z,13513.8
2026-08-24T05:30:00Z,19486.4
2026-08-24T05:45:00Z,14021.5
2026-08-24T06:00:00Z,19035.2
2026-08-24T06:15:00Z,18623.2
2026-08-24T06:30:00Z,18132.7
2026-08-24T06:45:00Z,8681.7
2026-08-24T07:00:00Z,11951.2
2026-08-24T07:15:00Z,21594.9
2026-08-24T07:30:00Z,8147.4
2026-08-24T07:45:00Z,17466.3
2026-08-24T08:00:00Z,13239.3
2026-08-24T08:15:00Z,11554.7
2026-08-24T08:30:00Z,17181.2
2026-08-24T08:45:00Z,12968.4
2026-08-24T09:00:00Z,15136.0
2026-08-24T09:15:00Z,7642.1
2026-08-24T09:30:00Z,5044.0
2026-08-24T09:45:00Z,14976.4
2026-08-24T10:00:00Z,3698.8
2026-08-24T10:15:00Z,5427.5
2026-08-24T10:30:00Z,9051.8
2026-08-24T10:45:00Z,3051.9
2026-08-24T11:00:00Z,11964.0
2026-08-24T11:15:00Z,12322.1
2026-08-24T11:30:00Z,17409.2
2026-08-24T11:45:00Z,15407.6
2026-08-24T12:00:00Z,15143.9
2026-08-24T12:15:00Z,11436.9
2026-08-24T12:30:00Z,16051.8
2026-08-24T12:45:00Z,10118.8
2026-08-24T13:00:00Z,14181.1
2026-08-24T13:15:00Z,14290.3
2026-08-24T13:30:00Z,16110.6
2026-08-24T13:45:00Z,10465.3
2026-08-24T14:00:00Z,20712.6
2026-08-24T14:15:00Z,10963.2
2026-08-24T14:30:00Z,15518.3
2026-08-24T14:45:00Z,9546.6
2026-08-24T15:00:00Z,21936.4
2026-08-24T15:15:00Z,12893.3
2026-08-24T15:30:00Z,12797.8
2026-08-24T15:45:00Z,11919.9
2026-08-24T16:00:00Z,12625.9
2026-08-24T16:15:00Z,15139.1
2026-08-24T16:30:00Z,21699.8
2026-08-24T16:45:00Z,18594.7
2026-08-24T17:00:00Z,19574.9
2026-08-24T17:15:00Z,15243.8
2026-08-24T17:30:00Z,14202.6
2026-08-24T17:45:00Z,14800.2
2026-08-24T18:00:00Z,19028.8
2026-08-24T18:15:00Z,8080.4
2026-08-24T18:30:00Z,13383.0
2026-08-24T18:45:00Z,9354.7
2026-08-24T19:00:00Z,14035.1
2026-08-24T19:15:00Z,11921.1
2026-08-24T19:30:00Z,10757.4
2026-08-24T19:45:00Z,14514.0
2026-08-24T20:00:00Z,22839.3
2026-08-24T20:15:00Z,22951.1
2026-08-24T20:30:00Z,23911.7
2026-08-24T20:45:00Z,22657.9
2026-08-24T21:00:00Z,23548.2
2026-08-24T21:15:00Z,21224.4
2026-08-24T21:30:00Z,22604.4
2026-08-24T21:45:00Z,22843.5
2026-08-24T22:00:00Z,23287.2
2026-08-24T22:15:00Z,20629.1
2026-08-24T22:30:00Z,22857.7
2026-08-24T22:45:00Z,23371.9
2026-08-24T23:00:00Z,22994.5
2026-08-24T23:15:00Z,16410.6
2026-08-24T23:30:00Z,22889.8
2026-08-24T23:45:00Z,21878.2
2026-08-25T00:00:00Z,24059.0
2026-08-25T00:15:00Z,20031.4
2026-08-25T00:30:00Z,20377.9
2026-08-25T00:45:00Z,23293.1
2026-08-25T01:00:00Z,22680.4
2026-08-25T01:15:00Z,22285.3
2026-08-25T01:30:00Z,20781.3
2026-08-25T01:45:00Z,21768.9
2026-08-25T02:00:00Z,23543.8
2026-08-25T02:15:00Z,22858.1
2026-08-25T02:30:00Z,20981.5
2026-08-25T02:45:00Z,20619.9
2026-08-25T03:00:00Z,18541.9
2026-08-25T03:15:00Z,22276.0
2026-08-25T03:30:00Z,23448.1
2026-08-25T03:45:00Z,22004.3
2026-08-25T04:00:00Z,15088.6
2026-08-25T04:15:00Z,19698.7
2026-08-25T04:30:00Z,15925.2
2026-08-25T04:45:00Z,15434.3
2026-08-25T05:00:00Z,15403.9
2026-08-25T05:15:00Z,6807.5
2026-08-25T05:30:00Z,13576.4
2026-08-25T05:45:00Z,11940.0
2026-08-25T06:00:00Z,5729.8
2026-08-25T06:15:00Z,16771.3
2026-08-25T06:30:00Z,18078.5
2026-08-25T06:45:00Z,14173.9
2026-08-25T07:00:00Z,16790.3
2026-08-25T07:15:00Z,9599.3
2026-08-25T07:30:00Z,12939.6
2026-08-25T07:45:00Z,10192.3
2026-08-25T08:00:00Z,14245.0
2026-08-25T08:15:00Z,7884.4
2026-08-25T08:30:00Z,17614.2
2026-08-25T08:45:00Z,10952.1
2026-08-25T09:00:00Z,7690.2
2026-08-25T09:15:00Z,16509.1
2026-08-25T09:30:00Z,11371.2
2026-08-25T09:45:00Z,10913.6
2026-08-25T10:00:00Z,21125.6
2026-08-25T10:15:00Z,10304.4
2026-08-25T10:30:00Z,5193.6
2026-08-25T10:45:00Z,8624.9
2026-08-25T11:00:00Z,9098.9
2026-08-25T11:15:00Z,12659.1
2026-08-25T11:30:00Z,6824.7
2026-08-25T11:45:00Z,9511.8
2026-08-25T12:00:00Z,15725.1
2026-08-25T12:15:00Z,13929.9
2026-08-25T12:30:00Z,8061.8
2026-08-25T12:45:00Z,11824.4
2026-08-25T13:00:00Z,11807.5
2026-08-25T13:15:00Z,10310.5
2026-08-25T13:30:00Z,16289.0
2026-08-25T13:45:00Z,12243.2
2026-08-25T14:00:00Z,13887.7
2026-08-25T14:15:00Z,11382.2
2026-08-25T14:30:00Z,7665.8
2026-08-25T14:45:00Z,12696.4
2026-08-25T15:00:00Z,13421.8
2026-08-25T15:15:00Z,14262.7
2026-08-25T15:30:00Z,13448.6
2026-08-25T15:45:00Z,8436.2
2026-08-25T16:00:00Z,12426.7
2026-08-25T16:15:00Z,18773.9
2026-08-25T16:30:00Z,13572.5
2026-08-25T16:45:00Z,18798.1
2026-08-25T17:00:00Z,12669.7
2026-08-25T17:15:00Z,12867.5
2026-08-25T17:30:00Z,9855.6
2026-08-25T17:45:00Z,18741.9
2026-08-25T18:00:00Z,15558.6
2026-08-25T18:15:00Z,17650.2
2026-08-25T18:30:00Z,20590.9
2026-08-25T18:45:00Z,22236.9
2026-08-25T19:00:00Z,16234.9
2026-08-25T19:15:00Z,9234.4
2026-08-25T19:30:00Z,10995.5
2026-08-25T19:45:00Z,13177.8
2026-08-25T20:00:00Z,20602.5
2026-08-25T20:15:00Z,22285.8
2026-08-25T20:30:00Z,21598.9
2026-08-25T20:45:00Z,23171.8
2026-08-25T21:00:00Z,15358.1
2026-08-25T21:15:00Z,23302.4
2026-08-25T21:30:00Z,24655.6
2026-08-25T21:45:00Z,19474.6
2026-08-25T22:00:00Z,18192.1
2026-08-25T22:15:00Z,22643.3
2026-08-25T22:30:00Z,22645.1
2026-08-25T22:45:00Z,22854.9
2026-08-25T23:00:00Z,23823.7
2026-08-25T23:15:00Z,21745.8
2026-08-25T23:30:00Z,23975.6
2026-08-25T23:45:00Z,22730.0
2026-08-26T00:00:00Z,20652.8
2026-08-26T00:15:00Z,21187.6
2026-08-26T00:30:00Z,21282.9
2026-08-26T00:45:00Z,23173.1
2026-08-26T01:00:00Z,15411.3
2026-08-26T01:15:00Z,22760.1
2026-08-26T01:30:00Z,20091.6
2026-08-26T01:45:00Z,20228.7
2026-08-26T02:00:00Z,22629.7
2026-08-26T02:15:00Z,24354.3
2026-08-26T02:30:00Z,19332.7
2026-08-26T02:45:00Z,23839.2
2026-08-26T03:00:00Z,22868.1
2026-08-26T03:15:00Z,22826.6
2026-08-26T03:30:00Z,23948.1
2026-08-26T03:45:00Z,20809.1
2026-08-26T04:00:00Z,12376.3
2026-08-26T04:15:00Z,22125.7
2026-08-26T04:30:00Z,14363.8
2026-08-26T04:45:00Z,14009.0
2026-08-26T05:00:00Z,19699.4
2026-08-26T05:15:00Z,21688.9
2026-08-26T05:30:00Z,11059.5
2026-08-26T05:45:00Z,15044.6
2026-08-26T06:00:00Z,15502.5
2026-08-26T06:15:00Z,20166.3
2026-08-26T06:30:00Z,16884.8
2026-08-26T06:45:00Z,17344.6
2026-08-26T07:00:00Z,16445.8
2026-08-26T07:15:00Z,8718.2
2026-08-26T07:30:00Z,11635.0
2026-08-26T07:45:00Z,14517.5
2026-08-26T08:00:00Z,14817.5
2026-08-26T08:15:00Z,14453.9
2026-08-26T08:30:00Z,16129.4
2026-08-26T08:45:00Z,10083.1
2026-08-26T09:00:00Z,17219.4
2026-08-26T09:15:00Z,16685.0
2026-08-26T09:30:00Z,15458.4
2026-08-26T09:45:00Z,4339.3
2026-08-26T10:00:00Z,16287.3
2026-08-26T10:15:00Z,6307.4
2026-08-26T10:30:00Z,12574.2
2026-08-26T10:45:00Z,15168.0
2026-08-26T11:00:00Z,7125.6
2026-08-26T11:15:00Z,10338.3
2026-08-26T11:30:00Z,21292.7
2026-08-26T11:45:00Z,11774.7
2026-08-26T12:00:00Z,12709.6
2026-08-26T12:15:00Z,7683.1
2026-08-26T12:30:00Z,9693.5
2026-08-26T12:45:00Z,5599.3
2026-08-26T13:00:00Z,11148.8
2026-08-26T13:15:00Z,14990.8
2026-08-26T13:30:00Z,15005.0
2026-08-26T13:45:00Z,10053.9
2026-08-26T14:00:00Z,10456.0
2026-08-26T14:15:00Z,14242.2
2026-08-26T14:30:00Z,16558.2
2026-08-26T14:45:00Z,12827.7
2026-08-26T15:00:00Z,11484.0
2026-08-26T15:15:00Z,10200.0
2026-08-26T15:30:00Z,11996.8
2026-08-26T15:45:00Z,9292.6
2026-08-26T16:00:00Z,18315.4
2026-08-26T16:15:00Z,11222.5
2026-08-26T16:30:00Z,14161.2
2026-08-26T16:45:00Z,13786.0
2026-08-26T17:00:00Z,19136.7
2026-08-26T17:15:00Z,14035.6
2026-08-26T17:30:00Z,15591.5
2026-08-26T17:45:00Z,16504.5
2026-08-26T18:00:00Z,18376.1
2026-08-26T18:15:00Z,13358.4
2026-08-26T18:30:00Z,19149.6
2026-08-26T18:45:00Z,18692.8
2026-08-26T19:00:00Z,11252.5
2026-08-26T19:15:00Z,22487.1
2026-08-26T19:30:00Z,8051.3
2026-08-26T19:45:00Z,13890.3
2026-08-26T20:00:00Z,22254.4
2026-08-26T20:15:00Z,20824.6
2026-08-26T20:30:00Z,22630.6
2026-08-26T20:45:00Z,23490.3
2026-08-26T21:00:00Z,23247.6
2026-08-26T21:15:00Z,22711.9
2026-08-26T21:30:00Z,21032.7
2026-08-26T21:45:00Z,20505.0
2026-08-26T22:00:00Z,23703.1
2026-08-26T22:15:00Z,22744.1
2026-08-26T22:30:00Z,23854.4
2026-08-26T22:45:00Z,24366.0
2026-08-26T23:00:00Z,16553.5
2026-08-26T23:15:00Z,23184.5
2026-08-26T23:30:00Z,22181.7
2026-08-26T23:45:00Z,22849.2
2026-08-27T00:00:00Z,21096.7
2026-08-27T00:15:00Z,22800.7
2026-08-27T00:30:00Z,22023.7
2026-08-27T00:45:00Z,21513.3
2026-08-27T01:00:00Z,23976.3
2026-08-27T01:15:00Z,18805.7
2026-08-27T01:30:00Z,23461.3
2026-08-27T01:45:00Z,22663.4
2026-08-27T02:00:00Z,23693.0
2026-08-27T02:15:00Z,22759.1
2026-08-27T02:30:00Z,15827.6
2026-08-27T02:45:00Z,20803.9
2026-08-27T03:00:00Z,21793.7
2026-08-27T03:15:00Z,23396.3
2026-08-27T03:30:00Z,23480.0
2026-08-27T03:45:00Z,24123.3
2026-08-27T04:00:00Z,13823.6
2026-08-27T04:15:00Z,12834.6
2026-08-27T04:30:00Z,18893.5
2026-08-27T04:45:00Z,9886.5
2026-08-27T05:00:00Z,9808.5
2026-08-27T05:15:00Z,14316.4
2026-08-27T05:30:00Z,14627.3
2026-08-27T05:45:00Z,18468.3
2026-08-27T06:00:00Z,11124.0
2026-08-27T06:15:00Z,14865.9
2026-08-27T06:30:00Z,19528.4
2026-08-27T06:45:00Z,11630.4
2026-08-27T07:00:00Z,11927.7
2026-08-27T07:15:00Z,17454.8
2026-08-27T07:30:00Z,12242.7
2026-08-27T07:45:00Z,16840.5
2026-08-27T08:00:00Z,12713.6
2026-08-27T08:15:00Z,12801.2
2026-08-27T08:30:00Z,8295.5
2026-08-27T08:45:00Z,8487.3
2026-08-27T09:00:00Z,8735.1
2026-08-27T09:15:00Z,11616.0
2026-08-27T09:30:00Z,19937.3
2026-08-27T09:45:00Z,16193.6
2026-08-27T10:00:00Z,13058.3
2026-08-27T10:15:00Z,12089.6
2026-08-27T10:30:00Z,12218.7
2026-08-27T10:45:00Z,16096.3
2026-08-27T11:00:00Z,9808.7
2026-08-27T11:15:00Z,14969.1
2026-08-27T11:30:00Z,13182.0
2026-08-27T11:45:00Z,17232.1
2026-08-27T12:00:00Z,14481.9
2026-08-27T12:15:00Z,11884.8
2026-08-27T12:30:00Z,10977.3
2026-08-27T12:45:00Z,11937.1
2026-08-27T13:00:00Z,8038.9
2026-08-27T13:15:00Z,10673.7
2026-08-27T13:30:00Z,7028.4
2026-08-27T13:45:00Z,9653.6
2026-08-27T14:00:00Z,19497.9
2026-08-27T14:15:00Z,10395.9
2026-08-27T14:30:00Z,11117.6
2026-08-27T14:45:00Z,16541.4
2026-08-27T15:00:00Z,14920.9
2026-08-27T15:15:00Z,14786.1
2026-08-27T15:30:00Z,12327.5
2026-08-27T15:45:00Z,8249.1
2026-08-27T16:00:00Z,18309.2
2026-08-27T16:15:00Z,12375.9
2026-08-27T16:30:00Z,21042.2
2026-08-27T16:45:00Z,15057.6
2026-08-27T17:00:00Z,20577.7
2026-08-27T17:15:00Z,18277.7
2026-08-27T17:30:00Z,19174.4
2026-08-27T17:45:00Z,14815.0
2026-08-27T18:00:00Z,17700.3
2026-08-27T18:15:00Z,15748.8
2026-08-27T18:30:00Z,21946.2
2026-08-27T18:45:00Z,10177.7
2026-08-27T19:00:00Z,13962.9
2026-08-27T19:15:00Z,18523.1
2026-08-27T19:30:00Z,19007.6
2026-08-27T19:45:00Z,14843.0
2026-08-27T20:00:00Z,24117.2
2026-08-27T20:15:00Z,18428.0
2026-08-27T20:30:00Z,23710.9
2026-08-27T20:45:00Z,21900.3
2026-08-27T21:00:00Z,22914.2
2026-08-27T21:15:00Z,24001.0
2026-08-27T21:30:00Z,23260.9
2026-08-27T21:45:00Z,20891.8
2026-08-27T22:00:00Z,24389.6
2026-08-27T22:15:00Z,21210.7
2026-08-27T22:30:00Z,24628.9
2026-08-27T22:45:00Z,22507.4
2026-08-27T23:00:00Z,22196.9
2026-08-27T23:15:00Z,19786.2
2026-08-27T23:30:00Z,23200.3
2026-08-27T23:45:00Z,22574.2
2026-08-28T00:00:00Z,23409.7
2026-08-28T00:15:00Z,20652.5
2026-08-28T00:30:00Z,18333.6
2026-08-28T00:45:00Z,20810.4
2026-08-28T01:00:00Z,22810.5
2026-08-28T01:15:00Z,17815.9
2026-08-28T01:30:00Z,17410.5
2026-08-28T01:45:00Z,12302.1
2026-08-28T02:00:00Z,20512.3
2026-08-28T02:15:00Z,15943.5
2026-08-28T02:30:00Z,23352.4
2026-08-28T02:45:00Z,18561.9
2026-08-28T03:00:00Z,22540.6
2026-08-28T03:15:00Z,16437.0
2026-08-28T03:30:00Z,24117.9
2026-08-28T03:45:00Z,16090.2
2026-08-28T04:00:00Z,7282.9
2026-08-28T04:15:00Z,12494.0
2026-08-28T04:30:00Z,3706.8
2026-08-28T04:45:00Z,6546.9
2026-08-28T05:00:00Z,10425.4
2026-08-28T05:15:00Z,17736.0
2026-08-28T05:30:00Z,21386.3
2026-08-28T05:45:00Z,16671.4
2026-08-28T06:00:00Z,17571.0
2026-08-28T06:15:00Z,13410.7
2026-08-28T06:30:00Z,18182.6
2026-08-28T06:45:00Z,10431.3
2026-08-28T07:00:00Z,11890.4
2026-08-28T07:15:00Z,8462.8
2026-08-28T07:30:00Z,17298.0
2026-08-28T07:45:00Z,17543.6
2026-08-28T08:00:00Z,13165.9
2026-08-28T08:15:00Z,11168.3
2026-08-28T08:30:00Z,16903.1
2026-08-28T08:45:00Z,14861.0
2026-08-28T09:00:00Z,17138.2
2026-08-28T09:15:00Z,9391.4
2026-08-28T09:30:00Z,17448.3
2026-08-28T09:45:00Z,15975.0
2026-08-28T10:00:00Z,6557.1
2026-08-28T10:15:00Z,17787.9
2026-08-28T10:30:00Z,18886.7
2026-08-28T10:45:00Z,13805.1
2026-08-28T11:00:00Z,14441.0
2026-08-28T11:15:00Z,18796.8
2026-08-28T11:30:00Z,10099.7
2026-08-28T11:45:00Z,16314.8
2026-08-28T12:00:00Z,16683.0
2026-08-28T12:15:00Z,11692.6
2026-08-28T12:30:00Z,16458.6
2026-08-28T12:45:00Z,13633.1
2026-08-28T13:00:00Z,11831.1
2026-08-28T13:15:00Z,9400.2
2026-08-28T13:30:00Z,10714.4
2026-08-28T13:45:00Z,12431.6
2026-08-28T14:00:00Z,17473.3
2026-08-28T14:15:00Z,14367.8
2026-08-28T14:30:00Z,12933.1
2026-08-28T14:45:00Z,11639.9
2026-08-28T15:00:00Z,18397.9
2026-08-28T15:15:00Z,10730.5
2026-08-28T15:30:00Z,12263.0
2026-08-28T15:45:00Z,22928.0
2026-08-28T16:00:00Z,23835.5
2026-08-28T16:15:00Z,17255.4
2026-08-28T16:30:00Z,14592.9
2026-08-28T16:45:00Z,19123.9
2026-08-28T17:00:00Z,14572.1
2026-08-28T17:15:00Z,9970.1
2026-08-28T17:30:00Z,19628.4
2026-08-28T17:45:00Z,13916.8
2026-08-28T18:00:00Z,8291.7
2026-08-28T18:15:00Z,15305.4
2026-08-28T18:30:00Z,11255.2
2026-08-28T18:45:00Z,12239.1
2026-08-28T19:00:00Z,6909.2
2026-08-28T19:15:00Z,7730.8
2026-08-28T19:30:00Z,7812.1
2026-08-28T19:45:00Z,9752.3
2026-08-28T20:00:00Z,17569.0
2026-08-28T20:15:00Z,16026.2
2026-08-28T20:30:00Z,20419.9
2026-08-28T20:45:00Z,16172.4
2026-08-28T21:00:00Z,20541.1
2026-08-28T21:15:00Z,16944.1
2026-08-28T21:30:00Z,23157.1
2026-08-28T21:45:00Z,24031.0
2026-08-28T22:00:00Z,24556.3
2026-08-28T22:15:00Z,20694.5
2026-08-28T22:30:00Z,23591.8
2026-08-28T22:45:00Z,23741.4
2026-08-28T23:00:00Z,18741.3
2026-08-28T23:15:00Z,16082.7
2026-08-28T23:30:00Z,21362.0
2026-08-28T23:45:00Z,23789.9
2026-08-29T00:00:00Z,24234.1
2026-08-29T00:15:00Z,21075.7
2026-08-29T00:30:00Z,24318.8
2026-08-29T00:45:00Z,24017.2
2026-08-29T01:00:00Z,23854.8
2026-08-29T01:15:00Z,20733.2
2026-08-29T01:30:00Z,20300.6
2026-08-29T01:45:00Z,17924.3
2026-08-29T02:00:00Z,24024.2
2026-08-29T02:15:00Z,22917.0
2026-08-29T02:30:00Z,21831.9
2026-08-29T02:45:00Z,20327.3
2026-08-29T03:00:00Z,24066.4
2026-08-29T03:15:00Z,22131.5
2026-08-29T03:30:00Z,22937.4
2026-08-29T03:45:00Z,22395.2
2026-08-29T04:00:00Z,18185.7
2026-08-29T04:15:00Z,21368.4
2026-08-29T04:30:00Z,19648.1
2026-08-29T04:45:00Z,18798.5
2026-08-29T05:00:00Z,23110.3
2026-08-29T05:15:00Z,8949.5
2026-08-29T05:30:00Z,20518.8
2026-08-29T05:45:00Z,21072.8
2026-08-29T06:00:00Z,20720.5
2026-08-29T06:15:00Z,21145.4
2026-08-29T06:30:00Z,20608.0
2026-08-29T06:45:00Z,13213.3
2026-08-29T07:00:00Z,18970.6
2026-08-29T07:15:00Z,21218.0
2026-08-29T07:30:00Z,15162.9
2026-08-29T07:45:00Z,20797.9
2026-08-29T08:00:00Z,18629.1
2026-08-29T08:15:00Z,19385.1
2026-08-29T08:30:00Z,20071.0
2026-08-29T08:45:00Z,21628.4
2026-08-29T09:00:00Z,17056.2
2026-08-29T09:15:00Z,21555.9
2026-08-29T09:30:00Z,17118.6
2026-08-29T09:45:00Z,13185.6
2026-08-29T10:00:00Z,19358.6
2026-08-29T10:15:00Z,20057.5
2026-08-29T10:30:00Z,20700.9
2026-08-29T10:45:00Z,21714.0
2026-08-29T11:00:00Z,18573.6
2026-08-29T11:15:00Z,19468.5
2026-08-29T11:30:00Z,22158.7
2026-08-29T11:45:00Z,21288.2
2026-08-29T12:00:00Z,18414.0
2026-08-29T12:15:00Z,14407.0
2026-08-29T12:30:00Z,20860.7
2026-08-29T12:45:00Z,19740.1
2026-08-29T13:00:00Z,20734.5
2026-08-29T13:15:00Z,16622.6
2026-08-29T13:30:00Z,22964.3
2026-08-29T13:45:00Z,20486.2
2026-08-29T14:00:00Z,18551.9
2026-08-29T14:15:00Z,16905.0
2026-08-29T14:30:00Z,22651.0
2026-08-29T14:45:00Z,18209.4
2026-08-29T15:00:00Z,19175.9
2026-08-29T15:15:00Z,14672.7
2026-08-29T15:30:00Z,20249.8
2026-08-29T15:45:00Z,19877.9
2026-08-29T16:00:00Z,19129.4
2026-08-29T16:15:00Z,22881.5
2026-08-29T16:30:00Z,14563.9
2026-08-29T16:45:00Z,20986.8
2026-08-29T17:00:00Z,21845.2
2026-08-29T17:15:00Z,22958.4
2026-08-29T17:30:00Z,19817.9
2026-08-29T17:45:00Z,19872.5
2026-08-29T18:00:00Z,23629.9
2026-08-29T18:15:00Z,23968.5
2026-08-29T18:30:00Z,22819.0
2026-08-29T18:45:00Z,23681.8
2026-08-29T19:00:00Z,21906.4
2026-08-29T19:15:00Z,23209.4
2026-08-29T19:30:00Z,21817.7
2026-08-29T19:45:00Z,15387.8
2026-08-29T20:00:00Z,20569.9
2026-08-29T20:15:00Z,23969.9
2026-08-29T20:30:00Z,19586.0
2026-08-29T20:45:00Z,22851.9
2026-08-29T21:00:00Z,23995.7
2026-08-29T21:15:00Z,16234.6
2026-08-29T21:30:00Z,22340.7
2026-08-29T21:45:00Z,23987.0
2026-08-29T22:00:00Z,20504.6
2026-08-29T22:15:00Z,23399.6
2026-08-29T22:30:00Z,22701.6
2026-08-29T22:45:00Z,23150.9
2026-08-29T23:00:00Z,24341.4
2026-08-29T23:15:00Z,10930.7
2026-08-29T23:30:00Z,23284.3
2026-08-29T23:45:00Z,24042.3
2026-08-30T00:00:00Z,24458.7
2026-08-30T00:15:00Z,22495.3
2026-08-30T00:30:00Z,22187.5
2026-08-30T00:45:00Z,23800.9
2026-08-30T01:00:00Z,23199.5
2026-08-30T01:15:00Z,16344.7
2026-08-30T01:30:00Z,19827.2
2026-08-30T01:45:00Z,22952.8
2026-08-30T02:00:00Z,20351.4
2026-08-30T02:15:00Z,23867.1
2026-08-30T02:30:00Z,24181.5
2026-08-30T02:45:00Z,24184.1
2026-08-30T03:00:00Z,19463.2
2026-08-30T03:15:00Z,23668.3
2026-08-30T03:30:00Z,22775.3
2026-08-30T03:45:00Z,23303.3
2026-08-30T04:00:00Z,20845.7
2026-08-30T04:15:00Z,22452.2
2026-08-30T04:30:00Z,18358.3
2026-08-30T04:45:00Z,23107.9
2026-08-30T05:00:00Z,16283.6
2026-08-30T05:15:00Z,22008.3
2026-08-30T05:30:00Z,18864.4
2026-08-30T05:45:00Z,20227.7
2026-08-30T06:00:00Z,15313.4
2026-08-30T06:15:00Z,21299.4
2026-08-30T06:30:00Z,20417.3
2026-08-30T06:45:00Z,20413.7
2026-08-30T07:00:00Z,21455.8
2026-08-30T07:15:00Z,15759.8
2026-08-30T07:30:00Z,21573.4
2026-08-30T07:45:00Z,17544.7
2026-08-30T08:00:00Z,20723.9
2026-08-30T08:15:00Z,18089.0
2026-08-30T08:30:00Z,15345.5
2026-08-30T08:45:00Z,22116.0
2026-08-30T09:00:00Z,20005.0
2026-08-30T09:15:00Z,19258.6
2026-08-30T09:30:00Z,21560.4
2026-08-30T09:45:00Z,19170.4
2026-08-30T10:00:00Z,19061.9
2026-08-30T10:15:00Z,17428.5
2026-08-30T10:30:00Z,19663.7
2026-08-30T10:45:00Z,18246.1
2026-08-30T11:00:00Z,19597.4
2026-08-30T11:15:00Z,22222.8
2026-08-30T11:30:00Z,19031.2
2026-08-30T11:45:00Z,21015.8
2026-08-30T12:00:00Z,20237.7
2026-08-30T12:15:00Z,19664.8
2026-08-30T12:30:00Z,20839.2
2026-08-30T12:45:00Z,21657.6
2026-08-30T13:00:00Z,22193.4
2026-08-30T13:15:00Z,21113.1
2026-08-30T13:30:00Z,19693.2
2026-08-30T13:45:00Z,21618.3
2026-08-30T14:00:00Z,17109.8
2026-08-30T14:15:00Z,20909.8
2026-08-30T14:30:00Z,19651.7
2026-08-30T14:45:00Z,18830.1
2026-08-30T15:00:00Z,18820.8
2026-08-30T15:15:00Z,21826.1
2026-08-30T15:30:00Z,19175.8
2026-08-30T15:45:00Z,23188.2
2026-08-30T16:00:00Z,21348.6
2026-08-30T16:15:00Z,21564.1
2026-08-30T16:30:00Z,18975.3
2026-08-30T16:45:00Z,23355.7
2026-08-30T17:00:00Z,21080.3
2026-08-30T17:15:00Z,22231.1
2026-08-30T17:30:00Z,20346.8
2026-08-30T17:45:00Z,18811.2
2026-08-30T18:00:00Z,19767.6
2026-08-30T18:15:00Z,19147.9
2026-08-30T18:30:00Z,22777.1
2026-08-30T18:45:00Z,23470.0
2026-08-30T19:00:00Z,23190.4
2026-08-30T19:15:00Z,23408.8
2026-08-30T19:30:00Z,23212.3
2026-08-30T19:45:00Z,18866.4
2026-08-30T20:00:00Z,23699.1
2026-08-30T20:15:00Z,19053.8
2026-08-30T20:30:00Z,22654.4
2026-08-30T20:45:00Z,23115.2
2026-08-30T21:00:00Z,22755.3
2026-08-30T21:15:00Z,23291.7
2026-08-30T21:30:00Z,22466.3
2026-08-30T21:45:00Z,21776.6
2026-08-30T22:00:00Z,22701.5
2026-08-30T22:15:00Z,24253.7
2026-08-30T22:30:00Z,24373.2
2026-08-30T22:45:00Z,24169.8
2026-08-30T23:00:00Z,23621.6
2026-08-30T23:15:00Z,18915.3
2026-08-30T23:30:00Z,24602.8
2026-08-30T23:45:00Z,21704.8
2026-08-31T00:00:00Z,21602.5
2026-08-31T00:15:00Z,22229.1
2026-08-31T00:30:00Z,22248.7
2026-08-31T00:45:00Z,17863.8
2026-08-31T01:00:00Z,16615.8
2026-08-31T01:15:00Z,24570.9
2026-08-31T01:30:00Z,20478.4
2026-08-31T01:45:00Z,22581.4
2026-08-31T02:00:00Z,23021.2
2026-08-31T02:15:00Z,23491.4
2026-08-31T02:30:00Z,23164.2
2026-08-31T02:45:00Z,23552.6
2026-08-31T03:00:00Z,18737.2
2026-08-31T03:15:00Z,19638.0
2026-08-31T03:30:00Z,20687.3
2026-08-31T03:45:00Z,18567.7
2026-08-31T04:00:00Z,13322.2
2026-08-31T04:15:00Z,22664.6
2026-08-31T04:30:00Z,14874.0
2026-08-31T04:45:00Z,12772.8
2026-08-31T05:00:00Z,18858.1
2026-08-31T05:15:00Z,17613.5
2026-08-31T05:30:00Z,18131.3
2026-08-31T05:45:00Z,7915.6
2026-08-31T06:00:00Z,9659.3
2026-08-31T06:15:00Z,10805.1
2026-08-31T06:30:00Z,7820.8
2026-08-31T06:45:00Z,16732.9
2026-08-31T07:00:00Z,10740.2
2026-08-31T07:15:00Z,13520.7
2026-08-31T07:30:00Z,14543.0
2026-08-31T07:45:00Z,7315.6
2026-08-31T08:00:00Z,8438.1
2026-08-31T08:15:00Z,16287.6
2026-08-31T08:30:00Z,9805.9
2026-08-31T08:45:00Z,5438.8
2026-08-31T09:00:00Z,12555.7
2026-08-31T09:15:00Z,12312.0
2026-08-31T09:30:00Z,15487.2
2026-08-31T09:45:00Z,11263.6
2026-08-31T10:00:00Z,7906.2
2026-08-31T10:15:00Z,11635.3
2026-08-31T10:30:00Z,12465.3
2026-08-31T10:45:00Z,20970.4
2026-08-31T11:00:00Z,14866.5
2026-08-31T11:15:00Z,10766.4
2026-08-31T11:30:00Z,9177.1
2026-08-31T11:45:00Z,7966.8
2026-08-31T12:00:00Z,17807.8
2026-08-31T12:15:00Z,11005.2
2026-08-31T12:30:00Z,10545.4
2026-08-31T12:45:00Z,15890.7
2026-08-31T13:00:00Z,13102.1
2026-08-31T13:15:00Z,8576.8
2026-08-31T13:30:00Z,16049.9
2026-08-31T13:45:00Z,13135.1
2026-08-31T14:00:00Z,13298.3
2026-08-31T14:15:00Z,17368.3
2026-08-31T14:30:00Z,11575.6
2026-08-31T14:45:00Z,13160.7
2026-08-31T15:00:00Z,15604.8
2026-08-31T15:15:00Z,13782.8
2026-08-31T15:30:00Z,14936.2
2026-08-31T15:45:00Z,10255.2
2026-08-31T16:00:00Z,16097.0
2026-08-31T16:15:00Z,15507.1
2026-08-31T16:30:00Z,12583.7
2026-08-31T16:45:00Z,9658.6
2026-08-31T17:00:00Z,13880.4
2026-08-31T17:15:00Z,14944.3
2026-08-31T17:30:00Z,18888.8
2026-08-31T17:45:00Z,15473.1
2026-08-31T18:00:00Z,16596.6
2026-08-31T18:15:00Z,13538.9
2026-08-31T18:30:00Z,19050.3
2026-08-31T18:45:00Z,9068.0
2026-08-31T19:00:00Z,19316.6
2026-08-31T19:15:00Z,17172.8
2026-08-31T19:30:00Z,7936.5
2026-08-31T19:45:00Z,16515.2
2026-08-31T20:00:00Z,21448.2
2026-08-31T20:15:00Z,24101.3
2026-08-31T20:30:00Z,18359.4
2026-08-31T20:45:00Z,17795.4
2026-08-31T21:00:00Z,22064.4
2026-08-31T21:15:00Z,21330.2
2026-08-31T21:30:00Z,23606.9
2026-08-31T21:45:00Z,18573.1
2026-08-31T22:00:00Z,18001.5
2026-08-31T22:15:00Z,22221.8
2026-08-31T22:30:00Z,23048.1
2026-08-31T22:45:00Z,23155.2
2026-08-31T23:00:00Z,23538.8
2026-08-31T23:15:00Z,21281.6
2026-08-31T23:30:00Z,24179.1
2026-08-31T23:45:00Z,22038.6
2026-09-01T00:00:00Z,20528.1
2026-09-01T00:15:00Z,19750.0
2026-09-01T00:30:00Z,23703.7
2026-09-01T00:45:00Z,21285.1
2026-09-01T01:00:00Z,21220.6
2026-09-01T01:15:00Z,22744.5
2026-09-01T01:30:00Z,21263.2
2026-09-01T01:45:00Z,24070.9
2026-09-01T02:00:00Z,22676.6
2026-09-01T02:15:00Z,20369.4
2026-09-01T02:30:00Z,23830.6
2026-09-01T02:45:00Z,21492.6
2026-09-01T03:00:00Z,21751.6
2026-09-01T03:15:00Z,22899.8
2026-09-01T03:30:00Z,20494.1
2026-09-01T03:45:00Z,24437.7
2026-09-01T04:00:00Z,10871.7
2026-09-01T04:15:00Z,20038.7
2026-09-01T04:30:00Z,9799.8
2026-09-01T04:45:00Z,18729.9
2026-09-01T05:00:00Z,15034.8
2026-09-01T05:15:00Z,14828.7
2026-09-01T05:30:00Z,17349.7
2026-09-01T05:45:00Z,17365.9
2026-09-01T06:00:00Z,13175.0
2026-09-01T06:15:00Z,11148.1
2026-09-01T06:30:00Z,10325.6
2026-09-01T06:45:00Z,15975.8
2026-09-01T07:00:00Z,11843.3
2026-09-01T07:15:00Z,13428.0
2026-09-01T07:30:00Z,12553.8
2026-09-01T07:45:00Z,11949.5
2026-09-01T08:00:00Z,13616.6
2026-09-01T08:15:00Z,9846.5
2026-09-01T08:30:00Z,12024.5
2026-09-01T08:45:00Z,11859.6
2026-09-01T09:00:00Z,8067.9
2026-09-01T09:15:00Z,14820.1
2026-09-01T09:30:00Z,22539.8
2026-09-01T09:45:00Z,13221.9
2026-09-01T10:00:00Z,17358.0
2026-09-01T10:15:00Z,9022.2
2026-09-01T10:30:00Z,9709.8
2026-09-01T10:45:00Z,9686.7
2026-09-01T11:00:00Z,6316.5
2026-09-01T11:15:00Z,17797.9
2026-09-01T11:30:00Z,14537.8
2026-09-01T11:45:00Z,21429.8
2026-09-01T12:00:00Z,14692.3
2026-09-01T12:15:00Z,8502.8
2026-09-01T12:30:00Z,20459.2
2026-09-01T12:45:00Z,9121.1
2026-09-01T13:00:00Z,16365.2
2026-09-01T13:15:00Z,5759.7
2026-09-01T13:30:00Z,14526.3
2026-09-01T13:45:00Z,11181.8
2026-09-01T14:00:00Z,13494.6
2026-09-01T14:15:00Z,11131.7
2026-09-01T14:30:00Z,11082.4
2026-09-01T14:45:00Z,13245.3
2026-09-01T15:00:00Z,13401.3
2026-09-01T15:15:00Z,16448.9
2026-09-01T15:30:00Z,20422.5
2026-09-01T15:45:00Z,12601.7
2026-09-01T16:00:00Z,16912.5
2026-09-01T16:15:00Z,11326.4
2026-09-01T16:30:00Z,22994.7
2026-09-01T16:45:00Z,11152.4
2026-09-01T17:00:00Z,15616.6
2026-09-01T17:15:00Z,12923.8
2026-09-01T17:30:00Z,8754.4
2026-09-01T17:45:00Z,15360.6
2026-09-01T18:00:00Z,21123.0
2026-09-01T18:15:00Z,20882.4
2026-09-01T18:30:00Z,10607.7
2026-09-01T18:45:00Z,13015.5
2026-09-01T19:00:00Z,14181.4
2026-09-01T19:15:00Z,10811.0
2026-09-01T19:30:00Z,15953.6
2026-09-01T19:45:00Z,13937.5
2026-09-01T20:00:00Z,24056.1
2026-09-01T20:15:00Z,23996.1
2026-09-01T20:30:00Z,24945.0
2026-09-01T20:45:00Z,20753.4
2026-09-01T21:00:00Z,18917.5
2026-09-01T21:15:00Z,22323.0
2026-09-01T21:30:00Z,18331.9
2026-09-01T21:45:00Z,23395.6
2026-09-01T22:00:00Z,20994.3
2026-09-01T22:15:00Z,23051.2
2026-09-01T22:30:00Z,22383.5
2026-09-01T22:45:00Z,23940.5
2026-09-01T23:00:00Z,21371.7
2026-09-01T23:15:00Z,21593.0
2026-09-01T23:30:00Z,24515.0
2026-09-01T23:45:00Z,22394.6
2026-09-02T00:00:00Z,19441.9
2026-09-02T00:15:00Z,18719.7
2026-09-02T00:30:00Z,22413.3
2026-09-02T00:45:00Z,23885.2
2026-09-02T01:00:00Z,22074.4
2026-09-02T01:15:00Z,18613.9
2026-09-02T01:30:00Z,20978.1
2026-09-02T01:45:00Z,17456.3
2026-09-02T02:00:00Z,23952.0
2026-09-02T02:15:00Z,17838.2
2026-09-02T02:30:00Z,23520.7
2026-09-02T02:45:00Z,23634.5
2026-09-02T03:00:00Z,22829.5
2026-09-02T03:15:00Z,21881.3
2026-09-02T03:30:00Z,22708.1
2026-09-02T03:45:00Z,23968.0
2026-09-02T04:00:00Z,13311.7
2026-09-02T04:15:00Z,15808.6
2026-09-02T04:30:00Z,14270.3
2026-09-02T04:45:00Z,19149.3
2026-09-02T05:00:00Z,17329.7
2026-09-02T05:15:00Z,21033.4
2026-09-02T05:30:00Z,17748.9
2026-09-02T05:45:00Z,8863.3
2026-09-02T06:00:00Z,14215.2
2026-09-02T06:15:00Z,5969.4
2026-09-02T06:30:00Z,10118.1
2026-09-02T06:45:00Z,12089.9
2026-09-02T07:00:00Z,2851.5
2026-09-02T07:15:00Z,7464.0
2026-09-02T07:30:00Z,16516.1
2026-09-02T07:45:00Z,14871.5
2026-09-02T08:00:00Z,16196.3
2026-09-02T08:15:00Z,11710.5
2026-09-02T08:30:00Z,16293.6
2026-09-02T08:45:00Z,9733.7
2026-09-02T09:00:00Z,14607.9
2026-09-02T09:15:00Z,7055.9
2026-09-02T09:30:00Z,15372.2
2026-09-02T09:45:00Z,11675.5
2026-09-02T10:00:00Z,9910.7
2026-09-02T10:15:00Z,12214.9
2026-09-02T10:30:00Z,7155.9
2026-09-02T10:45:00Z,9119.5
2026-09-02T11:00:00Z,12961.4
2026-09-02T11:15:00Z,17965.2
2026-09-02T11:30:00Z,11404.6
2026-09-02T11:45:00Z,12540.3
2026-09-02T12:00:00Z,13163.5
2026-09-02T12:15:00Z,5121.2
2026-09-02T12:30:00Z,16681.6
2026-09-02T12:45:00Z,5679.8
2026-09-02T13:00:00Z,10687.8
2026-09-02T13:15:00Z,19635.5
2026-09-02T13:30:00Z,16865.3
2026-09-02T13:45:00Z,11524.6
2026-09-02T14:00:00Z,16850.4
2026-09-02T14:15:00Z,12880.7
2026-09-02T14:30:00Z,16973.2
2026-09-02T14:45:00Z,11472.0
2026-09-02T15:00:00Z,10076.3
2026-09-02T15:15:00Z,18027.1
2026-09-02T15:30:00Z,10538.7
2026-09-02T15:45:00Z,16812.4
2026-09-02T16:00:00Z,10752.5
2026-09-02T16:15:00Z,12656.6
2026-09-02T16:30:00Z,10981.3
2026-09-02T16:45:00Z,14955.3
2026-09-02T17:00:00Z,23236.5
2026-09-02T17:15:00Z,19523.5
2026-09-02T17:30:00Z,19136.1
2026-09-02T17:45:00Z,8312.4
2026-09-02T18:00:00Z,8453.8
2026-09-02T18:15:00Z,19331.5
2026-09-02T18:30:00Z,13964.8
2026-09-02T18:45:00Z,11663.3
2026-09-02T19:00:00Z,14648.0
2026-09-02T19:15:00Z,19122.4
2026-09-02T19:30:00Z,12760.5
2026-09-02T19:45:00Z,18906.0
2026-09-02T20:00:00Z,18696.1
2026-09-02T20:15:00Z,23786.7
2026-09-02T20:30:00Z,23877.2
2026-09-02T20:45:00Z,22911.9
2026-09-02T21:00:00Z,22913.8
2026-09-02T21:15:00Z,16631.1
2026-09-02T21:30:00Z,23787.9
2026-09-02T21:45:00Z,15103.9
2026-09-02T22:00:00Z,23452.1
2026-09-02T22:15:00Z,20377.0
2026-09-02T22:30:00Z,17939.9
2026-09-02T22:45:00Z,20678.0
2026-09-02T23:00:00Z,22978.6
2026-09-02T23:15:00Z,24020.7
2026-09-02T23:30:00Z,22149.6
2026-09-02T23:45:00Z,19394.0
2026-09-03T00:00:00Z,21160.2
2026-09-03T00:15:00Z,20961.3
2026-09-03T00:30:00Z,18770.1
2026-09-03T00:45:00Z,23621.9
2026-09-03T01:00:00Z,23190.0
2026-09-03T01:15:00Z,22637.0
2026-09-03T01:30:00Z,19283.2
2026-09-03T01:45:00Z,21523.4
2026-09-03T02:00:00Z,24036.9
2026-09-03T02:15:00Z,23205.3
2026-09-03T02:30:00Z,22136.8
2026-09-03T02:45:00Z,23683.7
2026-09-03T03:00:00Z,23461.6
2026-09-03T03:15:00Z,16319.8
2026-09-03T03:30:00Z,19840.2
2026-09-03T03:45:00Z,18099.9
2026-09-03T04:00:00Z,14500.0
2026-09-03T04:15:00Z,13209.4
2026-09-03T04:30:00Z,17605.4
2026-09-03T04:45:00Z,13985.2
2026-09-03T05:00:00Z,13426.1
2026-09-03T05:15:00Z,13559.2
2026-09-03T05:30:00Z,17720.9
2026-09-03T05:45:00Z,8633.9
2026-09-03T06:00:00Z,12293.3
2026-09-03T06:15:00Z,10709.0
2026-09-03T06:30:00Z,16844.6
2026-09-03T06:45:00Z,22494.1
2026-09-03T07:00:00Z,20638.0
2026-09-03T07:15:00Z,7436.1
2026-09-03T07:30:00Z,8885.5
2026-09-03T07:45:00Z,9455.2
2026-09-03T08:00:00Z,7223.4
2026-09-03T08:15:00Z,15602.4
2026-09-03T08:30:00Z,7588.7
2026-09-03T08:45:00Z,11125.8
2026-09-03T09:00:00Z,4357.3
2026-09-03T09:15:00Z,4626.8
2026-09-03T09:30:00Z,12886.4
2026-09-03T09:45:00Z,6307.5
2026-09-03T10:00:00Z,12755.0
2026-09-03T10:15:00Z,21021.0
2026-09-03T10:30:00Z,9586.0
2026-09-03T10:45:00Z,12155.8
2026-09-03T11:00:00Z,6110.4
2026-09-03T11:15:00Z,15740.6
2026-09-03T11:30:00Z,14701.6
2026-09-03T11:45:00Z,9374.7
2026-09-03T12:00:00Z,15763.5
2026-09-03T12:15:00Z,9957.3
2026-09-03T12:30:00Z,15070.0
2026-09-03T12:45:00Z,16364.1
2026-09-03T13:00:00Z,22205.8
2026-09-03T13:15:00Z,14173.5
2026-09-03T13:30:00Z,20408.9
2026-09-03T13:45:00Z,18735.1
2026-09-03T14:00:00Z,9901.3
2026-09-03T14:15:00Z,10816.5
2026-09-03T14:30:00Z,10318.5
2026-09-03T14:45:00Z,11206.0
2026-09-03T15:00:00Z,10239.6
2026-09-03T15:15:00Z,9898.9
2026-09-03T15:30:00Z,12012.6
2026-09-03T15:45:00Z,16133.8
2026-09-03T16:00:00Z,14552.9
2026-09-03T16:15:00Z,12034.9
2026-09-03T16:30:00Z,13192.2
2026-09-03T16:45:00Z,11227.6
2026-09-03T17:00:00Z,13517.6
2026-09-03T17:15:00Z,8967.4
2026-09-03T17:30:00Z,11415.0
2026-09-03T17:45:00Z,14515.5
2026-09-03T18:00:00Z,12314.9
2026-09-03T18:15:00Z,14812.6
2026-09-03T18:30:00Z,16851.6
2026-09-03T18:45:00Z,20055.4
2026-09-03T19:00:00Z,13915.9
2026-09-03T19:15:00Z,15801.8
2026-09-03T19:30:00Z,15128.4
2026-09-03T19:45:00Z,14472.3
2026-09-03T20:00:00Z,23665.0
2026-09-03T20:15:00Z,22724.9
2026-09-03T20:30:00Z,20591.1
2026-09-03T20:45:00Z,23465.9
2026-09-03T21:00:00Z,22242.3
2026-09-03T21:15:00Z,19823.6
2026-09-03T21:30:00Z,24337.6
2026-09-03T21:45:00Z,14194.9
2026-09-03T22:00:00Z,20641.8
2026-09-03T22:15:00Z,23974.1
2026-09-03T22:30:00Z,23577.4
2026-09-03T22:45:00Z,22527.4
2026-09-03T23:00:00Z,23620.4
2026-09-03T23:15:00Z,20054.4
2026-09-03T23:30:00Z,24217.3
2026-09-03T23:45:00Z,23442.5
2026-09-04T00:00:00Z,21647.4
2026-09-04T00:15:00Z,22827.6
2026-09-04T00:30:00Z,19648.7
2026-09-04T00:45:00Z,19081.6
2026-09-04T01:00:00Z,17819.2
2026-09-04T01:15:00Z,24442.4
2026-09-04T01:30:00Z,15352.5
2026-09-04T01:45:00Z,23499.1
2026-09-04T02:00:00Z,16775.8
2026-09-04T02:15:00Z,22192.3
2026-09-04T02:30:00Z,23394.5
2026-09-04T02:45:00Z,23166.9
2026-09-04T03:00:00Z,24094.7
2026-09-04T03:15:00Z,23112.3
2026-09-04T03:30:00Z,23777.1
2026-09-04T03:45:00Z,20795.0
2026-09-04T04:00:00Z,15270.5
2026-09-04T04:15:00Z,13083.7
2026-09-04T04:30:00Z,8498.9
2026-09-04T04:45:00Z,17128.2
2026-09-04T05:00:00Z,19303.8
2026-09-04T05:15:00Z,18406.3
2026-09-04T05:30:00Z,7845.1
2026-09-04T05:45:00Z,14491.2
2026-09-04T06:00:00Z,12930.9
2026-09-04T06:15:00Z,15949.4
2026-09-04T06:30:00Z,11840.8
2026-09-04T06:45:00Z,12007.3
2026-09-04T07:00:00Z,11428.3
2026-09-04T07:15:00Z,15762.7
2026-09-04T07:30:00Z,10435.0
2026-09-04T07:45:00Z,11762.1
2026-09-04T08:00:00Z,12100.2
2026-09-04T08:15:00Z,13474.9
2026-09-04T08:30:00Z,5060.9
2026-09-04T08:45:00Z,11632.7
2026-09-04T09:00:00Z,13058.0
2026-09-04T09:15:00Z,11591.8
2026-09-04T09:30:00Z,17701.1
2026-09-04T09:45:00Z,7025.9
2026-09-04T10:00:00Z,16610.2
2026-09-04T10:15:00Z,9211.5
2026-09-04T10:30:00Z,7749.2
2026-09-04T10:45:00Z,12245.9
2026-09-04T11:00:00Z,10480.9
2026-09-04T11:15:00Z,12539.2
2026-09-04T11:30:00Z,20581.8
2026-09-04T11:45:00Z,11700.3
2026-09-04T12:00:00Z,8132.8
2026-09-04T12:15:00Z,10543.4
2026-09-04T12:30:00Z,9062.4
2026-09-04T12:45:00Z,13078.0
2026-09-04T13:00:00Z,10081.1
2026-09-04T13:15:00Z,13558.4
2026-09-04T13:30:00Z,16560.1
2026-09-04T13:45:00Z,12313.8
2026-09-04T14:00:00Z,4651.8
2026-09-04T14:15:00Z,7391.5
2026-09-04T14:30:00Z,16988.6
2026-09-04T14:45:00Z,13233.7
2026-09-04T15:00:00Z,9869.0
2026-09-04T15:15:00Z,15772.3
2026-09-04T15:30:00Z,16500.9
2026-09-04T15:45:00Z,8809.0
2026-09-04T16:00:00Z,11912.2
2026-09-04T16:15:00Z,17904.8
2026-09-04T16:30:00Z,9241.1
2026-09-04T16:45:00Z,9642.1
2026-09-04T17:00:00Z,18018.7
2026-09-04T17:15:00Z,19899.9
2026-09-04T17:30:00Z,9973.3
2026-09-04T17:45:00Z,14754.5
2026-09-04T18:00:00Z,19934.9
2026-09-04T18:15:00Z,18692.1
2026-09-04T18:30:00Z,16319.7
2026-09-04T18:45:00Z,19052.7
2026-09-04T19:00:00Z,12885.6
2026-09-04T19:15:00Z,19822.3
2026-09-04T19:30:00Z,20086.6
2026-09-04T19:45:00Z,15119.9
2026-09-04T20:00:00Z,21259.4
2026-09-04T20:15:00Z,23577.4
2026-09-04T20:30:00Z,23653.2
2026-09-04T20:45:00Z,17959.3
2026-09-04T21:00:00Z,24331.5
2026-09-04T21:15:00Z,22775.5
2026-09-04T21:30:00Z,24661.6
2026-09-04T21:45:00Z,20974.5
2026-09-04T22:00:00Z,20256.2
2026-09-04T22:15:00Z,22196.8
2026-09-04T22:30:00Z,18753.6
2026-09-04T22:45:00Z,16656.1
2026-09-04T23:00:00Z,20492.6
2026-09-04T23:15:00Z,22342.4
2026-09-04T23:30:00Z,23620.5
2026-09-04T23:45:00Z,23946.8
2026-09-05T00:00:00Z,19070.9
2026-09-05T00:15:00Z,23155.4
2026-09-05T00:30:00Z,23478.2
2026-09-05T00:45:00Z,20107.4
2026-09-05T01:00:00Z,22041.6
2026-09-05T01:15:00Z,19673.5
2026-09-05T01:30:00Z,22476.0
2026-09-05T01:45:00Z,18712.8
2026-09-05T02:00:00Z,22440.5
2026-09-05T02:15:00Z,21088.0
2026-09-05T02:30:00Z,21167.6
2026-09-05T02:45:00Z,23356.9
2026-09-05T03:00:00Z,20292.5
2026-09-05T03:15:00Z,22398.0
2026-09-05T03:30:00Z,22191.8
2026-09-05T03:45:00Z,20423.9
2026-09-05T04:00:00Z,21357.3
2026-09-05T04:15:00Z,15050.7
2026-09-05T04:30:00Z,22910.7
2026-09-05T04:45:00Z,23944.1
2026-09-05T05:00:00Z,20855.8
2026-09-05T05:15:00Z,22153.7
2026-09-05T05:30:00Z,22869.8
2026-09-05T05:45:00Z,22854.5
2026-09-05T06:00:00Z,22065.2
2026-09-05T06:15:00Z,21104.2
2026-09-05T06:30:00Z,21954.0
2026-09-05T06:45:00Z,20346.3
2026-09-05T07:00:00Z,19825.1
2026-09-05T07:15:00Z,21294.6
2026-09-05T07:30:00Z,20662.1
2026-09-05T07:45:00Z,21016.1
2026-09-05T08:00:00Z,17102.4
2026-09-05T08:15:00Z,21662.2
2026-09-05T08:30:00Z,22240.4
2026-09-05T08:45:00Z,20356.9
2026-09-05T09:00:00Z,19204.0
2026-09-05T09:15:00Z,17279.2
2026-09-05T09:30:00Z,19409.1
2026-09-05T09:45:00Z,19611.1
2026-09-05T10:00:00Z,14419.7
2026-09-05T10:15:00Z,19736.1
2026-09-05T10:30:00Z,18111.5
2026-09-05T10:45:00Z,22859.1
2026-09-05T11:00:00Z,19837.3
2026-09-05T11:15:00Z,15895.7
2026-09-05T11:30:00Z,20345.6
2026-09-05T11:45:00Z,21956.8
2026-09-05T12:00:00Z,17419.5
2026-09-05T12:15:00Z,17072.5
2026-09-05T12:30:00Z,18654.1
2026-09-05T12:45:00Z,20433.8
2026-09-05T13:00:00Z,21940.2
2026-09-05T13:15:00Z,22943.3
2026-09-05T13:30:00Z,21177.0
2026-09-05T13:45:00Z,17882.7
2026-09-05T14:00:00Z,19965.6
2026-09-05T14:15:00Z,21603.8
2026-09-05T14:30:00Z,22193.8
2026-09-05T14:45:00Z,21455.0
2026-09-05T15:00:00Z,22441.4
2026-09-05T15:15:00Z,18549.0
2026-09-05T15:30:00Z,19949.6
2026-09-05T15:45:00Z,19708.5
2026-09-05T16:00:00Z,16624.8
2026-09-05T16:15:00Z,18006.6
2026-09-05T16:30:00Z,22667.6
2026-09-05T16:45:00Z,23042.4
2026-09-05T17:00:00Z,22398.8
2026-09-05T17:15:00Z,21020.9
2026-09-05T17:30:00Z,23685.4
2026-09-05T17:45:00Z,20949.9
2026-09-05T18:00:00Z,23233.9
2026-09-05T18:15:00Z,20954.2
2026-09-05T18:30:00Z,17742.6
2026-09-05T18:45:00Z,23321.1
2026-09-05T19:00:00Z,21060.1
2026-09-05T19:15:00Z,17399.8
2026-09-05T19:30:00Z,18135.9
2026-09-05T19:45:00Z,19585.1
2026-09-05T20:00:00Z,22419.5
2026-09-05T20:15:00Z,22483.9
2026-09-05T20:30:00Z,22673.1
2026-09-05T20:45:00Z,22059.8
2026-09-05T21:00:00Z,17931.5
2026-09-05T21:15:00Z,16244.3
2026-09-05T21:30:00Z,12106.5
2026-09-05T21:45:00Z,23310.5
2026-09-05T22:00:00Z,23960.6
2026-09-05T22:15:00Z,23479.1
2026-09-05T22:30:00Z,22076.4
2026-09-05T22:45:00Z,16541.3
2026-09-05T23:00:00Z,23770.9
2026-09-05T23:15:00Z,23661.0
2026-09-05T23:30:00Z,23617.8
2026-09-05T23:45:00Z,16193.6
2026-09-06T00:00:00Z,22444.3
2026-09-06T00:15:00Z,23544.2
2026-09-06T00:30:00Z,21337.5
2026-09-06T00:45:00Z,23179.8
2026-09-06T01:00:00Z,22344.7
2026-09-06T01:15:00Z,23299.2
2026-09-06T01:30:00Z,21946.9
2026-09-06T01:45:00Z,24547.4
2026-09-06T02:00:00Z,16323.5
2026-09-06T02:15:00Z,22257.7
2026-09-06T02:30:00Z,23668.2
2026-09-06T02:45:00Z,21822.7
2026-09-06T03:00:00Z,19884.7
2026-09-06T03:15:00Z,19551.2
2026-09-06T03:30:00Z,19993.8
2026-09-06T03:45:00Z,22247.3
2026-09-06T04:00:00Z,19781.5
2026-09-06T04:15:00Z,23970.9
2026-09-06T04:30:00Z,22120.0
2026-09-06T04:45:00Z,20383.4
2026-09-06T05:00:00Z,23314.5
2026-09-06T05:15:00Z,22916.2
2026-09-06T05:30:00Z,21889.7
2026-09-06T05:45:00Z,18818.0
2026-09-06T06:00:00Z,21114.0
2026-09-06T06:15:00Z,22720.3
2026-09-06T06:30:00Z,16573.4
2026-09-06T06:45:00Z,19190.1
2026-09-06T07:00:00Z,16309.3
2026-09-06T07:15:00Z,20176.1
2026-09-06T07:30:00Z,22132.6
2026-09-06T07:45:00Z,15033.3
2026-09-06T08:00:00Z,19714.3
2026-09-06T08:15:00Z,16412.5
2026-09-06T08:30:00Z,21152.0
2026-09-06T08:45:00Z,21886.9
2026-09-06T09:00:00Z,18390.8
2026-09-06T09:15:00Z,19358.2
2026-09-06T09:30:00Z,22008.5
2026-09-06T09:45:00Z,20996.8
2026-09-06T10:00:00Z,19886.2
2026-09-06T10:15:00Z,20128.6
2026-09-06T10:30:00Z,19434.0
2026-09-06T10:45:00Z,20277.2
2026-09-06T11:00:00Z,16755.0
2026-09-06T11:15:00Z,18071.0
2026-09-06T11:30:00Z,21295.3
2026-09-06T11:45:00Z,17390.9
2026-09-06T12:00:00Z,20189.2
2026-09-06T12:15:00Z,21505.3
2026-09-06T12:30:00Z,19239.4
2026-09-06T12:45:00Z,20987.7
2026-09-06T13:00:00Z,19968.4
2026-09-06T13:15:00Z,19611.3
2026-09-06T13:30:00Z,19180.9
2026-09-06T13:45:00Z,20907.3
2026-09-06T14:00:00Z,18208.2
2026-09-06T14:15:00Z,20359.0
2026-09-06T14:30:00Z,19656.6
2026-09-06T14:45:00Z,19212.5
2026-09-06T15:00:00Z,21168.3
2026-09-06T15:15:00Z,17816.9
2026-09-06T15:30:00Z,22219.2
2026-09-06T15:45:00Z,23430.5
2026-09-06T16:00:00Z,22381.0
2026-09-06T16:15:00Z,15005.7
2026-09-06T16:30:00Z,22284.2
2026-09-06T16:45:00Z,21328.5
2026-09-06T17:00:00Z,23094.6
2026-09-06T17:15:00Z,22935.5
2026-09-06T17:30:00Z,19484.5
2026-09-06T17:45:00Z,21755.2
2026-09-06T18:00:00Z,18763.6
2026-09-06T18:15:00Z,23717.3
2026-09-06T18:30:00Z,16639.3
2026-09-06T18:45:00Z,17481.8
2026-09-06T19:00:00Z,23349.9
2026-09-06T19:15:00Z,24495.9
2026-09-06T19:30:00Z,23796.2
2026-09-06T19:45:00Z,21891.7
2026-09-06T20:00:00Z,24110.3
2026-09-06T20:15:00Z,24118.4
2026-09-06T20:30:00Z,16154.9
2026-09-06T20:45:00Z,22768.5
2026-09-06T21:00:00Z,19756.4
2026-09-06T21:15:00Z,23557.0
2026-09-06T21:30:00Z,22929.8
2026-09-06T21:45:00Z,23605.0
2026-09-06T22:00:00Z,18604.5
2026-09-06T22:15:00Z,22765.0
2026-09-06T22:30:00Z,23793.1
2026-09-06T22:45:00Z,24193.3
2026-09-06T23:00:00Z,23931.2
2026-09-06T23:15:00Z,19682.3
2026-09-06T23:30:00Z,22857.5
2026-09-06T23:45:00Z,19624.4
2026-09-07T00:00:00Z,23753.0
2026-09-07T00:15:00Z,22807.9
2026-09-07T00:30:00Z,19839.4
2026-09-07T00:45:00Z,19679.9
2026-09-07T01:00:00Z,21743.9
2026-09-07T01:15:00Z,24262.7
2026-09-07T01:30:00Z,17456.0
2026-09-07T01:45:00Z,23501.0
2026-09-07T02:00:00Z,24123.7
2026-09-07T02:15:00Z,20426.0
2026-09-07T02:30:00Z,23612.4
2026-09-07T02:45:00Z,20349.0
2026-09-07T03:00:00Z,21886.7
2026-09-07T03:15:00Z,23084.0
2026-09-07T03:30:00Z,20771.1
2026-09-07T03:45:00Z,23534.0
2026-09-07T04:00:00Z,11988.7
2026-09-07T04:15:00Z,15408.3
2026-09-07T04:30:00Z,10178.8
2026-09-07T04:45:00Z,11271.0
2026-09-07T05:00:00Z,19823.0
2026-09-07T05:15:00Z,12934.4
2026-09-07T05:30:00Z,14892.3
2026-09-07T05:45:00Z,14695.7
2026-09-07T06:00:00Z,14606.1
2026-09-07T06:15:00Z,8118.3
2026-09-07T06:30:00Z,17420.5
2026-09-07T06:45:00Z,11832.1
2026-09-07T07:00:00Z,4270.1
2026-09-07T07:15:00Z,8491.5
2026-09-07T07:30:00Z,13046.3
2026-09-07T07:45:00Z,8641.0
2026-09-07T08:00:00Z,13077.3
2026-09-07T08:15:00Z,11526.2
2026-09-07T08:30:00Z,11905.1
2026-09-07T08:45:00Z,20517.2
2026-09-07T09:00:00Z,13305.7
2026-09-07T09:15:00Z,12845.7
2026-09-07T09:30:00Z,14029.5
2026-09-07T09:45:00Z,10050.0
2026-09-07T10:00:00Z,16195.8
2026-09-07T10:15:00Z,10772.4
2026-09-07T10:30:00Z,18525.9
2026-09-07T10:45:00Z,14329.0
2026-09-07T11:00:00Z,13663.3
2026-09-07T11:15:00Z,11902.3
2026-09-07T11:30:00Z,10640.5
2026-09-07T11:45:00Z,8136.2
2026-09-07T12:00:00Z,19607.9
2026-09-07T12:15:00Z,7552.6
2026-09-07T12:30:00Z,13054.6
2026-09-07T12:45:00Z,12996.8
2026-09-07T13:00:00Z,12798.3
2026-09-07T13:15:00Z,16182.5
2026-09-07T13:30:00Z,18165.7
2026-09-07T13:45:00Z,14847.8
2026-09-07T14:00:00Z,12060.1
2026-09-07T14:15:00Z,13613.0
2026-09-07T14:30:00Z,12410.7
2026-09-07T14:45:00Z,10355.7
2026-09-07T15:00:00Z,15904.2
2026-09-07T15:15:00Z,18139.9
2026-09-07T15:30:00Z,10576.8
2026-09-07T15:45:00Z,12916.3
2026-09-07T16:00:00Z,9369.8
2026-09-07T16:15:00Z,10800.8
2026-09-07T16:30:00Z,11528.7
2026-09-07T16:45:00Z,10251.7
2026-09-07T17:00:00Z,17430.3
2026-09-07T17:15:00Z,15324.6
2026-09-07T17:30:00Z,14391.6
2026-09-07T17:45:00Z,14465.5
2026-09-07T18:00:00Z,15653.9
2026-09-07T18:15:00Z,10351.3
2026-09-07T18:30:00Z,15310.4
2026-09-07T18:45:00Z,13957.2
2026-09-07T19:00:00Z,20875.9
2026-09-07T19:15:00Z,19210.0
2026-09-07T19:30:00Z,15987.1
2026-09-07T19:45:00Z,18154.0
2026-09-07T20:00:00Z,22731.8
2026-09-07T20:15:00Z,24797.2
2026-09-07T20:30:00Z,24364.9
2026-09-07T20:45:00Z,18650.8
2026-09-07T21:00:00Z,23364.7
2026-09-07T21:15:00Z,21305.8
2026-09-07T21:30:00Z,20639.7
2026-09-07T21:45:00Z,21574.4
2026-09-07T22:00:00Z,23303.6
2026-09-07T22:15:00Z,22213.6
2026-09-07T22:30:00Z,24536.9
2026-09-07T22:45:00Z,18527.9
2026-09-07T23:00:00Z,23864.3
2026-09-07T23:15:00Z,20572.4
2026-09-07T23:30:00Z,23215.3
2026-09-07T23:45:00Z,22814.1
2026-09-08T00:00:00Z,23570.2
2026-09-08T00:15:00Z,22506.8
2026-09-08T00:30:00Z,20309.8
2026-09-08T00:45:00Z,21905.0
2026-09-08T01:00:00Z,21094.3
2026-09-08T01:15:00Z,22955.5
2026-09-08T01:30:00Z,23559.4
2026-09-08T01:45:00Z,19747.3
2026-09-08T02:00:00Z,19958.4
2026-09-08T02:15:00Z,22437.7
2026-09-08T02:30:00Z,18200.4
2026-09-08T02:45:00Z,20465.7
2026-09-08T03:00:00Z,21141.0
2026-09-08T03:15:00Z,24201.7
2026-09-08T03:30:00Z,22210.8
2026-09-08T03:45:00Z,20465.1
2026-09-08T04:00:00Z,17408.2
2026-09-08T04:15:00Z,12830.0
2026-09-08T04:30:00Z,13041.2
2026-09-08T04:45:00Z,17645.5
2026-09-08T05:00:00Z,12919.4
2026-09-08T05:15:00Z,10410.6
2026-09-08T05:30:00Z,18028.5
2026-09-08T05:45:00Z,14451.6
2026-09-08T06:00:00Z,16718.3
2026-09-08T06:15:00Z,13100.5
2026-09-08T06:30:00Z,14061.2
2026-09-08T06:45:00Z,13623.8
2026-09-08T07:00:00Z,17461.7
2026-09-08T07:15:00Z,7499.1
2026-09-08T07:30:00Z,18004.6
2026-09-08T07:45:00Z,16073.7
2026-09-08T08:00:00Z,17527.1
2026-09-08T08:15:00Z,9221.0
2026-09-08T08:30:00Z,14647.1
2026-09-08T08:45:00Z,10562.9
2026-09-08T09:00:00Z,7144.3
2026-09-08T09:15:00Z,16525.1
2026-09-08T09:30:00Z,13125.2
2026-09-08T09:45:00Z,11166.7
2026-09-08T10:00:00Z,14523.6
2026-09-08T10:15:00Z,6467.0
2026-09-08T10:30:00Z,8847.6
2026-09-08T10:45:00Z,7991.6
2026-09-08T11:00:00Z,16481.6
2026-09-08T11:15:00Z,18695.8
2026-09-08T11:30:00Z,19665.1
2026-09-08T11:45:00Z,17038.9
2026-09-08T12:00:00Z,8064.7
2026-09-08T12:15:00Z,20739.0
2026-09-08T12:30:00Z,9496.3
2026-09-08T12:45:00Z,19397.3
2026-09-08T13:00:00Z,13207.5
2026-09-08T13:15:00Z,10779.0
2026-09-08T13:30:00Z,13481.7
2026-09-08T13:45:00Z,13663.3
2026-09-08T14:00:00Z,16119.3
2026-09-08T14:15:00Z,14815.4
2026-09-08T14:30:00Z,6583.8
2026-09-08T14:45:00Z,14494.4
2026-09-08T15:00:00Z,22937.8
2026-09-08T15:15:00Z,20681.8
2026-09-08T15:30:00Z,13279.7
2026-09-08T15:45:00Z,12913.8
2026-09-08T16:00:00Z,17051.7
2026-09-08T16:15:00Z,15407.4
2026-09-08T16:30:00Z,11766.5
2026-09-08T16:45:00Z,23165.4
2026-09-08T17:00:00Z,20497.7
2026-09-08T17:15:00Z,13551.1
2026-09-08T17:30:00Z,12291.4
2026-09-08T17:45:00Z,15484.0
2026-09-08T18:00:00Z,17210.9
2026-09-08T18:15:00Z,15386.2
2026-09-08T18:30:00Z,14606.4
2026-09-08T18:45:00Z,11502.6
2026-09-08T19:00:00Z,15876.7
2026-09-08T19:15:00Z,20488.6
2026-09-08T19:30:00Z,12954.7
2026-09-08T19:45:00Z,13826.1
2026-09-08T20:00:00Z,19524.8
2026-09-08T20:15:00Z,23987.2
2026-09-08T20:30:00Z,20177.4
2026-09-08T20:45:00Z,16969.8
2026-09-08T21:00:00Z,24322.3
2026-09-08T21:15:00Z,17946.1
2026-09-08T21:30:00Z,22877.5
2026-09-08T21:45:00Z,24688.1
2026-09-08T22:00:00Z,23019.3
2026-09-08T22:15:00Z,24279.5
2026-09-08T22:30:00Z,17423.2
2026-09-08T22:45:00Z,22815.5
2026-09-08T23:00:00Z,23839.4
2026-09-08T23:15:00Z,23584.1
2026-09-08T23:30:00Z,19433.7
2026-09-08T23:45:00Z,21284.2
2026-09-09T00:00:00Z,22893.0
2026-09-09T00:15:00Z,23435.9
2026-09-09T00:30:00Z,23965.5
2026-09-09T00:45:00Z,18843.2
2026-09-09T01:00:00Z,17756.0
2026-09-09T01:15:00Z,20376.1
2026-09-09T01:30:00Z,21699.8
2026-09-09T01:45:00Z,23788.3
2026-09-09T02:00:00Z,20603.6
2026-09-09T02:15:00Z,20039.8
2026-09-09T02:30:00Z,22833.7
2026-09-09T02:45:00Z,22199.0
2026-09-09T03:00:00Z,19914.6
2026-09-09T03:15:00Z,21456.0
2026-09-09T03:30:00Z,19909.9
2026-09-09T03:45:00Z,22379.6
2026-09-09T04:00:00Z,23420.1
2026-09-09T04:15:00Z,15829.7
2026-09-09T04:30:00Z,15255.1
2026-09-09T04:45:00Z,13269.4
2026-09-09T05:00:00Z,19012.2
2026-09-09T05:15:00Z,14151.1
2026-09-09T05:30:00Z,9354.5
2026-09-09T05:45:00Z,17846.4
2026-09-09T06:00:00Z,14781.7
2026-09-09T06:15:00Z,17338.5
2026-09-09T06:30:00Z,17244.4
2026-09-09T06:45:00Z,13645.5
2026-09-09T07:00:00Z,11905.0
2026-09-09T07:15:00Z,8622.1
2026-09-09T07:30:00Z,8264.0
2026-09-09T07:45:00Z,13323.7
2026-09-09T08:00:00Z,7308.7
2026-09-09T08:15:00Z,17502.1
2026-09-09T08:30:00Z,13501.6
2026-09-09T08:45:00Z,15864.7
2026-09-09T09:00:00Z,11573.5
2026-09-09T09:15:00Z,12929.1
2026-09-09T09:30:00Z,16704.9
2026-09-09T09:45:00Z,17052.8
2026-09-09T10:00:00Z,10865.6
2026-09-09T10:15:00Z,15642.0
2026-09-09T10:30:00Z,17314.6
2026-09-09T10:45:00Z,8430.3
2026-09-09T11:00:00Z,10597.6
2026-09-09T11:15:00Z,12398.2
2026-09-09T11:30:00Z,14739.2
2026-09-09T11:45:00Z,14458.3
2026-09-09T12:00:00Z,13501.4
2026-09-09T12:15:00Z,15771.2
2026-09-09T12:30:00Z,14988.7
2026-09-09T12:45:00Z,17120.2
2026-09-09T13:00:00Z,14622.8
2026-09-09T13:15:00Z,16435.0
2026-09-09T13:30:00Z,12567.6
2026-09-09T13:45:00Z,13758.1
2026-09-09T14:00:00Z,12444.4
2026-09-09T14:15:00Z,15369.9
2026-09-09T14:30:00Z,13837.2
2026-09-09T14:45:00Z,7726.4
2026-09-09T15:00:00Z,14915.2
2026-09-09T15:15:00Z,9296.4
2026-09-09T15:30:00Z,12783.3
2026-09-09T15:45:00Z,17808.6
2026-09-09T16:00:00Z,22776.6
2026-09-09T16:15:00Z,17481.3
2026-09-09T16:30:00Z,20597.2
2026-09-09T16:45:00Z,15439.7
2026-09-09T17:00:00Z,15252.4
2026-09-09T17:15:00Z,14579.5
2026-09-09T17:30:00Z,20109.3
2026-09-09T17:45:00Z,18474.5
2026-09-09T18:00:00Z,23527.8
2026-09-09T18:15:00Z,14680.9
2026-09-09T18:30:00Z,16557.2
2026-09-09T18:45:00Z,13511.3
2026-09-09T19:00:00Z,15572.0
2026-09-09T19:15:00Z,9611.5
2026-09-09T19:30:00Z,19274.6
2026-09-09T19:45:00Z,10421.5
2026-09-09T20:00:00Z,24750.8
2026-09-09T20:15:00Z,18096.9
2026-09-09T20:30:00Z,22981.5
2026-09-09T20:45:00Z,23377.8
2026-09-09T21:00:00Z,23813.3
2026-09-09T21:15:00Z,18470.5
2026-09-09T21:30:00Z,24304.9
2026-09-09T21:45:00Z,20836.9
2026-09-09T22:00:00Z,24202.2
2026-09-09T22:15:00Z,21659.5
2026-09-09T22:30:00Z,24650.7
2026-09-09T22:45:00Z,13785.7
2026-09-09T23:00:00Z,23265.8
2026-09-09T23:15:00Z,22640.3
2026-09-09T23:30:00Z,18950.9
2026-09-09T23:45:00Z,18130.7
2026-09-10T00:00:00Z,19213.4
2026-09-10T00:15:00Z,21894.4
2026-09-10T00:30:00Z,23502.8
2026-09-10T00:45:00Z,20031.0
2026-09-10T01:00:00Z,24352.7
2026-09-10T01:15:00Z,24207.7
2026-09-10T01:30:00Z,22167.1
2026-09-10T01:45:00Z,19052.9
2026-09-10T02:00:00Z,24559.0
2026-09-10T02:15:00Z,23018.8
2026-09-10T02:30:00Z,19392.6
2026-09-10T02:45:00Z,22824.9
2026-09-10T03:00:00Z,18634.3
2026-09-10T03:15:00Z,20615.0
2026-09-10T03:30:00Z,20587.5
2026-09-10T03:45:00Z,20047.3
2026-09-10T04:00:00Z,11948.2
2026-09-10T04:15:00Z,12835.3
2026-09-10T04:30:00Z,18481.2
2026-09-10T04:45:00Z,13412.6
2026-09-10T05:00:00Z,8876.3
2026-09-10T05:15:00Z,18742.9
2026-09-10T05:30:00Z,9150.1
2026-09-10T05:45:00Z,15829.8
2026-09-10T06:00:00Z,15780.0
2026-09-10T06:15:00Z,16253.9
2026-09-10T06:30:00Z,13157.8
2026-09-10T06:45:00Z,15250.9
2026-09-10T07:00:00Z,16581.4
2026-09-10T07:15:00Z,16159.8
2026-09-10T07:30:00Z,13624.9
2026-09-10T07:45:00Z,7833.2
2026-09-10T08:00:00Z,12186.7
2026-09-10T08:15:00Z,19595.3
2026-09-10T08:30:00Z,15796.4
2026-09-10T08:45:00Z,16015.1
2026-09-10T09:00:00Z,12753.1
2026-09-10T09:15:00Z,11909.4
2026-09-10T09:30:00Z,12895.3
2026-09-10T09:45:00Z,11564.4
2026-09-10T10:00:00Z,11342.6
2026-09-10T10:15:00Z,11001.6
2026-09-10T10:30:00Z,8296.9
2026-09-10T10:45:00Z,5267.2
2026-09-10T11:00:00Z,12629.8
2026-09-10T11:15:00Z,13788.3
2026-09-10T11:30:00Z,19289.6
2026-09-10T11:45:00Z,10099.4
2026-09-10T12:00:00Z,12493.7
2026-09-10T12:15:00Z,15539.5
2026-09-10T12:30:00Z,8514.7
2026-09-10T12:45:00Z,10925.3
2026-09-10T13:00:00Z,12819.3
2026-09-10T13:15:00Z,12301.9
2026-09-10T13:30:00Z,10333.0
2026-09-10T13:45:00Z,12800.7
2026-09-10T14:00:00Z,19880.7
2026-09-10T14:15:00Z,15829.2
2026-09-10T14:30:00Z,15594.7
2026-09-10T14:45:00Z,20214.1
2026-09-10T15:00:00Z,18128.7
2026-09-10T15:15:00Z,8261.9
2026-09-10T15:30:00Z,9674.5
2026-09-10T15:45:00Z,12841.9
2026-09-10T16:00:00Z,12196.6
2026-09-10T16:15:00Z,14578.7
2026-09-10T16:30:00Z,15449.9
2026-09-10T16:45:00Z,11739.7
2026-09-10T17:00:00Z,9466.8
2026-09-10T17:15:00Z,17845.3
2026-09-10T17:30:00Z,16631.9
2026-09-10T17:45:00Z,19678.2
2026-09-10T18:00:00Z,12844.3
2026-09-10T18:15:00Z,12852.6
2026-09-10T18:30:00Z,22562.6
2026-09-10T18:45:00Z,19988.1
2026-09-10T19:00:00Z,17821.4
2026-09-10T19:15:00Z,10370.6
2026-09-10T19:30:00Z,11616.8
2026-09-10T19:45:00Z,10786.0
2026-09-10T20:00:00Z,22928.1
2026-09-10T20:15:00Z,17593.4
2026-09-10T20:30:00Z,23648.4
2026-09-10T20:45:00Z,25016.8
2026-09-10T21:00:00Z,19130.4
2026-09-10T21:15:00Z,23300.5
2026-09-10T21:30:00Z,21671.8
2026-09-10T21:45:00Z,23962.0
2026-09-10T22:00:00Z,23940.7
2026-09-10T22:15:00Z,20230.9
2026-09-10T22:30:00Z,22603.1
2026-09-10T22:45:00Z,17477.5
2026-09-10T23:00:00Z,23142.7
2026-09-10T23:15:00Z,23304.8
2026-09-10T23:30:00Z,21521.9
2026-09-10T23:45:00Z,21113.2
2026-09-11T00:00:00Z,21713.9
2026-09-11T00:15:00Z,22646.2
2026-09-11T00:30:00Z,19915.4
2026-09-11T00:45:00Z,24097.9
2026-09-11T01:00:00Z,18006.1
2026-09-11T01:15:00Z,19938.3
2026-09-11T01:30:00Z,24172.2
2026-09-11T01:45:00Z,24713.7
2026-09-11T02:00:00Z,23309.7
2026-09-11T02:15:00Z,24166.9
2026-09-11T02:30:00Z,23825.7
2026-09-11T02:45:00Z,23900.2
2026-09-11T03:00:00Z,23099.3
2026-09-11T03:15:00Z,23308.0
2026-09-11T03:30:00Z,23744.8
2026-09-11T03:45:00Z,24108.9
2026-09-11T04:00:00Z,15397.2
2026-09-11T04:15:00Z,17022.2
2026-09-11T04:30:00Z,11668.6
2026-09-11T04:45:00Z,12520.5
2026-09-11T05:00:00Z,16172.5
2026-09-11T05:15:00Z,16486.1
2026-09-11T05:30:00Z,20025.4
2026-09-11T05:45:00Z,7843.9
2026-09-11T06:00:00Z,20541.7
2026-09-11T06:15:00Z,14453.1
2026-09-11T06:30:00Z,17450.7
2026-09-11T06:45:00Z,15316.2
2026-09-11T07:00:00Z,16157.7
2026-09-11T07:15:00Z,14207.2
2026-09-11T07:30:00Z,8902.4
2026-09-11T07:45:00Z,12351.4
2026-09-11T08:00:00Z,11428.9
2026-09-11T08:15:00Z,9904.0
2026-09-11T08:30:00Z,10900.1
2026-09-11T08:45:00Z,11513.5
2026-09-11T09:00:00Z,10699.7
2026-09-11T09:15:00Z,17555.1
2026-09-11T09:30:00Z,10787.7
2026-09-11T09:45:00Z,14184.9
2026-09-11T10:00:00Z,12983.7
2026-09-11T10:15:00Z,14070.1
2026-09-11T10:30:00Z,12879.2
2026-09-11T10:45:00Z,9171.5
2026-09-11T11:00:00Z,7558.8
2026-09-11T11:15:00Z,13612.9
2026-09-11T11:30:00Z,14052.0
2026-09-11T11:45:00Z,14759.9
2026-09-11T12:00:00Z,19387.4
2026-09-11T12:15:00Z,13576.7
2026-09-11T12:30:00Z,16128.5
2026-09-11T12:45:00Z,15778.0
2026-09-11T13:00:00Z,14574.6
2026-09-11T13:15:00Z,8043.3
2026-09-11T13:30:00Z,16055.8
2026-09-11T13:45:00Z,17659.8
2026-09-11T14:00:00Z,15885.7
2026-09-11T14:15:00Z,13687.2
2026-09-11T14:30:00Z,13014.1
2026-09-11T14:45:00Z,16310.2
2026-09-11T15:00:00Z,16450.4
2026-09-11T15:15:00Z,14070.2
2026-09-11T15:30:00Z,15510.6
2026-09-11T15:45:00Z,20587.2
2026-09-11T16:00:00Z,17865.1
2026-09-11T16:15:00Z,22433.1
2026-09-11T16:30:00Z,19795.9
2026-09-11T16:45:00Z,10012.0
2026-09-11T17:00:00Z,15249.0
2026-09-11T17:15:00Z,12905.5
2026-09-11T17:30:00Z,12884.4
2026-09-11T17:45:00Z,15401.2
2026-09-11T18:00:00Z,10655.9
2026-09-11T18:15:00Z,18779.7
2026-09-11T18:30:00Z,9662.2
2026-09-11T18:45:00Z,14707.0
2026-09-11T19:00:00Z,16904.1
2026-09-11T19:15:00Z,15950.4
2026-09-11T19:30:00Z,10222.3
2026-09-11T19:45:00Z,14186.2
2026-09-11T20:00:00Z,20880.2
2026-09-11T20:15:00Z,22989.2
2026-09-11T20:30:00Z,16066.7
2026-09-11T20:45:00Z,23276.9
2026-09-11T21:00:00Z,21190.3
2026-09-11T21:15:00Z,16287.7
2026-09-11T21:30:00Z,22479.3
2026-09-11T21:45:00Z,20078.5
2026-09-11T22:00:00Z,22980.6
2026-09-11T22:15:00Z,23680.6
2026-09-11T22:30:00Z,18325.5
2026-09-11T22:45:00Z,22947.1
2026-09-11T23:00:00Z,23198.3
2026-09-11T23:15:00Z,22066.9
2026-09-11T23:30:00Z,23957.4
2026-09-11T23:45:00Z,23461.6
2026-09-12T00:00:00Z,23359.3
2026-09-12T00:15:00Z,19146.2
2026-09-12T00:30:00Z,22995.8
2026-09-12T00:45:00Z,23679.2
2026-09-12T01:00:00Z,23452.9
2026-09-12T01:15:00Z,23631.2
2026-09-12T01:30:00Z,17625.9
2026-09-12T01:45:00Z,21398.6
2026-09-12T02:00:00Z,14228.2
2026-09-12T02:15:00Z,24302.4
2026-09-12T02:30:00Z,22480.9
2026-09-12T02:45:00Z,23685.0
2026-09-12T03:00:00Z,23600.6
2026-09-12T03:15:00Z,22562.5
2026-09-12T03:30:00Z,22077.7
2026-09-12T03:45:00Z,19172.8
2026-09-12T04:00:00Z,21589.6
2026-09-12T04:15:00Z,18866.0
2026-09-12T04:30:00Z,20527.4
2026-09-12T04:45:00Z,23813.8
2026-09-12T05:00:00Z,22405.8
2026-09-12T05:15:00Z,21575.4
2026-09-12T05:30:00Z,22689.5
2026-09-12T05:45:00Z,18872.4
2026-09-12T06:00:00Z,19574.5
2026-09-12T06:15:00Z,20073.5
2026-09-12T06:30:00Z,22602.7
2026-09-12T06:45:00Z,17176.3
2026-09-12T07:00:00Z,22988.4
2026-09-12T07:15:00Z,15848.5
2026-09-12T07:30:00Z,8212.0
2026-09-12T07:45:00Z,15874.6
2026-09-12T08:00:00Z,21475.6
2026-09-12T08:15:00Z,12326.0
2026-09-12T08:30:00Z,18223.6
2026-09-12T08:45:00Z,19687.4
2026-09-12T09:00:00Z,21004.3
2026-09-12T09:15:00Z,19572.6
2026-09-12T09:30:00Z,21651.2
2026-09-12T09:45:00Z,19325.8
2026-09-12T10:00:00Z,19503.3
2026-09-12T10:15:00Z,19542.5
2026-09-12T10:30:00Z,18031.1
2026-09-12T10:45:00Z,21041.7
2026-09-12T11:00:00Z,20080.3
2026-09-12T11:15:00Z,21259.0
2026-09-12T11:30:00Z,19206.9
2026-09-12T11:45:00Z,22230.2
2026-09-12T12:00:00Z,19282.8
2026-09-12T12:15:00Z,17911.1
2026-09-12T12:30:00Z,19882.8
2026-09-12T12:45:00Z,21549.9
2026-09-12T13:00:00Z,20497.0
2026-09-12T13:15:00Z,22274.0
2026-09-12T13:30:00Z,20160.1
2026-09-12T13:45:00Z,22631.8
2026-09-12T14:00:00Z,20748.9
2026-09-12T14:15:00Z,20261.9
2026-09-12T14:30:00Z,21066.6
2026-09-12T14:45:00Z,21146.4
2026-09-12T15:00:00Z,23288.2
2026-09-12T15:15:00Z,17442.7
2026-09-12T15:30:00Z,20374.4
2026-09-12T15:45:00Z,21565.0
2026-09-12T16:00:00Z,22322.8
2026-09-12T16:15:00Z,20351.9
2026-09-12T16:30:00Z,22138.8
2026-09-12T16:45:00Z,20955.6
2026-09-12T17:00:00Z,22241.3
2026-09-12T17:15:00Z,19876.7
2026-09-12T17:30:00Z,19314.1
2026-09-12T17:45:00Z,22912.3
2026-09-12T18:00:00Z,22822.7
2026-09-12T18:15:00Z,20723.5
2026-09-12T18:30:00Z,22852.8
2026-09-12T18:45:00Z,22479.2
2026-09-12T19:00:00Z,23492.0
2026-09-12T19:15:00Z,21923.6
2026-09-12T19:30:00Z,20665.2
2026-09-12T19:45:00Z,19291.8
2026-09-12T20:00:00Z,20282.6
2026-09-12T20:15:00Z,20367.4
2026-09-12T20:30:00Z,21449.0
2026-09-12T20:45:00Z,24552.1
2026-09-12T21:00:00Z,19810.0
2026-09-12T21:15:00Z,23198.7
2026-09-12T21:30:00Z,23789.1
2026-09-12T21:45:00Z,22975.6
2026-09-12T22:00:00Z,22409.4
2026-09-12T22:15:00Z,20846.5
2026-09-12T22:30:00Z,19633.3
2026-09-12T22:45:00Z,23133.0
2026-09-12T23:00:00Z,22840.3
2026-09-12T23:15:00Z,20648.6
2026-09-12T23:30:00Z,21879.3
2026-09-12T23:45:00Z,23431.4
2026-09-13T00:00:00Z,19469.3
2026-09-13T00:15:00Z,23171.7
2026-09-13T00:30:00Z,20305.0
2026-09-13T00:45:00Z,23935.3
2026-09-13T01:00:00Z,21244.0
2026-09-13T01:15:00Z,21792.7
2026-09-13T01:30:00Z,22361.5
2026-09-13T01:45:00Z,22341.3
2026-09-13T02:00:00Z,19202.1
2026-09-13T02:15:00Z,19297.1
2026-09-13T02:30:00Z,22493.4
2026-09-13T02:45:00Z,23232.3
2026-09-13T03:00:00Z,22658.2
2026-09-13T03:15:00Z,18421.5
2026-09-13T03:30:00Z,23173.3
2026-09-13T03:45:00Z,23564.5
2026-09-13T04:00:00Z,23090.8
2026-09-13T04:15:00Z,16486.2
2026-09-13T04:30:00Z,21075.0
2026-09-13T04:45:00Z,21433.5
2026-09-13T05:00:00Z,23244.5
2026-09-13T05:15:00Z,23230.0
2026-09-13T05:30:00Z,21701.3
2026-09-13T05:45:00Z,15781.0
2026-09-13T06:00:00Z,23763.0
2026-09-13T06:15:00Z,22548.7
2026-09-13T06:30:00Z,18998.0
2026-09-13T06:45:00Z,21329.2
2026-09-13T07:00:00Z,19574.0
2026-09-13T07:15:00Z,20569.3
2026-09-13T07:30:00Z,22354.0
2026-09-13T07:45:00Z,17437.6
2026-09-13T08:00:00Z,21015.2
2026-09-13T08:15:00Z,18906.2
2026-09-13T08:30:00Z,19107.7
2026-09-13T08:45:00Z,21001.1
2026-09-13T09:00:00Z,18392.8
2026-09-13T09:15:00Z,18731.0
2026-09-13T09:30:00Z,18834.9
2026-09-13T09:45:00Z,21914.7
2026-09-13T10:00:00Z,19280.0
2026-09-13T10:15:00Z,21137.1
2026-09-13T10:30:00Z,16686.5
2026-09-13T10:45:00Z,22687.4
2026-09-13T11:00:00Z,19651.4
2026-09-13T11:15:00Z,15773.0
2026-09-13T11:30:00Z,16895.4
2026-09-13T11:45:00Z,20848.0
2026-09-13T12:00:00Z,20634.1
2026-09-13T12:15:00Z,20781.4
2026-09-13T12:30:00Z,19406.1
2026-09-13T12:45:00Z,21787.2
2026-09-13T13:00:00Z,20315.2
2026-09-13T13:15:00Z,18276.0
2026-09-13T13:30:00Z,14832.9
2026-09-13T13:45:00Z,14671.0
2026-09-13T14:00:00Z,19164.8
2026-09-13T14:15:00Z,22696.5
2026-09-13T14:30:00Z,19599.7
2026-09-13T14:45:00Z,19252.1
2026-09-13T15:00:00Z,21290.9
2026-09-13T15:15:00Z,17599.9
2026-09-13T15:30:00Z,21227.1
2026-09-13T15:45:00Z,19861.3
2026-09-13T16:00:00Z,23127.9
2026-09-13T16:15:00Z,18991.2
2026-09-13T16:30:00Z,19224.7
2026-09-13T16:45:00Z,21847.8
2026-09-13T17:00:00Z,18905.3
2026-09-13T17:15:00Z,22719.9
2026-09-13T17:30:00Z,18207.4
2026-09-13T17:45:00Z,23765.2
2026-09-13T18:00:00Z,23298.0
2026-09-13T18:15:00Z,17368.6
2026-09-13T18:30:00Z,22038.2
2026-09-13T18:45:00Z,23288.4
2026-09-13T19:00:00Z,24049.5
2026-09-13T19:15:00Z,17927.1
2026-09-13T19:30:00Z,23993.7
2026-09-13T19:45:00Z,22846.0
2026-09-13T20:00:00Z,23699.5
2026-09-13T20:15:00Z,23959.1
2026-09-13T20:30:00Z,19479.2
2026-09-13T20:45:00Z,21984.0
2026-09-13T21:00:00Z,23932.0
2026-09-13T21:15:00Z,17568.1
2026-09-13T21:30:00Z,22947.3
2026-09-13T21:45:00Z,16969.8
2026-09-13T22:00:00Z,22121.3
2026-09-13T22:15:00Z,23781.0
2026-09-13T22:30:00Z,21486.2
2026-09-13T22:45:00Z,23271.5
2026-09-13T23:00:00Z,17553.4
2026-09-13T23:15:00Z,19751.0
2026-09-13T23:30:00Z,23942.8
2026-09-13T23:45:00Z,21320.2
2026-09-14T00:00:00Z,23190.5
2026-09-14T00:15:00Z,24406.4
2026-09-14T00:30:00Z,22251.8
2026-09-14T00:45:00Z,22103.1
2026-09-14T01:00:00Z,23691.2
2026-09-14T01:15:00Z,20031.3
2026-09-14T01:30:00Z,20922.0
2026-09-14T01:45:00Z,21839.6
2026-09-14T02:00:00Z,24351.9
2026-09-14T02:15:00Z,21528.2
2026-09-14T02:30:00Z,22869.7
2026-09-14T02:45:00Z,24621.6
2026-09-14T03:00:00Z,19720.0
2026-09-14T03:15:00Z,21861.4
2026-09-14T03:30:00Z,22268.8
2026-09-14T03:45:00Z,24351.4
2026-09-14T04:00:00Z,18938.3
2026-09-14T04:15:00Z,14847.4
2026-09-14T04:30:00Z,19733.2
2026-09-14T04:45:00Z,17679.7
2026-09-14T05:00:00Z,9883.3
2026-09-14T05:15:00Z,8099.5
2026-09-14T05:30:00Z,16269.3
2026-09-14T05:45:00Z,10303.8
2026-09-14T06:00:00Z,21149.8
2026-09-14T06:15:00Z,23033.0
2026-09-14T06:30:00Z,11663.7
2026-09-14T06:45:00Z,8425.6
2026-09-14T07:00:00Z,17289.6
2026-09-14T07:15:00Z,15754.6
2026-09-14T07:30:00Z,10464.8
2026-09-14T07:45:00Z,14293.2
2026-09-14T08:00:00Z,20189.5
2026-09-14T08:15:00Z,15670.9
2026-09-14T08:30:00Z,5321.0
2026-09-14T08:45:00Z,15837.8
2026-09-14T09:00:00Z,13488.3
2026-09-14T09:15:00Z,6994.0
2026-09-14T09:30:00Z,17930.2
2026-09-14T09:45:00Z,14413.9
2026-09-14T10:00:00Z,10722.0
2026-09-14T10:15:00Z,11346.4
2026-09-14T10:30:00Z,13418.3
2026-09-14T10:45:00Z,11506.0
2026-09-14T11:00:00Z,7450.6
2026-09-14T11:15:00Z,16030.3
2026-09-14T11:30:00Z,6608.9
2026-09-14T11:45:00Z,12246.6
2026-09-14T12:00:00Z,21159.0
2026-09-14T12:15:00Z,10229.3
2026-09-14T12:30:00Z,16558.3
2026-09-14T12:45:00Z,11377.8
2026-09-14T13:00:00Z,15829.1
2026-09-14T13:15:00Z,14790.1
2026-09-14T13:30:00Z,8919.0
2026-09-14T13:45:00Z,18204.0
2026-09-14T14:00:00Z,10177.5
2026-09-14T14:15:00Z,21570.4
2026-09-14T14:30:00Z,12753.6
2026-09-14T14:45:00Z,11343.2
2026-09-14T15:00:00Z,16436.1
2026-09-14T15:15:00Z,17612.7
2026-09-14T15:30:00Z,15715.0
2026-09-14T15:45:00Z,21674.7
2026-09-14T16:00:00Z,9772.0
2026-09-14T16:15:00Z,14076.7
2026-09-14T16:30:00Z,17262.0
2026-09-14T16:45:00Z,20853.3
2026-09-14T17:00:00Z,9711.6
2026-09-14T17:15:00Z,13245.7
2026-09-14T17:30:00Z,8967.2
2026-09-14T17:45:00Z,15211.6
2026-09-14T18:00:00Z,18168.3
2026-09-14T18:15:00Z,13415.7
2026-09-14T18:30:00Z,16344.1
2026-09-14T18:45:00Z,14497.2
2026-09-14T19:00:00Z,10935.3
2026-09-14T19:15:00Z,18638.2
2026-09-14T19:30:00Z,7972.4
2026-09-14T19:45:00Z,15971.5
2026-09-14T20:00:00Z,23598.5
2026-09-14T20:15:00Z,22215.2
2026-09-14T20:30:00Z,22902.5
2026-09-14T20:45:00Z,19130.0
2026-09-14T21:00:00Z,22581.6
2026-09-14T21:15:00Z,23121.9
2026-09-14T21:30:00Z,19634.8
2026-09-14T21:45:00Z,24237.4
2026-09-14T22:00:00Z,23106.3
2026-09-14T22:15:00Z,21421.3
2026-09-14T22:30:00Z,22518.1
2026-09-14T22:45:00Z,17354.7
2026-09-14T23:00:00Z,22784.4
2026-09-14T23:15:00Z,20695.5
2026-09-14T23:30:00Z,19149.3
2026-09-14T23:45:00Z,20700.0
2026-09-15T00:00:00Z,17461.2
2026-09-15T00:15:00Z,16187.3
2026-09-15T00:30:00Z,24357.4
2026-09-15T00:45:00Z,22606.4
2026-09-15T01:00:00Z,21668.1
2026-09-15T01:15:00Z,20447.8
2026-09-15T01:30:00Z,22686.5
2026-09-15T01:45:00Z,22567.5
2026-09-15T02:00:00Z,21103.4
2026-09-15T02:15:00Z,22982.4
2026-09-15T02:30:00Z,20851.4
2026-09-15T02:45:00Z,23880.4
2026-09-15T03:00:00Z,22882.9
2026-09-15T03:15:00Z,22638.9
2026-09-15T03:30:00Z,23369.5
2026-09-15T03:45:00Z,23017.8
2026-09-15T04:00:00Z,18551.2
2026-09-15T04:15:00Z,16971.4
2026-09-15T04:30:00Z,19225.6
2026-09-15T04:45:00Z,14246.2
2026-09-15T05:00:00Z,18345.5
2026-09-15T05:15:00Z,13751.6
2026-09-15T05:30:00Z,15019.3
2026-09-15T05:45:00Z,9272.1
2026-09-15T06:00:00Z,7494.1
2026-09-15T06:15:00Z,9556.5
2026-09-15T06:30:00Z,12182.1
2026-09-15T06:45:00Z,13688.8
2026-09-15T07:00:00Z,9561.2
2026-09-15T07:15:00Z,12577.3
2026-09-15T07:30:00Z,21651.7
2026-09-15T07:45:00Z,14622.0
2026-09-15T08:00:00Z,11365.5
2026-09-15T08:15:00Z,22174.6
2026-09-15T08:30:00Z,13029.9
2026-09-15T08:45:00Z,7856.8
2026-09-15T09:00:00Z,5063.4
2026-09-15T09:15:00Z,17107.9
2026-09-15T09:30:00Z,7655.8
2026-09-15T09:45:00Z,15898.1
2026-09-15T10:00:00Z,21280.5
2026-09-15T10:15:00Z,11117.2
2026-09-15T10:30:00Z,8845.8
2026-09-15T10:45:00Z,8357.6
2026-09-15T11:00:00Z,15743.9
2026-09-15T11:15:00Z,13206.2
2026-09-15T11:30:00Z,20663.6
2026-09-15T11:45:00Z,9583.2
2026-09-15T12:00:00Z,15698.6
2026-09-15T12:15:00Z,4191.9
2026-09-15T12:30:00Z,10594.4
2026-09-15T12:45:00Z,11481.1
2026-09-15T13:00:00Z,16831.0
2026-09-15T13:15:00Z,10345.8
2026-09-15T13:30:00Z,16253.7
2026-09-15T13:45:00Z,12032.7
2026-09-15T14:00:00Z,9754.5
2026-09-15T14:15:00Z,15240.5
2026-09-15T14:30:00Z,14414.3
2026-09-15T14:45:00Z,13368.1
2026-09-15T15:00:00Z,19192.8
2026-09-15T15:15:00Z,12463.9
2026-09-15T15:30:00Z,12028.7
2026-09-15T15:45:00Z,13264.4
2026-09-15T16:00:00Z,13736.2
2026-09-15T16:15:00Z,13531.1
2026-09-15T16:30:00Z,19194.4
2026-09-15T16:45:00Z,12567.6
2026-09-15T17:00:00Z,13838.9
2026-09-15T17:15:00Z,18526.8
2026-09-15T17:30:00Z,11085.9
2026-09-15T17:45:00Z,12088.8
2026-09-15T18:00:00Z,6797.4
2026-09-15T18:15:00Z,18342.5
2026-09-15T18:30:00Z,20342.5
2026-09-15T18:45:00Z,19005.9
2026-09-15T19:00:00Z,13492.1
2026-09-15T19:15:00Z,19207.7
2026-09-15T19:30:00Z,15258.4
2026-09-15T19:45:00Z,15401.2
2026-09-15T20:00:00Z,24077.0
2026-09-15T20:15:00Z,24215.0
2026-09-15T20:30:00Z,18124.9
2026-09-15T20:45:00Z,23903.9
2026-09-15T21:00:00Z,18307.0
2026-09-15T21:15:00Z,23505.7
2026-09-15T21:30:00Z,23735.7
2026-09-15T21:45:00Z,23797.2
2026-09-15T22:00:00Z,17293.5
2026-09-15T22:15:00Z,23086.5
2026-09-15T22:30:00Z,24394.3
2026-09-15T22:45:00Z,23843.1
2026-09-15T23:00:00Z,18396.9
2026-09-15T23:15:00Z,22371.1
2026-09-15T23:30:00Z,19508.5
2026-09-15T23:45:00Z,23534.8
2026-09-16T00:00:00Z,22456.1
2026-09-16T00:15:00Z,21670.2
2026-09-16T00:30:00Z,23355.9
2026-09-16T00:45:00Z,20386.7
2026-09-16T01:00:00Z,21313.3
2026-09-16T01:15:00Z,19311.6
2026-09-16T01:30:00Z,24807.9
2026-09-16T01:45:00Z,23363.4
2026-09-16T02:00:00Z,24041.0
2026-09-16T02:15:00Z,19962.8
2026-09-16T02:30:00Z,21871.7
2026-09-16T02:45:00Z,19368.0
2026-09-16T03:00:00Z,23121.9
2026-09-16T03:15:00Z,22169.6
2026-09-16T03:30:00Z,21954.4
2026-09-16T03:45:00Z,18152.2
2026-09-16T04:00:00Z,14158.6
2026-09-16T04:15:00Z,19328.1
2026-09-16T04:30:00Z,23761.7
2026-09-16T04:45:00Z,22978.9
2026-09-16T05:00:00Z,22730.4
2026-09-16T05:15:00Z,17511.7
2026-09-16T05:30:00Z,14412.0
2026-09-16T05:45:00Z,10849.1
2026-09-16T06:00:00Z,12994.4
2026-09-16T06:15:00Z,11935.0
2026-09-16T06:30:00Z,14681.6
2026-09-16T06:45:00Z,15458.5
2026-09-16T07:00:00Z,12499.4
2026-09-16T07:15:00Z,13341.4
2026-09-16T07:30:00Z,14582.2
2026-09-16T07:45:00Z,16645.6
2026-09-16T08:00:00Z,15100.9
2026-09-16T08:15:00Z,5267.2
2026-09-16T08:30:00Z,8171.7
2026-09-16T08:45:00Z,8723.4
2026-09-16T09:00:00Z,13125.0
2026-09-16T09:15:00Z,10737.5
2026-09-16T09:30:00Z,23513.3
2026-09-16T09:45:00Z,21050.4
2026-09-16T10:00:00Z,17432.9
2026-09-16T10:15:00Z,13974.5
2026-09-16T10:30:00Z,12282.8
2026-09-16T10:45:00Z,11711.5
2026-09-16T11:00:00Z,9989.5
2026-09-16T11:15:00Z,10962.5
2026-09-16T11:30:00Z,14787.1
2026-09-16T11:45:00Z,16439.0
2026-09-16T12:00:00Z,17325.2
2026-09-16T12:15:00Z,16003.1
2026-09-16T12:30:00Z,16193.2
2026-09-16T12:45:00Z,15383.2
2026-09-16T13:00:00Z,15241.6
2026-09-16T13:15:00Z,14997.0
2026-09-16T13:30:00Z,11902.1
2026-09-16T13:45:00Z,9285.9
2026-09-16T14:00:00Z,10840.4
2026-09-16T14:15:00Z,18515.8
2026-09-16T14:30:00Z,13807.0
2026-09-16T14:45:00Z,12960.1
2026-09-16T15:00:00Z,16717.6
2026-09-16T15:15:00Z,16938.1
2026-09-16T15:30:00Z,18000.1
2026-09-16T15:45:00Z,18448.4
2026-09-16T16:00:00Z,12719.8
2026-09-16T16:15:00Z,9773.6
2026-09-16T16:30:00Z,3850.8
2026-09-16T16:45:00Z,8058.8
2026-09-16T17:00:00Z,7742.7
2026-09-16T17:15:00Z,4434.3
2026-09-16T17:30:00Z,16490.8
2026-09-16T17:45:00Z,4360.0
2026-09-16T18:00:00Z,17489.1
2026-09-16T18:15:00Z,10669.6
2026-09-16T18:30:00Z,12851.2
2026-09-16T18:45:00Z,19378.8
2026-09-16T19:00:00Z,11748.3
2026-09-16T19:15:00Z,14858.1
2026-09-16T19:30:00Z,22839.4
2026-09-16T19:45:00Z,7769.8
2026-09-16T20:00:00Z,23800.2
2026-09-16T20:15:00Z,18926.7
2026-09-16T20:30:00Z,22614.0
2026-09-16T20:45:00Z,16802.7
2026-09-16T21:00:00Z,24479.1
2026-09-16T21:15:00Z,20686.9
2026-09-16T21:30:00Z,23588.0
2026-09-16T21:45:00Z,23904.1
2026-09-16T22:00:00Z,22738.1
2026-09-16T22:15:00Z,24454.1
2026-09-16T22:30:00Z,24239.6
2026-09-16T22:45:00Z,24261.5
2026-09-16T23:00:00Z,23469.7
2026-09-16T23:15:00Z,23890.4
2026-09-16T23:30:00Z,23658.3
2026-09-16T23:45:00Z,23950.1
2026-09-17T00:00:00Z,24445.9
2026-09-17T00:15:00Z,23631.7
2026-09-17T00:30:00Z,23302.1
2026-09-17T00:45:00Z,15549.5
2026-09-17T01:00:00Z,19619.5
2026-09-17T01:15:00Z,23029.6
2026-09-17T01:30:00Z,23097.9
2026-09-17T01:45:00Z,23070.9
2026-09-17T02:00:00Z,23972.8
2026-09-17T02:15:00Z,22829.5
2026-09-17T02:30:00Z,20792.5
2026-09-17T02:45:00Z,23259.2
2026-09-17T03:00:00Z,23681.3
2026-09-17T03:15:00Z,20039.5
2026-09-17T03:30:00Z,17875.9
2026-09-17T03:45:00Z,23761.6
2026-09-17T04:00:00Z,7052.8
2026-09-17T04:15:00Z,15909.1
2026-09-17T04:30:00Z,13596.3
2026-09-17T04:45:00Z,13958.6
2026-09-17T05:00:00Z,12507.6
2026-09-17T05:15:00Z,20604.9
2026-09-17T05:30:00Z,13304.4
2026-09-17T05:45:00Z,17559.0
2026-09-17T06:00:00Z,8939.2
2026-09-17T06:15:00Z,14582.4
2026-09-17T06:30:00Z,16479.0
2026-09-17T06:45:00Z,12185.7
2026-09-17T07:00:00Z,10605.4
2026-09-17T07:15:00Z,12267.0
2026-09-17T07:30:00Z,17722.8
2026-09-17T07:45:00Z,17654.9
2026-09-17T08:00:00Z,13965.7
2026-09-17T08:15:00Z,18372.1
2026-09-17T08:30:00Z,9447.9
2026-09-17T08:45:00Z,14828.2
2026-09-17T09:00:00Z,16479.5
2026-09-17T09:15:00Z,5975.7
2026-09-17T09:30:00Z,15370.3
2026-09-17T09:45:00Z,17983.4
2026-09-17T10:00:00Z,13327.2
2026-09-17T10:15:00Z,16444.9
2026-09-17T10:30:00Z,21525.9
2026-09-17T10:45:00Z,19023.4
2026-09-17T11:00:00Z,15050.4
2026-09-17T11:15:00Z,8402.5
2026-09-17T11:30:00Z,20002.6
2026-09-17T11:45:00Z,5482.2
2026-09-17T12:00:00Z,10043.0
2026-09-17T12:15:00Z,11576.3
2026-09-17T12:30:00Z,16547.1
2026-09-17T12:45:00Z,12802.0
2026-09-17T13:00:00Z,15727.4
2026-09-17T13:15:00Z,14094.6
2026-09-17T13:30:00Z,17321.2
2026-09-17T13:45:00Z,11272.4
2026-09-17T14:00:00Z,14442.8
2026-09-17T14:15:00Z,12880.2
2026-09-17T14:30:00Z,10162.1
2026-09-17T14:45:00Z,9104.4
2026-09-17T15:00:00Z,18538.1
2026-09-17T15:15:00Z,13025.0
2026-09-17T15:30:00Z,7928.7
2026-09-17T15:45:00Z,10730.6
2026-09-17T16:00:00Z,17921.6
2026-09-17T16:15:00Z,11447.7
2026-09-17T16:30:00Z,15010.8
2026-09-17T16:45:00Z,14032.8
2026-09-17T17:00:00Z,12876.3
2026-09-17T17:15:00Z,12319.2
2026-09-17T17:30:00Z,21860.8
2026-09-17T17:45:00Z,11266.4
2026-09-17T18:00:00Z,8027.2
2026-09-17T18:15:00Z,4240.1
2026-09-17T18:30:00Z,4285.3
2026-09-17T18:45:00Z,7484.7
2026-09-17T19:00:00Z,12938.4
2026-09-17T19:15:00Z,7596.9
2026-09-17T19:30:00Z,17709.7
2026-09-17T19:45:00Z,19105.7
2026-09-17T20:00:00Z,20026.3
2026-09-17T20:15:00Z,17314.8
2026-09-17T20:30:00Z,24208.1
2026-09-17T20:45:00Z,24714.2
2026-09-17T21:00:00Z,22317.6
2026-09-17T21:15:00Z,21255.4
2026-09-17T21:30:00Z,20004.7
2026-09-17T21:45:00Z,24810.7
2026-09-17T22:00:00Z,17101.1
2026-09-17T22:15:00Z,24059.0
2026-09-17T22:30:00Z,23901.9
2026-09-17T22:45:00Z,13544.7
2026-09-17T23:00:00Z,23615.7
2026-09-17T23:15:00Z,24012.8
2026-09-17T23:30:00Z,23144.6
2026-09-17T23:45:00Z,22919.4
2026-09-18T00:00:00Z,14685.4
2026-09-18T00:15:00Z,22956.5
2026-09-18T00:30:00Z,18610.5
2026-09-18T00:45:00Z,23987.5
2026-09-18T01:00:00Z,23233.0
2026-09-18T01:15:00Z,21819.1
2026-09-18T01:30:00Z,23285.4
2026-09-18T01:45:00Z,22825.6
2026-09-18T02:00:00Z,23539.0
2026-09-18T02:15:00Z,16706.1
2026-09-18T02:30:00Z,22685.5
2026-09-18T02:45:00Z,21586.9
2026-09-18T03:00:00Z,20568.2
2026-09-18T03:15:00Z,22364.0
2026-09-18T03:30:00Z,23696.3
2026-09-18T03:45:00Z,23983.6
2026-09-18T04:00:00Z,14689.0
2026-09-18T04:15:00Z,16100.5
2026-09-18T04:30:00Z,19303.5
2026-09-18T04:45:00Z,22681.1
2026-09-18T05:00:00Z,17201.1
2026-09-18T05:15:00Z,18126.3
2026-09-18T05:30:00Z,20891.2
2026-09-18T05:45:00Z,7972.6
2026-09-18T06:00:00Z,10870.1
2026-09-18T06:15:00Z,11397.2
2026-09-18T06:30:00Z,11992.5
2026-09-18T06:45:00Z,13404.2
2026-09-18T07:00:00Z,7103.2
2026-09-18T07:15:00Z,12164.1
2026-09-18T07:30:00Z,22201.2
2026-09-18T07:45:00Z,14782.0
2026-09-18T08:00:00Z,17606.1
2026-09-18T08:15:00Z,15487.4
2026-09-18T08:30:00Z,9432.5
2026-09-18T08:45:00Z,16969.6
2026-09-18T09:00:00Z,15072.8
2026-09-18T09:15:00Z,12770.4
2026-09-18T09:30:00Z,17969.1
2026-09-18T09:45:00Z,15711.5
2026-09-18T10:00:00Z,12480.6
2026-09-18T10:15:00Z,7197.3
2026-09-18T10:30:00Z,10677.3
2026-09-18T10:45:00Z,15791.4
2026-09-18T11:00:00Z,10798.4
2026-09-18T11:15:00Z,8485.0
2026-09-18T11:30:00Z,8423.1
2026-09-18T11:45:00Z,7112.2
2026-09-18T12:00:00Z,14940.5
2026-09-18T12:15:00Z,11719.1
2026-09-18T12:30:00Z,16566.5
2026-09-18T12:45:00Z,7590.7
2026-09-18T13:00:00Z,12006.1
2026-09-18T13:15:00Z,19410.4
2026-09-18T13:30:00Z,10825.3
2026-09-18T13:45:00Z,5818.2
2026-09-18T14:00:00Z,16969.7
2026-09-18T14:15:00Z,13551.8
2026-09-18T14:30:00Z,12766.6
2026-09-18T14:45:00Z,10235.9
2026-09-18T15:00:00Z,13927.9
2026-09-18T15:15:00Z,8473.7
2026-09-18T15:30:00Z,17851.6
2026-09-18T15:45:00Z,20822.7
2026-09-18T16:00:00Z,8224.5
2026-09-18T16:15:00Z,17099.8
2026-09-18T16:30:00Z,17689.4
2026-09-18T16:45:00Z,11264.1
2026-09-18T17:00:00Z,14294.9
2026-09-18T17:15:00Z,17315.0
2026-09-18T17:30:00Z,11666.7
2026-09-18T17:45:00Z,12571.2
2026-09-18T18:00:00Z,11076.4
2026-09-18T18:15:00Z,13020.8
2026-09-18T18:30:00Z,13166.3
2026-09-18T18:45:00Z,20470.8
2026-09-18T19:00:00Z,15475.9
2026-09-18T19:15:00Z,17829.5
2026-09-18T19:30:00Z,18805.9
2026-09-18T19:45:00Z,7686.7
2026-09-18T20:00:00Z,22353.1
2026-09-18T20:15:00Z,20253.6
2026-09-18T20:30:00Z,21920.1
2026-09-18T20:45:00Z,19447.9
2026-09-18T21:00:00Z,21401.3
2026-09-18T21:15:00Z,18590.8
2026-09-18T21:30:00Z,23900.8
2026-09-18T21:45:00Z,23576.7
2026-09-18T22:00:00Z,21734.8
2026-09-18T22:15:00Z,24462.5
2026-09-18T22:30:00Z,23300.5
2026-09-18T22:45:00Z,17387.1
2026-09-18T23:00:00Z,22633.4
2026-09-18T23:15:00Z,23505.1
2026-09-18T23:30:00Z,22478.6
2026-09-18T23:45:00Z,21276.3
2026-09-19T00:00:00Z,20240.8
2026-09-19T00:15:00Z,22379.5
2026-09-19T00:30:00Z,22997.7
2026-09-19T00:45:00Z,22768.1
2026-09-19T01:00:00Z,23191.0
2026-09-19T01:15:00Z,23632.7
2026-09-19T01:30:00Z,22546.4
2026-09-19T01:45:00Z,18232.3
2026-09-19T02:00:00Z,21060.5
2026-09-19T02:15:00Z,23920.6
2026-09-19T02:30:00Z,22844.8
2026-09-19T02:45:00Z,24159.4
2026-09-19T03:00:00Z,23846.2
2026-09-19T03:15:00Z,16065.7
2026-09-19T03:30:00Z,17467.9
2026-09-19T03:45:00Z,21968.8
2026-09-19T04:00:00Z,22938.7
2026-09-19T04:15:00Z,22446.1
2026-09-19T04:30:00Z,22109.9
2026-09-19T04:45:00Z,23844.2
2026-09-19T05:00:00Z,21869.8
2026-09-19T05:15:00Z,16913.2
2026-09-19T05:30:00Z,18313.7
2026-09-19T05:45:00Z,21607.5
2026-09-19T06:00:00Z,18550.2
2026-09-19T06:15:00Z,22226.9
2026-09-19T06:30:00Z,20824.4
2026-09-19T06:45:00Z,20886.6
2026-09-19T07:00:00Z,21001.3
2026-09-19T07:15:00Z,21851.9
2026-09-19T07:30:00Z,19572.3
2026-09-19T07:45:00Z,22234.1
2026-09-19T08:00:00Z,19699.0
2026-09-19T08:15:00Z,20182.9
2026-09-19T08:30:00Z,19592.0
2026-09-19T08:45:00Z,21462.3
2026-09-19T09:00:00Z,22539.4
2026-09-19T09:15:00Z,17479.5
2026-09-19T09:30:00Z,15574.2
2026-09-19T09:45:00Z,22530.8
2026-09-19T10:00:00Z,18606.1
2026-09-19T10:15:00Z,18022.5
2026-09-19T10:30:00Z,17745.8
2026-09-19T10:45:00Z,18109.2
2026-09-19T11:00:00Z,19151.9
2026-09-19T11:15:00Z,19637.8
2026-09-19T11:30:00Z,20650.8
2026-09-19T11:45:00Z,17894.9
2026-09-19T12:00:00Z,17860.6
2026-09-19T12:15:00Z,20182.4
2026-09-19T12:30:00Z,14897.0
2026-09-19T12:45:00Z,20194.8
2026-09-19T13:00:00Z,19172.4
2026-09-19T13:15:00Z,20602.9
2026-09-19T13:30:00Z,17676.0
2026-09-19T13:45:00Z,18500.2
2026-09-19T14:00:00Z,20351.8
2026-09-19T14:15:00Z,18193.7
2026-09-19T14:30:00Z,22774.7
2026-09-19T14:45:00Z,21498.7
2026-09-19T15:00:00Z,21469.7
2026-09-19T15:15:00Z,21436.6
2026-09-19T15:30:00Z,18480.7
2026-09-19T15:45:00Z,19910.6
2026-09-19T16:00:00Z,22297.7
2026-09-19T16:15:00Z,23113.6
2026-09-19T16:30:00Z,23867.1
2026-09-19T16:45:00Z,18034.8
2026-09-19T17:00:00Z,22601.1
2026-09-19T17:15:00Z,19314.9
2026-09-19T17:30:00Z,23438.4
2026-09-19T17:45:00Z,23454.4
2026-09-19T18:00:00Z,24164.2
2026-09-19T18:15:00Z,22826.5
2026-09-19T18:30:00Z,23160.0
2026-09-19T18:45:00Z,24422.0
2026-09-19T19:00:00Z,18620.1
2026-09-19T19:15:00Z,13507.7
2026-09-19T19:30:00Z,19731.8
2026-09-19T19:45:00Z,22847.6
2026-09-19T20:00:00Z,23673.1
2026-09-19T20:15:00Z,18898.6
2026-09-19T20:30:00Z,19301.6
2026-09-19T20:45:00Z,21903.7
2026-09-19T21:00:00Z,23361.4
2026-09-19T21:15:00Z,23390.8
2026-09-19T21:30:00Z,23192.8
2026-09-19T21:45:00Z,22801.3
2026-09-19T22:00:00Z,16649.7
2026-09-19T22:15:00Z,22495.0
2026-09-19T22:30:00Z,23823.6
2026-09-19T22:45:00Z,21025.3
2026-09-19T23:00:00Z,19503.4
2026-09-19T23:15:00Z,21815.2
2026-09-19T23:30:00Z,22217.2
2026-09-19T23:45:00Z,23922.8
2026-09-20T00:00:00Z,22683.0
2026-09-20T00:15:00Z,23620.8
2026-09-20T00:30:00Z,21998.8
2026-09-20T00:45:00Z,21157.9
2026-09-20T01:00:00Z,19933.3
2026-09-20T01:15:00Z,23080.4
2026-09-20T01:30:00Z,22327.0
2026-09-20T01:45:00Z,19925.1
2026-09-20T02:00:00Z,23839.0
2026-09-20T02:15:00Z,24330.0
2026-09-20T02:30:00Z,22693.3
2026-09-20T02:45:00Z,23667.7
2026-09-20T03:00:00Z,22427.5
2026-09-20T03:15:00Z,23183.5
2026-09-20T03:30:00Z,20588.3
2026-09-20T03:45:00Z,23006.2
2026-09-20T04:00:00Z,21507.7
2026-09-20T04:15:00Z,22418.6
2026-09-20T04:30:00Z,19591.2
2026-09-20T04:45:00Z,21096.1
2026-09-20T05:00:00Z,22228.5
2026-09-20T05:15:00Z,21922.2
2026-09-20T05:30:00Z,18574.2
2026-09-20T05:45:00Z,20195.6
2026-09-20T06:00:00Z,23139.9
2026-09-20T06:15:00Z,21755.0
2026-09-20T06:30:00Z,22147.9
2026-09-20T06:45:00Z,13654.4
2026-09-20T07:00:00Z,22449.0
2026-09-20T07:15:00Z,20993.9
2026-09-20T07:30:00Z,20684.1
2026-09-20T07:45:00Z,16571.3
2026-09-20T08:00:00Z,20766.6
2026-09-20T08:15:00Z,20519.1
2026-09-20T08:30:00Z,19494.6
2026-09-20T08:45:00Z,18808.8
2026-09-20T09:00:00Z,17382.2
2026-09-20T09:15:00Z,21689.5
2026-09-20T09:30:00Z,20804.9
2026-09-20T09:45:00Z,18785.6
2026-09-20T10:00:00Z,21453.1
2026-09-20T10:15:00Z,21356.5
2026-09-20T10:30:00Z,17541.7
2026-09-20T10:45:00Z,20728.2
2026-09-20T11:00:00Z,20530.0
2026-09-20T11:15:00Z,18234.3
2026-09-20T11:30:00Z,19643.0
2026-09-20T11:45:00Z,17151.7
2026-09-20T12:00:00Z,16770.4
2026-09-20T12:15:00Z,18843.2
2026-09-20T12:30:00Z,22084.0
2026-09-20T12:45:00Z,20418.5
2026-09-20T13:00:00Z,15589.3
2026-09-20T13:15:00Z,19428.4
2026-09-20T13:30:00Z,15771.5
2026-09-20T13:45:00Z,20590.1
2026-09-20T14:00:00Z,17981.9
2026-09-20T14:15:00Z,18096.9
2026-09-20T14:30:00Z,22597.2
2026-09-20T14:45:00Z,21959.7
2026-09-20T15:00:00Z,19328.0
2026-09-20T15:15:00Z,18298.3
2026-09-20T15:30:00Z,15280.9
2026-09-20T15:45:00Z,21295.2
2026-09-20T16:00:00Z,21791.8
2026-09-20T16:15:00Z,23434.3
2026-09-20T16:30:00Z,21379.4
2026-09-20T16:45:00Z,22082.2
2026-09-20T17:00:00Z,22659.1
2026-09-20T17:15:00Z,23255.0
2026-09-20T17:30:00Z,23923.6
2026-09-20T17:45:00Z,23267.1
2026-09-20T18:00:00Z,20219.4
2026-09-20T18:15:00Z,24458.8
2026-09-20T18:30:00Z,23352.9
2026-09-20T18:45:00Z,23204.6
2026-09-20T19:00:00Z,20286.8
2026-09-20T19:15:00Z,17725.3
2026-09-20T19:30:00Z,24151.7
2026-09-20T19:45:00Z,24649.7
2026-09-20T20:00:00Z,22376.7
2026-09-20T20:15:00Z,23641.0
2026-09-20T20:30:00Z,18353.0
2026-09-20T20:45:00Z,20551.8
2026-09-20T21:00:00Z,21812.7
2026-09-20T21:15:00Z,23537.1
2026-09-20T21:30:00Z,23130.0
2026-09-20T21:45:00Z,18548.4
2026-09-20T22:00:00Z,23886.4
2026-09-20T22:15:00Z,23461.4
2026-09-20T22:30:00Z,16483.6
2026-09-20T22:45:00Z,23437.1
2026-09-20T23:00:00Z,23971.4
2026-09-20T23:15:00Z,24782.1
2026-09-20T23:30:00Z,22674.0
2026-09-20T23:45:00Z,23677.8
2026-09-21T00:00:00Z,23031.0
2026-09-21T00:15:00Z,22615.5
2026-09-21T00:30:00Z,23223.3
2026-09-21T00:45:00Z,23299.5
2026-09-21T01:00:00Z,19383.1
2026-09-21T01:15:00Z,20846.6
2026-09-21T01:30:00Z,22688.0
2026-09-21T01:45:00Z,21979.1
2026-09-21T02:00:00Z,22846.6
2026-09-21T02:15:00Z,23247.6
2026-09-21T02:30:00Z,23394.4
2026-09-21T02:45:00Z,19182.6
2026-09-21T03:00:00Z,18322.8
2026-09-21T03:15:00Z,23992.6
2026-09-21T03:30:00Z,16486.9
2026-09-21T03:45:00Z,23413.8
2026-09-21T04:00:00Z,10232.8
2026-09-21T04:15:00Z,11241.0
2026-09-21T04:30:00Z,18100.1
2026-09-21T04:45:00Z,15942.7
2026-09-21T05:00:00Z,21695.0
2026-09-21T05:15:00Z,5856.4
2026-09-21T05:30:00Z,15209.2
2026-09-21T05:45:00Z,20836.2
2026-09-21T06:00:00Z,11355.1
2026-09-21T06:15:00Z,15883.3
2026-09-21T06:30:00Z,13409.9
2026-09-21T06:45:00Z,11903.7
2026-09-21T07:00:00Z,17216.9
2026-09-21T07:15:00Z,13610.7
2026-09-21T07:30:00Z,16582.6
2026-09-21T07:45:00Z,9853.4
2026-09-21T08:00:00Z,21630.1
2026-09-21T08:15:00Z,14777.7
2026-09-21T08:30:00Z,6885.6
2026-09-21T08:45:00Z,7325.4
2026-09-21T09:00:00Z,14550.6
2026-09-21T09:15:00Z,18514.9
2026-09-21T09:30:00Z,11484.8
2026-09-21T09:45:00Z,19857.3
2026-09-21T10:00:00Z,14958.1
2026-09-21T10:15:00Z,12962.4
2026-09-21T10:30:00Z,4671.0
2026-09-21T10:45:00Z,14415.5
2026-09-21T11:00:00Z,15692.1
2026-09-21T11:15:00Z,16162.9
2026-09-21T11:30:00Z,16323.6
2026-09-21T11:45:00Z,18295.3
2026-09-21T12:00:00Z,10475.2
2026-09-21T12:15:00Z,6392.1
2026-09-21T12:30:00Z,19870.6
2026-09-21T12:45:00Z,11444.0
2026-09-21T13:00:00Z,10336.8
2026-09-21T13:15:00Z,7699.1
2026-09-21T13:30:00Z,12806.2
2026-09-21T13:45:00Z,13910.0
2026-09-21T14:00:00Z,14098.9
2026-09-21T14:15:00Z,16472.4
2026-09-21T14:30:00Z,11754.7
2026-09-21T14:45:00Z,15407.5
2026-09-21T15:00:00Z,16105.8
2026-09-21T15:15:00Z,11824.0
2026-09-21T15:30:00Z,16945.9
2026-09-21T15:45:00Z,17020.9
2026-09-21T16:00:00Z,16786.3
2026-09-21T16:15:00Z,14870.0
2026-09-21T16:30:00Z,18802.7
2026-09-21T16:45:00Z,13249.6
2026-09-21T17:00:00Z,18083.5
2026-09-21T17:15:00Z,10738.4
2026-09-21T17:30:00Z,16816.5
2026-09-21T17:45:00Z,13929.0
2026-09-21T18:00:00Z,14740.9
2026-09-21T18:15:00Z,16029.5
2026-09-21T18:30:00Z,18570.5
2026-09-21T18:45:00Z,14828.6
2026-09-21T19:00:00Z,15072.3
2026-09-21T19:15:00Z,14347.2
2026-09-21T19:30:00Z,10919.3
2026-09-21T19:45:00Z,10081.9
2026-09-21T20:00:00Z,19844.7
2026-09-21T20:15:00Z,23326.5
2026-09-21T20:30:00Z,16683.1
2026-09-21T20:45:00Z,23165.0
2026-09-21T21:00:00Z,24096.3
2026-09-21T21:15:00Z,22526.5
2026-09-21T21:30:00Z,20620.6
2026-09-21T21:45:00Z,20419.1
2026-09-21T22:00:00Z,22458.6
2026-09-21T22:15:00Z,21247.7
2026-09-21T22:30:00Z,16135.9
2026-09-21T22:45:00Z,23875.1
2026-09-21T23:00:00Z,20863.4
2026-09-21T23:15:00Z,22126.7
2026-09-21T23:30:00Z,23642.9
2026-09-21T23:45:00Z,24320.0
2026-09-22T00:00:00Z,22982.5
2026-09-22T00:15:00Z,22380.6
2026-09-22T00:30:00Z,18813.3
2026-09-22T00:45:00Z,22100.2
2026-09-22T01:00:00Z,22808.1
2026-09-22T01:15:00Z,23207.0
2026-09-22T01:30:00Z,18466.1
2026-09-22T01:45:00Z,22860.2
2026-09-22T02:00:00Z,19948.1
2026-09-22T02:15:00Z,24045.4
2026-09-22T02:30:00Z,19361.2
2026-09-22T02:45:00Z,23127.9
2026-09-22T03:00:00Z,17792.4
2026-09-22T03:15:00Z,20684.0
2026-09-22T03:30:00Z,21863.6
2026-09-22T03:45:00Z,20278.3
2026-09-22T04:00:00Z,9186.3
2026-09-22T04:15:00Z,18123.1
2026-09-22T04:30:00Z,18097.7
2026-09-22T04:45:00Z,15753.2
2026-09-22T05:00:00Z,13183.2
2026-09-22T05:15:00Z,15102.4
2026-09-22T05:30:00Z,21245.4
2026-09-22T05:45:00Z,17190.6
2026-09-22T06:00:00Z,11466.4
2026-09-22T06:15:00Z,15854.7
2026-09-22T06:30:00Z,16660.0
2026-09-22T06:45:00Z,7173.6
2026-09-22T07:00:00Z,21051.5
2026-09-22T07:15:00Z,17353.8
2026-09-22T07:30:00Z,14153.3
2026-09-22T07:45:00Z,20426.3
2026-09-22T08:00:00Z,12008.3
2026-09-22T08:15:00Z,13717.7
2026-09-22T08:30:00Z,18493.3
2026-09-22T08:45:00Z,11336.0
2026-09-22T09:00:00Z,7725.9
2026-09-22T09:15:00Z,11768.6
2026-09-22T09:30:00Z,13340.3
2026-09-22T09:45:00Z,13519.7
2026-09-22T10:00:00Z,11668.5
2026-09-22T10:15:00Z,16732.0
2026-09-22T10:30:00Z,17206.7
2026-09-22T10:45:00Z,8632.3
2026-09-22T11:00:00Z,18618.3
2026-09-22T11:15:00Z,18400.9
2026-09-22T11:30:00Z,10926.7
2026-09-22T11:45:00Z,13092.9
2026-09-22T12:00:00Z,14406.7
2026-09-22T12:15:00Z,21684.1
2026-09-22T12:30:00Z,13569.9
2026-09-22T12:45:00Z,12789.5
2026-09-22T13:00:00Z,10072.7
2026-09-22T13:15:00Z,14634.0
2026-09-22T13:30:00Z,21785.9
2026-09-22T13:45:00Z,18467.0
2026-09-22T14:00:00Z,9898.6
2026-09-22T14:15:00Z,18025.9
2026-09-22T14:30:00Z,13020.2
2026-09-22T14:45:00Z,14576.9
2026-09-22T15:00:00Z,8597.1
2026-09-22T15:15:00Z,10962.5
2026-09-22T15:30:00Z,14658.8
2026-09-22T15:45:00Z,15433.3
2026-09-22T16:00:00Z,11503.6
2026-09-22T16:15:00Z,16097.4
2026-09-22T16:30:00Z,20457.0
2026-09-22T16:45:00Z,11055.4
2026-09-22T17:00:00Z,15191.5
2026-09-22T17:15:00Z,19707.5
2026-09-22T17:30:00Z,19122.0
2026-09-22T17:45:00Z,12206.6
2026-09-22T18:00:00Z,20722.5
2026-09-22T18:15:00Z,20448.1
2026-09-22T18:30:00Z,12896.4
2026-09-22T18:45:00Z,11364.2
2026-09-22T19:00:00Z,19841.9
2026-09-22T19:15:00Z,13896.1
2026-09-22T19:30:00Z,14324.3
2026-09-22T19:45:00Z,18008.6
2026-09-22T20:00:00Z,23001.1
2026-09-22T20:15:00Z,23336.3
2026-09-22T20:30:00Z,17682.5
2026-09-22T20:45:00Z,18493.6
2026-09-22T21:00:00Z,21321.8
2026-09-22T21:15:00Z,19942.4
2026-09-22T21:30:00Z,19656.9
2026-09-22T21:45:00Z,23841.6
2026-09-22T22:00:00Z,23357.1
2026-09-22T22:15:00Z,17436.7
2026-09-22T22:30:00Z,22741.7
2026-09-22T22:45:00Z,24876.9
2026-09-22T23:00:00Z,23070.1
2026-09-22T23:15:00Z,23095.6
2026-09-22T23:30:00Z,16793.3
2026-09-22T23:45:00Z,20347.1
2026-09-23T00:00:00Z,18308.6
2026-09-23T00:15:00Z,22263.4
2026-09-23T00:30:00Z,21845.4
2026-09-23T00:45:00Z,23407.4
2026-09-23T01:00:00Z,20858.1
2026-09-23T01:15:00Z,23184.6
2026-09-23T01:30:00Z,20418.7
2026-09-23T01:45:00Z,22401.4
2026-09-23T02:00:00Z,20675.8
2026-09-23T02:15:00Z,24099.0
2026-09-23T02:30:00Z,22108.0
2026-09-23T02:45:00Z,14890.3
2026-09-23T03:00:00Z,22678.8
2026-09-23T03:15:00Z,22099.8
2026-09-23T03:30:00Z,22418.3
2026-09-23T03:45:00Z,24393.3
2026-09-23T04:00:00Z,18733.6
2026-09-23T04:15:00Z,14753.5
2026-09-23T04:30:00Z,9689.0
2026-09-23T04:45:00Z,22570.0
2026-09-23T05:00:00Z,16169.0
2026-09-23T05:15:00Z,15493.6
2026-09-23T05:30:00Z,12590.2
2026-09-23T05:45:00Z,14440.6
2026-09-23T06:00:00Z,13870.9
2026-09-23T06:15:00Z,15605.2
2026-09-23T06:30:00Z,12945.9
2026-09-23T06:45:00Z,11686.5
2026-09-23T07:00:00Z,8850.1
2026-09-23T07:15:00Z,23463.6
2026-09-23T07:30:00Z,20012.6
2026-09-23T07:45:00Z,17380.6
2026-09-23T08:00:00Z,21272.9
2026-09-23T08:15:00Z,16949.0
2026-09-23T08:30:00Z,6683.8
2026-09-23T08:45:00Z,14597.1
2026-09-23T09:00:00Z,10344.4
2026-09-23T09:15:00Z,17116.1
2026-09-23T09:30:00Z,10237.0
2026-09-23T09:45:00Z,8387.1
2026-09-23T10:00:00Z,11418.4
2026-09-23T10:15:00Z,8778.8
2026-09-23T10:30:00Z,12663.0
2026-09-23T10:45:00Z,9354.1
2026-09-23T11:00:00Z,12351.3
2026-09-23T11:15:00Z,14571.7
2026-09-23T11:30:00Z,10631.1
2026-09-23T11:45:00Z,2000.0
2026-09-23T12:00:00Z,10659.1
2026-09-23T12:15:00Z,4529.3
2026-09-23T12:30:00Z,12104.3
2026-09-23T12:45:00Z,6389.0
2026-09-23T13:00:00Z,2000.0
2026-09-23T13:15:00Z,12593.1
2026-09-23T13:30:00Z,11134.4
2026-09-23T13:45:00Z,11473.2
2026-09-23T14:00:00Z,17032.1
2026-09-23T14:15:00Z,13978.1
2026-09-23T14:30:00Z,9088.2
2026-09-23T14:45:00Z,10503.3
2026-09-23T15:00:00Z,8802.3
2026-09-23T15:15:00Z,17207.9
2026-09-23T15:30:00Z,15370.2
2026-09-23T15:45:00Z,11110.2
2026-09-23T16:00:00Z,16833.2
2026-09-23T16:15:00Z,15907.7
2026-09-23T16:30:00Z,19259.0
2026-09-23T16:45:00Z,17369.9
2026-09-23T17:00:00Z,10267.4
2026-09-23T17:15:00Z,18327.7
2026-09-23T17:30:00Z,10102.6
2026-09-23T17:45:00Z,12245.8
2026-09-23T18:00:00Z,18939.4
2026-09-23T18:15:00Z,21163.6
2026-09-23T18:30:00Z,13689.2
2026-09-23T18:45:00Z,14848.8
2026-09-23T19:00:00Z,18344.9
2026-09-23T19:15:00Z,13758.7
2026-09-23T19:30:00Z,16804.0
2026-09-23T19:45:00Z,14873.1
2026-09-23T20:00:00Z,17354.8
2026-09-23T20:15:00Z,17595.8
2026-09-23T20:30:00Z,18797.2
2026-09-23T20:45:00Z,23268.7
2026-09-23T21:00:00Z,24416.7
2026-09-23T21:15:00Z,20359.1
2026-09-23T21:30:00Z,23222.8
2026-09-23T21:45:00Z,23610.6
2026-09-23T22:00:00Z,19328.7
2026-09-23T22:15:00Z,20955.4
2026-09-23T22:30:00Z,21880.7
2026-09-23T22:45:00Z,18424.3
2026-09-23T23:00:00Z,20541.6
2026-09-23T23:15:00Z,19305.9
2026-09-23T23:30:00Z,23149.2
2026-09-23T23:45:00Z,23237.8
2026-09-24T00:00:00Z,24222.8
2026-09-24T00:15:00Z,18057.4
2026-09-24T00:30:00Z,22348.6
2026-09-24T00:45:00Z,20314.7
2026-09-24T01:00:00Z,22508.6
2026-09-24T01:15:00Z,21966.9
2026-09-24T01:30:00Z,24126.5
2026-09-24T01:45:00Z,20408.6
2026-09-24T02:00:00Z,19417.4
2026-09-24T02:15:00Z,21845.9
2026-09-24T02:30:00Z,20760.2
2026-09-24T02:45:00Z,20956.2
2026-09-24T03:00:00Z,23286.9
2026-09-24T03:15:00Z,18523.9
2026-09-24T03:30:00Z,22750.1
2026-09-24T03:45:00Z,23185.6
2026-09-24T04:00:00Z,15864.1
2026-09-24T04:15:00Z,17244.9
2026-09-24T04:30:00Z,17637.5
2026-09-24T04:45:00Z,17787.6
2026-09-24T05:00:00Z,15072.0
2026-09-24T05:15:00Z,11188.8
2026-09-24T05:30:00Z,15612.8
2026-09-24T05:45:00Z,10037.5
2026-09-24T06:00:00Z,11493.9
2026-09-24T06:15:00Z,17096.3
2026-09-24T06:30:00Z,13427.6
2026-09-24T06:45:00Z,15820.9
2026-09-24T07:00:00Z,11779.9
2026-09-24T07:15:00Z,10949.5
2026-09-24T07:30:00Z,17133.4
2026-09-24T07:45:00Z,6578.7
2026-09-24T08:00:00Z,16986.9
2026-09-24T08:15:00Z,17720.6
2026-09-24T08:30:00Z,6867.8
2026-09-24T08:45:00Z,16217.6
2026-09-24T09:00:00Z,17043.8
2026-09-24T09:15:00Z,17602.5
2026-09-24T09:30:00Z,11982.5
2026-09-24T09:45:00Z,15694.8
2026-09-24T10:00:00Z,10177.7
2026-09-24T10:15:00Z,9710.1
2026-09-24T10:30:00Z,21203.1
2026-09-24T10:45:00Z,15967.7
2026-09-24T11:00:00Z,15405.4
2026-09-24T11:15:00Z,10213.7
2026-09-24T11:30:00Z,6161.0
2026-09-24T11:45:00Z,16394.3
2026-09-24T12:00:00Z,17200.4
2026-09-24T12:15:00Z,16822.4
2026-09-24T12:30:00Z,21593.8
2026-09-24T12:45:00Z,6884.5
2026-09-24T13:00:00Z,18624.8
2026-09-24T13:15:00Z,12063.2
2026-09-24T13:30:00Z,12567.7
2026-09-24T13:45:00Z,8898.3
2026-09-24T14:00:00Z,12099.1
2026-09-24T14:15:00Z,15870.8
2026-09-24T14:30:00Z,8832.6
2026-09-24T14:45:00Z,17151.3
2026-09-24T15:00:00Z,17079.2
2026-09-24T15:15:00Z,17270.0
2026-09-24T15:30:00Z,13106.4
2026-09-24T15:45:00Z,18536.0
2026-09-24T16:00:00Z,14760.8
2026-09-24T16:15:00Z,20889.5
2026-09-24T16:30:00Z,21668.0
2026-09-24T16:45:00Z,11741.1
2026-09-24T17:00:00Z,14845.9
2026-09-24T17:15:00Z,10412.4
2026-09-24T17:30:00Z,15272.4
2026-09-24T17:45:00Z,14464.8
2026-09-24T18:00:00Z,12532.7
2026-09-24T18:15:00Z,12149.3
2026-09-24T18:30:00Z,9834.7
2026-09-24T18:45:00Z,17368.9
2026-09-24T19:00:00Z,10916.8
2026-09-24T19:15:00Z,16109.1
2026-09-24T19:30:00Z,17968.8
2026-09-24T19:45:00Z,19562.5
2026-09-24T20:00:00Z,23608.4
2026-09-24T20:15:00Z,22354.9
2026-09-24T20:30:00Z,22552.6
2026-09-24T20:45:00Z,23196.2
2026-09-24T21:00:00Z,22523.8
2026-09-24T21:15:00Z,24266.1
2026-09-24T21:30:00Z,23876.1
2026-09-24T21:45:00Z,20717.1
2026-09-24T22:00:00Z,23901.7
2026-09-24T22:15:00Z,24327.6
2026-09-24T22:30:00Z,24047.0
2026-09-24T22:45:00Z,22103.2
2026-09-24T23:00:00Z,14990.5
2026-09-24T23:15:00Z,19088.8
2026-09-24T23:30:00Z,23334.3
2026-09-24T23:45:00Z,23904.1
2026-09-25T00:00:00Z,23192.4
2026-09-25T00:15:00Z,21135.2
2026-09-25T00:30:00Z,23429.8
2026-09-25T00:45:00Z,24198.7
2026-09-25T01:00:00Z,23111.5
2026-09-25T01:15:00Z,22231.3
2026-09-25T01:30:00Z,16998.5
2026-09-25T01:45:00Z,19845.9
2026-09-25T02:00:00Z,22115.9
2026-09-25T02:15:00Z,23402.6
2026-09-25T02:30:00Z,22702.0
2026-09-25T02:45:00Z,18071.3
2026-09-25T03:00:00Z,20683.8
2026-09-25T03:15:00Z,22984.8
2026-09-25T03:30:00Z,20639.7
2026-09-25T03:45:00Z,16916.5
2026-09-25T04:00:00Z,8901.6
2026-09-25T04:15:00Z,22546.2
2026-09-25T04:30:00Z,12986.5
2026-09-25T04:45:00Z,13411.8
2026-09-25T05:00:00Z,15118.7
2026-09-25T05:15:00Z,17955.6
2026-09-25T05:30:00Z,14927.1
2026-09-25T05:45:00Z,9149.9
2026-09-25T06:00:00Z,12749.9
2026-09-25T06:15:00Z,10491.5
2026-09-25T06:30:00Z,9555.1
2026-09-25T06:45:00Z,12086.2
2026-09-25T07:00:00Z,18979.0
2026-09-25T07:15:00Z,12341.8
2026-09-25T07:30:00Z,14689.2
2026-09-25T07:45:00Z,13605.8
2026-09-25T08:00:00Z,16619.9
2026-09-25T08:15:00Z,6141.7
2026-09-25T08:30:00Z,16900.8
2026-09-25T08:45:00Z,11183.0
2026-09-25T09:00:00Z,17203.2
2026-09-25T09:15:00Z,15316.2
2026-09-25T09:30:00Z,6965.2
2026-09-25T09:45:00Z,8548.3
2026-09-25T10:00:00Z,18548.9
2026-09-25T10:15:00Z,13604.1
2026-09-25T10:30:00Z,11093.7
2026-09-25T10:45:00Z,16789.5
2026-09-25T11:00:00Z,22336.8
2026-09-25T11:15:00Z,8823.5
2026-09-25T11:30:00Z,16643.3
2026-09-25T11:45:00Z,13069.9
2026-09-25T12:00:00Z,18338.6
2026-09-25T12:15:00Z,7587.6
2026-09-25T12:30:00Z,10897.7
2026-09-25T12:45:00Z,17385.1
2026-09-25T13:00:00Z,16791.0
2026-09-25T13:15:00Z,12087.4
2026-09-25T13:30:00Z,10717.9
2026-09-25T13:45:00Z,19885.8
2026-09-25T14:00:00Z,13569.0
2026-09-25T14:15:00Z,9139.3
2026-09-25T14:30:00Z,20463.5
2026-09-25T14:45:00Z,11705.7
2026-09-25T15:00:00Z,14726.0
2026-09-25T15:15:00Z,12118.2
2026-09-25T15:30:00Z,15178.9
2026-09-25T15:45:00Z,16749.9
2026-09-25T16:00:00Z,9472.6
2026-09-25T16:15:00Z,15123.4
2026-09-25T16:30:00Z,14801.8
2026-09-25T16:45:00Z,18412.1
2026-09-25T17:00:00Z,12990.4
2026-09-25T17:15:00Z,18275.6
2026-09-25T17:30:00Z,14068.4
2026-09-25T17:45:00Z,17133.5
2026-09-25T18:00:00Z,16045.7
2026-09-25T18:15:00Z,15126.9
2026-09-25T18:30:00Z,13925.7
2026-09-25T18:45:00Z,12233.9
2026-09-25T19:00:00Z,10428.9
2026-09-25T19:15:00Z,11153.9
2026-09-25T19:30:00Z,22256.4
2026-09-25T19:45:00Z,9039.9
2026-09-25T20:00:00Z,19512.9
2026-09-25T20:15:00Z,21990.9
2026-09-25T20:30:00Z,20252.0
2026-09-25T20:45:00Z,23667.6
2026-09-25T21:00:00Z,21562.9
2026-09-25T21:15:00Z,20776.9
2026-09-25T21:30:00Z,17955.3
2026-09-25T21:45:00Z,20549.8
2026-09-25T22:00:00Z,24110.3
2026-09-25T22:15:00Z,23393.0
2026-09-25T22:30:00Z,21344.7
2026-09-25T22:45:00Z,23583.4
2026-09-25T23:00:00Z,22965.7
2026-09-25T23:15:00Z,21809.1
2026-09-25T23:30:00Z,21085.9
2026-09-25T23:45:00Z,22125.9
2026-09-26T00:00:00Z,22574.2
2026-09-26T00:15:00Z,20350.8
2026-09-26T00:30:00Z,22491.6
2026-09-26T00:45:00Z,22805.8
2026-09-26T01:00:00Z,20445.0
2026-09-26T01:15:00Z,18506.6
2026-09-26T01:30:00Z,23392.9
2026-09-26T01:45:00Z,22428.5
2026-09-26T02:00:00Z,22569.4
2026-09-26T02:15:00Z,22570.7
2026-09-26T02:30:00Z,21744.1
2026-09-26T02:45:00Z,22592.8
2026-09-26T03:00:00Z,23321.2
2026-09-26T03:15:00Z,23273.9
2026-09-26T03:30:00Z,21685.8
2026-09-26T03:45:00Z,23136.4
2026-09-26T04:00:00Z,23777.4
2026-09-26T04:15:00Z,22052.3
2026-09-26T04:30:00Z,23251.5
2026-09-26T04:45:00Z,23258.6
2026-09-26T05:00:00Z,23325.5
2026-09-26T05:15:00Z,23649.2
2026-09-26T05:30:00Z,18181.8
2026-09-26T05:45:00Z,18890.4
2026-09-26T06:00:00Z,22285.1
2026-09-26T06:15:00Z,17970.4
2026-09-26T06:30:00Z,20520.9
2026-09-26T06:45:00Z,22421.4
2026-09-26T07:00:00Z,21959.4
2026-09-26T07:15:00Z,17392.3
2026-09-26T07:30:00Z,17114.1
2026-09-26T07:45:00Z,21203.8
2026-09-26T08:00:00Z,14280.3
2026-09-26T08:15:00Z,21086.0
2026-09-26T08:30:00Z,13875.3
2026-09-26T08:45:00Z,20144.0
2026-09-26T09:00:00Z,21620.8
2026-09-26T09:15:00Z,21291.1
2026-09-26T09:30:00Z,21830.0
2026-09-26T09:45:00Z,18291.4
2026-09-26T10:00:00Z,20434.1
2026-09-26T10:15:00Z,21515.8
2026-09-26T10:30:00Z,18793.0
2026-09-26T10:45:00Z,21406.5
2026-09-26T11:00:00Z,20438.0
2026-09-26T11:15:00Z,20521.9
2026-09-26T11:30:00Z,15748.7
2026-09-26T11:45:00Z,17298.5
2026-09-26T12:00:00Z,19315.8
2026-09-26T12:15:00Z,22011.8
2026-09-26T12:30:00Z,22811.7
2026-09-26T12:45:00Z,21084.7
2026-09-26T13:00:00Z,18010.4
2026-09-26T13:15:00Z,22141.5
2026-09-26T13:30:00Z,20546.3
2026-09-26T13:45:00Z,21008.8
2026-09-26T14:00:00Z,21795.0
2026-09-26T14:15:00Z,22074.3
2026-09-26T14:30:00Z,17630.0
2026-09-26T14:45:00Z,16018.7
2026-09-26T15:00:00Z,21839.4
2026-09-26T15:15:00Z,22249.1
2026-09-26T15:30:00Z,21969.7
2026-09-26T15:45:00Z,23429.4
2026-09-26T16:00:00Z,23424.2
2026-09-26T16:15:00Z,18182.5
2026-09-26T16:30:00Z,20052.5
2026-09-26T16:45:00Z,20758.6
2026-09-26T17:00:00Z,22493.0
2026-09-26T17:15:00Z,20755.1
2026-09-26T17:30:00Z,21681.4
2026-09-26T17:45:00Z,20879.0
2026-09-26T18:00:00Z,23624.1
2026-09-26T18:15:00Z,22334.3
2026-09-26T18:30:00Z,21940.7
2026-09-26T18:45:00Z,16410.7
2026-09-26T19:00:00Z,13938.9
2026-09-26T19:15:00Z,16389.6
2026-09-26T19:30:00Z,24015.0
2026-09-26T19:45:00Z,23704.8
2026-09-26T20:00:00Z,18004.5
2026-09-26T20:15:00Z,20777.7
2026-09-26T20:30:00Z,23339.4
2026-09-26T20:45:00Z,22645.4
2026-09-26T21:00:00Z,24135.6
2026-09-26T21:15:00Z,21621.4
2026-09-26T21:30:00Z,22850.3
2026-09-26T21:45:00Z,23358.8
2026-09-26T22:00:00Z,22808.3
2026-09-26T22:15:00Z,22806.7
2026-09-26T22:30:00Z,22857.7
2026-09-26T22:45:00Z,21723.6
2026-09-26T23:00:00Z,20004.9
2026-09-26T23:15:00Z,19382.3
2026-09-26T23:30:00Z,16539.8
2026-09-26T23:45:00Z,23047.1
2026-09-27T00:00:00Z,24189.2
2026-09-27T00:15:00Z,22752.6
2026-09-27T00:30:00Z,23485.9
2026-09-27T00:45:00Z,21813.7
2026-09-27T01:00:00Z,22753.2
2026-09-27T01:15:00Z,23604.8
2026-09-27T01:30:00Z,18107.6
2026-09-27T01:45:00Z,24044.7
2026-09-27T02:00:00Z,20171.6
2026-09-27T02:15:00Z,21906.8
2026-09-27T02:30:00Z,22448.7
2026-09-27T02:45:00Z,20018.2
2026-09-27T03:00:00Z,23272.0
2026-09-27T03:15:00Z,20265.7
2026-09-27T03:30:00Z,23690.1
2026-09-27T03:45:00Z,22467.9
2026-09-27T04:00:00Z,20705.1
2026-09-27T04:15:00Z,21410.4
2026-09-27T04:30:00Z,24053.9
2026-09-27T04:45:00Z,20523.4
2026-09-27T05:00:00Z,18254.6
2026-09-27T05:15:00Z,21141.0
2026-09-27T05:30:00Z,22972.3
2026-09-27T05:45:00Z,14473.5
2026-09-27T06:00:00Z,21626.4
2026-09-27T06:15:00Z,21326.6
2026-09-27T06:30:00Z,22579.1
2026-09-27T06:45:00Z,20244.1
2026-09-27T07:00:00Z,19409.1
2026-09-27T07:15:00Z,14628.7
2026-09-27T07:30:00Z,22297.2
2026-09-27T07:45:00Z,19644.4
2026-09-27T08:00:00Z,17548.2
2026-09-27T08:15:00Z,14077.2
2026-09-27T08:30:00Z,20682.9
2026-09-27T08:45:00Z,21488.6
2026-09-27T09:00:00Z,20707.6
2026-09-27T09:15:00Z,22670.9
2026-09-27T09:30:00Z,18657.2
2026-09-27T09:45:00Z,13524.7
2026-09-27T10:00:00Z,21812.6
2026-09-27T10:15:00Z,17160.2
2026-09-27T10:30:00Z,21809.9
2026-09-27T10:45:00Z,17491.4
2026-09-27T11:00:00Z,21311.7
2026-09-27T11:15:00Z,11501.8
2026-09-27T11:30:00Z,20357.0
2026-09-27T11:45:00Z,10098.0
2026-09-27T12:00:00Z,21601.5
2026-09-27T12:15:00Z,19940.7
2026-09-27T12:30:00Z,17227.5
2026-09-27T12:45:00Z,16360.4
2026-09-27T13:00:00Z,20317.5
2026-09-27T13:15:00Z,22136.1
2026-09-27T13:30:00Z,23184.6
2026-09-27T13:45:00Z,21885.8
2026-09-27T14:00:00Z,21301.7
2026-09-27T14:15:00Z,21789.4
2026-09-27T14:30:00Z,20189.1
2026-09-27T14:45:00Z,21696.8
2026-09-27T15:00:00Z,22920.6
2026-09-27T15:15:00Z,23464.1
2026-09-27T15:30:00Z,15226.7
2026-09-27T15:45:00Z,21984.1
2026-09-27T16:00:00Z,19080.4
2026-09-27T16:15:00Z,11344.6
2026-09-27T16:30:00Z,23193.7
2026-09-27T16:45:00Z,19144.4
2026-09-27T17:00:00Z,17737.8
2026-09-27T17:15:00Z,22322.6
2026-09-27T17:30:00Z,21261.4
2026-09-27T17:45:00Z,18060.7
2026-09-27T18:00:00Z,23101.2
2026-09-27T18:15:00Z,19540.1
2026-09-27T18:30:00Z,22292.5
2026-09-27T18:45:00Z,19343.0
2026-09-27T19:00:00Z,22786.1
2026-09-27T19:15:00Z,23740.7
2026-09-27T19:30:00Z,21989.9
2026-09-27T19:45:00Z,20110.9
2026-09-27T20:00:00Z,23777.1
2026-09-27T20:15:00Z,20509.5
2026-09-27T20:30:00Z,17977.6
2026-09-27T20:45:00Z,23484.4
2026-09-27T21:00:00Z,19610.5
2026-09-27T21:15:00Z,23836.6
2026-09-27T21:30:00Z,23905.0
2026-09-27T21:45:00Z,23653.8
2026-09-27T22:00:00Z,20458.6
2026-09-27T22:15:00Z,15377.5
2026-09-27T22:30:00Z,22073.8
2026-09-27T22:45:00Z,23804.4
2026-09-27T23:00:00Z,24361.4
2026-09-27T23:15:00Z,22916.8
2026-09-27T23:30:00Z,22940.2
2026-09-27T23:45:00Z,22408.2
2026-09-28T00:00:00Z,22944.4
2026-09-28T00:15:00Z,22957.1
2026-09-28T00:30:00Z,22289.2
2026-09-28T00:45:00Z,21723.2
2026-09-28T01:00:00Z,23365.6
2026-09-28T01:15:00Z,23693.7
2026-09-28T01:30:00Z,20275.3
2026-09-28T01:45:00Z,23701.9
2026-09-28T02:00:00Z,24235.3
2026-09-28T02:15:00Z,20597.0
2026-09-28T02:30:00Z,23472.1
2026-09-28T02:45:00Z,22567.3
2026-09-28T03:00:00Z,22015.4
2026-09-28T03:15:00Z,24210.2
2026-09-28T03:30:00Z,24741.2
2026-09-28T03:45:00Z,21465.1
2026-09-28T04:00:00Z,17701.0
2026-09-28T04:15:00Z,17851.1
2026-09-28T04:30:00Z,19391.1
2026-09-28T04:45:00Z,18770.3
2026-09-28T05:00:00Z,15310.5
2026-09-28T05:15:00Z,12671.0
2026-09-28T05:30:00Z,7348.8
2026-09-28T05:45:00Z,13843.9
2026-09-28T06:00:00Z,16390.7
2026-09-28T06:15:00Z,11328.8
2026-09-28T06:30:00Z,8559.4
2026-09-28T06:45:00Z,12786.0
2026-09-28T07:00:00Z,16676.1
2026-09-28T07:15:00Z,16019.6
2026-09-28T07:30:00Z,16926.9
2026-09-28T07:45:00Z,10476.7
2026-09-28T08:00:00Z,20292.0
2026-09-28T08:15:00Z,6274.0
2026-09-28T08:30:00Z,16033.1
2026-09-28T08:45:00Z,13373.1
2026-09-28T09:00:00Z,12055.1
2026-09-28T09:15:00Z,17353.4
2026-09-28T09:30:00Z,11855.1
2026-09-28T09:45:00Z,16295.0
2026-09-28T10:00:00Z,12477.7
2026-09-28T10:15:00Z,7260.0
2026-09-28T10:30:00Z,13838.7
2026-09-28T10:45:00Z,10746.9
2026-09-28T11:00:00Z,17008.5
2026-09-28T11:15:00Z,8884.8
2026-09-28T11:30:00Z,15272.9
2026-09-28T11:45:00Z,18665.7
2026-09-28T12:00:00Z,20091.0
2026-09-28T12:15:00Z,10042.8
2026-09-28T12:30:00Z,13721.7
2026-09-28T12:45:00Z,14238.8
2026-09-28T13:00:00Z,21562.4
2026-09-28T13:15:00Z,9688.9
2026-09-28T13:30:00Z,11779.8
2026-09-28T13:45:00Z,18354.9
2026-09-28T14:00:00Z,15799.8
2026-09-28T14:15:00Z,12067.5
2026-09-28T14:30:00Z,18859.2
2026-09-28T14:45:00Z,17755.0
2026-09-28T15:00:00Z,13546.9
2026-09-28T15:15:00Z,18148.4
2026-09-28T15:30:00Z,12051.7
2026-09-28T15:45:00Z,21674.2
2026-09-28T16:00:00Z,7590.9
2026-09-28T16:15:00Z,20628.3
2026-09-28T16:30:00Z,16517.8
2026-09-28T16:45:00Z,16049.3
2026-09-28T17:00:00Z,9769.2
2026-09-28T17:15:00Z,9638.8
2026-09-28T17:30:00Z,11940.1
2026-09-28T17:45:00Z,22691.8
2026-09-28T18:00:00Z,19154.9
2026-09-28T18:15:00Z,17553.7
2026-09-28T18:30:00Z,15855.1
2026-09-28T18:45:00Z,15599.5
2026-09-28T19:00:00Z,14337.6
2026-09-28T19:15:00Z,20007.9
2026-09-28T19:30:00Z,20181.7
2026-09-28T19:45:00Z,18459.8
2026-09-28T20:00:00Z,22642.7
2026-09-28T20:15:00Z,21592.9
2026-09-28T20:30:00Z,21410.1
2026-09-28T20:45:00Z,22801.2
2026-09-28T21:00:00Z,15927.3
2026-09-28T21:15:00Z,23249.7
2026-09-28T21:30:00Z,24609.2
2026-09-28T21:45:00Z,23358.6
2026-09-28T22:00:00Z,22702.6
2026-09-28T22:15:00Z,20509.6
2026-09-28T22:30:00Z,23974.4
2026-09-28T22:45:00Z,13693.2
2026-09-28T23:00:00Z,23369.1
2026-09-28T23:15:00Z,24169.4
2026-09-28T23:30:00Z,24120.5
2026-09-28T23:45:00Z,23897.9
2026-09-29T00:00:00Z,24876.0
2026-09-29T00:15:00Z,23291.1
2026-09-29T00:30:00Z,19864.8
2026-09-29T00:45:00Z,22183.9
2026-09-29T01:00:00Z,23900.0
2026-09-29T01:15:00Z,22696.6
2026-09-29T01:30:00Z,22837.4
2026-09-29T01:45:00Z,21680.1
2026-09-29T02:00:00Z,24662.9
2026-09-29T02:15:00Z,22844.5
2026-09-29T02:30:00Z,23188.3
2026-09-29T02:45:00Z,23908.9
2026-09-29T03:00:00Z,22133.1
2026-09-29T03:15:00Z,19321.6
2026-09-29T03:30:00Z,18879.6
2026-09-29T03:45:00Z,23844.9
2026-09-29T04:00:00Z,11441.3
2026-09-29T04:15:00Z,16167.4
2026-09-29T04:30:00Z,22340.4
2026-09-29T04:45:00Z,9881.9
2026-09-29T05:00:00Z,15161.8
2026-09-29T05:15:00Z,21957.6
2026-09-29T05:30:00Z,13528.0
2026-09-29T05:45:00Z,17484.7
2026-09-29T06:00:00Z,17555.3
2026-09-29T06:15:00Z,9423.8
2026-09-29T06:30:00Z,13123.5
2026-09-29T06:45:00Z,13101.0
2026-09-29T07:00:00Z,10895.3
2026-09-29T07:15:00Z,10730.9
2026-09-29T07:30:00Z,13496.0
2026-09-29T07:45:00Z,11985.3
2026-09-29T08:00:00Z,16913.8
2026-09-29T08:15:00Z,13180.8
2026-09-29T08:30:00Z,13012.8
2026-09-29T08:45:00Z,13448.7
2026-09-29T09:00:00Z,7002.2
2026-09-29T09:15:00Z,11206.8
2026-09-29T09:30:00Z,17766.6
2026-09-29T09:45:00Z,8669.7
2026-09-29T10:00:00Z,8871.4
2026-09-29T10:15:00Z,7778.9
2026-09-29T10:30:00Z,10742.9
2026-09-29T10:45:00Z,10908.1
2026-09-29T11:00:00Z,17552.1
2026-09-29T11:15:00Z,17958.0
2026-09-29T11:30:00Z,13277.7
2026-09-29T11:45:00Z,8639.0
2026-09-29T12:00:00Z,11446.9
2026-09-29T12:15:00Z,17439.5
2026-09-29T12:30:00Z,10181.6
2026-09-29T12:45:00Z,10366.6
2026-09-29T13:00:00Z,10945.3
2026-09-29T13:15:00Z,17580.6
2026-09-29T13:30:00Z,13713.1
2026-09-29T13:45:00Z,10447.3
2026-09-29T14:00:00Z,7769.7
2026-09-29T14:15:00Z,8135.8
2026-09-29T14:30:00Z,13474.9
2026-09-29T14:45:00Z,12061.4
2026-09-29T15:00:00Z,9455.5
2026-09-29T15:15:00Z,13427.8
2026-09-29T15:30:00Z,14289.0
2026-09-29T15:45:00Z,12849.5
2026-09-29T16:00:00Z,13726.9
2026-09-29T16:15:00Z,14099.5
2026-09-29T16:30:00Z,17448.6
2026-09-29T16:45:00Z,14924.1
2026-09-29T17:00:00Z,19883.3
2026-09-29T17:15:00Z,22222.0
2026-09-29T17:30:00Z,10017.4
2026-09-29T17:45:00Z,15028.9
2026-09-29T18:00:00Z,16048.8
2026-09-29T18:15:00Z,17196.0
2026-09-29T18:30:00Z,13665.3
2026-09-29T18:45:00Z,15632.3
2026-09-29T19:00:00Z,9499.1
2026-09-29T19:15:00Z,14346.6
2026-09-29T19:30:00Z,14951.3
2026-09-29T19:45:00Z,15704.9
2026-09-29T20:00:00Z,20642.9
2026-09-29T20:15:00Z,20691.3
2026-09-29T20:30:00Z,20096.7
2026-09-29T20:45:00Z,23640.2
2026-09-29T21:00:00Z,21190.7
2026-09-29T21:15:00Z,22623.8
2026-09-29T21:30:00Z,21892.6
2026-09-29T21:45:00Z,19746.2
2026-09-29T22:00:00Z,23642.6
2026-09-29T22:15:00Z,19501.2
2026-09-29T22:30:00Z,22295.3
2026-09-29T22:45:00Z,21300.8
2026-09-29T23:00:00Z,23788.7
2026-09-29T23:15:00Z,20655.1
2026-09-29T23:30:00Z,23768.1
2026-09-29T23:45:00Z,20837.7
2026-09-30T00:00:00Z,22819.9
2026-09-30T00:15:00Z,22142.9
2026-09-30T00:30:00Z,22143.3
2026-09-30T00:45:00Z,19220.6
2026-09-30T01:00:00Z,20425.4
2026-09-30T01:15:00Z,17360.9
2026-09-30T01:30:00Z,23848.8
2026-09-30T01:45:00Z,22909.7
2026-09-30T02:00:00Z,22044.1
2026-09-30T02:15:00Z,22154.6
2026-09-30T02:30:00Z,23256.9
2026-09-30T02:45:00Z,24520.1
2026-09-30T03:00:00Z,23947.4
2026-09-30T03:15:00Z,19397.6
2026-09-30T03:30:00Z,16662.2
2026-09-30T03:45:00Z,23132.7
2026-09-30T04:00:00Z,11973.4
2026-09-30T04:15:00Z,19195.0
2026-09-30T04:30:00Z,16465.3
2026-09-30T04:45:00Z,12145.0
2026-09-30T05:00:00Z,18274.2
2026-09-30T05:15:00Z,18344.3
2026-09-30T05:30:00Z,15743.3
2026-09-30T05:45:00Z,18473.9
2026-09-30T06:00:00Z,14040.6
2026-09-30T06:15:00Z,19603.2
2026-09-30T06:30:00Z,16649.0
2026-09-30T06:45:00Z,13269.4
2026-09-30T07:00:00Z,12147.3
2026-09-30T07:15:00Z,14250.1
2026-09-30T07:30:00Z,17225.3
2026-09-30T07:45:00Z,12046.4
2026-09-30T08:00:00Z,10129.4
2026-09-30T08:15:00Z,2000.0
2026-09-30T08:30:00Z,9787.5
2026-09-30T08:45:00Z,10789.6
2026-09-30T09:00:00Z,5823.7
2026-09-30T09:15:00Z,4559.1
2026-09-30T09:30:00Z,18506.7
2026-09-30T09:45:00Z,13319.4
2026-09-30T10:00:00Z,12952.5
2026-09-30T10:15:00Z,19378.4
2026-09-30T10:30:00Z,15014.6
2026-09-30T10:45:00Z,15921.2
2026-09-30T11:00:00Z,10081.2
2026-09-30T11:15:00Z,9536.5
2026-09-30T11:30:00Z,11072.8
2026-09-30T11:45:00Z,16598.2
2026-09-30T12:00:00Z,7611.7
2026-09-30T12:15:00Z,16301.9
2026-09-30T12:30:00Z,10585.7
2026-09-30T12:45:00Z,10352.7
2026-09-30T13:00:00Z,14835.8
2026-09-30T13:15:00Z,12812.9
2026-09-30T13:30:00Z,15304.4
2026-09-30T13:45:00Z,17994.1
2026-09-30T14:00:00Z,16736.6
2026-09-30T14:15:00Z,6875.5
2026-09-30T14:30:00Z,17229.4
2026-09-30T14:45:00Z,15913.7
2026-09-30T15:00:00Z,16943.8
2026-09-30T15:15:00Z,11047.8
2026-09-30T15:30:00Z,22989.7
2026-09-30T15:45:00Z,15231.5
2026-09-30T16:00:00Z,23276.8
2026-09-30T16:15:00Z,10765.9
2026-09-30T16:30:00Z,14300.1
2026-09-30T16:45:00Z,12668.7
2026-09-30T17:00:00Z,17418.9
2026-09-30T17:15:00Z,18652.4
2026-09-30T17:30:00Z,19283.9
2026-09-30T17:45:00Z,12850.3
2026-09-30T18:00:00Z,14137.0
2026-09-30T18:15:00Z,15999.6
2026-09-30T18:30:00Z,20193.0
2026-09-30T18:45:00Z,14786.5
2026-09-30T19:00:00Z,9234.0
2026-09-30T19:15:00Z,19362.3
2026-09-30T19:30:00Z,13152.9
2026-09-30T19:45:00Z,14720.1
2026-09-30T20:00:00Z,24445.7
2026-09-30T20:15:00Z,20762.5
2026-09-30T20:30:00Z,22535.4
2026-09-30T20:45:00Z,21760.7
2026-09-30T21:00:00Z,17061.4
2026-09-30T21:15:00Z,24270.6
2026-09-30T21:30:00Z,23051.8
2026-09-30T21:45:00Z,22102.5
2026-09-30T22:00:00Z,24215.5
2026-09-30T22:15:00Z,18365.2
2026-09-30T22:30:00Z,23953.4
2026-09-30T22:45:00Z,24649.7
2026-09-30T23:00:00Z,20716.2
2026-09-30T23:15:00Z,24745.8
2026-09-30T23:30:00Z,22596.8
2026-09-30T23:45:00Z,17161.4
2026-10-01T00:00:00Z,15591.1
2026-10-01T00:15:00Z,22576.8
2026-10-01T00:30:00Z,22453.7
2026-10-01T00:45:00Z,24210.6
2026-10-01T01:00:00Z,22612.3
2026-10-01T01:15:00Z,23931.2
2026-10-01T01:30:00Z,22652.8
2026-10-01T01:45:00Z,16939.7
2026-10-01T02:00:00Z,23877.9
2026-10-01T02:15:00Z,24041.9
2026-10-01T02:30:00Z,18111.4
2026-10-01T02:45:00Z,21359.8
2026-10-01T03:00:00Z,22064.4
2026-10-01T03:15:00Z,24537.7
2026-10-01T03:30:00Z,18864.8
2026-10-01T03:45:00Z,19806.5
2026-10-01T04:00:00Z,12675.0
2026-10-01T04:15:00Z,15281.9
2026-10-01T04:30:00Z,14161.8
2026-10-01T04:45:00Z,17731.4
2026-10-01T05:00:00Z,18241.8
2026-10-01T05:15:00Z,14810.4
2026-10-01T05:30:00Z,17262.5
2026-10-01T05:45:00Z,13108.4
2026-10-01T06:00:00Z,21716.7
2026-10-01T06:15:00Z,9162.6
2026-10-01T06:30:00Z,11589.0
2026-10-01T06:45:00Z,13868.5
2026-10-01T07:00:00Z,14274.6
2026-10-01T07:15:00Z,20844.0
2026-10-01T07:30:00Z,19307.2
2026-10-01T07:45:00Z,19365.6
2026-10-01T08:00:00Z,13347.3
2026-10-01T08:15:00Z,13679.1
2026-10-01T08:30:00Z,18684.7
2026-10-01T08:45:00Z,14870.5
2026-10-01T09:00:00Z,7759.0
2026-10-01T09:15:00Z,13504.1
2026-10-01T09:30:00Z,12377.4
2026-10-01T09:45:00Z,6751.5
2026-10-01T10:00:00Z,13537.2
2026-10-01T10:15:00Z,11008.0
2026-10-01T10:30:00Z,12737.4
2026-10-01T10:45:00Z,15978.7
2026-10-01T11:00:00Z,12604.5
2026-10-01T11:15:00Z,20561.5
2026-10-01T11:30:00Z,16887.9
2026-10-01T11:45:00Z,13377.4
2026-10-01T12:00:00Z,11635.2
2026-10-01T12:15:00Z,16969.1
2026-10-01T12:30:00Z,21070.7
2026-10-01T12:45:00Z,15987.9
2026-10-01T13:00:00Z,9919.4
2026-10-01T13:15:00Z,14278.3
2026-10-01T13:30:00Z,11700.1
2026-10-01T13:45:00Z,16729.4
2026-10-01T14:00:00Z,17078.3
2026-10-01T14:15:00Z,17634.0
2026-10-01T14:30:00Z,15545.0
2026-10-01T14:45:00Z,10237.9
2026-10-01T15:00:00Z,8274.9
2026-10-01T15:15:00Z,12808.9
2026-10-01T15:30:00Z,7548.8
2026-10-01T15:45:00Z,21329.1
2026-10-01T16:00:00Z,14866.8
2026-10-01T16:15:00Z,14119.9
2026-10-01T16:30:00Z,14370.5
2026-10-01T16:45:00Z,16628.4
2026-10-01T17:00:00Z,14152.9
2026-10-01T17:15:00Z,15421.3
2026-10-01T17:30:00Z,21668.8
2026-10-01T17:45:00Z,14891.3
2026-10-01T18:00:00Z,7053.6
2026-10-01T18:15:00Z,18358.6
2026-10-01T18:30:00Z,15314.7
2026-10-01T18:45:00Z,17644.1
2026-10-01T19:00:00Z,14866.6
2026-10-01T19:15:00Z,14731.0
2026-10-01T19:30:00Z,11081.2
2026-10-01T19:45:00Z,13426.2
2026-10-01T20:00:00Z,24027.4
2026-10-01T20:15:00Z,23451.0
2026-10-01T20:30:00Z,23311.4
2026-10-01T20:45:00Z,17898.7
2026-10-01T21:00:00Z,21047.8
2026-10-01T21:15:00Z,21980.8
2026-10-01T21:30:00Z,23646.0
2026-10-01T21:45:00Z,22991.2
2026-10-01T22:00:00Z,24378.0
2026-10-01T22:15:00Z,23678.8
2026-10-01T22:30:00Z,22071.4
2026-10-01T22:45:00Z,22587.4
2026-10-01T23:00:00Z,24295.1
2026-10-01T23:15:00Z,22420.4
2026-10-01T23:30:00Z,24193.4
2026-10-01T23:45:00Z,24366.3
2026-10-02T00:00:00Z,23989.3
2026-10-02T00:15:00Z,24072.0
2026-10-02T00:30:00Z,21801.4
2026-10-02T00:45:00Z,20245.9
2026-10-02T01:00:00Z,23357.0
2026-10-02T01:15:00Z,23793.0
2026-10-02T01:30:00Z,24384.5
2026-10-02T01:45:00Z,16693.8
2026-10-02T02:00:00Z,19282.0
2026-10-02T02:15:00Z,21965.1
2026-10-02T02:30:00Z,20706.2
2026-10-02T02:45:00Z,22058.3
2026-10-02T03:00:00Z,19466.9
2026-10-02T03:15:00Z,23816.1
2026-10-02T03:30:00Z,24489.6
2026-10-02T03:45:00Z,23698.9
2026-10-02T04:00:00Z,10530.6
2026-10-02T04:15:00Z,13246.7
2026-10-02T04:30:00Z,8186.6
2026-10-02T04:45:00Z,7650.9
2026-10-02T05:00:00Z,14523.9
2026-10-02T05:15:00Z,17400.5
2026-10-02T05:30:00Z,15060.9
2026-10-02T05:45:00Z,17897.3
2026-10-02T06:00:00Z,11542.9
2026-10-02T06:15:00Z,13107.5
2026-10-02T06:30:00Z,20205.7
2026-10-02T06:45:00Z,13784.0
2026-10-02T07:00:00Z,12726.2
2026-10-02T07:15:00Z,8053.2
2026-10-02T07:30:00Z,17069.6
2026-10-02T07:45:00Z,13421.4
2026-10-02T08:00:00Z,11439.8
2026-10-02T08:15:00Z,6383.6
2026-10-02T08:30:00Z,8337.9
2026-10-02T08:45:00Z,11040.6
2026-10-02T09:00:00Z,21699.4
2026-10-02T09:15:00Z,14291.8
2026-10-02T09:30:00Z,15537.3
2026-10-02T09:45:00Z,8962.4
2026-10-02T10:00:00Z,10625.7
2026-10-02T10:15:00Z,13493.5
2026-10-02T10:30:00Z,11928.4
2026-10-02T10:45:00Z,19361.7
2026-10-02T11:00:00Z,11405.1
2026-10-02T11:15:00Z,13049.8
2026-10-02T11:30:00Z,16577.0
2026-10-02T11:45:00Z,11553.7
2026-10-02T12:00:00Z,5068.0
2026-10-02T12:15:00Z,17698.6
2026-10-02T12:30:00Z,15707.9
2026-10-02T12:45:00Z,11925.8
2026-10-02T13:00:00Z,17544.3
2026-10-02T13:15:00Z,15491.4
2026-10-02T13:30:00Z,10254.3
2026-10-02T13:45:00Z,10789.0
2026-10-02T14:00:00Z,20974.8
2026-10-02T14:15:00Z,23402.1
2026-10-02T14:30:00Z,11464.4
2026-10-02T14:45:00Z,9257.1
2026-10-02T15:00:00Z,12997.8
2026-10-02T15:15:00Z,5940.8
2026-10-02T15:30:00Z,8657.3
2026-10-02T15:45:00Z,8132.7
2026-10-02T16:00:00Z,14479.5
2026-10-02T16:15:00Z,15904.2
2026-10-02T16:30:00Z,22217.3
2026-10-02T16:45:00Z,19688.1
2026-10-02T17:00:00Z,18128.0
2026-10-02T17:15:00Z,11321.1
2026-10-02T17:30:00Z,14647.2
2026-10-02T17:45:00Z,15506.2
2026-10-02T18:00:00Z,19534.9
2026-10-02T18:15:00Z,15776.2
2026-10-02T18:30:00Z,20825.1
2026-10-02T18:45:00Z,13139.4
2026-10-02T19:00:00Z,13491.1
2026-10-02T19:15:00Z,19444.5
2026-10-02T19:30:00Z,10048.0
2026-10-02T19:45:00Z,14033.7
2026-10-02T20:00:00Z,17746.7
2026-10-02T20:15:00Z,24140.1
2026-10-02T20:30:00Z,24024.5
2026-10-02T20:45:00Z,23527.8
2026-10-02T21:00:00Z,23159.8
2026-10-02T21:15:00Z,23278.6
2026-10-02T21:30:00Z,23318.3
2026-10-02T21:45:00Z,22628.7
2026-10-02T22:00:00Z,20187.3
2026-10-02T22:15:00Z,23043.1
2026-10-02T22:30:00Z,22835.4
2026-10-02T22:45:00Z,18393.8
2026-10-02T23:00:00Z,14200.4
2026-10-02T23:15:00Z,23889.8
2026-10-02T23:30:00Z,20525.9
2026-10-02T23:45:00Z,18947.0
2026-10-03T00:00:00Z,20541.3
2026-10-03T00:15:00Z,24129.3
2026-10-03T00:30:00Z,21877.0
2026-10-03T00:45:00Z,22996.5
2026-10-03T01:00:00Z,22717.1
2026-10-03T01:15:00Z,24132.0
2026-10-03T01:30:00Z,23262.1
2026-10-03T01:45:00Z,21828.7
2026-10-03T02:00:00Z,17108.0
2026-10-03T02:15:00Z,22017.8
2026-10-03T02:30:00Z,19028.8
2026-10-03T02:45:00Z,22718.7
2026-10-03T03:00:00Z,17972.0
2026-10-03T03:15:00Z,23555.3
2026-10-03T03:30:00Z,20150.8
2026-10-03T03:45:00Z,24002.5
2026-10-03T04:00:00Z,22420.2
2026-10-03T04:15:00Z,21161.9
2026-10-03T04:30:00Z,21655.3
2026-10-03T04:45:00Z,16698.1
2026-10-03T05:00:00Z,21560.0
2026-10-03T05:15:00Z,19950.9
2026-10-03T05:30:00Z,18750.4
2026-10-03T05:45:00Z,19207.1
2026-10-03T06:00:00Z,22938.7
2026-10-03T06:15:00Z,19306.4
2026-10-03T06:30:00Z,19223.2
2026-10-03T06:45:00Z,20338.3
2026-10-03T07:00:00Z,20590.8
2026-10-03T07:15:00Z,20592.8
2026-10-03T07:30:00Z,21037.9
2026-10-03T07:45:00Z,18153.2
2026-10-03T08:00:00Z,17487.3
2026-10-03T08:15:00Z,18574.4
2026-10-03T08:30:00Z,19209.8
2026-10-03T08:45:00Z,22644.8
2026-10-03T09:00:00Z,19606.3
2026-10-03T09:15:00Z,19623.7
2026-10-03T09:30:00Z,22224.4
2026-10-03T09:45:00Z,22448.2
2026-10-03T10:00:00Z,21419.7
2026-10-03T10:15:00Z,23140.3
2026-10-03T10:30:00Z,15782.4
2026-10-03T10:45:00Z,23107.0
2026-10-03T11:00:00Z,20201.1
2026-10-03T11:15:00Z,22680.7
2026-10-03T11:30:00Z,14948.4
2026-10-03T11:45:00Z,13790.6
2026-10-03T12:00:00Z,21464.7
2026-10-03T12:15:00Z,17314.5
2026-10-03T12:30:00Z,19254.4
2026-10-03T12:45:00Z,21140.5
2026-10-03T13:00:00Z,21238.6
2026-10-03T13:15:00Z,22810.0
2026-10-03T13:30:00Z,21055.5
2026-10-03T13:45:00Z,17243.9
2026-10-03T14:00:00Z,21206.2
2026-10-03T14:15:00Z,23600.1
2026-10-03T14:30:00Z,21107.1
2026-10-03T14:45:00Z,15963.2
2026-10-03T15:00:00Z,15525.1
2026-10-03T15:15:00Z,21718.2
2026-10-03T15:30:00Z,17260.1
2026-10-03T15:45:00Z,17830.2
2026-10-03T16:00:00Z,18438.9
2026-10-03T16:15:00Z,23174.0
2026-10-03T16:30:00Z,23320.8
2026-10-03T16:45:00Z,22796.1
2026-10-03T17:00:00Z,21802.4
2026-10-03T17:15:00Z,22651.1
2026-10-03T17:30:00Z,16729.3
2026-10-03T17:45:00Z,17381.9
2026-10-03T18:00:00Z,20032.8
2026-10-03T18:15:00Z,22891.3
2026-10-03T18:30:00Z,23200.4
2026-10-03T18:45:00Z,23570.0
2026-10-03T19:00:00Z,23605.9
2026-10-03T19:15:00Z,21579.4
2026-10-03T19:30:00Z,22927.4
2026-10-03T19:45:00Z,23634.7
2026-10-03T20:00:00Z,23164.5
2026-10-03T20:15:00Z,22191.0
2026-10-03T20:30:00Z,17427.0
2026-10-03T20:45:00Z,20538.1
2026-10-03T21:00:00Z,23466.3
2026-10-03T21:15:00Z,24491.5
2026-10-03T21:30:00Z,18315.3
2026-10-03T21:45:00Z,19423.8
2026-10-03T22:00:00Z,22687.7
2026-10-03T22:15:00Z,15787.1
2026-10-03T22:30:00Z,23211.4
2026-10-03T22:45:00Z,24242.7
2026-10-03T23:00:00Z,21571.6
2026-10-03T23:15:00Z,21879.7
2026-10-03T23:30:00Z,19431.7
2026-10-03T23:45:00Z,23344.5
2026-10-04T00:00:00Z,23312.2
2026-10-04T00:15:00Z,22430.2
2026-10-04T00:30:00Z,21338.8
2026-10-04T00:45:00Z,24115.8
2026-10-04T01:00:00Z,23859.5
2026-10-04T01:15:00Z,23986.0
2026-10-04T01:30:00Z,13883.5
2026-10-04T01:45:00Z,16694.9
2026-10-04T02:00:00Z,19059.2
2026-10-04T02:15:00Z,23548.0
2026-10-04T02:30:00Z,19056.0
2026-10-04T02:45:00Z,16157.6
2026-10-04T03:00:00Z,22346.9
2026-10-04T03:15:00Z,23141.0
2026-10-04T03:30:00Z,24283.2
2026-10-04T03:45:00Z,24126.2
2026-10-04T04:00:00Z,18575.1
2026-10-04T04:15:00Z,24334.0
2026-10-04T04:30:00Z,23099.3
2026-10-04T04:45:00Z,22400.0
2026-10-04T05:00:00Z,23690.4
2026-10-04T05:15:00Z,21507.5
2026-10-04T05:30:00Z,22940.0
2026-10-04T05:45:00Z,23019.7
2026-10-04T06:00:00Z,20627.6
2026-10-04T06:15:00Z,21142.1
2026-10-04T06:30:00Z,18093.3
2026-10-04T06:45:00Z,19854.2
2026-10-04T07:00:00Z,21211.0
2026-10-04T07:15:00Z,17363.9
2026-10-04T07:30:00Z,21950.6
2026-10-04T07:45:00Z,19909.7
2026-10-04T08:00:00Z,21238.8
2026-10-04T08:15:00Z,16647.6
2026-10-04T08:30:00Z,18818.0
2026-10-04T08:45:00Z,23195.9
2026-10-04T09:00:00Z,22478.6
2026-10-04T09:15:00Z,22286.4
2026-10-04T09:30:00Z,22668.4
2026-10-04T09:45:00Z,21334.3
2026-10-04T10:00:00Z,19869.2
2026-10-04T10:15:00Z,17042.5
2026-10-04T10:30:00Z,21727.4
2026-10-04T10:45:00Z,23138.9
2026-10-04T11:00:00Z,18526.4
2026-10-04T11:15:00Z,22880.1
2026-10-04T11:30:00Z,19981.0
2026-10-04T11:45:00Z,21139.2
2026-10-04T12:00:00Z,21082.8
2026-10-04T12:15:00Z,21440.4
2026-10-04T12:30:00Z,22229.6
2026-10-04T12:45:00Z,21385.0
2026-10-04T13:00:00Z,20498.3
2026-10-04T13:15:00Z,12023.7
2026-10-04T13:30:00Z,21846.7
2026-10-04T13:45:00Z,22261.1
2026-10-04T14:00:00Z,22654.0
2026-10-04T14:15:00Z,16628.8
2026-10-04T14:30:00Z,20978.4
2026-10-04T14:45:00Z,17276.3
2026-10-04T15:00:00Z,21718.9
2026-10-04T15:15:00Z,18680.5
2026-10-04T15:30:00Z,20439.3
2026-10-04T15:45:00Z,21477.1
2026-10-04T16:00:00Z,22740.3
2026-10-04T16:15:00Z,20457.8
2026-10-04T16:30:00Z,17220.0
2026-10-04T16:45:00Z,19199.6
2026-10-04T17:00:00Z,19448.4
2026-10-04T17:15:00Z,20967.9
2026-10-04T17:30:00Z,23196.7
2026-10-04T17:45:00Z,22268.5
2026-10-04T18:00:00Z,18326.0
2026-10-04T18:15:00Z,22402.6
2026-10-04T18:30:00Z,24157.0
2026-10-04T18:45:00Z,21586.1
2026-10-04T19:00:00Z,19048.2
2026-10-04T19:15:00Z,17355.1
2026-10-04T19:30:00Z,22509.6
2026-10-04T19:45:00Z,21000.6
2026-10-04T20:00:00Z,23809.6
2026-10-04T20:15:00Z,20380.5
2026-10-04T20:30:00Z,21242.7
2026-10-04T20:45:00Z,20112.3
2026-10-04T21:00:00Z,24109.6
2026-10-04T21:15:00Z,23342.9
2026-10-04T21:30:00Z,19950.5
2026-10-04T21:45:00Z,23180.1
