timestamp,wind,solar,temperature,price
2026-04-03T00:00:00Z,5.327,0.0,6.467,119.515
2026-04-03T01:00:00Z,5.342,0.0,6.25,117.668
2026-04-03T02:00:00Z,5.603,0.0,6.033,120.182
2026-04-03T03:00:00Z,5.605,0.0,5.667,123.402
2026-04-03T04:00:00Z,5.46,0.0,5.333,133.125
2026-04-03T05:00:00Z,5.335,0.0,5.033,135.862
2026-04-03T06:00:00Z,5.617,35.667,4.867,131.043
2026-04-03T07:00:00Z,5.113,136.167,5.417,113.18
2026-04-03T08:00:00Z,4.108,241.667,6.25,85.585
2026-04-03T09:00:00Z,4.5,347.667,7.433,52.958
2026-04-03T10:00:00Z,4.45,431.333,8.267,27.01
2026-04-03T11:00:00Z,4.883,486.667,9.1,9.945
2026-04-03T12:00:00Z,5.483,460.5,9.783,1.652
2026-04-03T13:00:00Z,5.767,472.5,10.467,3.05
2026-04-03T14:00:00Z,6.19,365.667,10.9,23.943
2026-04-03T15:00:00Z,6.753,257.167,11.233,66.798
2026-04-03T16:00:00Z,7.348,183.0,11.283,88.972
2026-04-03T17:00:00Z,7.028,90.333,11.133,99.39
2026-04-03T18:00:00Z,7.405,14.5,10.833,96.338
2026-04-03T19:00:00Z,8.243,0.0,10.25,84.202
2026-04-03T20:00:00Z,8.877,0.0,9.8,81.28
2026-04-03T21:00:00Z,9.852,0.0,10.033,60.588
2026-04-03T22:00:00Z,10.45,0.0,9.817,9.728
2026-04-03T23:00:00Z,10.593,0.0,9.817,8.955
2026-04-04T00:00:00Z,10.113,0.0,10.1,6.432
2026-04-04T01:00:00Z,9.942,0.0,10.083,1.988
2026-04-04T02:00:00Z,9.68,0.0,9.917,6.402
2026-04-04T03:00:00Z,9.943,0.0,9.95,11.735
2026-04-04T04:00:00Z,10.345,0.0,9.667,13.362
2026-04-04T05:00:00Z,9.785,0.333,9.367,19.268
2026-04-04T06:00:00Z,9.678,27.0,9.317,16.695
2026-04-04T07:00:00Z,9.708,92.0,9.7,6.6
2026-04-04T08:00:00Z,9.362,149.833,10.233,1.81
2026-04-04T09:00:00Z,8.77,253.667,11.0,-0.01
2026-04-04T10:00:00Z,8.295,362.5,11.617,-0.248
2026-04-04T11:00:00Z,8.85,456.0,12.5,-0.035
2026-04-04T12:00:00Z,7.817,481.0,12.817,-0.018
2026-04-04T13:00:00Z,8.197,495.833,13.333,0.025
2026-04-04T14:00:00Z,8.472,417.0,13.483,10.69
2026-04-04T15:00:00Z,7.335,312.833,13.533,62.735
2026-04-04T16:00:00Z,6.712,220.833,13.383,109.595
2026-04-04T17:00:00Z,5.788,110.0,13.033,149.872
2026-04-04T18:00:00Z,4.703,20.667,12.633,135.74
2026-04-04T19:00:00Z,5.582,0.0,11.767,103.838
2026-04-04T20:00:00Z,6.855,0.0,11.067,76.808
2026-04-04T21:00:00Z,7.587,0.0,10.667,41.832
2026-04-04T22:00:00Z,8.377,0.0,10.233,1.058
2026-04-04T23:00:00Z,8.903,0.0,9.983,-0.005
2026-04-05T00:00:00Z,9.275,0.0,9.833,-0.362
2026-04-05T01:00:00Z,9.93,0.0,9.6,-1.208
2026-04-05T02:00:00Z,10.348,0.0,9.55,-1.618
2026-04-05T03:00:00Z,10.325,0.0,9.867,-2.042
2026-04-05T04:00:00Z,9.838,0.0,9.817,-2.995
2026-04-05T05:00:00Z,10.072,1.0,9.983,-1.29
2026-04-05T06:00:00Z,11.057,40.0,10.783,-2.43
2026-04-05T07:00:00Z,11.573,130.833,11.5,-10.558
2026-04-05T08:00:00Z,10.797,269.667,12.667,-39.968
2026-04-05T09:00:00Z,11.45,386.0,14.6,-71.342
2026-04-05T10:00:00Z,12.007,488.667,15.833,-84.952
2026-04-05T11:00:00Z,12.29,521.333,16.25,-105.175
2026-04-05T12:00:00Z,11.797,485.167,16.4,-98.705
2026-04-05T13:00:00Z,11.67,469.333,16.217,-66.908
2026-04-05T14:00:00Z,12.738,388.0,15.683,-29.98
2026-04-05T15:00:00Z,11.327,288.167,15.283,-6.588
2026-04-05T16:00:00Z,11.062,186.5,14.867,-0.103
2026-04-05T17:00:00Z,11.483,91.5,13.65,20.042
2026-04-05T18:00:00Z,10.645,18.5,12.967,33.35
2026-04-05T19:00:00Z,9.898,0.0,11.967,30.205
2026-04-05T20:00:00Z,10.117,0.0,11.15,30.378
2026-04-05T21:00:00Z,9.953,0.0,10.583,19.022
2026-04-05T22:00:00Z,9.702,0.0,9.867,3.24
2026-04-05T23:00:00Z,9.265,0.0,9.183,1.985
2026-04-06T00:00:00Z,9.072,0.0,8.717,1.04
2026-04-06T01:00:00Z,8.715,0.0,8.233,1.36
2026-04-06T02:00:00Z,8.49,0.0,7.717,1.06
2026-04-06T03:00:00Z,8.54,0.0,7.4,2.11
2026-04-06T04:00:00Z,8.343,0.0,6.933,1.985
2026-04-06T05:00:00Z,8.338,1.833,6.517,1.332
2026-04-06T06:00:00Z,7.478,60.5,6.633,-0.942
2026-04-06T07:00:00Z,7.595,204.0,7.267,-11.105
2026-04-06T08:00:00Z,7.57,331.833,8.367,-26.002
2026-04-06T09:00:00Z,7.482,410.5,9.583,-59.76
2026-04-06T10:00:00Z,7.66,552.833,10.567,-79.515
2026-04-06T11:00:00Z,7.813,616.333,11.35,-125.638
2026-04-06T12:00:00Z,7.615,624.333,12.033,-123.535
2026-04-06T13:00:00Z,7.563,625.833,12.417,-84.618
2026-04-06T14:00:00Z,7.553,528.5,12.533,-28.72
2026-04-06T15:00:00Z,7.225,394.0,12.867,-5.61
2026-04-06T16:00:00Z,6.668,306.5,12.517,48.625
2026-04-06T17:00:00Z,6.64,154.167,11.917,107.688
2026-04-06T18:00:00Z,6.655,31.5,11.1,116.005
2026-04-06T19:00:00Z,6.677,0.0,10.133,109.222
2026-04-06T20:00:00Z,6.453,0.0,9.3,113.848
2026-04-06T21:00:00Z,6.6,0.0,8.25,108.805
2026-04-06T22:00:00Z,6.205,0.0,7.683,106.4
2026-04-06T23:00:00Z,6.378,0.0,7.05,101.295
2026-04-07T00:00:00Z,6.075,0.0,6.067,101.648
2026-04-07T01:00:00Z,5.733,0.0,5.733,102.28
2026-04-07T02:00:00Z,5.717,0.0,5.433,105.135
2026-04-07T03:00:00Z,5.792,0.0,4.917,117.768
2026-04-07T04:00:00Z,5.855,0.0,4.633,143.912
2026-04-07T05:00:00Z,5.638,2.667,4.467,178.262
2026-04-07T06:00:00Z,5.603,60.5,4.817,127.858
2026-04-07T07:00:00Z,5.037,176.667,5.867,81.802
2026-04-07T08:00:00Z,4.582,335.833,7.35,24.888
2026-04-07T09:00:00Z,4.582,464.667,9.1,-0.007
2026-04-07T10:00:00Z,4.223,558.333,10.5,-3.01
2026-04-07T11:00:00Z,4.402,670.5,11.833,-11.288
2026-04-07T12:00:00Z,4.247,690.5,12.867,-11.23
2026-04-07T13:00:00Z,4.54,668.5,13.633,-4.205
2026-04-07T14:00:00Z,4.957,590.5,14.017,3.8
2026-04-07T15:00:00Z,4.73,468.333,14.367,79.902
2026-04-07T16:00:00Z,5.305,319.833,14.117,137.995
2026-04-07T17:00:00Z,5.458,164.333,13.45,194.028
2026-04-07T18:00:00Z,5.867,34.833,12.6,188.882
2026-04-07T19:00:00Z,6.352,0.0,11.1,144.002
2026-04-07T20:00:00Z,5.915,0.0,9.717,129.01
2026-04-07T21:00:00Z,5.287,0.0,8.3,118.2
2026-04-07T22:00:00Z,5.162,0.0,7.583,107.17
2026-04-07T23:00:00Z,5.583,0.0,6.9,102.21
2026-04-08T00:00:00Z,5.592,0.0,5.733,100.82
2026-04-08T01:00:00Z,5.33,0.0,5.233,103.498
2026-04-08T02:00:00Z,4.577,0.0,4.667,107.512
2026-04-08T03:00:00Z,3.833,0.0,3.867,116.928
2026-04-08T04:00:00Z,3.652,0.0,3.5,149.795
2026-04-08T05:00:00Z,3.663,3.0,3.133,168.798
2026-04-08T06:00:00Z,3.998,75.5,3.667,138.508
2026-04-08T07:00:00Z,3.708,220.667,5.217,97.45
2026-04-08T08:00:00Z,2.687,381.833,7.25,51.12
2026-04-08T09:00:00Z,2.612,527.5,9.983,-0.05
2026-04-08T10:00:00Z,2.722,640.167,11.767,-18.828
2026-04-08T11:00:00Z,3.0,707.833,13.1,-32.78
2026-04-08T12:00:00Z,3.238,726.0,13.917,-29.735
2026-04-08T13:00:00Z,3.702,686.333,14.517,-13.155
2026-04-08T14:00:00Z,3.912,601.0,14.85,13.353
2026-04-08T15:00:00Z,3.932,465.667,15.267,91.875
2026-04-08T16:00:00Z,4.868,305.333,14.733,134.248
2026-04-08T17:00:00Z,5.452,152.5,13.8,170.008
2026-04-08T18:00:00Z,6.31,33.333,12.85,160.552
2026-04-08T19:00:00Z,6.638,0.0,11.25,137.103
2026-04-08T20:00:00Z,7.138,0.0,9.767,121.392
2026-04-08T21:00:00Z,6.748,0.0,8.617,109.475
2026-04-08T22:00:00Z,6.775,0.0,7.767,104.898
2026-04-08T23:00:00Z,6.618,0.0,7.05,101.102
2026-04-09T00:00:00Z,6.442,0.0,6.3,101.095
2026-04-09T01:00:00Z,5.978,0.0,5.65,101.862
2026-04-09T02:00:00Z,5.682,0.0,5.1,105.1
2026-04-09T03:00:00Z,5.863,0.0,4.55,115.872
2026-04-09T04:00:00Z,5.932,0.0,4.2,135.295
2026-04-09T05:00:00Z,5.697,3.667,3.767,146.6
2026-04-09T06:00:00Z,5.653,66.5,3.933,128.09
2026-04-09T07:00:00Z,5.53,174.167,4.883,99.675
2026-04-09T08:00:00Z,5.008,299.5,6.483,54.998
2026-04-09T09:00:00Z,4.545,448.833,8.467,1.208
2026-04-09T10:00:00Z,4.835,565.5,10.183,-1.03
2026-04-09T11:00:00Z,5.138,637.833,11.7,-7.865
2026-04-09T12:00:00Z,5.127,681.667,12.817,-8.137
2026-04-09T13:00:00Z,5.19,655.333,13.6,-1.302
2026-04-09T14:00:00Z,5.065,570.333,14.0,27.08
2026-04-09T15:00:00Z,4.773,447.667,14.35,82.528
2026-04-09T16:00:00Z,5.018,305.5,14.117,115.355
2026-04-09T17:00:00Z,5.653,149.333,13.533,137.168
2026-04-09T18:00:00Z,5.933,32.0,12.533,127.325
2026-04-09T19:00:00Z,6.508,0.0,11.3,110.95
2026-04-09T20:00:00Z,7.015,0.0,10.1,100.23
2026-04-09T21:00:00Z,7.612,0.0,8.917,81.053
2026-04-09T22:00:00Z,7.52,0.0,8.167,81.88
2026-04-09T23:00:00Z,7.378,0.0,7.567,79.32
2026-04-10T00:00:00Z,7.68,0.0,7.217,78.83
2026-04-10T01:00:00Z,7.832,0.0,6.95,78.552
2026-04-10T02:00:00Z,8.293,0.0,6.733,81.122
2026-04-10T03:00:00Z,7.713,0.0,6.517,88.768
2026-04-10T04:00:00Z,6.508,0.0,6.533,112.158
2026-04-10T05:00:00Z,7.018,2.167,6.433,126.438
2026-04-10T06:00:00Z,7.205,25.667,6.583,123.16
2026-04-10T07:00:00Z,6.385,87.833,6.717,119.265
2026-04-10T08:00:00Z,4.79,157.5,7.283,109.84
2026-04-10T09:00:00Z,5.988,295.667,8.417,102.99
2026-04-10T10:00:00Z,6.442,311.0,9.083,92.09
2026-04-10T11:00:00Z,5.602,366.0,9.283,88.938
2026-04-10T12:00:00Z,4.198,371.333,9.05,87.4
2026-04-10T13:00:00Z,4.17,388.333,9.6,94.018
2026-04-10T14:00:00Z,4.21,387.833,9.883,108.78
2026-04-10T15:00:00Z,3.865,294.0,10.017,130.102
2026-04-10T16:00:00Z,3.83,205.667,9.8,155.29
2026-04-10T17:00:00Z,3.243,120.833,9.483,227.768
2026-04-10T18:00:00Z,3.01,34.833,9.133,245.115
2026-04-10T19:00:00Z,3.157,0.167,8.5,176.478
2026-04-10T20:00:00Z,2.78,0.0,7.867,149.305
2026-04-10T21:00:00Z,2.598,0.0,7.067,131.96
2026-04-10T22:00:00Z,2.252,0.0,6.567,134.015
2026-04-10T23:00:00Z,3.293,0.0,5.867,120.632
2026-04-11T00:00:00Z,3.467,0.0,5.017,114.382
2026-04-11T01:00:00Z,4.223,0.0,4.867,112.35
2026-04-11T02:00:00Z,3.85,0.0,4.517,110.838
2026-04-11T03:00:00Z,4.572,0.0,4.033,108.36
2026-04-11T04:00:00Z,4.34,0.0,3.683,106.605
2026-04-11T05:00:00Z,4.827,6.0,3.35,93.238
2026-04-11T06:00:00Z,4.972,81.167,4.017,69.61
2026-04-11T07:00:00Z,4.837,222.333,5.333,21.57
2026-04-11T08:00:00Z,4.282,368.167,7.367,-0.157
2026-04-11T09:00:00Z,4.84,507.667,10.0,-8.308
2026-04-11T10:00:00Z,6.005,631.5,11.833,-40.252
2026-04-11T11:00:00Z,6.523,704.333,13.233,-79.965
2026-04-11T12:00:00Z,6.477,714.667,14.317,-77.635
2026-04-11T13:00:00Z,7.078,627.5,14.95,-45.828
2026-04-11T14:00:00Z,7.525,539.833,15.35,-15.798
2026-04-11T15:00:00Z,7.7,412.667,15.75,-0.715
2026-04-11T16:00:00Z,8.16,304.167,15.533,43.698
2026-04-11T17:00:00Z,8.957,154.833,14.867,73.818
2026-04-11T18:00:00Z,8.425,33.5,14.083,74.788
2026-04-11T19:00:00Z,8.643,0.167,12.767,65.232
2026-04-11T20:00:00Z,8.792,0.0,11.717,68.628
2026-04-11T21:00:00Z,8.543,0.0,11.067,68.625
2026-04-11T22:00:00Z,7.973,0.0,10.383,72.523
2026-04-11T23:00:00Z,8.432,0.0,9.683,76.572
2026-04-12T00:00:00Z,8.273,0.0,9.133,80.422
2026-04-12T01:00:00Z,6.152,0.0,8.717,85.26
2026-04-12T02:00:00Z,5.252,0.0,8.5,95.102
2026-04-12T03:00:00Z,4.988,0.0,8.033,98.05
2026-04-12T04:00:00Z,4.995,0.0,8.0,98.7
2026-04-12T05:00:00Z,4.628,3.0,7.933,94.318
2026-04-12T06:00:00Z,4.293,42.5,7.933,76.102
2026-04-12T07:00:00Z,3.653,122.667,8.417,53.322
2026-04-12T08:00:00Z,3.563,201.667,9.1,30.232
2026-04-12T09:00:00Z,3.525,241.833,9.617,22.415
2026-04-12T10:00:00Z,3.115,306.667,9.933,14.975
2026-04-12T11:00:00Z,2.85,346.0,10.35,1.97
2026-04-12T12:00:00Z,2.785,358.667,10.55,4.625
2026-04-12T13:00:00Z,2.248,332.667,10.9,15.905
2026-04-12T14:00:00Z,2.098,283.167,11.117,67.55
2026-04-12T15:00:00Z,1.908,228.0,11.2,110.178
2026-04-12T16:00:00Z,1.855,148.667,11.217,135.388
2026-04-12T17:00:00Z,2.012,78.667,11.017,144.765
2026-04-12T18:00:00Z,2.633,22.833,10.633,146.802
2026-04-12T19:00:00Z,2.27,0.167,10.15,136.733
2026-04-12T20:00:00Z,2.7,0.0,9.683,130.607
2026-04-12T21:00:00Z,2.588,0.0,9.017,121.018
2026-04-12T22:00:00Z,3.295,0.0,8.783,116.542
2026-04-12T23:00:00Z,3.78,0.0,8.567,109.795
2026-04-13T00:00:00Z,4.097,0.0,8.183,107.315
2026-04-13T01:00:00Z,4.257,0.0,7.8,107.59
2026-04-13T02:00:00Z,4.41,0.0,7.467,110.02
2026-04-13T03:00:00Z,4.742,0.0,7.4,119.072
2026-04-13T04:00:00Z,5.147,0.0,7.167,136.115
2026-04-13T05:00:00Z,4.907,3.833,7.067,145.12
2026-04-13T06:00:00Z,4.843,29.667,6.95,173.88
2026-04-13T07:00:00Z,4.3,91.833,7.45,160.965
2026-04-13T08:00:00Z,4.262,157.167,8.233,138.63
2026-04-13T09:00:00Z,4.365,228.333,8.833,116.0
2026-04-13T10:00:00Z,4.4,278.5,10.05,104.735
2026-04-13T11:00:00Z,4.642,242.0,10.933,97.393
2026-04-13T12:00:00Z,4.592,239.167,11.417,101.695
2026-04-13T13:00:00Z,5.09,221.0,11.883,104.638
2026-04-13T14:00:00Z,5.188,177.167,12.133,114.598
2026-04-13T15:00:00Z,5.29,123.833,12.133,130.378
2026-04-13T16:00:00Z,5.285,86.667,12.033,148.2
2026-04-13T17:00:00Z,5.682,43.333,11.667,164.522
2026-04-13T18:00:00Z,5.688,10.833,11.1,156.61
2026-04-13T19:00:00Z,5.627,0.0,10.633,139.048
2026-04-13T20:00:00Z,5.95,0.0,10.3,129.76
2026-04-13T21:00:00Z,5.342,0.0,10.0,122.628
2026-04-13T22:00:00Z,5.557,0.0,9.8,116.062
2026-04-13T23:00:00Z,4.948,0.0,9.617,113.665
2026-04-14T00:00:00Z,4.503,0.0,9.517,114.99
2026-04-14T01:00:00Z,3.712,0.0,9.333,113.385
2026-04-14T02:00:00Z,3.453,0.0,9.05,114.68
2026-04-14T03:00:00Z,3.493,0.0,8.967,118.148
2026-04-14T04:00:00Z,4.052,0.0,8.75,138.72
2026-04-14T05:00:00Z,5.373,2.667,8.533,163.022
2026-04-14T06:00:00Z,4.577,27.333,8.617,164.495
2026-04-14T07:00:00Z,4.988,92.667,8.917,144.33
2026-04-14T08:00:00Z,4.697,176.5,9.283,128.83
2026-04-14T09:00:00Z,4.772,269.0,9.883,117.332
2026-04-14T10:00:00Z,5.24,326.667,10.467,109.508
2026-04-14T11:00:00Z,5.003,407.667,11.183,104.7
2026-04-14T12:00:00Z,4.688,421.833,11.683,108.91
2026-04-14T13:00:00Z,4.642,440.833,12.1,115.568
2026-04-14T14:00:00Z,4.745,388.5,12.333,121.695
2026-04-14T15:00:00Z,4.72,306.833,12.35,137.438
2026-04-14T16:00:00Z,4.313,226.167,12.217,160.015
2026-04-14T17:00:00Z,4.553,125.0,11.85,224.752
2026-04-14T18:00:00Z,3.627,38.0,11.55,234.277
2026-04-14T19:00:00Z,3.248,0.833,10.933,165.948
2026-04-14T20:00:00Z,3.057,0.0,10.283,148.258
2026-04-14T21:00:00Z,2.32,0.0,9.267,135.37
2026-04-14T22:00:00Z,2.268,0.0,8.733,121.6
2026-04-14T23:00:00Z,2.173,0.0,8.2,116.458
2026-04-15T00:00:00Z,2.405,0.0,7.367,111.768
2026-04-15T01:00:00Z,2.205,0.0,6.817,110.018
2026-04-15T02:00:00Z,2.34,0.0,6.467,110.842
2026-04-15T03:00:00Z,2.313,0.0,5.683,123.18
2026-04-15T04:00:00Z,2.403,0.0,5.517,148.44
2026-04-15T05:00:00Z,2.773,9.333,5.417,159.552
2026-04-15T06:00:00Z,3.247,81.333,5.983,140.1
2026-04-15T07:00:00Z,3.05,204.333,7.417,116.32
2026-04-15T08:00:00Z,2.603,337.167,9.233,100.803
2026-04-15T09:00:00Z,2.183,482.0,11.567,78.94
2026-04-15T10:00:00Z,2.203,554.333,13.017,58.318
2026-04-15T11:00:00Z,2.513,578.333,13.967,50.232
2026-04-15T12:00:00Z,2.448,591.167,14.733,67.258
2026-04-15T13:00:00Z,2.597,575.667,15.4,81.492
2026-04-15T14:00:00Z,2.613,487.5,15.8,99.255
2026-04-15T15:00:00Z,2.035,371.333,16.233,124.84
2026-04-15T16:00:00Z,1.862,261.0,16.167,141.9
2026-04-15T17:00:00Z,2.265,128.667,15.8,180.08
2026-04-15T18:00:00Z,2.593,34.167,15.383,180.8
2026-04-15T19:00:00Z,4.077,0.667,14.4,148.08
2026-04-15T20:00:00Z,4.695,0.0,13.4,132.685
2026-04-15T21:00:00Z,5.797,0.0,12.683,117.77
2026-04-15T22:00:00Z,5.402,0.0,12.117,106.215
2026-04-15T23:00:00Z,4.958,0.0,11.667,101.398
2026-04-16T00:00:00Z,5.412,0.0,11.283,99.595
2026-04-16T01:00:00Z,5.657,0.0,10.85,98.365
2026-04-16T02:00:00Z,5.467,0.0,10.55,100.902
2026-04-16T03:00:00Z,5.307,0.0,10.417,110.605
2026-04-16T04:00:00Z,4.705,0.0,10.167,139.475
2026-04-16T05:00:00Z,5.105,7.5,9.967,145.022
2026-04-16T06:00:00Z,4.76,61.0,10.333,133.635
2026-04-16T07:00:00Z,4.062,173.5,11.233,110.195
2026-04-16T08:00:00Z,3.437,275.333,12.45,96.352
2026-04-16T09:00:00Z,2.888,400.667,14.233,75.672
2026-04-16T10:00:00Z,2.725,553.833,15.583,60.512
2026-04-16T11:00:00Z,3.003,516.333,16.433,45.768
2026-04-16T12:00:00Z,3.74,560.5,17.2,53.972
2026-04-16T13:00:00Z,4.247,573.0,17.733,70.87
2026-04-16T14:00:00Z,4.31,492.5,17.883,89.758
2026-04-16T15:00:00Z,4.293,361.5,17.567,111.555
2026-04-16T16:00:00Z,3.597,255.167,17.317,131.145
2026-04-16T17:00:00Z,4.222,142.0,16.833,166.928
2026-04-16T18:00:00Z,5.372,44.667,16.0,187.318
2026-04-16T19:00:00Z,4.513,1.167,14.55,155.01
2026-04-16T20:00:00Z,3.777,0.0,13.717,138.76
2026-04-16T21:00:00Z,3.408,0.0,12.617,127.362
2026-04-16T22:00:00Z,3.272,0.0,11.833,121.772
2026-04-16T23:00:00Z,2.687,0.0,11.333,115.523
2026-04-17T00:00:00Z,2.872,0.0,10.75,112.532
2026-04-17T01:00:00Z,2.708,0.0,10.233,108.512
2026-04-17T02:00:00Z,2.737,0.0,9.667,111.468
2026-04-17T03:00:00Z,3.058,0.0,8.833,120.192
2026-04-17T04:00:00Z,2.923,0.0,8.15,146.568
2026-04-17T05:00:00Z,2.353,13.5,7.783,148.555
2026-04-17T06:00:00Z,2.84,100.833,8.917,127.158
2026-04-17T07:00:00Z,2.648,246.167,10.483,101.902
2026-04-17T08:00:00Z,1.937,383.667,12.567,90.782
2026-04-17T09:00:00Z,2.105,506.0,15.1,57.88
2026-04-17T10:00:00Z,2.337,636.833,16.683,30.87
2026-04-17T11:00:00Z,2.55,679.0,17.9,26.445
2026-04-17T12:00:00Z,2.742,626.5,18.783,31.372
2026-04-17T13:00:00Z,3.0,508.5,19.1,59.998
2026-04-17T14:00:00Z,3.37,417.0,19.3,81.82
2026-04-17T15:00:00Z,3.003,323.0,19.567,102.31
2026-04-17T16:00:00Z,3.468,255.833,19.333,126.755
2026-04-17T17:00:00Z,3.87,150.167,18.617,157.405
2026-04-17T18:00:00Z,5.315,41.167,17.6,157.112
2026-04-17T19:00:00Z,5.533,1.0,16.217,138.008
2026-04-17T20:00:00Z,5.32,0.0,15.133,123.93
2026-04-17T21:00:00Z,5.348,0.0,14.0,112.71
2026-04-17T22:00:00Z,5.247,0.0,13.15,116.245
2026-04-17T23:00:00Z,5.012,0.0,12.6,110.878
2026-04-18T00:00:00Z,5.227,0.0,11.85,109.662
2026-04-18T01:00:00Z,5.167,0.0,11.317,107.695
2026-04-18T02:00:00Z,5.353,0.0,10.933,108.872
2026-04-18T03:00:00Z,4.882,0.0,10.633,110.905
2026-04-18T04:00:00Z,4.715,0.0,10.4,110.83
2026-04-18T05:00:00Z,4.238,11.5,10.233,105.742
2026-04-18T06:00:00Z,3.61,92.167,10.883,92.288
2026-04-18T07:00:00Z,2.86,192.167,12.067,75.128
2026-04-18T08:00:00Z,2.08,327.333,13.733,39.567
2026-04-18T09:00:00Z,2.155,454.5,15.767,3.94
2026-04-18T10:00:00Z,2.187,539.167,17.267,-3.383
2026-04-18T11:00:00Z,2.575,543.5,18.2,-4.08
2026-04-18T12:00:00Z,2.597,573.5,18.783,-0.1
2026-04-18T13:00:00Z,2.742,516.833,19.0,18.898
2026-04-18T14:00:00Z,3.453,343.333,18.717,44.888
2026-04-18T15:00:00Z,2.37,245.833,18.517,90.805
2026-04-18T16:00:00Z,3.075,187.0,17.967,119.595
2026-04-18T17:00:00Z,3.455,111.333,17.533,131.54
2026-04-18T18:00:00Z,3.702,34.0,17.133,144.89
2026-04-18T19:00:00Z,4.622,0.833,15.55,140.295
2026-04-18T20:00:00Z,5.342,0.0,14.467,129.992
2026-04-18T21:00:00Z,4.54,0.0,13.733,125.0
2026-04-18T22:00:00Z,4.732,0.0,13.033,116.56
2026-04-18T23:00:00Z,5.123,0.0,12.5,109.95
2026-04-19T00:00:00Z,4.668,0.0,11.967,109.205
2026-04-19T01:00:00Z,4.752,0.0,11.583,106.322
2026-04-19T02:00:00Z,5.182,0.0,11.383,105.415
2026-04-19T03:00:00Z,4.46,0.0,11.083,106.55
2026-04-19T04:00:00Z,4.797,0.0,10.783,104.782
2026-04-19T05:00:00Z,5.187,9.0,10.733,100.032
2026-04-19T06:00:00Z,5.165,48.333,10.767,96.63
2026-04-19T07:00:00Z,5.788,106.5,11.383,93.842
2026-04-19T08:00:00Z,5.238,157.667,11.817,71.385
2026-04-19T09:00:00Z,5.188,181.833,12.117,31.985
2026-04-19T10:00:00Z,5.718,261.333,12.983,5.735
2026-04-19T11:00:00Z,7.098,305.167,13.133,-0.848
2026-04-19T12:00:00Z,7.132,300.833,12.617,-3.005
2026-04-19T13:00:00Z,7.975,315.333,12.333,-2.255
2026-04-19T14:00:00Z,8.672,265.667,12.133,16.02
2026-04-19T15:00:00Z,9.635,209.833,11.483,73.758
2026-04-19T16:00:00Z,9.205,131.167,10.833,103.855
2026-04-19T17:00:00Z,9.172,85.833,10.617,117.352
2026-04-19T18:00:00Z,8.707,31.0,9.983,124.112
2026-04-19T19:00:00Z,7.892,1.0,9.35,121.548
2026-04-19T20:00:00Z,6.84,0.0,8.95,119.362
2026-04-19T21:00:00Z,6.643,0.0,8.467,111.232
2026-04-19T22:00:00Z,6.962,0.0,8.133,106.308
2026-04-19T23:00:00Z,7.097,0.0,7.65,101.112
2026-04-20T00:00:00Z,6.882,0.0,7.267,99.012
2026-04-20T01:00:00Z,6.852,0.0,6.733,99.04
2026-04-20T02:00:00Z,6.975,0.0,6.2,102.302
2026-04-20T03:00:00Z,7.008,0.0,5.583,111.6
2026-04-20T04:00:00Z,6.857,0.0,5.233,129.385
2026-04-20T05:00:00Z,6.292,7.667,5.3,142.208
2026-04-20T06:00:00Z,5.757,53.333,5.817,134.32
2026-04-20T07:00:00Z,6.078,128.667,6.9,110.015
2026-04-20T08:00:00Z,6.66,193.0,7.55,90.198
2026-04-20T09:00:00Z,6.705,279.5,8.183,75.887
2026-04-20T10:00:00Z,6.472,345.667,9.083,51.183
2026-04-20T11:00:00Z,6.497,453.667,10.167,32.595
2026-04-20T12:00:00Z,6.792,489.167,10.533,29.57
2026-04-20T13:00:00Z,6.675,465.5,10.85,46.475
2026-04-20T14:00:00Z,7.303,395.667,10.85,78.325
2026-04-20T15:00:00Z,7.003,333.667,10.85,97.245
2026-04-20T16:00:00Z,7.5,279.333,10.483,112.91
2026-04-20T17:00:00Z,7.59,157.833,9.967,123.408
2026-04-20T18:00:00Z,7.533,53.667,9.317,127.18
2026-04-20T19:00:00Z,8.123,2.5,8.4,121.94
2026-04-20T20:00:00Z,7.655,0.0,7.35,115.972
2026-04-20T21:00:00Z,7.772,0.0,6.717,106.792
2026-04-20T22:00:00Z,7.4,0.0,6.25,99.0
2026-04-20T23:00:00Z,6.975,0.0,5.883,98.642
2026-04-21T00:00:00Z,6.352,0.0,5.433,98.372
2026-04-21T01:00:00Z,6.175,0.0,5.117,99.075
2026-04-21T02:00:00Z,6.297,0.0,4.683,100.19
2026-04-21T03:00:00Z,6.51,0.0,4.3,108.447
2026-04-21T04:00:00Z,6.802,0.0,3.833,127.085
2026-04-21T05:00:00Z,6.615,22.667,3.5,135.328
2026-04-21T06:00:00Z,5.255,134.0,4.517,118.947
2026-04-21T07:00:00Z,4.432,287.833,5.967,97.305
2026-04-21T08:00:00Z,4.337,432.333,7.65,59.895
2026-04-21T09:00:00Z,4.385,548.0,9.25,19.603
2026-04-21T10:00:00Z,4.777,642.667,10.617,-0.097
2026-04-21T11:00:00Z,5.392,668.5,11.617,-1.752
2026-04-21T12:00:00Z,5.67,708.167,12.267,-3.7
2026-04-21T13:00:00Z,6.088,643.333,12.633,-1.862
2026-04-21T14:00:00Z,6.067,538.167,12.75,14.535
2026-04-21T15:00:00Z,6.16,425.833,12.75,69.83
2026-04-21T16:00:00Z,6.752,326.0,12.25,102.645
2026-04-21T17:00:00Z,6.315,197.667,11.717,134.11
2026-04-21T18:00:00Z,6.215,71.167,11.133,144.775
2026-04-21T19:00:00Z,6.467,3.333,9.783,129.62
2026-04-21T20:00:00Z,6.435,0.0,8.517,119.845
2026-04-21T21:00:00Z,6.34,0.0,7.25,111.872
2026-04-21T22:00:00Z,6.163,0.0,6.35,107.095
2026-04-21T23:00:00Z,5.373,0.0,5.733,104.11
2026-04-22T00:00:00Z,5.113,0.0,4.867,104.2
2026-04-22T01:00:00Z,4.3,0.0,4.483,104.848
2026-04-22T02:00:00Z,3.625,0.0,4.25,109.692
2026-04-22T03:00:00Z,3.62,0.0,3.667,121.232
2026-04-22T04:00:00Z,4.145,0.0,3.467,139.842
2026-04-22T05:00:00Z,4.452,25.667,3.517,134.797
2026-04-22T06:00:00Z,4.25,144.5,4.967,113.865
2026-04-22T07:00:00Z,3.678,306.0,6.7,79.555
2026-04-22T08:00:00Z,3.395,467.667,8.7,20.155
2026-04-22T09:00:00Z,3.79,608.167,11.267,-2.42
2026-04-22T10:00:00Z,4.502,711.333,12.767,-8.832
2026-04-22T11:00:00Z,4.637,783.167,13.783,-20.985
2026-04-22T12:00:00Z,4.552,794.333,14.45,-19.0
2026-04-22T13:00:00Z,4.827,755.833,14.933,-4.92
2026-04-22T14:00:00Z,5.577,672.167,15.067,-0.01
2026-04-22T15:00:00Z,5.483,541.833,15.15,57.405
2026-04-22T16:00:00Z,5.803,394.167,14.85,105.298
2026-04-22T17:00:00Z,6.323,227.0,14.133,140.118
2026-04-22T18:00:00Z,6.25,76.333,13.333,153.91
2026-04-22T19:00:00Z,6.568,3.5,11.9,128.51
2026-04-22T20:00:00Z,6.312,0.0,10.6,114.45
2026-04-22T21:00:00Z,6.248,0.0,9.167,105.078
2026-04-22T22:00:00Z,6.24,0.0,8.317,100.14
2026-04-22T23:00:00Z,5.972,0.0,7.667,97.625
2026-04-23T00:00:00Z,6.152,0.0,6.967,96.735
2026-04-23T01:00:00Z,6.633,0.0,6.467,96.208
2026-04-23T02:00:00Z,6.412,0.0,6.033,95.85
2026-04-23T03:00:00Z,6.595,0.0,5.45,104.16
2026-04-23T04:00:00Z,6.695,0.0,5.217,119.0
2026-04-23T05:00:00Z,6.88,23.833,5.117,119.4
2026-04-23T06:00:00Z,6.617,125.0,6.25,109.698
2026-04-23T07:00:00Z,6.057,260.167,7.617,63.293
2026-04-23T08:00:00Z,5.698,380.0,9.4,-0.562
2026-04-23T09:00:00Z,5.612,507.667,11.083,-6.175
2026-04-23T10:00:00Z,5.672,592.667,12.367,-29.008
2026-04-23T11:00:00Z,5.883,674.0,13.367,-49.56
2026-04-23T12:00:00Z,5.823,718.833,14.133,-48.862
2026-04-23T13:00:00Z,5.993,688.667,14.883,-22.89
2026-04-23T14:00:00Z,6.633,628.667,15.317,-1.93
2026-04-23T15:00:00Z,7.168,513.167,15.717,21.968
2026-04-23T16:00:00Z,7.737,360.667,15.333,93.572
2026-04-23T17:00:00Z,7.862,205.167,14.783,121.5
2026-04-23T18:00:00Z,7.725,71.0,14.217,136.955
2026-04-23T19:00:00Z,8.437,3.667,12.933,116.288
2026-04-23T20:00:00Z,8.68,0.0,11.733,108.235
2026-04-23T21:00:00Z,8.385,0.0,10.667,99.458
2026-04-23T22:00:00Z,8.367,0.0,9.767,102.455
2026-04-23T23:00:00Z,8.33,0.0,9.017,100.13
2026-04-24T00:00:00Z,8.427,0.0,8.617,100.71
2026-04-24T01:00:00Z,8.245,0.0,8.067,101.69
2026-04-24T02:00:00Z,7.9,0.0,7.483,105.358
2026-04-24T03:00:00Z,7.19,0.0,7.0,116.305
2026-04-24T04:00:00Z,7.197,0.0,6.567,131.872
2026-04-24T05:00:00Z,6.825,19.667,6.367,137.988
2026-04-24T06:00:00Z,6.487,87.5,7.2,117.685
2026-04-24T07:00:00Z,6.263,185.167,8.217,80.905
2026-04-24T08:00:00Z,5.755,296.167,9.483,19.572
2026-04-24T09:00:00Z,5.807,410.0,10.533,-0.035
2026-04-24T10:00:00Z,6.172,449.5,11.583,-6.908
2026-04-24T11:00:00Z,6.163,515.833,12.65,-26.14
2026-04-24T12:00:00Z,6.077,583.5,13.217,-30.002
2026-04-24T13:00:00Z,6.097,562.167,13.983,-16.555
2026-04-24T14:00:00Z,6.687,520.167,14.667,-1.612
2026-04-24T15:00:00Z,6.293,427.167,15.217,50.908
2026-04-24T16:00:00Z,6.837,305.5,15.15,104.818
2026-04-24T17:00:00Z,7.287,176.667,14.65,133.81
2026-04-24T18:00:00Z,7.61,63.0,13.433,137.34
2026-04-24T19:00:00Z,7.948,2.833,12.117,131.025
2026-04-24T20:00:00Z,7.588,0.0,11.2,121.878
2026-04-24T21:00:00Z,7.245,0.0,10.333,113.442
2026-04-24T22:00:00Z,7.398,0.0,9.55,100.625
2026-04-24T23:00:00Z,7.472,0.0,8.917,95.54
2026-04-25T00:00:00Z,7.267,0.0,8.317,95.12
2026-04-25T01:00:00Z,7.267,0.0,7.933,95.158
2026-04-25T02:00:00Z,7.102,0.0,7.617,88.458
2026-04-25T03:00:00Z,6.725,0.0,7.133,88.03
2026-04-25T04:00:00Z,6.623,0.0,6.65,83.182
2026-04-25T05:00:00Z,6.627,22.5,6.483,71.362
2026-04-25T06:00:00Z,6.278,104.833,7.183,20.035
2026-04-25T07:00:00Z,6.287,203.667,8.333,-0.042
2026-04-25T08:00:00Z,5.87,315.833,9.65,-7.27
2026-04-25T09:00:00Z,5.913,444.0,11.167,-42.142
2026-04-25T10:00:00Z,6.223,536.167,12.4,-100.512
2026-04-25T11:00:00Z,6.5,623.333,13.6,-176.442
2026-04-25T12:00:00Z,7.22,654.333,14.533,-190.865
2026-04-25T13:00:00Z,7.432,630.0,15.333,-133.802
2026-04-25T14:00:00Z,8.115,576.833,15.783,-53.975
2026-04-25T15:00:00Z,8.79,470.5,16.117,-5.245
2026-04-25T16:00:00Z,9.532,323.0,15.7,4.615
2026-04-25T17:00:00Z,9.632,188.5,14.783,65.197
2026-04-25T18:00:00Z,9.51,70.333,14.25,75.42
2026-04-25T19:00:00Z,9.997,4.333,12.583,72.005
2026-04-25T20:00:00Z,9.548,0.0,11.533,72.678
2026-04-25T21:00:00Z,9.498,0.0,10.733,69.98
2026-04-25T22:00:00Z,9.093,0.0,9.817,79.44
2026-04-25T23:00:00Z,8.365,0.0,9.05,83.595
2026-04-26T00:00:00Z,7.142,0.0,8.25,87.1
2026-04-26T01:00:00Z,6.908,0.0,7.683,90.488
2026-04-26T02:00:00Z,6.558,0.0,7.283,94.152
2026-04-26T03:00:00Z,6.305,0.0,6.55,98.64
2026-04-26T04:00:00Z,6.293,0.167,5.867,94.185
2026-04-26T05:00:00Z,5.7,35.333,5.55,83.152
2026-04-26T06:00:00Z,3.555,160.0,6.483,54.312
2026-04-26T07:00:00Z,2.588,320.5,7.8,-0.01
2026-04-26T08:00:00Z,2.202,474.0,9.333,-28.185
2026-04-26T09:00:00Z,1.948,600.5,10.833,-127.365
2026-04-26T10:00:00Z,2.253,692.333,12.117,-259.96
2026-04-26T11:00:00Z,2.73,766.5,13.1,-413.77
2026-04-26T12:00:00Z,2.897,762.667,13.733,-413.245
2026-04-26T13:00:00Z,3.207,732.667,14.383,-235.892
2026-04-26T14:00:00Z,3.91,634.167,14.533,-37.305
2026-04-26T15:00:00Z,3.68,522.167,14.783,11.177
2026-04-26T16:00:00Z,3.995,377.833,14.55,113.098
2026-04-26T17:00:00Z,4.158,207.333,13.95,150.288
2026-04-26T18:00:00Z,4.6,73.833,13.233,157.815
2026-04-26T19:00:00Z,4.717,5.833,12.167,140.652
2026-04-26T20:00:00Z,4.672,0.0,11.133,126.408
2026-04-26T21:00:00Z,4.37,0.0,9.867,122.875
2026-04-26T22:00:00Z,4.273,0.0,9.0,118.447
2026-04-26T23:00:00Z,4.197,0.0,8.317,113.03
2026-04-27T00:00:00Z,4.067,0.0,7.333,112.71
2026-04-27T01:00:00Z,3.583,0.0,6.967,112.825
2026-04-27T02:00:00Z,3.433,0.0,6.483,116.74
2026-04-27T03:00:00Z,3.445,0.0,5.5,125.668
2026-04-27T04:00:00Z,3.322,0.167,4.933,165.568
2026-04-27T05:00:00Z,3.383,34.5,4.983,153.69
2026-04-27T06:00:00Z,3.377,146.167,6.167,126.548
2026-04-27T07:00:00Z,2.533,288.333,7.833,92.528
2026-04-27T08:00:00Z,1.928,432.667,9.75,59.142
2026-04-27T09:00:00Z,1.988,565.167,11.733,4.14
2026-04-27T10:00:00Z,2.192,648.0,13.183,-0.098
2026-04-27T11:00:00Z,2.332,675.667,14.217,-0.83
2026-04-27T12:00:00Z,2.805,618.0,14.9,-0.162
2026-04-27T13:00:00Z,3.102,585.0,15.333,5.142
2026-04-27T14:00:00Z,3.602,523.333,15.55,68.665
2026-04-27T15:00:00Z,3.495,444.667,15.883,107.185
2026-04-27T16:00:00Z,3.655,319.667,15.7,129.852
2026-04-27T17:00:00Z,4.425,200.667,15.217,172.3
2026-04-27T18:00:00Z,4.663,80.333,14.533,188.118
2026-04-27T19:00:00Z,5.843,6.333,13.117,148.46
2026-04-27T20:00:00Z,6.225,0.0,11.733,125.648
2026-04-27T21:00:00Z,5.828,0.0,10.65,115.202
2026-04-27T22:00:00Z,6.388,0.0,9.767,112.66
2026-04-27T23:00:00Z,6.38,0.0,9.033,106.902
2026-04-28T00:00:00Z,6.287,0.0,8.433,102.98
2026-04-28T01:00:00Z,6.813,0.0,7.733,102.83
2026-04-28T02:00:00Z,6.697,0.0,7.1,105.278
2026-04-28T03:00:00Z,7.097,0.0,6.6,111.835
2026-04-28T04:00:00Z,6.828,0.167,6.183,122.1
2026-04-28T05:00:00Z,6.637,35.833,6.017,121.43
2026-04-28T06:00:00Z,6.453,146.833,7.05,112.315
2026-04-28T07:00:00Z,5.067,301.333,8.517,79.778
2026-04-28T08:00:00Z,4.588,445.833,10.35,21.815
2026-04-28T09:00:00Z,4.833,605.5,12.55,-1.085
2026-04-28T10:00:00Z,5.475,716.333,14.267,-14.042
2026-04-28T11:00:00Z,6.028,758.5,15.55,-29.0
2026-04-28T12:00:00Z,6.313,778.167,16.233,-29.008
2026-04-28T13:00:00Z,6.607,728.833,16.7,-17.33
2026-04-28T14:00:00Z,6.73,651.333,16.883,-4.655
2026-04-28T15:00:00Z,6.8,542.5,16.883,33.315
2026-04-28T16:00:00Z,7.237,399.0,16.4,90.1
2026-04-28T17:00:00Z,7.567,239.833,15.517,117.4
2026-04-28T18:00:00Z,6.813,93.167,14.9,120.972
2026-04-28T19:00:00Z,8.02,8.5,13.167,115.828
2026-04-28T20:00:00Z,7.422,0.0,11.583,111.295
2026-04-28T21:00:00Z,7.203,0.0,10.517,101.77
2026-04-28T22:00:00Z,7.41,0.0,9.483,98.208
2026-04-28T23:00:00Z,7.717,0.0,8.75,96.725
2026-04-29T00:00:00Z,7.512,0.0,7.967,97.918
2026-04-29T01:00:00Z,7.488,0.0,7.2,98.528
2026-04-29T02:00:00Z,7.253,0.0,6.633,100.65
2026-04-29T03:00:00Z,6.907,0.0,6.05,107.905
2026-04-29T04:00:00Z,7.033,0.333,5.583,139.798
2026-04-29T05:00:00Z,6.927,41.333,5.517,126.848
2026-04-29T06:00:00Z,5.768,163.167,6.8,112.365
2026-04-29T07:00:00Z,5.382,313.833,8.333,66.42
2026-04-29T08:00:00Z,5.162,470.0,10.267,-1.078
2026-04-29T09:00:00Z,5.22,610.667,12.233,-11.567
2026-04-29T10:00:00Z,5.487,728.667,13.65,-33.765
2026-04-29T11:00:00Z,5.588,802.5,14.633,-60.362
2026-04-29T12:00:00Z,5.61,817.333,15.117,-55.432
2026-04-29T13:00:00Z,6.255,777.5,15.65,-36.22
2026-04-29T14:00:00Z,6.802,687.5,15.717,-11.25
2026-04-29T15:00:00Z,6.312,565.833,15.75,19.645
2026-04-29T16:00:00Z,6.527,402.667,15.4,91.145
2026-04-29T17:00:00Z,7.135,254.333,14.717,125.81
2026-04-29T18:00:00Z,6.908,100.333,14.067,145.592
2026-04-29T19:00:00Z,6.425,9.333,12.617,129.95
2026-04-29T20:00:00Z,7.082,0.0,11.217,115.658
2026-04-29T21:00:00Z,6.933,0.0,10.117,105.098
2026-04-29T22:00:00Z,7.17,0.0,8.9,100.32
2026-04-29T23:00:00Z,6.48,0.0,8.033,100.11
2026-04-30T00:00:00Z,5.652,0.0,7.15,98.57
2026-04-30T01:00:00Z,5.645,0.0,6.567,99.478
2026-04-30T02:00:00Z,5.11,0.0,5.95,104.09
2026-04-30T03:00:00Z,4.098,0.0,5.367,114.102
2026-04-30T04:00:00Z,4.202,0.5,4.967,139.12
2026-04-30T05:00:00Z,4.047,45.333,5.033,122.285
2026-04-30T06:00:00Z,4.293,174.667,6.75,96.218
2026-04-30T07:00:00Z,3.537,334.167,8.4,45.555
2026-04-30T08:00:00Z,3.338,491.667,10.25,-0.038
2026-04-30T09:00:00Z,3.657,626.833,12.033,-3.875
2026-04-30T10:00:00Z,3.893,738.667,13.55,-16.253
2026-04-30T11:00:00Z,3.822,798.333,14.85,-32.02
2026-04-30T12:00:00Z,3.737,811.5,15.917,-28.93
2026-04-30T13:00:00Z,4.192,774.333,16.65,-12.05
2026-04-30T14:00:00Z,4.503,690.0,16.917,-2.292
2026-04-30T15:00:00Z,4.715,566.5,17.533,20.58
2026-04-30T16:00:00Z,5.267,417.0,17.367,92.43
2026-04-30T17:00:00Z,5.233,254.0,16.917,139.088
2026-04-30T18:00:00Z,4.907,101.333,16.4,178.62
2026-04-30T19:00:00Z,4.965,10.333,15.117,145.84
2026-04-30T20:00:00Z,5.73,0.0,13.683,118.92
2026-04-30T21:00:00Z,6.088,0.0,12.4,109.608
2026-04-30T22:00:00Z,5.637,0.0,11.433,107.227
2026-04-30T23:00:00Z,5.39,0.0,10.533,103.085
2026-05-01T00:00:00Z,4.623,0.0,9.667,101.385
2026-05-01T01:00:00Z,4.335,0.0,9.15,99.245
2026-05-01T02:00:00Z,4.327,0.0,8.717,97.98
2026-05-01T03:00:00Z,4.272,0.0,7.917,97.495
2026-05-01T04:00:00Z,4.273,0.5,7.583,103.768
2026-05-01T05:00:00Z,4.378,47.333,7.683,80.34
2026-05-01T06:00:00Z,4.095,174.667,9.383,35.332
2026-05-01T07:00:00Z,3.523,335.167,11.333,-0.028
2026-05-01T08:00:00Z,3.128,495.167,13.6,-21.18
2026-05-01T09:00:00Z,3.415,633.833,16.2,-108.618
2026-05-01T10:00:00Z,3.528,740.333,17.817,-318.58
2026-05-01T11:00:00Z,3.523,801.0,19.1,-499.0
2026-05-01T12:00:00Z,3.285,812.833,20.15,-474.968
2026-05-01T13:00:00Z,3.7,776.0,20.9,-205.878
2026-05-01T14:00:00Z,3.857,692.0,21.533,-26.248
2026-05-01T15:00:00Z,3.917,569.833,22.033,5.555
2026-05-01T16:00:00Z,4.438,421.333,21.833,92.53
2026-05-01T17:00:00Z,4.76,258.833,21.35,154.19
2026-05-01T18:00:00Z,4.983,105.833,20.633,173.325
2026-05-01T19:00:00Z,5.618,11.667,18.833,142.95
2026-05-01T20:00:00Z,6.067,0.0,17.233,113.222
2026-05-01T21:00:00Z,6.195,0.0,15.767,96.982
2026-05-01T22:00:00Z,6.765,0.0,14.75,117.425
2026-05-01T23:00:00Z,6.963,0.0,13.917,103.712
2026-05-02T00:00:00Z,6.91,0.0,12.75,99.477
2026-05-02T01:00:00Z,6.948,0.0,12.05,93.335
2026-05-02T02:00:00Z,6.645,0.0,11.45,93.545
2026-05-02T03:00:00Z,6.687,0.0,10.7,93.697
2026-05-02T04:00:00Z,6.433,0.833,10.333,91.78
2026-05-02T05:00:00Z,6.413,50.667,10.417,78.012
2026-05-02T06:00:00Z,6.423,180.167,12.167,18.27
2026-05-02T07:00:00Z,5.438,340.167,14.4,1.27
2026-05-02T08:00:00Z,4.263,498.833,16.917,-2.387
2026-05-02T09:00:00Z,4.232,635.667,19.7,-21.912
2026-05-02T10:00:00Z,4.393,742.0,21.317,-83.608
2026-05-02T11:00:00Z,4.455,800.167,22.617,-130.028
2026-05-02T12:00:00Z,4.79,814.5,23.583,-86.842
2026-05-02T13:00:00Z,4.547,746.333,24.283,-14.038
2026-05-02T14:00:00Z,4.67,661.5,24.383,0.032
2026-05-02T15:00:00Z,4.802,534.5,24.517,54.945
2026-05-02T16:00:00Z,5.348,388.167,23.933,127.14
2026-05-02T17:00:00Z,5.52,229.667,23.417,165.0
2026-05-02T18:00:00Z,4.843,93.667,22.733,195.45
2026-05-02T19:00:00Z,5.44,11.167,20.567,154.32
2026-05-02T20:00:00Z,4.953,0.0,18.7,139.96
2026-05-02T21:00:00Z,5.003,0.0,17.383,123.865
2026-05-02T22:00:00Z,4.588,0.0,16.467,121.195
2026-05-02T23:00:00Z,4.383,0.0,15.633,116.032
2026-05-03T00:00:00Z,4.04,0.0,14.633,110.162
2026-05-03T01:00:00Z,3.855,0.0,14.1,108.478
2026-05-03T02:00:00Z,3.868,0.0,13.45,106.292
2026-05-03T03:00:00Z,3.418,0.0,12.717,107.072
2026-05-03T04:00:00Z,3.703,1.167,12.35,101.7
2026-05-03T05:00:00Z,4.22,39.833,12.617,85.338
2026-05-03T06:00:00Z,3.682,121.167,13.5,71.738
2026-05-03T07:00:00Z,3.607,253.333,15.517,32.658
2026-05-03T08:00:00Z,2.477,388.167,17.717,1.287
2026-05-03T09:00:00Z,2.31,492.167,20.117,-1.428
2026-05-03T10:00:00Z,2.368,600.0,22.0,-6.79
2026-05-03T11:00:00Z,2.463,713.0,23.383,-14.435
2026-05-03T12:00:00Z,3.15,708.833,24.317,-10.882
2026-05-03T13:00:00Z,3.305,575.333,24.583,-3.968
2026-05-03T14:00:00Z,3.565,475.0,24.983,9.132
2026-05-03T15:00:00Z,4.465,395.5,25.0,80.708
2026-05-03T16:00:00Z,5.522,282.833,24.483,120.572
2026-05-03T17:00:00Z,5.627,143.0,23.4,134.795
2026-05-03T18:00:00Z,5.703,54.167,22.15,140.87
2026-05-03T19:00:00Z,5.633,5.5,20.267,137.31
2026-05-03T20:00:00Z,6.953,0.0,19.017,130.378
2026-05-03T21:00:00Z,6.812,0.0,18.25,121.115
2026-05-03T22:00:00Z,7.483,0.0,17.483,117.355
2026-05-03T23:00:00Z,7.917,0.0,16.683,108.41
2026-05-04T00:00:00Z,8.112,0.0,15.883,110.558
2026-05-04T01:00:00Z,6.635,0.0,15.217,106.348
2026-05-04T02:00:00Z,6.162,0.0,14.633,109.908
2026-05-04T03:00:00Z,5.39,0.0,14.333,128.882
2026-05-04T04:00:00Z,4.698,0.833,13.733,149.548
2026-05-04T05:00:00Z,4.152,33.0,13.367,151.267
2026-05-04T06:00:00Z,3.473,111.667,13.867,134.602
2026-05-04T07:00:00Z,3.353,259.167,14.783,113.625
2026-05-04T08:00:00Z,3.49,409.667,15.917,99.99
2026-05-04T09:00:00Z,3.493,535.0,16.917,93.095
2026-05-04T10:00:00Z,3.792,615.333,18.017,75.065
2026-05-04T11:00:00Z,3.773,655.333,18.833,69.408
2026-05-04T12:00:00Z,3.922,690.333,19.467,81.078
2026-05-04T13:00:00Z,4.32,599.0,19.883,94.002
2026-05-04T14:00:00Z,4.433,505.833,19.917,107.968
2026-05-04T15:00:00Z,3.328,353.167,19.833,128.992
2026-05-04T16:00:00Z,3.468,303.0,19.567,169.0
2026-05-04T17:00:00Z,3.485,182.833,18.967,245.03
2026-05-04T18:00:00Z,4.303,71.0,18.15,266.835
2026-05-04T19:00:00Z,3.988,11.667,17.383,194.3
2026-05-04T20:00:00Z,3.652,0.0,16.383,153.045
2026-05-04T21:00:00Z,4.812,0.0,15.333,137.2
2026-05-04T22:00:00Z,4.242,0.0,14.483,131.36
2026-05-04T23:00:00Z,4.357,0.0,13.867,126.2
2026-05-05T00:00:00Z,4.167,0.0,13.383,122.11
2026-05-05T01:00:00Z,4.922,0.0,13.0,122.045
2026-05-05T02:00:00Z,3.82,0.0,12.733,123.9
2026-05-05T03:00:00Z,3.945,0.0,12.25,133.902
2026-05-05T04:00:00Z,3.577,0.667,11.933,160.112
2026-05-05T05:00:00Z,3.215,23.167,11.917,160.765
2026-05-05T06:00:00Z,3.268,87.167,12.25,147.233
2026-05-05T07:00:00Z,2.925,200.667,13.067,129.61
2026-05-05T08:00:00Z,2.508,272.667,14.0,114.12
2026-05-05T09:00:00Z,2.122,377.5,15.083,108.258
2026-05-05T10:00:00Z,2.115,445.833,16.15,99.092
2026-05-05T11:00:00Z,2.602,471.5,16.967,98.055
2026-05-05T12:00:00Z,2.417,443.667,17.75,97.745
2026-05-05T13:00:00Z,3.433,406.5,18.017,105.99
2026-05-05T14:00:00Z,3.847,318.667,17.783,111.977
2026-05-05T15:00:00Z,4.813,243.333,16.8,128.67
2026-05-05T16:00:00Z,5.387,210.0,16.467,145.762
2026-05-05T17:00:00Z,5.732,133.833,15.817,163.685
2026-05-05T18:00:00Z,5.912,67.833,15.267,163.902
2026-05-05T19:00:00Z,5.573,10.0,14.567,146.998
2026-05-05T20:00:00Z,5.925,0.0,14.033,132.745
2026-05-05T21:00:00Z,5.153,0.0,13.267,115.292
2026-05-05T22:00:00Z,5.312,0.0,12.517,120.035
2026-05-05T23:00:00Z,6.258,0.0,12.033,114.23
2026-05-06T00:00:00Z,5.92,0.0,11.683,113.165
2026-05-06T01:00:00Z,5.773,0.0,11.467,112.995
2026-05-06T02:00:00Z,6.093,0.0,11.317,113.34
2026-05-06T03:00:00Z,6.093,0.0,11.183,118.225
2026-05-06T04:00:00Z,5.57,0.667,11.0,131.14
2026-05-06T05:00:00Z,5.985,29.5,10.933,142.45
2026-05-06T06:00:00Z,5.71,102.667,11.517,141.55
2026-05-06T07:00:00Z,4.862,180.833,12.25,121.305
2026-05-06T08:00:00Z,4.763,244.667,13.067,108.8
2026-05-06T09:00:00Z,4.615,343.833,13.867,104.12
2026-05-06T10:00:00Z,4.475,360.833,14.6,100.092
2026-05-06T11:00:00Z,4.643,403.667,15.183,89.34
2026-05-06T12:00:00Z,4.823,406.667,15.583,91.33
2026-05-06T13:00:00Z,4.647,394.333,15.883,103.125
2026-05-06T14:00:00Z,4.61,357.333,15.867,112.662
2026-05-06T15:00:00Z,6.042,288.833,14.95,125.052
2026-05-06T16:00:00Z,5.043,186.667,14.5,137.91
2026-05-06T17:00:00Z,5.955,129.333,13.867,154.605
2026-05-06T18:00:00Z,6.798,46.0,12.683,156.915
2026-05-06T19:00:00Z,5.71,8.167,11.9,154.61
2026-05-06T20:00:00Z,5.478,0.0,11.35,143.412
2026-05-06T21:00:00Z,5.81,0.0,10.983,128.26
2026-05-06T22:00:00Z,5.913,0.0,10.367,125.152
2026-05-06T23:00:00Z,5.52,0.0,9.783,116.485
2026-05-07T00:00:00Z,5.482,0.0,9.417,115.258
2026-05-07T01:00:00Z,5.642,0.0,9.033,116.49
2026-05-07T02:00:00Z,5.36,0.0,8.733,119.138
2026-05-07T03:00:00Z,5.558,0.0,8.4,126.875
2026-05-07T04:00:00Z,5.463,1.0,8.267,151.0
2026-05-07T05:00:00Z,5.592,23.167,8.367,167.293
2026-05-07T06:00:00Z,5.603,75.833,8.883,155.592
2026-05-07T07:00:00Z,5.138,176.0,9.35,136.41
2026-05-07T08:00:00Z,5.173,231.667,9.85,120.132
2026-05-07T09:00:00Z,4.97,269.667,10.617,113.525
2026-05-07T10:00:00Z,4.553,360.5,11.233,103.922
2026-05-07T11:00:00Z,4.037,405.667,11.7,101.915
2026-05-07T12:00:00Z,4.54,426.333,12.35,101.73
2026-05-07T13:00:00Z,4.26,441.5,12.767,107.445
2026-05-07T14:00:00Z,4.547,338.667,12.65,117.998
2026-05-07T15:00:00Z,4.067,251.833,13.05,132.56
2026-05-07T16:00:00Z,3.837,251.333,12.967,148.705
2026-05-07T17:00:00Z,3.785,134.5,12.667,185.655
2026-05-07T18:00:00Z,4.08,59.167,12.15,221.478
2026-05-07T19:00:00Z,3.88,12.833,11.483,182.715
2026-05-07T20:00:00Z,4.142,0.0,10.867,154.435
2026-05-07T21:00:00Z,4.353,0.0,10.067,142.758
2026-05-07T22:00:00Z,4.507,0.0,9.717,130.342
2026-05-07T23:00:00Z,4.622,0.0,9.217,120.66
2026-05-08T00:00:00Z,4.31,0.0,8.767,118.215
2026-05-08T01:00:00Z,4.253,0.0,8.467,116.977
2026-05-08T02:00:00Z,4.28,0.0,8.15,118.565
2026-05-08T03:00:00Z,4.388,0.0,7.583,126.185
2026-05-08T04:00:00Z,4.238,2.167,7.4,143.6
2026-05-08T05:00:00Z,4.382,42.833,7.433,147.028
2026-05-08T06:00:00Z,3.892,135.833,8.25,137.4
2026-05-08T07:00:00Z,3.11,280.0,9.45,115.248
2026-05-08T08:00:00Z,3.28,408.167,10.917,97.748
2026-05-08T09:00:00Z,2.912,516.5,12.5,75.81
2026-05-08T10:00:00Z,2.808,580.833,13.567,65.37
2026-05-08T11:00:00Z,2.74,565.333,14.333,58.708
2026-05-08T12:00:00Z,2.887,563.833,14.967,64.34
2026-05-08T13:00:00Z,3.125,530.167,15.567,81.892
2026-05-08T14:00:00Z,3.313,473.667,15.717,94.062
2026-05-08T15:00:00Z,4.112,411.667,15.9,109.5
2026-05-08T16:00:00Z,4.78,316.167,15.567,127.815
2026-05-08T17:00:00Z,5.048,193.833,15.133,143.543
2026-05-08T18:00:00Z,5.037,93.0,14.8,152.978
2026-05-08T19:00:00Z,5.35,18.667,13.633,138.9
2026-05-08T20:00:00Z,6.052,0.0,12.367,127.502
2026-05-08T21:00:00Z,5.972,0.0,11.45,119.14
2026-05-08T22:00:00Z,6.007,0.0,10.8,127.692
2026-05-08T23:00:00Z,6.075,0.0,10.233,123.408
2026-05-09T00:00:00Z,5.213,0.0,9.85,123.48
2026-05-09T01:00:00Z,5.145,0.0,9.333,124.352
2026-05-09T02:00:00Z,4.807,0.0,8.9,125.738
2026-05-09T03:00:00Z,4.38,0.0,8.583,126.452
2026-05-09T04:00:00Z,4.197,3.0,8.367,127.523
2026-05-09T05:00:00Z,3.998,50.167,8.45,118.67
2026-05-09T06:00:00Z,3.677,156.167,9.667,107.672
2026-05-09T07:00:00Z,2.93,301.833,10.983,68.308
2026-05-09T08:00:00Z,3.032,449.5,12.667,9.928
2026-05-09T09:00:00Z,2.905,588.333,14.4,-0.015
2026-05-09T10:00:00Z,2.735,666.333,15.833,-0.062
2026-05-09T11:00:00Z,2.742,692.5,16.75,-0.09
2026-05-09T12:00:00Z,2.61,572.667,17.017,-0.012
2026-05-09T13:00:00Z,2.875,543.833,17.45,0.002
2026-05-09T14:00:00Z,3.02,464.0,17.683,27.715
2026-05-09T15:00:00Z,3.7,410.333,18.0,93.69
2026-05-09T16:00:00Z,4.012,326.667,17.783,123.19
2026-05-09T17:00:00Z,4.542,216.167,17.45,138.508
2026-05-09T18:00:00Z,5.037,99.5,16.867,146.965
2026-05-09T19:00:00Z,5.602,14.333,15.917,143.485
2026-05-09T20:00:00Z,5.872,0.0,14.95,136.3
2026-05-09T21:00:00Z,5.402,0.0,13.7,127.088
2026-05-09T22:00:00Z,5.28,0.0,13.133,128.092
2026-05-09T23:00:00Z,5.048,0.0,12.567,125.447
2026-05-10T00:00:00Z,4.977,0.0,11.933,125.432
2026-05-10T01:00:00Z,4.838,0.0,11.283,123.482
2026-05-10T02:00:00Z,4.625,0.0,10.85,124.197
2026-05-10T03:00:00Z,4.295,0.0,10.383,123.94
2026-05-10T04:00:00Z,4.033,3.5,10.25,115.14
2026-05-10T05:00:00Z,4.088,60.833,10.467,101.168
2026-05-10T06:00:00Z,3.693,163.833,11.4,70.835
2026-05-10T07:00:00Z,2.807,272.167,12.8,11.18
2026-05-10T08:00:00Z,2.76,427.667,14.583,0.003
2026-05-10T09:00:00Z,2.867,596.5,16.483,-0.67
2026-05-10T10:00:00Z,3.268,584.167,17.683,-1.88
2026-05-10T11:00:00Z,3.743,593.5,18.45,-2.165
2026-05-10T12:00:00Z,3.663,670.167,19.267,-1.4
2026-05-10T13:00:00Z,3.927,597.0,19.767,-0.255
2026-05-10T14:00:00Z,4.147,502.833,19.817,1.882
2026-05-10T15:00:00Z,4.333,420.5,19.9,71.005
2026-05-10T16:00:00Z,4.348,304.167,19.467,110.942
2026-05-10T17:00:00Z,5.938,183.667,18.867,122.0
2026-05-10T18:00:00Z,5.633,81.167,18.0,129.318
2026-05-10T19:00:00Z,6.662,15.333,16.167,128.515
2026-05-10T20:00:00Z,6.335,0.0,15.133,124.14
2026-05-10T21:00:00Z,7.158,0.0,13.6,119.838
2026-05-10T22:00:00Z,6.155,0.0,13.0,118.785
2026-05-10T23:00:00Z,5.682,0.0,12.633,112.335
2026-05-11T00:00:00Z,5.817,0.0,12.1,110.428
2026-05-11T01:00:00Z,6.223,0.0,11.733,112.658
2026-05-11T02:00:00Z,6.55,0.0,11.367,113.092
2026-05-11T03:00:00Z,6.26,0.0,11.067,122.138
2026-05-11T04:00:00Z,6.063,2.833,10.967,136.475
2026-05-11T05:00:00Z,6.228,38.333,11.067,154.048
2026-05-11T06:00:00Z,5.915,74.0,11.65,150.012
2026-05-11T07:00:00Z,5.77,156.667,12.4,136.8
2026-05-11T08:00:00Z,6.33,221.333,13.1,126.308
2026-05-11T09:00:00Z,5.568,252.0,13.433,113.432
2026-05-11T10:00:00Z,6.508,276.0,13.3,105.485
2026-05-11T11:00:00Z,6.553,283.167,13.05,98.78
2026-05-11T12:00:00Z,7.378,242.833,12.383,95.98
2026-05-11T13:00:00Z,7.92,226.0,11.817,96.2
2026-05-11T14:00:00Z,8.745,272.5,11.717,100.49
2026-05-11T15:00:00Z,8.548,297.833,11.6,116.303
2026-05-11T16:00:00Z,8.252,178.833,11.183,122.98
2026-05-11T17:00:00Z,7.762,133.833,10.867,130.718
2026-05-11T18:00:00Z,7.378,62.5,10.333,131.12
2026-05-11T19:00:00Z,6.735,13.833,9.433,127.872
2026-05-11T20:00:00Z,5.068,0.0,8.983,120.765
2026-05-11T21:00:00Z,5.745,0.0,8.483,108.952
2026-05-11T22:00:00Z,5.507,0.0,7.7,99.065
2026-05-11T23:00:00Z,5.943,0.0,6.983,95.275
2026-05-12T00:00:00Z,5.403,0.0,6.45,91.73
2026-05-12T01:00:00Z,6.513,0.0,6.117,89.898
2026-05-12T02:00:00Z,6.703,0.0,6.183,91.375
2026-05-12T03:00:00Z,6.847,0.0,5.95,94.002
2026-05-12T04:00:00Z,7.037,5.5,5.533,111.262
2026-05-12T05:00:00Z,6.817,59.833,5.633,122.575
2026-05-12T06:00:00Z,7.47,153.5,6.317,112.145
2026-05-12T07:00:00Z,7.105,201.333,7.117,94.075
2026-05-12T08:00:00Z,7.928,298.5,7.8,79.558
2026-05-12T09:00:00Z,7.687,339.167,8.283,63.535
2026-05-12T10:00:00Z,7.845,415.333,9.1,45.91
2026-05-12T11:00:00Z,7.887,374.167,9.667,27.33
2026-05-12T12:00:00Z,8.61,459.333,9.45,19.972
2026-05-12T13:00:00Z,9.027,507.167,10.083,44.76
2026-05-12T14:00:00Z,8.888,355.667,9.817,74.405
2026-05-12T15:00:00Z,8.307,304.833,10.333,96.0
2026-05-12T16:00:00Z,8.165,212.167,9.683,114.88
2026-05-12T17:00:00Z,7.088,138.5,9.35,136.278
2026-05-12T18:00:00Z,6.355,77.167,9.033,142.985
2026-05-12T19:00:00Z,5.735,13.0,8.567,142.742
2026-05-12T20:00:00Z,5.925,0.0,8.15,131.225
2026-05-12T21:00:00Z,6.695,0.0,8.117,118.345
2026-05-12T22:00:00Z,6.96,0.0,7.867,114.33
2026-05-12T23:00:00Z,6.842,0.0,7.517,106.218
2026-05-13T00:00:00Z,6.615,0.0,7.433,104.358
2026-05-13T01:00:00Z,7.05,0.0,7.267,107.435
2026-05-13T02:00:00Z,6.847,0.0,7.067,111.195
2026-05-13T03:00:00Z,6.575,0.0,7.017,120.0
2026-05-13T04:00:00Z,7.303,4.0,6.967,137.182
2026-05-13T05:00:00Z,7.392,49.167,7.233,141.122
2026-05-13T06:00:00Z,6.898,121.333,7.833,126.7
2026-05-13T07:00:00Z,6.808,220.667,8.75,102.525
2026-05-13T08:00:00Z,7.753,347.167,9.9,86.44
2026-05-13T09:00:00Z,7.597,375.667,10.317,83.778
2026-05-13T10:00:00Z,8.253,405.833,10.95,74.102
2026-05-13T11:00:00Z,7.542,509.833,11.617,71.773
2026-05-13T12:00:00Z,7.223,578.167,12.583,70.202
2026-05-13T13:00:00Z,7.775,482.5,12.9,82.268
2026-05-13T14:00:00Z,8.28,459.833,12.983,92.375
2026-05-13T15:00:00Z,7.178,312.833,12.483,112.602
2026-05-13T16:00:00Z,6.73,308.0,12.3,132.355
2026-05-13T17:00:00Z,5.883,217.167,12.05,151.492
2026-05-13T18:00:00Z,5.367,107.333,11.533,171.267
2026-05-13T19:00:00Z,5.563,21.833,10.583,160.045
2026-05-13T20:00:00Z,6.07,0.167,9.767,142.205
2026-05-13T21:00:00Z,5.922,0.0,9.167,123.095
2026-05-13T22:00:00Z,6.188,0.0,8.85,130.54
2026-05-13T23:00:00Z,5.513,0.0,8.5,121.75
2026-05-14T00:00:00Z,6.018,0.0,8.083,119.225
2026-05-14T01:00:00Z,5.787,0.0,7.9,115.638
2026-05-14T02:00:00Z,6.573,0.0,7.833,112.918
2026-05-14T03:00:00Z,5.662,0.0,7.8,112.045
2026-05-14T04:00:00Z,6.095,5.0,7.717,111.405
2026-05-14T05:00:00Z,5.805,54.167,7.967,108.09
2026-05-14T06:00:00Z,5.7,131.5,8.517,99.258
2026-05-14T07:00:00Z,5.755,205.833,9.117,85.15
2026-05-14T08:00:00Z,5.848,255.333,9.583,58.642
2026-05-14T09:00:00Z,5.63,369.0,10.367,35.568
2026-05-14T10:00:00Z,5.483,361.833,10.75,16.055
2026-05-14T11:00:00Z,6.107,431.167,11.15,7.552
2026-05-14T12:00:00Z,5.302,530.333,11.85,4.602
2026-05-14T13:00:00Z,5.343,488.167,12.267,17.848
2026-05-14T14:00:00Z,5.693,472.0,12.2,66.912
2026-05-14T15:00:00Z,5.3,447.5,12.983,94.76
2026-05-14T16:00:00Z,5.565,257.167,12.167,126.0
2026-05-14T17:00:00Z,5.832,177.333,11.4,142.582
2026-05-14T18:00:00Z,4.908,90.167,11.1,150.448
2026-05-14T19:00:00Z,4.525,18.833,10.067,152.202
2026-05-14T20:00:00Z,4.383,0.167,9.617,150.91
2026-05-14T21:00:00Z,3.095,0.0,8.8,136.32
2026-05-14T22:00:00Z,3.707,0.0,8.4,137.972
2026-05-14T23:00:00Z,4.547,0.0,7.917,131.372
2026-05-15T00:00:00Z,4.537,0.0,7.283,126.312
2026-05-15T01:00:00Z,4.308,0.0,6.967,121.938
2026-05-15T02:00:00Z,4.048,0.0,6.783,123.712
2026-05-15T03:00:00Z,3.625,0.0,6.35,127.16
2026-05-15T04:00:00Z,3.277,6.5,6.033,136.1
2026-05-15T05:00:00Z,3.54,59.333,5.95,132.515
2026-05-15T06:00:00Z,3.278,163.5,7.483,123.995
2026-05-15T07:00:00Z,2.728,325.333,8.7,104.54
2026-05-15T08:00:00Z,3.225,405.5,9.917,81.782
2026-05-15T09:00:00Z,3.515,464.333,11.233,66.818
2026-05-15T10:00:00Z,3.912,470.333,11.867,54.302
2026-05-15T11:00:00Z,4.677,494.667,12.417,40.322
2026-05-15T12:00:00Z,4.018,538.333,13.267,40.148
2026-05-15T13:00:00Z,4.067,519.833,13.55,51.002
2026-05-15T14:00:00Z,5.067,380.333,13.2,77.32
2026-05-15T15:00:00Z,5.203,293.667,12.883,105.048
2026-05-15T16:00:00Z,4.997,251.333,12.7,125.042
2026-05-15T17:00:00Z,5.465,158.0,11.833,143.31
2026-05-15T18:00:00Z,4.792,75.833,11.55,153.455
2026-05-15T19:00:00Z,4.617,18.833,11.1,151.145
2026-05-15T20:00:00Z,4.902,0.167,10.383,144.685
2026-05-15T21:00:00Z,4.637,0.0,9.65,135.512
2026-05-15T22:00:00Z,4.53,0.0,9.217,130.0
2026-05-15T23:00:00Z,5.207,0.0,8.85,121.788
2026-05-16T00:00:00Z,6.068,0.0,8.317,117.562
2026-05-16T01:00:00Z,6.002,0.0,7.983,116.002
2026-05-16T02:00:00Z,6.172,0.0,7.483,114.02
2026-05-16T03:00:00Z,5.91,0.0,6.95,109.342
2026-05-16T04:00:00Z,5.767,7.333,6.633,105.708
2026-05-16T05:00:00Z,5.505,56.833,6.9,100.045
2026-05-16T06:00:00Z,5.332,145.333,7.717,86.952
2026-05-16T07:00:00Z,5.333,265.667,8.7,43.952
2026-05-16T08:00:00Z,5.817,346.0,9.617,4.202
2026-05-16T09:00:00Z,6.323,367.167,10.567,-0.03
2026-05-16T10:00:00Z,6.863,487.5,11.233,-1.195
2026-05-16T11:00:00Z,6.908,445.5,11.65,-2.2
2026-05-16T12:00:00Z,6.1,500.833,11.917,-1.932
2026-05-16T13:00:00Z,8.253,556.833,12.433,-0.998
2026-05-16T14:00:00Z,7.61,386.5,12.383,4.78
2026-05-16T15:00:00Z,6.815,404.167,12.717,60.092
2026-05-16T16:00:00Z,7.415,274.5,12.483,100.222
2026-05-16T17:00:00Z,7.228,211.833,12.217,126.47
2026-05-16T18:00:00Z,5.218,114.0,11.8,139.998
2026-05-16T19:00:00Z,5.583,26.333,11.167,140.688
2026-05-16T20:00:00Z,5.495,0.167,10.433,135.99
2026-05-16T21:00:00Z,5.785,0.0,9.717,127.7
2026-05-16T22:00:00Z,5.855,0.0,9.117,127.718
2026-05-16T23:00:00Z,5.792,0.0,8.65,119.062
2026-05-17T00:00:00Z,5.495,0.0,8.05,115.565
2026-05-17T01:00:00Z,5.058,0.0,7.65,113.898
2026-05-17T02:00:00Z,4.997,0.0,7.317,109.17
2026-05-17T03:00:00Z,5.088,0.0,6.683,105.445
2026-05-17T04:00:00Z,5.003,9.5,6.483,98.792
2026-05-17T05:00:00Z,4.952,93.833,6.833,80.795
2026-05-17T06:00:00Z,4.698,229.833,8.333,53.842
2026-05-17T07:00:00Z,3.562,372.167,10.1,18.97
2026-05-17T08:00:00Z,3.748,518.167,11.833,3.49
2026-05-17T09:00:00Z,4.055,581.167,13.483,0.56
2026-05-17T10:00:00Z,4.852,528.667,14.383,0.822
2026-05-17T11:00:00Z,4.348,537.833,15.017,0.0
2026-05-17T12:00:00Z,4.665,385.667,15.333,0.98
2026-05-17T13:00:00Z,4.495,448.333,15.733,11.31
2026-05-17T14:00:00Z,4.343,380.0,15.833,52.438
2026-05-17T15:00:00Z,3.918,311.167,16.2,100.315
2026-05-17T16:00:00Z,3.477,267.667,16.05,129.387
2026-05-17T17:00:00Z,3.282,165.833,15.883,143.068
2026-05-17T18:00:00Z,3.135,84.167,15.6,155.8
2026-05-17T19:00:00Z,3.695,21.333,15.0,156.705
2026-05-17T20:00:00Z,4.673,0.167,14.133,151.368
2026-05-17T21:00:00Z,5.405,0.0,12.867,142.575
2026-05-17T22:00:00Z,5.267,0.0,12.083,134.658
2026-05-17T23:00:00Z,4.762,0.0,11.533,125.972
2026-05-18T00:00:00Z,5.018,0.0,10.7,125.998
2026-05-18T01:00:00Z,4.853,0.0,10.2,126.392
2026-05-18T02:00:00Z,4.68,0.0,9.683,129.36
2026-05-18T03:00:00Z,4.308,0.0,9.217,137.022
2026-05-18T04:00:00Z,5.022,8.833,8.967,152.517
2026-05-18T05:00:00Z,4.86,68.833,9.417,160.075
2026-05-18T06:00:00Z,4.613,160.5,10.567,152.105
2026-05-18T07:00:00Z,3.882,297.833,12.25,125.88
2026-05-18T08:00:00Z,4.012,412.0,13.8,107.85
2026-05-18T09:00:00Z,4.528,527.333,15.75,100.052
2026-05-18T10:00:00Z,4.755,582.333,16.533,94.895
2026-05-18T11:00:00Z,3.905,564.833,17.117,94.977
2026-05-18T12:00:00Z,4.86,543.333,17.333,96.77
2026-05-18T13:00:00Z,3.868,546.333,17.4,102.405
2026-05-18T14:00:00Z,3.342,487.5,17.567,113.965
2026-05-18T15:00:00Z,3.018,385.167,17.617,134.065
2026-05-18T16:00:00Z,4.545,249.167,16.683,152.138
2026-05-18T17:00:00Z,4.32,157.0,16.183,192.853
2026-05-18T18:00:00Z,4.238,82.667,15.517,250.897
2026-05-18T19:00:00Z,4.812,21.5,14.783,214.338
2026-05-18T20:00:00Z,4.127,0.167,13.783,160.648
2026-05-18T21:00:00Z,4.227,0.0,12.65,148.895
2026-05-18T22:00:00Z,3.405,0.0,12.1,148.252
2026-05-18T23:00:00Z,4.152,0.0,11.55,141.942
2026-05-19T00:00:00Z,4.052,0.0,11.183,139.322
2026-05-19T01:00:00Z,4.31,0.0,10.817,138.54
2026-05-19T02:00:00Z,4.813,0.0,10.483,141.568
2026-05-19T03:00:00Z,3.49,0.0,9.917,146.92
2026-05-19T04:00:00Z,3.343,7.5,9.633,164.46
2026-05-19T05:00:00Z,2.875,65.833,9.717,153.772
2026-05-19T06:00:00Z,2.085,168.5,10.533,131.855
2026-05-19T07:00:00Z,2.098,348.0,11.833,108.742
2026-05-19T08:00:00Z,2.188,504.0,13.483,94.265
2026-05-19T09:00:00Z,2.755,565.667,15.0,82.085
2026-05-19T10:00:00Z,3.132,575.833,15.933,73.145
2026-05-19T11:00:00Z,3.087,603.5,16.567,73.738
2026-05-19T12:00:00Z,2.945,607.333,17.35,79.81
2026-05-19T13:00:00Z,2.9,625.167,17.933,87.57
2026-05-19T14:00:00Z,3.147,501.667,18.133,102.25
2026-05-19T15:00:00Z,2.745,438.833,18.55,127.292
2026-05-19T16:00:00Z,2.943,324.333,18.433,144.95
2026-05-19T17:00:00Z,4.008,167.5,18.15,172.485
2026-05-19T18:00:00Z,3.223,81.333,17.95,180.902
2026-05-19T19:00:00Z,4.138,17.0,17.117,163.63
2026-05-19T20:00:00Z,4.023,0.333,16.167,145.545
2026-05-19T21:00:00Z,4.542,0.0,15.35,131.802
2026-05-19T22:00:00Z,4.88,0.0,14.8,123.73
2026-05-19T23:00:00Z,4.943,0.0,14.267,114.635
2026-05-20T00:00:00Z,5.325,0.0,14.067,109.752
2026-05-20T01:00:00Z,5.6,0.0,13.9,109.972
2026-05-20T02:00:00Z,5.848,0.0,13.533,110.41
2026-05-20T03:00:00Z,5.54,0.0,13.417,119.05
2026-05-20T04:00:00Z,5.903,3.5,13.317,134.988
2026-05-20T05:00:00Z,5.98,24.0,13.417,136.975
2026-05-20T06:00:00Z,4.918,63.833,13.9,125.512
2026-05-20T07:00:00Z,5.525,165.667,14.433,109.06
2026-05-20T08:00:00Z,6.28,204.667,15.033,89.7
2026-05-20T09:00:00Z,6.253,234.333,15.717,75.462
2026-05-20T10:00:00Z,6.995,303.167,16.367,64.005
2026-05-20T11:00:00Z,6.628,301.5,16.633,44.997
2026-05-20T12:00:00Z,5.808,397.167,17.35,33.512
2026-05-20T13:00:00Z,6.858,323.5,17.7,45.66
2026-05-20T14:00:00Z,6.643,343.667,17.883,65.01
2026-05-20T15:00:00Z,5.97,335.333,18.0,99.398
2026-05-20T16:00:00Z,6.3,174.667,16.567,130.212
2026-05-20T17:00:00Z,5.355,139.333,15.95,149.568
2026-05-20T18:00:00Z,4.322,77.833,15.133,167.922
2026-05-20T19:00:00Z,4.518,23.5,14.9,165.0
2026-05-20T20:00:00Z,4.738,0.333,14.35,150.02
2026-05-20T21:00:00Z,5.197,0.0,13.967,139.002
2026-05-20T22:00:00Z,5.765,0.0,13.833,133.028
2026-05-20T23:00:00Z,5.53,0.0,13.7,121.66
2026-05-21T00:00:00Z,5.853,0.0,13.533,116.023
2026-05-21T01:00:00Z,5.898,0.0,13.233,113.55
2026-05-21T02:00:00Z,6.008,0.0,13.067,116.01
2026-05-21T03:00:00Z,6.098,0.0,12.933,128.405
2026-05-21T04:00:00Z,5.463,8.833,12.7,142.815
2026-05-21T05:00:00Z,5.22,67.5,12.9,143.618
2026-05-21T06:00:00Z,4.078,172.333,14.0,131.388
2026-05-21T07:00:00Z,4.278,336.5,15.05,104.14
2026-05-21T08:00:00Z,4.68,391.833,16.1,81.198
2026-05-21T09:00:00Z,4.58,469.0,17.35,42.753
2026-05-21T10:00:00Z,4.327,572.167,18.25,12.138
2026-05-21T11:00:00Z,4.977,589.667,18.767,7.37
2026-05-21T12:00:00Z,4.678,543.333,19.183,8.812
2026-05-21T13:00:00Z,4.953,407.167,19.4,35.2
2026-05-21T14:00:00Z,5.608,407.833,19.283,71.708
2026-05-21T15:00:00Z,4.222,345.667,19.817,104.995
2026-05-21T16:00:00Z,5.092,266.5,19.6,135.888
2026-05-21T17:00:00Z,4.613,182.5,19.167,163.355
2026-05-21T18:00:00Z,4.367,120.5,18.867,204.695
2026-05-21T19:00:00Z,4.065,29.667,18.05,188.418
2026-05-21T20:00:00Z,4.223,0.667,17.117,166.035
2026-05-21T21:00:00Z,3.63,0.0,16.0,146.392
2026-05-21T22:00:00Z,3.488,0.0,15.15,144.315
2026-05-21T23:00:00Z,3.24,0.0,14.633,136.9
2026-05-22T00:00:00Z,2.79,0.0,13.783,131.638
2026-05-22T01:00:00Z,3.04,0.0,13.417,128.95
2026-05-22T02:00:00Z,3.383,0.0,13.017,131.498
2026-05-22T03:00:00Z,3.758,0.0,12.4,135.718
2026-05-22T04:00:00Z,4.242,10.167,12.417,144.355
2026-05-22T05:00:00Z,4.193,72.0,12.933,138.178
2026-05-22T06:00:00Z,3.792,161.167,14.55,123.135
2026-05-22T07:00:00Z,2.505,321.167,16.133,91.882
2026-05-22T08:00:00Z,2.562,459.333,17.8,42.48
2026-05-22T09:00:00Z,2.913,583.333,19.5,3.94
2026-05-22T10:00:00Z,2.922,668.0,20.667,0.005
2026-05-22T11:00:00Z,2.95,709.333,21.533,0.0
2026-05-22T12:00:00Z,3.2,714.333,22.05,1.0
2026-05-22T13:00:00Z,3.12,684.333,22.6,20.305
2026-05-22T14:00:00Z,3.13,640.333,23.033,70.24
2026-05-22T15:00:00Z,2.687,535.333,23.317,104.195
2026-05-22T16:00:00Z,2.907,409.833,23.167,134.95
2026-05-22T17:00:00Z,2.942,280.667,22.817,161.222
2026-05-22T18:00:00Z,2.328,150.667,22.733,218.428
2026-05-22T19:00:00Z,2.988,39.5,21.767,193.662
2026-05-22T20:00:00Z,4.032,1.167,20.317,154.635
2026-05-22T21:00:00Z,4.495,0.0,18.8,140.735
2026-05-22T22:00:00Z,4.623,0.0,17.75,136.76
2026-05-22T23:00:00Z,4.652,0.0,16.883,130.0
2026-05-23T00:00:00Z,4.683,0.0,15.967,125.868
2026-05-23T01:00:00Z,4.812,0.0,15.417,125.368
2026-05-23T02:00:00Z,4.913,0.0,14.95,121.732
2026-05-23T03:00:00Z,5.19,0.0,14.367,119.26
2026-05-23T04:00:00Z,5.387,13.333,14.117,116.368
2026-05-23T05:00:00Z,5.478,97.0,14.65,97.085
2026-05-23T06:00:00Z,4.86,231.167,16.567,49.862
2026-05-23T07:00:00Z,3.278,385.833,18.383,1.6
2026-05-23T08:00:00Z,3.05,526.667,20.35,-0.332
2026-05-23T09:00:00Z,2.907,657.833,22.6,-3.9
2026-05-23T10:00:00Z,2.463,762.833,23.95,-12.392
2026-05-23T11:00:00Z,2.687,813.0,25.05,-31.818
2026-05-23T12:00:00Z,2.617,825.667,25.917,-18.42
2026-05-23T13:00:00Z,3.133,781.0,26.267,-4.0
2026-05-23T14:00:00Z,2.562,658.667,26.667,-0.288
2026-05-23T15:00:00Z,3.085,554.833,26.583,44.448
2026-05-23T16:00:00Z,3.285,419.167,26.3,120.762
2026-05-23T17:00:00Z,3.16,268.333,25.883,149.658
2026-05-23T18:00:00Z,2.555,148.0,25.75,174.52
2026-05-23T19:00:00Z,3.267,37.167,24.4,171.065
2026-05-23T20:00:00Z,3.225,1.0,22.75,156.915
2026-05-23T21:00:00Z,2.308,0.0,21.2,144.652
2026-05-23T22:00:00Z,3.065,0.0,20.0,143.802
2026-05-23T23:00:00Z,3.405,0.0,19.133,133.378
2026-05-24T00:00:00Z,4.042,0.0,18.283,136.885
2026-05-24T01:00:00Z,4.258,0.0,17.483,125.44
2026-05-24T02:00:00Z,4.233,0.0,16.967,122.89
2026-05-24T03:00:00Z,3.882,0.0,16.2,117.722
2026-05-24T04:00:00Z,3.895,13.833,15.817,108.795
2026-05-24T05:00:00Z,3.708,92.0,16.35,88.462
2026-05-24T06:00:00Z,3.78,205.0,18.167,16.368
2026-05-24T07:00:00Z,2.788,370.667,19.833,-0.028
2026-05-24T08:00:00Z,2.907,528.5,21.6,-2.502
2026-05-24T09:00:00Z,2.725,658.5,23.533,-13.832
2026-05-24T10:00:00Z,3.135,748.667,24.633,-37.612
2026-05-24T11:00:00Z,3.922,777.0,25.333,-75.938
2026-05-24T12:00:00Z,4.178,763.167,25.567,-61.752
2026-05-24T13:00:00Z,4.877,730.833,25.85,-23.492
2026-05-24T14:00:00Z,4.833,659.0,25.817,-1.958
2026-05-24T15:00:00Z,5.447,524.667,25.633,14.375
2026-05-24T16:00:00Z,5.343,433.167,24.967,96.378
2026-05-24T17:00:00Z,5.498,286.667,24.283,133.218
2026-05-24T18:00:00Z,5.478,146.5,23.35,151.018
2026-05-24T19:00:00Z,5.267,41.833,21.95,153.228
2026-05-24T20:00:00Z,5.767,1.5,20.483,144.42
2026-05-24T21:00:00Z,6.167,0.0,19.233,132.1
2026-05-24T22:00:00Z,6.168,0.0,18.15,130.868
2026-05-24T23:00:00Z,5.368,0.0,17.283,125.982
2026-05-25T00:00:00Z,4.323,0.0,16.517,125.24
2026-05-25T01:00:00Z,4.008,0.0,15.85,126.012
2026-05-25T02:00:00Z,3.875,0.0,15.467,129.312
2026-05-25T03:00:00Z,3.495,0.0,14.867,131.995
2026-05-25T04:00:00Z,3.367,14.833,14.7,130.195
2026-05-25T05:00:00Z,2.795,97.0,15.133,117.878
2026-05-25T06:00:00Z,1.988,229.667,16.633,77.68
2026-05-25T07:00:00Z,1.607,382.833,18.1,5.0
2026-05-25T08:00:00Z,1.897,533.5,19.717,-0.167
2026-05-25T09:00:00Z,2.187,662.833,21.45,-5.262
2026-05-25T10:00:00Z,2.707,762.833,22.717,-12.712
2026-05-25T11:00:00Z,2.928,820.667,23.883,-29.295
2026-05-25T12:00:00Z,2.802,833.667,24.583,-27.182
2026-05-25T13:00:00Z,3.365,798.833,25.3,-10.05
2026-05-25T14:00:00Z,3.613,719.833,25.7,-2.915
2026-05-25T15:00:00Z,3.667,604.667,25.983,31.95
2026-05-25T16:00:00Z,3.765,463.167,25.85,118.822
2026-05-25T17:00:00Z,4.595,308.667,25.217,150.575
2026-05-25T18:00:00Z,4.008,162.333,24.867,172.185
2026-05-25T19:00:00Z,4.507,45.833,23.7,170.25
2026-05-25T20:00:00Z,4.863,1.5,22.317,157.332
2026-05-25T21:00:00Z,4.972,0.0,21.0,141.025
2026-05-25T22:00:00Z,4.498,0.0,20.017,136.36
2026-05-25T23:00:00Z,4.263,0.0,18.983,125.648
2026-05-26T00:00:00Z,4.762,0.0,18.05,120.645
2026-05-26T01:00:00Z,4.705,0.0,17.483,121.18
2026-05-26T02:00:00Z,4.643,0.0,16.75,119.53
2026-05-26T03:00:00Z,4.832,0.0,15.85,128.91
2026-05-26T04:00:00Z,4.667,15.667,15.583,143.105
2026-05-26T05:00:00Z,4.413,100.667,16.167,141.54
2026-05-26T06:00:00Z,3.91,235.667,18.183,122.045
2026-05-26T07:00:00Z,2.878,390.333,19.733,78.8
2026-05-26T08:00:00Z,3.122,541.5,21.533,6.52
2026-05-26T09:00:00Z,3.683,664.667,23.7,-0.008
2026-05-26T10:00:00Z,4.0,752.5,25.217,-1.825
2026-05-26T11:00:00Z,4.26,831.0,26.467,-2.5
2026-05-26T12:00:00Z,4.722,842.333,27.233,-0.835
2026-05-26T13:00:00Z,4.928,805.5,27.7,-0.015
2026-05-26T14:00:00Z,4.96,727.667,27.933,13.115
2026-05-26T15:00:00Z,4.795,613.333,28.233,89.685
2026-05-26T16:00:00Z,5.013,471.667,27.833,134.788
2026-05-26T17:00:00Z,5.087,316.333,26.833,185.103
2026-05-26T18:00:00Z,4.865,166.167,26.2,217.948
2026-05-26T19:00:00Z,4.885,47.667,24.917,184.785
2026-05-26T20:00:00Z,5.382,1.833,23.4,153.775
2026-05-26T21:00:00Z,5.56,0.0,21.55,130.532
2026-05-26T22:00:00Z,5.817,0.0,20.25,134.788
2026-05-26T23:00:00Z,5.983,0.0,18.967,127.518
2026-05-27T00:00:00Z,6.102,0.0,18.167,120.542
2026-05-27T01:00:00Z,6.273,0.0,17.267,118.87
2026-05-27T02:00:00Z,6.268,0.0,16.633,119.048
2026-05-27T03:00:00Z,6.695,0.0,15.967,121.235
2026-05-27T04:00:00Z,6.672,16.0,15.6,134.2
2026-05-27T05:00:00Z,6.543,95.0,15.767,131.1
2026-05-27T06:00:00Z,6.618,223.833,16.967,106.452
2026-05-27T07:00:00Z,5.997,378.5,18.1,48.235
2026-05-27T08:00:00Z,5.73,533.667,19.033,3.425
2026-05-27T09:00:00Z,5.445,661.333,20.183,-0.27
2026-05-27T10:00:00Z,5.85,760.167,21.2,-1.05
2026-05-27T11:00:00Z,6.342,807.667,22.067,-1.635
2026-05-27T12:00:00Z,6.167,805.833,22.6,-1.645
2026-05-27T13:00:00Z,6.928,775.0,23.0,-1.702
2026-05-27T14:00:00Z,7.213,684.5,23.117,-0.422
2026-05-27T15:00:00Z,6.988,599.0,22.917,32.207
2026-05-27T16:00:00Z,7.467,470.667,22.317,97.848
2026-05-27T17:00:00Z,7.493,325.333,21.633,136.517
2026-05-27T18:00:00Z,7.382,171.333,20.817,156.678
2026-05-27T19:00:00Z,7.375,50.667,19.483,157.53
2026-05-27T20:00:00Z,6.638,2.167,17.917,144.16
2026-05-27T21:00:00Z,6.593,0.0,16.55,133.455
2026-05-27T22:00:00Z,6.282,0.0,15.567,132.945
2026-05-27T23:00:00Z,5.917,0.0,14.7,129.538
2026-05-28T00:00:00Z,5.277,0.0,13.8,127.238
2026-05-28T01:00:00Z,4.81,0.0,13.25,127.362
2026-05-28T02:00:00Z,5.195,0.0,12.65,130.09
2026-05-28T03:00:00Z,5.238,0.0,11.85,135.502
2026-05-28T04:00:00Z,5.373,17.667,11.383,148.452
2026-05-28T05:00:00Z,4.833,103.167,11.683,138.155
2026-05-28T06:00:00Z,3.903,235.0,13.167,123.402
2026-05-28T07:00:00Z,3.267,401.0,14.45,87.542
2026-05-28T08:00:00Z,3.167,552.0,15.85,19.308
2026-05-28T09:00:00Z,3.265,674.167,17.283,0.568
2026-05-28T10:00:00Z,3.668,759.0,18.433,0.002
2026-05-28T11:00:00Z,3.933,815.333,19.45,-0.012
2026-05-28T12:00:00Z,3.603,833.333,20.167,0.0
2026-05-28T13:00:00Z,3.717,803.5,20.833,1.297
2026-05-28T14:00:00Z,3.888,733.0,21.217,39.645
2026-05-28T15:00:00Z,3.72,624.0,21.367,101.258
2026-05-28T16:00:00Z,3.833,484.0,21.283,138.25
2026-05-28T17:00:00Z,3.68,333.333,20.95,217.602
2026-05-28T18:00:00Z,3.268,176.833,20.717,393.935
2026-05-28T19:00:00Z,3.872,52.833,19.717,368.018
2026-05-28T20:00:00Z,3.813,2.333,18.417,215.75
2026-05-28T21:00:00Z,3.158,0.0,16.9,159.797
2026-05-28T22:00:00Z,2.672,0.0,15.833,144.442
2026-05-28T23:00:00Z,2.52,0.0,15.017,133.928
2026-05-29T00:00:00Z,2.517,0.0,14.0,127.975
2026-05-29T01:00:00Z,2.638,0.0,13.633,126.192
2026-05-29T02:00:00Z,2.88,0.0,13.217,125.278
2026-05-29T03:00:00Z,3.278,0.0,12.433,125.495
2026-05-29T04:00:00Z,3.425,18.667,12.417,131.885
2026-05-29T05:00:00Z,3.273,106.5,13.0,125.995
2026-05-29T06:00:00Z,3.613,239.167,15.017,113.565
2026-05-29T07:00:00Z,2.73,371.667,16.767,71.908
2026-05-29T08:00:00Z,2.678,512.333,18.65,17.028
2026-05-29T09:00:00Z,3.123,616.5,21.133,0.29
2026-05-29T10:00:00Z,3.358,718.167,22.55,-0.055
2026-05-29T11:00:00Z,3.762,796.5,23.9,-0.035
2026-05-29T12:00:00Z,3.528,796.0,24.7,0.0
2026-05-29T13:00:00Z,3.137,745.833,25.417,9.41
2026-05-29T14:00:00Z,3.413,617.333,25.95,51.61
2026-05-29T15:00:00Z,3.39,558.833,26.533,103.408
2026-05-29T16:00:00Z,3.743,422.833,26.1,136.985
2026-05-29T17:00:00Z,3.57,258.667,25.667,174.948
2026-05-29T18:00:00Z,3.855,134.0,24.683,240.61
2026-05-29T19:00:00Z,5.107,33.667,23.2,201.405
2026-05-29T20:00:00Z,4.795,1.167,22.3,161.7
2026-05-29T21:00:00Z,8.13,0.0,20.333,145.192
2026-05-29T22:00:00Z,7.415,0.0,18.833,135.515
2026-05-29T23:00:00Z,5.6,0.0,17.8,128.45
2026-05-30T00:00:00Z,5.537,0.0,16.917,123.773
2026-05-30T01:00:00Z,5.52,0.0,16.633,121.085
2026-05-30T02:00:00Z,6.238,0.0,16.217,125.358
2026-05-30T03:00:00Z,5.87,0.0,16.183,125.045
2026-05-30T04:00:00Z,6.343,15.667,16.05,118.992
2026-05-30T05:00:00Z,5.938,81.0,16.333,109.095
2026-05-30T06:00:00Z,6.917,174.167,17.583,88.868
2026-05-30T07:00:00Z,5.877,308.333,18.483,36.683
2026-05-30T08:00:00Z,5.717,451.0,19.583,2.96
2026-05-30T09:00:00Z,5.892,560.0,20.783,-0.005
2026-05-30T10:00:00Z,6.537,656.167,21.867,-0.053
2026-05-30T11:00:00Z,6.658,725.667,22.55,-1.442
2026-05-30T12:00:00Z,6.558,698.667,22.567,-0.748
2026-05-30T13:00:00Z,6.34,649.333,22.867,-0.01
2026-05-30T14:00:00Z,7.005,584.0,23.267,3.008
2026-05-30T15:00:00Z,6.412,478.0,23.05,62.5
2026-05-30T16:00:00Z,6.845,423.5,22.917,107.008
2026-05-30T17:00:00Z,6.165,295.0,22.4,139.872
2026-05-30T18:00:00Z,5.363,139.833,21.967,160.525
2026-05-30T19:00:00Z,4.835,49.5,21.017,171.845
2026-05-30T20:00:00Z,4.892,3.0,19.883,159.402
2026-05-30T21:00:00Z,4.223,0.0,19.033,143.04
2026-05-30T22:00:00Z,3.667,0.0,18.2,136.412
2026-05-30T23:00:00Z,3.358,0.0,17.367,129.105
2026-05-31T00:00:00Z,3.227,0.0,16.667,125.915
2026-05-31T01:00:00Z,3.06,0.0,16.217,125.197
2026-05-31T02:00:00Z,2.7,0.0,15.683,126.95
2026-05-31T03:00:00Z,2.637,0.0,15.017,123.358
2026-05-31T04:00:00Z,2.145,18.333,14.8,115.002
2026-05-31T05:00:00Z,2.552,90.167,15.1,100.56
2026-05-31T06:00:00Z,2.067,196.333,16.35,90.438
2026-05-31T07:00:00Z,2.502,306.667,17.683,56.29
2026-05-31T08:00:00Z,2.765,418.167,18.883,7.568
2026-05-31T09:00:00Z,2.335,478.833,19.783,0.0
2026-05-31T10:00:00Z,3.662,524.667,20.633,-0.005
2026-05-31T11:00:00Z,3.55,531.0,21.067,-0.01
2026-05-31T12:00:00Z,3.368,592.833,21.967,-0.01
2026-05-31T13:00:00Z,4.577,549.833,21.267,0.0
2026-05-31T14:00:00Z,3.9,486.5,21.483,49.003
2026-05-31T15:00:00Z,4.722,414.333,21.25,95.925
2026-05-31T16:00:00Z,4.2,275.0,20.617,127.265
2026-05-31T17:00:00Z,3.66,178.833,20.35,141.37
2026-05-31T18:00:00Z,4.283,97.5,19.65,152.762
2026-05-31T19:00:00Z,4.905,36.667,18.983,156.035
2026-05-31T20:00:00Z,5.448,3.0,17.683,153.128
2026-05-31T21:00:00Z,5.01,0.0,16.85,145.348
2026-05-31T22:00:00Z,4.968,0.0,16.367,141.008
2026-05-31T23:00:00Z,4.738,0.0,15.983,128.255
2026-06-01T00:00:00Z,4.078,0.0,15.483,123.138
2026-06-01T01:00:00Z,3.693,0.0,15.2,120.295
2026-06-01T02:00:00Z,3.745,0.0,14.867,124.488
2026-06-01T03:00:00Z,3.945,0.0,14.683,135.092
2026-06-01T04:00:00Z,3.285,13.333,14.55,164.03
2026-06-01T05:00:00Z,3.053,66.667,14.75,160.0
2026-06-01T06:00:00Z,3.47,150.167,15.383,151.715
2026-06-01T07:00:00Z,3.32,287.333,16.283,133.2
2026-06-01T08:00:00Z,3.583,405.833,17.367,117.66
2026-06-01T09:00:00Z,3.592,486.667,18.017,108.142
2026-06-01T10:00:00Z,3.77,576.667,18.917,93.083
2026-06-01T11:00:00Z,4.002,619.667,19.883,89.908
2026-06-01T12:00:00Z,4.333,598.833,20.267,87.447
2026-06-01T13:00:00Z,3.523,622.167,20.933,95.098
2026-06-01T14:00:00Z,4.03,617.5,21.667,106.735
2026-06-01T15:00:00Z,3.642,486.0,21.9,125.242
2026-06-01T16:00:00Z,3.263,387.667,21.867,141.458
2026-06-01T17:00:00Z,2.865,273.5,21.583,226.612
2026-06-01T18:00:00Z,2.438,143.0,21.417,355.252
2026-06-01T19:00:00Z,2.373,48.667,20.717,333.368
2026-06-01T20:00:00Z,2.763,2.667,19.717,222.502
2026-06-01T21:00:00Z,3.885,0.0,18.35,161.025
2026-06-01T22:00:00Z,4.122,0.0,17.533,142.065
2026-06-01T23:00:00Z,4.823,0.0,16.9,131.722
2026-06-02T00:00:00Z,5.312,0.0,16.083,125.085
2026-06-02T01:00:00Z,5.463,0.0,15.583,120.915
2026-06-02T02:00:00Z,5.712,0.0,15.117,120.628
2026-06-02T03:00:00Z,5.887,0.0,14.783,124.215
2026-06-02T04:00:00Z,5.723,18.333,14.7,131.028
2026-06-02T05:00:00Z,5.787,93.833,15.2,131.795
2026-06-02T06:00:00Z,4.917,197.5,16.5,121.082
2026-06-02T07:00:00Z,3.823,326.0,17.95,105.41
2026-06-02T08:00:00Z,3.713,423.333,19.583,90.515
2026-06-02T09:00:00Z,3.992,552.5,21.683,84.7
2026-06-02T10:00:00Z,4.55,648.333,23.05,80.292
2026-06-02T11:00:00Z,4.788,637.333,24.033,84.958
2026-06-02T12:00:00Z,5.577,540.0,23.75,90.782
2026-06-02T13:00:00Z,5.102,519.333,24.433,99.738
2026-06-02T14:00:00Z,5.715,452.0,24.717,112.248
2026-06-02T15:00:00Z,6.298,337.833,24.8,131.138
2026-06-02T16:00:00Z,6.42,286.333,23.667,146.978
2026-06-02T17:00:00Z,6.132,156.833,22.367,167.938
2026-06-02T18:00:00Z,6.635,70.5,21.067,167.272
2026-06-02T19:00:00Z,6.152,23.667,20.2,152.325
2026-06-02T20:00:00Z,7.443,1.5,19.333,140.435
2026-06-02T21:00:00Z,7.363,0.0,18.55,125.238
2026-06-02T22:00:00Z,8.722,0.0,17.283,116.3
2026-06-02T23:00:00Z,7.695,0.0,16.367,111.895
2026-06-03T00:00:00Z,6.21,0.0,15.967,108.018
2026-06-03T01:00:00Z,6.3,0.0,15.483,107.3
2026-06-03T02:00:00Z,6.233,0.0,15.2,107.19
2026-06-03T03:00:00Z,5.67,0.0,15.133,113.275
2026-06-03T04:00:00Z,6.742,6.833,14.967,130.738
2026-06-03T05:00:00Z,7.4,37.333,15.0,136.83
2026-06-03T06:00:00Z,7.238,103.333,15.267,131.078
2026-06-03T07:00:00Z,6.568,167.667,15.517,112.148
2026-06-03T08:00:00Z,6.83,261.833,16.2,94.092
2026-06-03T09:00:00Z,6.418,311.333,16.767,80.248
2026-06-03T10:00:00Z,6.738,352.5,17.417,58.17
2026-06-03T11:00:00Z,6.532,425.167,17.967,37.832
2026-06-03T12:00:00Z,6.113,500.167,18.517,38.043
2026-06-03T13:00:00Z,5.902,435.833,18.917,47.1
2026-06-03T14:00:00Z,6.072,415.167,19.25,76.9
2026-06-03T15:00:00Z,5.945,385.167,18.8,95.532
2026-06-03T16:00:00Z,5.575,244.167,18.683,122.188
2026-06-03T17:00:00Z,5.923,201.333,18.75,138.368
2026-06-03T18:00:00Z,5.993,119.0,18.65,146.238
2026-06-03T19:00:00Z,5.612,39.0,17.817,133.42
2026-06-03T20:00:00Z,6.213,1.333,17.083,120.952
2026-06-03T21:00:00Z,7.69,0.0,16.467,99.408
2026-06-03T22:00:00Z,7.777,0.0,15.967,86.205
2026-06-03T23:00:00Z,8.492,0.0,15.7,75.488
2026-06-04T00:00:00Z,8.49,0.0,15.433,66.92
2026-06-04T01:00:00Z,8.707,0.0,15.067,67.472
2026-06-04T02:00:00Z,8.642,0.0,14.95,68.292
2026-06-04T03:00:00Z,8.772,0.0,14.967,71.185
2026-06-04T04:00:00Z,8.557,14.0,14.85,73.97
2026-06-04T05:00:00Z,7.978,69.167,15.25,87.08
2026-06-04T06:00:00Z,8.098,118.667,16.317,75.62
2026-06-04T07:00:00Z,7.788,239.667,17.183,34.125
2026-06-04T08:00:00Z,7.588,335.667,18.283,4.79
2026-06-04T09:00:00Z,7.397,369.5,19.117,-0.002
2026-06-04T10:00:00Z,7.447,403.5,19.65,-0.025
2026-06-04T11:00:00Z,7.573,390.667,20.217,-0.048
2026-06-04T12:00:00Z,7.455,405.833,20.683,-0.035
2026-06-04T13:00:00Z,7.39,396.333,20.917,1.618
2026-06-04T14:00:00Z,8.62,318.833,21.0,28.638
2026-06-04T15:00:00Z,7.305,230.5,20.3,70.152
2026-06-04T16:00:00Z,5.573,146.5,18.883,101.502
2026-06-04T17:00:00Z,6.54,127.667,18.4,114.165
2026-06-04T18:00:00Z,7.475,73.833,16.933,117.962
2026-06-04T19:00:00Z,7.87,24.0,16.417,115.372
2026-06-04T20:00:00Z,8.457,2.5,15.85,111.69
2026-06-04T21:00:00Z,7.107,0.0,15.133,100.05
2026-06-04T22:00:00Z,7.1,0.0,14.75,80.695
2026-06-04T23:00:00Z,8.087,0.0,14.533,79.447
2026-06-05T00:00:00Z,8.282,0.0,14.15,83.447
2026-06-05T01:00:00Z,7.552,0.0,13.867,85.025
2026-06-05T02:00:00Z,7.678,0.0,13.7,89.832
2026-06-05T03:00:00Z,7.235,0.0,13.283,97.258
2026-06-05T04:00:00Z,6.838,15.833,13.083,114.898
2026-06-05T05:00:00Z,6.418,66.833,13.317,118.618
2026-06-05T06:00:00Z,6.51,138.833,13.9,113.818
2026-06-05T07:00:00Z,6.34,240.0,14.667,98.3
2026-06-05T08:00:00Z,6.123,367.333,15.817,86.115
2026-06-05T09:00:00Z,6.327,446.5,16.8,70.825
2026-06-05T10:00:00Z,6.07,538.667,17.683,45.205
2026-06-05T11:00:00Z,6.137,572.167,18.067,34.178
2026-06-05T12:00:00Z,5.365,590.167,18.417,27.2
2026-06-05T13:00:00Z,5.943,496.5,18.717,38.01
2026-06-05T14:00:00Z,5.455,528.333,19.233,72.555
2026-06-05T15:00:00Z,5.255,401.5,18.95,104.252
2026-06-05T16:00:00Z,4.423,322.5,18.717,128.902
2026-06-05T17:00:00Z,3.822,243.333,18.433,150.498
2026-06-05T18:00:00Z,4.135,134.667,18.5,179.078
2026-06-05T19:00:00Z,3.613,51.333,17.783,189.355
2026-06-05T20:00:00Z,4.142,4.0,16.85,169.135
2026-06-05T21:00:00Z,3.447,0.0,15.383,152.06
2026-06-05T22:00:00Z,3.205,0.0,14.8,148.242
2026-06-05T23:00:00Z,2.958,0.0,14.217,137.18
2026-06-06T00:00:00Z,2.753,0.0,13.417,134.79
2026-06-06T01:00:00Z,2.742,0.0,13.0,116.168
2026-06-06T02:00:00Z,2.503,0.0,12.7,130.182
2026-06-06T03:00:00Z,2.392,0.0,12.183,126.035
2026-06-06T04:00:00Z,2.79,21.333,12.017,117.69
2026-06-06T05:00:00Z,3.018,98.333,12.6,102.315
2026-06-06T06:00:00Z,2.767,205.333,14.033,81.018
2026-06-06T07:00:00Z,2.233,345.5,15.55,50.0
2026-06-06T08:00:00Z,2.707,453.333,17.233,14.742
2026-06-06T09:00:00Z,2.997,578.167,19.033,0.032
2026-06-06T10:00:00Z,3.033,677.0,20.3,-0.03
2026-06-06T11:00:00Z,3.363,738.167,21.4,-0.025
2026-06-06T12:00:00Z,3.373,663.167,21.883,0.022
2026-06-06T13:00:00Z,4.082,665.667,22.583,9.51
2026-06-06T14:00:00Z,4.497,480.667,22.6,46.105
2026-06-06T15:00:00Z,4.255,372.167,22.883,93.282
2026-06-06T16:00:00Z,4.782,243.667,22.617,121.788
2026-06-06T17:00:00Z,4.352,181.833,22.317,133.85
2026-06-06T18:00:00Z,4.3,98.333,22.033,152.432
2026-06-06T19:00:00Z,4.112,39.167,21.083,150.922
2026-06-06T20:00:00Z,4.407,1.833,19.85,134.328
2026-06-06T21:00:00Z,5.527,0.0,18.6,121.542
2026-06-06T22:00:00Z,5.682,0.0,18.1,110.7
2026-06-06T23:00:00Z,5.34,0.0,17.45,99.512
2026-06-07T00:00:00Z,5.922,0.0,16.533,92.208
2026-06-07T01:00:00Z,4.928,0.0,16.017,81.415
2026-06-07T02:00:00Z,6.582,0.0,15.733,67.012
2026-06-07T03:00:00Z,6.417,0.0,15.567,39.21
2026-06-07T04:00:00Z,6.587,15.833,15.167,5.048
2026-06-07T05:00:00Z,6.212,68.5,15.233,0.46
2026-06-07T06:00:00Z,5.745,154.333,15.883,-0.552
2026-06-07T07:00:00Z,6.567,250.833,16.533,-5.05
2026-06-07T08:00:00Z,7.113,310.5,16.967,-8.0
2026-06-07T09:00:00Z,7.875,354.833,17.833,-14.052
2026-06-07T10:00:00Z,8.652,462.167,18.517,-18.262
2026-06-07T11:00:00Z,8.487,523.167,19.4,-35.938
2026-06-07T12:00:00Z,7.46,534.833,19.983,-44.738
2026-06-07T13:00:00Z,8.327,491.833,20.05,-36.47
2026-06-07T14:00:00Z,8.423,443.5,19.95,-15.96
2026-06-07T15:00:00Z,7.778,430.0,19.983,-1.135
2026-06-07T16:00:00Z,7.005,336.833,20.0,53.625
2026-06-07T17:00:00Z,6.657,245.833,19.883,108.002
2026-06-07T18:00:00Z,5.53,144.5,19.667,128.267
2026-06-07T19:00:00Z,5.26,47.333,18.983,137.138
2026-06-07T20:00:00Z,4.937,4.167,17.967,141.188
2026-06-07T21:00:00Z,4.3,0.0,16.95,140.342
2026-06-07T22:00:00Z,4.142,0.0,16.2,140.43
2026-06-07T23:00:00Z,3.585,0.0,15.7,134.238
2026-06-08T00:00:00Z,3.227,0.0,14.933,132.71
2026-06-08T01:00:00Z,3.218,0.0,14.6,127.67
2026-06-08T02:00:00Z,3.383,0.0,14.133,130.175
2026-06-08T03:00:00Z,3.848,0.0,13.383,138.562
2026-06-08T04:00:00Z,4.14,20.167,13.283,150.675
2026-06-08T05:00:00Z,3.723,96.167,13.883,145.675
2026-06-08T06:00:00Z,3.492,207.0,15.317,124.875
2026-06-08T07:00:00Z,2.943,345.833,16.9,100.902
2026-06-08T08:00:00Z,2.998,486.667,18.483,75.915
2026-06-08T09:00:00Z,3.055,591.333,20.167,55.642
2026-06-08T10:00:00Z,3.143,658.0,21.483,54.482
2026-06-08T11:00:00Z,4.087,696.167,22.533,55.218
2026-06-08T12:00:00Z,3.933,686.5,23.2,68.67
2026-06-08T13:00:00Z,3.577,665.167,23.967,88.852
2026-06-08T14:00:00Z,4.235,563.667,24.233,102.58
2026-06-08T15:00:00Z,4.752,378.0,24.317,128.875
2026-06-08T16:00:00Z,5.053,256.833,24.117,151.33
2026-06-08T17:00:00Z,4.558,181.333,23.533,199.322
2026-06-08T18:00:00Z,5.447,89.833,23.167,208.902
2026-06-08T19:00:00Z,5.657,34.0,22.233,185.75
2026-06-08T20:00:00Z,6.495,3.0,20.7,152.368
2026-06-08T21:00:00Z,6.175,0.0,20.167,128.205
2026-06-08T22:00:00Z,6.718,0.0,19.467,129.012
2026-06-08T23:00:00Z,6.602,0.0,18.767,122.158
2026-06-09T00:00:00Z,7.718,0.0,18.367,115.5
2026-06-09T01:00:00Z,6.723,0.0,17.683,111.218
2026-06-09T02:00:00Z,7.245,0.0,17.083,110.475
2026-06-09T03:00:00Z,6.96,0.0,16.783,115.842
2026-06-09T04:00:00Z,7.678,13.0,16.45,130.152
2026-06-09T05:00:00Z,7.332,42.5,16.417,134.632
2026-06-09T06:00:00Z,7.753,71.333,16.1,126.89
2026-06-09T07:00:00Z,8.19,143.5,15.85,107.0
2026-06-09T08:00:00Z,8.133,194.667,15.85,82.335
2026-06-09T09:00:00Z,7.635,358.833,16.05,60.9
2026-06-09T10:00:00Z,8.108,389.667,16.783,25.215
2026-06-09T11:00:00Z,8.247,458.5,17.333,3.532
2026-06-09T12:00:00Z,7.777,510.667,17.583,0.145
2026-06-09T13:00:00Z,7.92,461.667,17.383,1.52
2026-06-09T14:00:00Z,9.178,502.667,17.8,30.585
2026-06-09T15:00:00Z,8.142,428.5,17.867,75.727
2026-06-09T16:00:00Z,6.483,353.167,17.767,118.548
2026-06-09T17:00:00Z,6.132,231.333,17.05,137.3
2026-06-09T18:00:00Z,5.603,136.167,16.717,153.73
2026-06-09T19:00:00Z,4.915,50.833,16.183,156.275
2026-06-09T20:00:00Z,4.932,3.667,15.6,144.992
2026-06-09T21:00:00Z,5.513,0.0,14.75,131.308
2026-06-09T22:00:00Z,6.22,0.0,14.45,124.912
2026-06-09T23:00:00Z,5.22,0.0,13.817,116.902
2026-06-10T00:00:00Z,4.175,0.0,13.15,111.128
2026-06-10T01:00:00Z,4.415,0.0,12.717,111.308
2026-06-10T02:00:00Z,4.387,0.0,12.467,113.24
2026-06-10T03:00:00Z,4.448,0.0,12.033,118.752
2026-06-10T04:00:00Z,4.757,18.5,11.883,131.892
2026-06-10T05:00:00Z,5.162,80.667,12.217,136.808
2026-06-10T06:00:00Z,3.87,174.667,12.767,126.652
2026-06-10T07:00:00Z,3.512,296.5,13.9,104.602
2026-06-10T08:00:00Z,3.392,398.667,14.917,86.558
2026-06-10T09:00:00Z,3.905,509.333,16.1,73.058
2026-06-10T10:00:00Z,3.718,437.333,16.583,68.678
2026-06-10T11:00:00Z,4.46,456.333,16.75,71.568
2026-06-10T12:00:00Z,4.682,456.5,16.033,77.825
2026-06-10T13:00:00Z,3.367,526.833,17.1,86.625
2026-06-10T14:00:00Z,5.857,425.833,17.017,103.452
2026-06-10T15:00:00Z,4.462,338.833,16.667,125.4
2026-06-10T16:00:00Z,4.542,250.0,16.6,140.525
2026-06-10T17:00:00Z,5.433,153.333,15.983,170.968
2026-06-10T18:00:00Z,6.677,88.0,15.133,213.98
2026-06-10T19:00:00Z,4.945,38.5,14.383,204.998
2026-06-10T20:00:00Z,5.362,5.167,13.833,168.635
2026-06-10T21:00:00Z,4.692,0.0,12.967,151.75
2026-06-10T22:00:00Z,4.333,0.0,12.667,140.732
2026-06-10T23:00:00Z,5.06,0.0,12.3,133.488
2026-06-11T00:00:00Z,4.33,0.0,12.0,126.195
2026-06-11T01:00:00Z,4.323,0.0,11.767,125.758
2026-06-11T02:00:00Z,4.983,0.0,11.45,126.045
2026-06-11T03:00:00Z,5.367,0.0,11.167,126.662
2026-06-11T04:00:00Z,5.2,18.333,11.05,138.33
2026-06-11T05:00:00Z,4.552,89.167,11.367,138.798
2026-06-11T06:00:00Z,4.478,203.667,12.25,126.64
2026-06-11T07:00:00Z,4.463,308.333,13.05,103.798
2026-06-11T08:00:00Z,4.74,365.0,13.767,90.542
2026-06-11T09:00:00Z,4.588,439.5,14.8,76.972
2026-06-11T10:00:00Z,5.013,548.167,15.6,60.272
2026-06-11T11:00:00Z,5.833,564.667,16.133,45.31
2026-06-11T12:00:00Z,5.478,569.667,16.5,31.58
2026-06-11T13:00:00Z,5.48,435.167,16.1,51.025
2026-06-11T14:00:00Z,5.205,482.5,16.583,78.468
2026-06-11T15:00:00Z,5.197,369.333,16.883,101.598
2026-06-11T16:00:00Z,5.38,338.333,16.883,127.98
2026-06-11T17:00:00Z,4.92,243.667,16.467,146.235
2026-06-11T18:00:00Z,4.198,151.333,16.383,174.858
2026-06-11T19:00:00Z,3.642,39.333,15.65,164.942
2026-06-11T20:00:00Z,4.225,3.5,14.95,137.232
2026-06-11T21:00:00Z,4.563,0.0,14.1,116.062
2026-06-11T22:00:00Z,4.403,0.0,13.4,116.895
2026-06-11T23:00:00Z,4.828,0.0,13.0,102.012
2026-06-12T00:00:00Z,5.348,0.0,12.65,94.505
2026-06-12T01:00:00Z,5.32,0.0,12.417,92.053
2026-06-12T02:00:00Z,6.038,0.0,12.233,93.048
2026-06-12T03:00:00Z,6.125,0.0,12.1,96.078
2026-06-12T04:00:00Z,5.675,9.333,12.017,117.758
2026-06-12T05:00:00Z,5.867,30.667,12.15,122.655
2026-06-12T06:00:00Z,5.787,57.167,12.75,127.34
2026-06-12T07:00:00Z,6.262,107.0,13.217,117.405
2026-06-12T08:00:00Z,6.413,159.5,13.867,102.1
2026-06-12T09:00:00Z,6.595,152.667,14.483,90.51
2026-06-12T10:00:00Z,6.578,150.167,14.933,81.005
2026-06-12T11:00:00Z,7.208,147.667,15.367,70.132
2026-06-12T12:00:00Z,7.358,166.333,16.15,60.37
2026-06-12T13:00:00Z,6.62,197.0,16.55,56.048
2026-06-12T14:00:00Z,7.395,183.5,17.183,68.268
2026-06-12T15:00:00Z,8.578,134.833,17.367,78.872
2026-06-12T16:00:00Z,8.287,186.333,17.667,103.65
2026-06-12T17:00:00Z,9.04,114.0,17.45,115.872
2026-06-12T18:00:00Z,8.382,60.5,17.217,110.665
2026-06-12T19:00:00Z,7.778,34.0,16.767,109.81
2026-06-12T20:00:00Z,7.74,4.167,16.4,111.122
2026-06-12T21:00:00Z,7.6,0.0,16.1,100.898
2026-06-12T22:00:00Z,6.887,0.0,15.8,87.085
2026-06-12T23:00:00Z,6.747,0.0,15.567,74.045
2026-06-13T00:00:00Z,6.888,0.0,15.533,65.852
2026-06-13T01:00:00Z,7.208,0.0,15.25,63.835
2026-06-13T02:00:00Z,7.798,0.0,15.217,65.558
2026-06-13T03:00:00Z,7.363,0.0,15.067,53.795
2026-06-13T04:00:00Z,8.145,16.0,15.15,31.63
2026-06-13T05:00:00Z,8.827,66.0,15.483,13.655
2026-06-13T06:00:00Z,8.788,158.5,16.233,0.327
2026-06-13T07:00:00Z,8.653,256.5,16.867,-1.108
2026-06-13T08:00:00Z,9.18,293.333,17.467,-4.918
2026-06-13T09:00:00Z,9.732,376.333,18.117,-15.695
2026-06-13T10:00:00Z,11.047,415.167,18.717,-27.422
2026-06-13T11:00:00Z,10.902,463.167,19.35,-45.868
2026-06-13T12:00:00Z,10.127,496.5,19.167,-44.998
2026-06-13T13:00:00Z,10.485,456.0,19.6,-31.54
2026-06-13T14:00:00Z,11.672,481.0,19.983,-19.17
2026-06-13T15:00:00Z,11.288,413.5,19.783,-4.215
2026-06-13T16:00:00Z,11.512,328.5,19.517,-0.548
2026-06-13T17:00:00Z,10.677,223.5,18.467,33.41
2026-06-13T18:00:00Z,9.633,136.333,18.183,72.255
2026-06-13T19:00:00Z,9.76,48.5,17.233,87.16
2026-06-13T20:00:00Z,10.027,4.333,16.367,102.485
2026-06-13T21:00:00Z,8.432,0.0,15.65,88.0
2026-06-13T22:00:00Z,8.717,0.0,15.017,67.788
2026-06-13T23:00:00Z,8.447,0.0,14.567,49.44
2026-06-14T00:00:00Z,8.265,0.0,14.183,34.078
2026-06-14T01:00:00Z,8.008,0.0,13.767,28.072
2026-06-14T02:00:00Z,8.222,0.0,13.483,26.572
2026-06-14T03:00:00Z,8.343,0.0,12.983,21.368
2026-06-14T04:00:00Z,8.473,16.0,12.917,7.74
2026-06-14T05:00:00Z,9.213,68.167,13.2,0.46
2026-06-14T06:00:00Z,8.71,154.667,13.6,-0.348
2026-06-14T07:00:00Z,8.765,229.0,14.133,-2.832
2026-06-14T08:00:00Z,9.64,303.0,14.8,-6.37
2026-06-14T09:00:00Z,9.207,342.167,15.333,-9.288
2026-06-14T10:00:00Z,9.725,388.833,15.9,-14.992
2026-06-14T11:00:00Z,10.347,436.167,16.517,-23.422
2026-06-14T12:00:00Z,9.813,399.167,17.083,-25.0
2026-06-14T13:00:00Z,10.052,515.167,17.667,-20.0
2026-06-14T14:00:00Z,10.5,393.667,17.483,-9.202
2026-06-14T15:00:00Z,9.893,322.0,17.35,-1.745
2026-06-14T16:00:00Z,9.755,244.0,17.4,5.28
2026-06-14T17:00:00Z,9.902,183.5,16.9,62.082
2026-06-14T18:00:00Z,9.547,117.167,16.65,94.88
2026-06-14T19:00:00Z,8.953,38.0,15.917,102.628
2026-06-14T20:00:00Z,8.297,2.833,15.217,112.28
2026-06-14T21:00:00Z,7.982,0.0,14.583,103.395
2026-06-14T22:00:00Z,7.547,0.0,14.133,101.432
2026-06-14T23:00:00Z,7.118,0.0,13.833,92.91
2026-06-15T00:00:00Z,7.043,0.0,13.45,85.375
2026-06-15T01:00:00Z,6.603,0.0,12.983,83.748
2026-06-15T02:00:00Z,7.148,0.0,12.567,84.388
2026-06-15T03:00:00Z,7.298,0.0,12.317,91.405
2026-06-15T04:00:00Z,7.36,12.667,12.167,105.692
2026-06-15T05:00:00Z,7.64,64.167,12.383,107.392
2026-06-15T06:00:00Z,7.863,147.5,13.067,91.44
2026-06-15T07:00:00Z,8.34,258.0,13.817,63.652
2026-06-15T08:00:00Z,8.973,334.167,14.733,21.558
2026-06-15T09:00:00Z,8.96,424.833,15.117,1.008
2026-06-15T10:00:00Z,9.36,443.333,15.5,-0.028
2026-06-15T11:00:00Z,9.07,515.667,16.367,-1.482
2026-06-15T12:00:00Z,9.383,511.667,16.833,-2.902
2026-06-15T13:00:00Z,9.052,571.333,17.283,-0.932
2026-06-15T14:00:00Z,9.233,494.667,17.783,-0.015
2026-06-15T15:00:00Z,8.635,447.0,17.883,43.677
2026-06-15T16:00:00Z,8.502,377.667,17.733,91.452
2026-06-15T17:00:00Z,7.725,274.0,17.483,129.083
2026-06-15T18:00:00Z,7.392,143.667,17.183,148.695
2026-06-15T19:00:00Z,7.22,52.167,16.183,156.26
2026-06-15T20:00:00Z,6.685,4.5,15.3,153.792
2026-06-15T21:00:00Z,6.447,0.0,14.5,134.755
2026-06-15T22:00:00Z,6.298,0.0,13.833,122.828
2026-06-15T23:00:00Z,5.543,0.0,13.317,117.318
2026-06-16T00:00:00Z,5.527,0.0,12.5,113.775
2026-06-16T01:00:00Z,5.367,0.0,12.033,110.992
2026-06-16T02:00:00Z,4.735,0.0,11.517,111.24
2026-06-16T03:00:00Z,4.663,0.167,11.183,115.122
2026-06-16T04:00:00Z,4.713,20.167,11.1,127.992
2026-06-16T05:00:00Z,4.212,81.833,11.7,131.695
2026-06-16T06:00:00Z,3.852,176.0,13.05,126.315
2026-06-16T07:00:00Z,3.633,298.5,14.467,109.502
2026-06-16T08:00:00Z,3.253,396.167,15.683,85.98
2026-06-16T09:00:00Z,3.725,411.0,17.017,80.538
2026-06-16T10:00:00Z,4.283,489.0,17.767,66.498
2026-06-16T11:00:00Z,4.362,571.5,18.9,54.255
2026-06-16T12:00:00Z,3.97,544.5,19.65,50.732
2026-06-16T13:00:00Z,3.808,563.5,20.433,60.22
2026-06-16T14:00:00Z,4.37,512.0,20.933,81.458
2026-06-16T15:00:00Z,5.983,429.333,21.25,109.722
2026-06-16T16:00:00Z,5.402,342.5,20.933,127.11
2026-06-16T17:00:00Z,5.723,251.0,20.767,148.118
2026-06-16T18:00:00Z,5.145,153.167,20.267,174.102
2026-06-16T19:00:00Z,5.422,61.333,19.5,181.42
2026-06-16T20:00:00Z,4.615,5.833,18.55,163.86
2026-06-16T21:00:00Z,4.987,0.0,17.467,143.108
2026-06-16T22:00:00Z,4.628,0.0,16.833,141.23
2026-06-16T23:00:00Z,4.43,0.0,16.367,135.392
2026-06-17T00:00:00Z,3.975,0.0,15.417,129.33
2026-06-17T01:00:00Z,3.815,0.0,14.733,127.54
2026-06-17T02:00:00Z,3.497,0.0,14.35,127.415
2026-06-17T03:00:00Z,3.513,0.167,13.783,128.045
2026-06-17T04:00:00Z,3.088,24.0,13.567,140.265
2026-06-17T05:00:00Z,2.812,104.5,14.233,136.675
2026-06-17T06:00:00Z,2.215,208.167,15.717,121.755
2026-06-17T07:00:00Z,2.22,308.833,16.917,105.795
2026-06-17T08:00:00Z,2.535,418.667,18.2,88.245
2026-06-17T09:00:00Z,3.04,555.333,19.767,78.488
2026-06-17T10:00:00Z,3.577,652.333,21.083,72.23
2026-06-17T11:00:00Z,4.658,690.167,22.283,62.792
2026-06-17T12:00:00Z,4.463,643.167,22.95,66.258
2026-06-17T13:00:00Z,4.463,522.833,23.433,75.975
2026-06-17T14:00:00Z,4.96,479.833,24.1,88.092
2026-06-17T15:00:00Z,5.145,365.167,24.517,106.425
2026-06-17T16:00:00Z,5.438,267.333,23.967,120.738
2026-06-17T17:00:00Z,4.925,197.333,23.8,142.558
2026-06-17T18:00:00Z,4.878,118.667,23.25,162.39
2026-06-17T19:00:00Z,4.387,38.5,22.667,164.115
2026-06-17T20:00:00Z,4.36,2.833,21.733,158.61
2026-06-17T21:00:00Z,4.562,0.0,20.967,142.738
2026-06-17T22:00:00Z,4.442,0.0,20.283,135.258
2026-06-17T23:00:00Z,3.76,0.0,19.7,125.728
2026-06-18T00:00:00Z,3.69,0.0,19.2,121.862
2026-06-18T01:00:00Z,3.238,0.0,18.817,119.685
2026-06-18T02:00:00Z,3.365,0.0,18.383,119.312
2026-06-18T03:00:00Z,3.337,0.0,18.067,127.09
2026-06-18T04:00:00Z,3.133,13.167,17.733,135.3
2026-06-18T05:00:00Z,3.442,68.833,18.0,135.265
2026-06-18T06:00:00Z,3.405,163.5,19.85,118.732
2026-06-18T07:00:00Z,2.907,308.333,21.267,101.715
2026-06-18T08:00:00Z,3.412,442.5,22.683,75.135
2026-06-18T09:00:00Z,3.123,529.333,24.333,44.028
2026-06-18T10:00:00Z,3.41,655.5,25.583,28.248
2026-06-18T11:00:00Z,3.782,688.667,26.633,18.67
2026-06-18T12:00:00Z,3.497,698.667,27.3,25.9
2026-06-18T13:00:00Z,4.047,672.333,27.883,48.098
2026-06-18T14:00:00Z,4.453,614.5,28.1,79.06
2026-06-18T15:00:00Z,3.128,536.0,28.25,105.515
2026-06-18T16:00:00Z,3.012,435.333,28.3,135.707
2026-06-18T17:00:00Z,2.5,312.5,28.05,253.392
2026-06-18T18:00:00Z,2.348,189.833,27.95,435.068
2026-06-18T19:00:00Z,2.632,72.0,26.983,441.915
2026-06-18T20:00:00Z,3.098,8.0,25.517,264.32
2026-06-18T21:00:00Z,3.823,0.0,23.7,163.018
2026-06-18T22:00:00Z,4.153,0.0,22.55,146.642
2026-06-18T23:00:00Z,4.67,0.0,21.8,132.512
2026-06-19T00:00:00Z,4.408,0.0,20.8,124.822
2026-06-19T01:00:00Z,4.323,0.0,20.35,120.46
2026-06-19T02:00:00Z,4.712,0.0,20.017,118.468
2026-06-19T03:00:00Z,4.327,0.167,19.6,120.595
2026-06-19T04:00:00Z,4.497,18.667,19.367,138.718
2026-06-19T05:00:00Z,5.512,79.833,19.867,127.372
2026-06-19T06:00:00Z,4.165,184.5,21.45,111.958
2026-06-19T07:00:00Z,2.947,331.667,23.217,95.395
2026-06-19T08:00:00Z,2.343,495.167,25.183,69.908
2026-06-19T09:00:00Z,2.682,635.0,27.433,32.09
2026-06-19T10:00:00Z,3.012,762.167,28.95,15.0
2026-06-19T11:00:00Z,3.192,805.5,30.283,11.235
2026-06-19T12:00:00Z,2.95,769.667,30.983,16.305
2026-06-19T13:00:00Z,4.155,644.5,30.883,42.852
2026-06-19T14:00:00Z,2.783,625.5,31.567,80.685
2026-06-19T15:00:00Z,2.85,588.833,31.383,108.322
2026-06-19T16:00:00Z,3.448,450.0,31.333,129.702
2026-06-19T17:00:00Z,4.075,339.5,31.283,170.785
2026-06-19T18:00:00Z,4.788,185.167,30.433,201.36
2026-06-19T19:00:00Z,4.31,64.333,28.833,185.532
2026-06-19T20:00:00Z,6.227,6.667,26.433,157.862
2026-06-19T21:00:00Z,5.902,0.0,25.233,137.782
2026-06-19T22:00:00Z,6.305,0.0,23.917,130.35
2026-06-19T23:00:00Z,5.415,0.0,23.183,121.12
2026-06-20T00:00:00Z,6.177,0.0,22.9,118.6
2026-06-20T01:00:00Z,7.132,0.0,22.117,116.762
2026-06-20T02:00:00Z,4.708,0.0,21.133,114.798
2026-06-20T03:00:00Z,4.017,0.167,20.9,114.492
2026-06-20T04:00:00Z,3.797,18.167,20.583,109.728
2026-06-20T05:00:00Z,5.043,78.667,20.933,101.678
2026-06-20T06:00:00Z,4.787,160.667,21.917,89.988
2026-06-20T07:00:00Z,6.24,293.0,22.817,41.335
2026-06-20T08:00:00Z,5.237,428.5,24.033,4.125
2026-06-20T09:00:00Z,5.355,487.5,25.65,-0.002
2026-06-20T10:00:00Z,4.177,581.333,26.483,-0.012
2026-06-20T11:00:00Z,3.275,745.167,28.0,-0.018
2026-06-20T12:00:00Z,3.487,728.833,28.817,-0.012
2026-06-20T13:00:00Z,3.895,637.167,29.25,0.25
2026-06-20T14:00:00Z,4.013,589.5,29.633,18.308
2026-06-20T15:00:00Z,2.99,504.667,29.617,84.22
2026-06-20T16:00:00Z,2.903,376.833,29.383,119.782
2026-06-20T17:00:00Z,3.045,278.167,28.883,147.398
2026-06-20T18:00:00Z,2.632,173.667,28.983,171.987
2026-06-20T19:00:00Z,3.435,71.833,27.983,182.55
2026-06-20T20:00:00Z,4.185,8.167,26.25,165.068
2026-06-20T21:00:00Z,4.54,0.0,24.633,146.808
2026-06-20T22:00:00Z,4.988,0.0,23.583,137.915
2026-06-20T23:00:00Z,4.49,0.0,22.8,128.565
2026-06-21T00:00:00Z,4.362,0.0,21.9,126.415
2026-06-21T01:00:00Z,4.31,0.0,21.3,124.17
2026-06-21T02:00:00Z,3.882,0.0,20.767,122.432
2026-06-21T03:00:00Z,3.457,0.167,20.167,119.588
2026-06-21T04:00:00Z,3.217,22.667,20.05,112.1
2026-06-21T05:00:00Z,3.817,93.0,20.683,102.355
2026-06-21T06:00:00Z,4.053,182.0,21.95,70.815
2026-06-21T07:00:00Z,2.413,338.0,23.25,25.982
2026-06-21T08:00:00Z,3.647,423.333,24.367,1.362
2026-06-21T09:00:00Z,3.807,499.167,25.833,-0.002
2026-06-21T10:00:00Z,3.882,592.333,25.983,-0.008
2026-06-21T11:00:00Z,3.617,629.333,26.85,-0.01
2026-06-21T12:00:00Z,2.33,690.5,27.733,-0.005
2026-06-21T13:00:00Z,3.378,668.333,28.133,0.008
2026-06-21T14:00:00Z,3.975,592.5,28.45,12.762
2026-06-21T15:00:00Z,3.318,451.0,28.083,77.72
2026-06-21T16:00:00Z,3.52,364.0,27.633,115.615
2026-06-21T17:00:00Z,3.252,273.167,26.667,133.92
2026-06-21T18:00:00Z,3.587,160.667,25.8,150.002
2026-06-21T19:00:00Z,4.805,58.333,25.1,150.265
2026-06-21T20:00:00Z,5.625,7.5,23.633,146.1
2026-06-21T21:00:00Z,6.175,0.0,22.433,133.992
2026-06-21T22:00:00Z,5.397,0.0,21.267,128.378
2026-06-21T23:00:00Z,5.095,0.0,20.967,120.122
2026-06-22T00:00:00Z,4.68,0.0,20.467,114.962
2026-06-22T01:00:00Z,4.433,0.0,19.883,115.225
2026-06-22T02:00:00Z,4.932,0.0,19.383,117.13
2026-06-22T03:00:00Z,4.72,0.0,18.783,123.89
2026-06-22T04:00:00Z,4.753,21.833,18.5,140.342
2026-06-22T05:00:00Z,4.523,98.5,18.883,146.038
2026-06-22T06:00:00Z,3.597,222.0,20.2,128.822
2026-06-22T07:00:00Z,3.523,388.833,21.6,107.162
2026-06-22T08:00:00Z,3.428,537.5,23.067,84.648
2026-06-22T09:00:00Z,3.248,651.833,24.733,57.302
2026-06-22T10:00:00Z,3.155,724.333,25.75,39.518
2026-06-22T11:00:00Z,3.013,815.0,26.7,32.34
2026-06-22T12:00:00Z,3.362,813.167,27.083,41.805
2026-06-22T13:00:00Z,3.767,769.0,27.5,63.518
2026-06-22T14:00:00Z,4.235,681.333,27.733,90.898
2026-06-22T15:00:00Z,4.457,582.333,27.733,114.07
2026-06-22T16:00:00Z,5.302,457.167,27.383,145.585
2026-06-22T17:00:00Z,5.278,333.5,26.917,198.508
2026-06-22T18:00:00Z,4.983,182.833,26.533,271.778
2026-06-22T19:00:00Z,5.202,71.167,25.567,250.455
2026-06-22T20:00:00Z,5.923,8.0,23.883,189.57
2026-06-22T21:00:00Z,5.655,0.0,22.35,156.002
2026-06-22T22:00:00Z,5.242,0.0,21.367,146.06
2026-06-22T23:00:00Z,5.032,0.0,20.75,139.125
2026-06-23T00:00:00Z,4.933,0.0,19.85,135.01
2026-06-23T01:00:00Z,4.277,0.0,19.3,135.822
2026-06-23T02:00:00Z,3.695,0.0,18.717,138.06
2026-06-23T03:00:00Z,3.705,0.0,18.3,142.3
2026-06-23T04:00:00Z,3.842,22.0,18.117,164.22
2026-06-23T05:00:00Z,3.862,98.167,18.433,160.132
2026-06-23T06:00:00Z,2.152,199.667,19.683,133.788
2026-06-23T07:00:00Z,2.16,352.667,21.133,112.118
2026-06-23T08:00:00Z,2.035,522.833,22.817,96.312
2026-06-23T09:00:00Z,2.01,627.5,24.517,76.52
2026-06-23T10:00:00Z,2.228,691.833,25.633,67.145
2026-06-23T11:00:00Z,2.422,792.833,26.617,60.345
2026-06-23T12:00:00Z,2.573,782.667,27.367,67.652
2026-06-23T13:00:00Z,2.743,721.167,28.033,81.352
2026-06-23T14:00:00Z,2.98,668.5,28.217,101.065
2026-06-23T15:00:00Z,3.718,576.667,28.567,121.708
2026-06-23T16:00:00Z,3.613,478.167,28.467,169.682
2026-06-23T17:00:00Z,3.912,336.0,28.033,340.705
2026-06-23T18:00:00Z,3.503,195.5,27.667,545.505
2026-06-23T19:00:00Z,3.263,77.0,26.683,528.738
2026-06-23T20:00:00Z,4.095,8.833,25.25,335.118
2026-06-23T21:00:00Z,3.555,0.0,23.6,199.398
2026-06-23T22:00:00Z,3.805,0.0,22.533,178.802
2026-06-23T23:00:00Z,4.035,0.0,21.85,162.655
2026-06-24T00:00:00Z,3.987,0.0,20.983,148.005
2026-06-24T01:00:00Z,3.573,0.0,20.567,144.05
2026-06-24T02:00:00Z,3.015,0.0,20.05,144.46
2026-06-24T03:00:00Z,3.365,0.167,19.467,151.618
2026-06-24T04:00:00Z,3.182,24.667,19.133,178.168
2026-06-24T05:00:00Z,2.697,114.5,19.733,172.61
2026-06-24T06:00:00Z,2.162,247.333,21.567,149.348
2026-06-24T07:00:00Z,1.587,397.167,23.3,119.312
2026-06-24T08:00:00Z,1.482,542.5,25.167,102.412
2026-06-24T09:00:00Z,1.733,658.333,27.183,84.52
2026-06-24T10:00:00Z,1.568,720.333,28.417,73.51
2026-06-24T11:00:00Z,1.425,827.333,29.567,70.982
2026-06-24T12:00:00Z,1.842,788.667,30.267,74.515
2026-06-24T13:00:00Z,2.56,774.5,30.983,89.348
2026-06-24T14:00:00Z,2.327,721.0,31.483,109.375
2026-06-24T15:00:00Z,2.617,591.167,31.7,129.66
2026-06-24T16:00:00Z,3.3,467.333,31.533,196.785
2026-06-24T17:00:00Z,3.942,319.333,31.05,455.138
2026-06-24T18:00:00Z,3.603,193.167,30.617,665.82
2026-06-24T19:00:00Z,4.062,74.667,29.433,660.158
2026-06-24T20:00:00Z,4.103,8.5,28.033,463.252
2026-06-24T21:00:00Z,4.393,0.0,26.05,263.61
2026-06-24T22:00:00Z,4.25,0.0,24.833,169.568
2026-06-24T23:00:00Z,3.957,0.0,23.933,154.935
2026-06-25T00:00:00Z,3.192,0.0,22.867,145.385
2026-06-25T01:00:00Z,2.99,0.0,22.167,142.972
2026-06-25T02:00:00Z,3.433,0.0,21.567,141.908
2026-06-25T03:00:00Z,3.748,0.0,20.767,144.572
2026-06-25T04:00:00Z,3.775,20.0,20.783,161.33
2026-06-25T05:00:00Z,3.64,103.667,21.55,148.418
2026-06-25T06:00:00Z,3.53,239.167,23.167,119.098
2026-06-25T07:00:00Z,2.657,394.167,24.917,105.008
2026-06-25T08:00:00Z,2.862,548.0,26.6,84.745
2026-06-25T09:00:00Z,3.168,677.5,28.3,67.092
2026-06-25T10:00:00Z,3.398,773.667,29.383,42.7
2026-06-25T11:00:00Z,3.627,817.667,30.133,33.96
2026-06-25T12:00:00Z,3.777,811.333,30.45,37.265
2026-06-25T13:00:00Z,4.15,794.833,30.917,67.808
2026-06-25T14:00:00Z,4.328,718.167,31.217,88.292
2026-06-25T15:00:00Z,4.532,622.667,31.467,106.6
2026-06-25T16:00:00Z,4.772,497.167,31.35,135.23
2026-06-25T17:00:00Z,5.388,348.833,30.683,203.315
2026-06-25T18:00:00Z,5.778,200.333,29.967,285.773
2026-06-25T19:00:00Z,6.253,78.333,28.567,276.615
2026-06-25T20:00:00Z,6.67,9.0,26.817,186.638
2026-06-25T21:00:00Z,6.727,0.0,25.267,155.745
2026-06-25T22:00:00Z,6.338,0.0,23.95,144.7
2026-06-25T23:00:00Z,5.582,0.0,23.067,130.725
2026-06-26T00:00:00Z,5.047,0.0,22.117,122.482
2026-06-26T01:00:00Z,4.843,0.0,21.433,120.932
2026-06-26T02:00:00Z,4.447,0.0,20.683,122.605
2026-06-26T03:00:00Z,4.427,0.0,20.033,129.548
2026-06-26T04:00:00Z,4.307,23.333,19.917,146.03
2026-06-26T05:00:00Z,3.982,112.5,20.65,137.97
2026-06-26T06:00:00Z,3.938,246.167,22.683,119.805
2026-06-26T07:00:00Z,3.253,398.333,24.517,108.273
2026-06-26T08:00:00Z,3.532,546.833,26.55,93.242
2026-06-26T09:00:00Z,3.52,676.667,28.767,67.705
2026-06-26T10:00:00Z,3.972,779.833,30.467,49.49
2026-06-26T11:00:00Z,3.822,837.833,32.083,38.5
2026-06-26T12:00:00Z,3.505,853.667,32.817,40.0
2026-06-26T13:00:00Z,4.322,796.833,33.533,68.982
2026-06-26T14:00:00Z,4.47,752.5,34.267,93.12
2026-06-26T15:00:00Z,3.983,645.167,34.683,110.992
2026-06-26T16:00:00Z,4.23,509.833,34.433,150.345
2026-06-26T17:00:00Z,4.802,359.5,34.2,243.545
2026-06-26T18:00:00Z,4.878,210.333,33.6,350.46
2026-06-26T19:00:00Z,5.817,80.667,32.133,295.778
2026-06-26T20:00:00Z,6.347,9.167,30.017,202.655
2026-06-26T21:00:00Z,6.058,0.0,28.167,154.86
2026-06-26T22:00:00Z,5.898,0.0,26.85,132.045
2026-06-26T23:00:00Z,5.88,0.0,25.767,124.5
2026-06-27T00:00:00Z,5.427,0.0,25.067,117.995
2026-06-27T01:00:00Z,5.418,0.0,24.367,115.83
2026-06-27T02:00:00Z,4.887,0.0,23.817,115.325
2026-06-27T03:00:00Z,4.468,0.0,23.133,114.0
2026-06-27T04:00:00Z,3.767,23.167,22.833,112.725
2026-06-27T05:00:00Z,3.97,105.667,23.267,109.273
2026-06-27T06:00:00Z,2.992,233.667,25.383,102.868
2026-06-27T07:00:00Z,1.648,383.5,27.417,73.568
2026-06-27T08:00:00Z,1.505,535.333,29.3,36.025
2026-06-27T09:00:00Z,1.737,659.5,31.683,9.668
2026-06-27T10:00:00Z,2.127,766.333,33.533,0.525
2026-06-27T11:00:00Z,2.385,824.833,34.85,0.028
2026-06-27T12:00:00Z,3.27,829.667,35.317,3.392
2026-06-27T13:00:00Z,3.028,710.333,35.983,12.768
2026-06-27T14:00:00Z,3.032,699.5,36.733,51.0
2026-06-27T15:00:00Z,3.278,565.667,36.3,100.605
2026-06-27T16:00:00Z,4.777,444.667,35.283,127.132
2026-06-27T17:00:00Z,3.94,307.833,34.867,171.755
2026-06-27T18:00:00Z,3.07,169.167,34.383,221.25
2026-06-27T19:00:00Z,3.342,63.667,32.95,214.308
2026-06-27T20:00:00Z,4.027,8.333,31.133,174.998
2026-06-27T21:00:00Z,5.178,0.0,28.85,144.595
2026-06-27T22:00:00Z,4.512,0.0,27.833,136.46
2026-06-27T23:00:00Z,6.075,0.0,26.9,126.03
2026-06-28T00:00:00Z,5.228,0.0,26.517,119.682
2026-06-28T01:00:00Z,5.352,0.0,25.65,115.688
2026-06-28T02:00:00Z,6.242,0.0,24.967,114.735
2026-06-28T03:00:00Z,6.433,0.0,24.183,115.122
2026-06-28T04:00:00Z,6.703,16.0,24.0,112.062
2026-06-28T05:00:00Z,6.453,84.167,24.65,104.43
2026-06-28T06:00:00Z,4.108,185.333,25.85,76.685
2026-06-28T07:00:00Z,3.103,338.5,27.117,32.812
2026-06-28T08:00:00Z,3.76,510.667,28.6,5.152
2026-06-28T09:00:00Z,4.457,615.833,30.283,0.12
2026-06-28T10:00:00Z,4.658,731.833,31.417,-0.023
2026-06-28T11:00:00Z,4.623,809.5,32.6,-0.905
2026-06-28T12:00:00Z,4.43,783.167,32.917,-0.028
2026-06-28T13:00:00Z,4.982,770.5,33.3,1.62
2026-06-28T14:00:00Z,5.488,707.667,33.617,27.665
2026-06-28T15:00:00Z,5.648,546.333,33.533,84.642
2026-06-28T16:00:00Z,5.87,443.667,33.233,114.51
2026-06-28T17:00:00Z,5.83,313.833,32.167,137.988
2026-06-28T18:00:00Z,5.575,182.167,31.233,153.178
2026-06-28T19:00:00Z,5.438,65.167,29.817,161.04
2026-06-28T20:00:00Z,5.47,7.5,28.233,157.295
2026-06-28T21:00:00Z,5.412,0.0,26.933,144.115
2026-06-28T22:00:00Z,5.54,0.0,25.933,123.118
2026-06-28T23:00:00Z,5.24,0.0,25.017,113.665
2026-06-29T00:00:00Z,5.485,0.0,24.283,113.025
2026-06-29T01:00:00Z,4.917,0.0,23.65,109.76
2026-06-29T02:00:00Z,5.015,0.0,23.067,114.87
2026-06-29T03:00:00Z,4.758,0.0,22.35,127.342
2026-06-29T04:00:00Z,4.792,13.333,22.083,149.738
2026-06-29T05:00:00Z,4.285,55.667,22.233,152.162
2026-06-29T06:00:00Z,3.86,89.0,22.517,143.292
2026-06-29T07:00:00Z,4.355,175.833,22.733,120.948
2026-06-29T08:00:00Z,3.618,254.0,23.15,106.925
2026-06-29T09:00:00Z,4.602,284.333,23.833,99.1
2026-06-29T10:00:00Z,5.11,466.833,24.417,89.508
2026-06-29T11:00:00Z,4.613,523.333,25.0,82.028
2026-06-29T12:00:00Z,5.772,548.333,25.1,86.385
2026-06-29T13:00:00Z,6.058,543.333,25.567,96.78
2026-06-29T14:00:00Z,5.565,537.667,25.733,103.732
2026-06-29T15:00:00Z,5.708,473.833,25.867,115.075
2026-06-29T16:00:00Z,5.878,369.5,25.317,134.91
2026-06-29T17:00:00Z,5.53,238.667,24.567,197.65
2026-06-29T18:00:00Z,5.898,133.833,23.467,284.332
2026-06-29T19:00:00Z,5.338,62.667,22.35,301.365
2026-06-29T20:00:00Z,4.478,9.0,21.65,230.89
2026-06-29T21:00:00Z,3.977,0.0,20.867,170.0
2026-06-29T22:00:00Z,4.568,0.0,20.3,161.735
2026-06-29T23:00:00Z,3.467,0.0,19.817,145.37
2026-06-30T00:00:00Z,3.818,0.0,18.933,140.205
2026-06-30T01:00:00Z,3.117,0.0,18.583,140.722
2026-06-30T02:00:00Z,3.372,0.0,18.283,141.368
2026-06-30T03:00:00Z,3.618,0.0,17.933,151.505
2026-06-30T04:00:00Z,4.025,20.167,17.833,186.655
2026-06-30T05:00:00Z,3.757,91.333,18.317,189.31
2026-06-30T06:00:00Z,3.112,189.667,19.5,156.018
2026-06-30T07:00:00Z,2.743,291.333,20.767,122.595
2026-06-30T08:00:00Z,2.857,394.0,21.85,108.867
2026-06-30T09:00:00Z,2.518,478.5,23.033,101.795
2026-06-30T10:00:00Z,2.702,504.0,23.75,99.075
2026-06-30T11:00:00Z,3.17,552.667,24.6,99.42
2026-06-30T12:00:00Z,3.502,581.167,25.483,102.89
2026-06-30T13:00:00Z,3.295,545.5,26.0,116.105
2026-06-30T14:00:00Z,3.498,511.167,26.317,127.4
2026-06-30T15:00:00Z,3.412,434.5,26.333,151.233
2026-06-30T16:00:00Z,4.3,278.167,25.583,245.478
2026-06-30T17:00:00Z,3.587,163.5,24.65,451.58
2026-06-30T18:00:00Z,3.495,97.167,23.817,504.768
2026-06-30T19:00:00Z,4.762,36.5,23.15,395.742
2026-06-30T20:00:00Z,4.832,4.333,22.367,273.532
2026-06-30T21:00:00Z,4.757,0.0,21.7,182.48
2026-06-30T22:00:00Z,3.762,0.0,21.067,164.9
2026-06-30T23:00:00Z,3.947,0.0,20.417,150.308
2026-07-01T00:00:00Z,3.577,0.0,19.867,146.78
2026-07-01T01:00:00Z,3.785,0.0,19.6,146.995
2026-07-01T02:00:00Z,3.662,0.0,19.133,151.038
2026-07-01T03:00:00Z,3.173,0.0,18.7,160.355
2026-07-01T04:00:00Z,3.252,9.833,18.5,196.328
2026-07-01T05:00:00Z,3.495,46.0,18.65,203.297
2026-07-01T06:00:00Z,3.355,95.333,18.983,180.242
2026-07-01T07:00:00Z,3.953,146.0,19.533,145.7
2026-07-01T08:00:00Z,4.185,240.167,19.983,125.41
2026-07-01T09:00:00Z,3.468,311.5,20.483,119.448
2026-07-01T10:00:00Z,3.687,424.333,21.25,115.858
2026-07-01T11:00:00Z,3.99,475.833,22.017,110.392
2026-07-01T12:00:00Z,3.968,505.167,22.533,99.715
2026-07-01T13:00:00Z,3.888,434.0,22.817,97.275
2026-07-01T14:00:00Z,4.927,423.167,23.1,99.39
2026-07-01T15:00:00Z,6.037,299.833,21.783,101.41
2026-07-01T16:00:00Z,4.96,295.5,21.733,120.27
2026-07-01T17:00:00Z,4.192,233.5,21.717,167.998
2026-07-01T18:00:00Z,4.513,163.167,21.3,231.685
2026-07-01T19:00:00Z,5.005,68.5,20.867,243.455
2026-07-01T20:00:00Z,5.168,8.833,20.033,199.465
2026-07-01T21:00:00Z,4.428,0.0,19.05,156.665
2026-07-01T22:00:00Z,4.505,0.0,18.5,160.165
2026-07-01T23:00:00Z,4.132,0.0,17.95,143.41
2026-07-02T00:00:00Z,3.843,0.0,17.133,130.357
2026-07-02T01:00:00Z,3.703,0.0,16.617,120.328
2026-07-02T02:00:00Z,3.722,0.0,16.25,114.092
2026-07-02T03:00:00Z,3.752,0.0,15.867,114.452
2026-07-02T04:00:00Z,4.522,21.0,15.733,121.065
2026-07-02T05:00:00Z,4.593,105.0,16.367,112.928
2026-07-02T06:00:00Z,4.127,225.667,17.817,91.315
2026-07-02T07:00:00Z,4.492,348.667,19.317,45.092
2026-07-02T08:00:00Z,5.372,469.667,20.9,5.535
2026-07-02T09:00:00Z,6.37,542.667,22.567,-0.072
2026-07-02T10:00:00Z,7.838,547.333,23.5,-1.648
2026-07-02T11:00:00Z,8.17,508.5,24.033,-1.965
2026-07-02T12:00:00Z,8.047,496.0,24.317,-3.002
2026-07-02T13:00:00Z,8.517,601.0,24.667,-1.998
2026-07-02T14:00:00Z,9.367,502.0,24.883,-0.505
2026-07-02T15:00:00Z,8.978,361.833,24.983,2.895
2026-07-02T16:00:00Z,10.207,321.0,24.867,46.838
2026-07-02T17:00:00Z,10.955,207.167,23.583,90.46
2026-07-02T18:00:00Z,9.168,121.833,22.333,107.252
2026-07-02T19:00:00Z,10.245,41.667,21.0,117.922
2026-07-02T20:00:00Z,9.062,6.0,20.117,126.9
2026-07-02T21:00:00Z,9.122,0.0,19.333,117.608
2026-07-02T22:00:00Z,10.208,0.0,18.717,91.262
2026-07-02T23:00:00Z,9.708,0.0,18.167,86.995
2026-07-03T00:00:00Z,9.633,0.0,17.733,82.682
2026-07-03T01:00:00Z,9.348,0.0,17.017,85.91
2026-07-03T02:00:00Z,8.883,0.0,16.383,84.458
2026-07-03T03:00:00Z,8.773,0.0,15.867,86.82
2026-07-03T04:00:00Z,8.763,19.667,15.517,99.492
2026-07-03T05:00:00Z,8.46,96.167,15.7,104.468
2026-07-03T06:00:00Z,8.002,214.167,16.617,63.028
2026-07-03T07:00:00Z,8.627,324.333,17.433,9.565
2026-07-03T08:00:00Z,9.0,432.333,18.45,-0.1
2026-07-03T09:00:00Z,9.102,490.5,18.983,-1.055
2026-07-03T10:00:00Z,9.535,577.167,19.6,-1.885
2026-07-03T11:00:00Z,9.183,597.0,20.517,-3.502
2026-07-03T12:00:00Z,8.918,630.667,20.867,-4.988
2026-07-03T13:00:00Z,9.373,567.0,21.4,-4.055
2026-07-03T14:00:00Z,9.51,538.667,21.683,-2.605
2026-07-03T15:00:00Z,9.105,484.667,21.8,-0.047
2026-07-03T16:00:00Z,8.892,384.167,21.517,35.385
2026-07-03T17:00:00Z,8.867,269.833,21.3,102.645
2026-07-03T18:00:00Z,8.275,174.167,20.717,124.442
2026-07-03T19:00:00Z,7.423,61.5,19.883,130.028
2026-07-03T20:00:00Z,7.15,7.0,18.967,135.805
2026-07-03T21:00:00Z,7.115,0.0,18.017,124.275
2026-07-03T22:00:00Z,6.828,0.0,17.267,125.0
2026-07-03T23:00:00Z,6.068,0.0,16.783,120.088
2026-07-04T00:00:00Z,5.367,0.0,16.1,116.435
2026-07-04T01:00:00Z,5.49,0.0,15.617,113.822
2026-07-04T02:00:00Z,5.433,0.0,15.133,106.338
2026-07-04T03:00:00Z,5.707,0.0,14.617,99.672
2026-07-04T04:00:00Z,5.57,16.333,14.433,92.25
2026-07-04T05:00:00Z,5.413,81.5,14.85,72.652
2026-07-04T06:00:00Z,4.747,176.333,15.617,28.93
2026-07-04T07:00:00Z,5.588,271.333,16.867,0.992
2026-07-04T08:00:00Z,5.707,320.167,17.767,-0.01
2026-07-04T09:00:00Z,5.482,371.833,18.45,-0.8
2026-07-04T10:00:00Z,6.055,444.833,19.3,-3.102
2026-07-04T11:00:00Z,5.782,458.667,19.983,-8.25
2026-07-04T12:00:00Z,6.068,442.0,20.167,-10.31
2026-07-04T13:00:00Z,5.862,374.5,20.533,-4.265
2026-07-04T14:00:00Z,5.688,355.333,21.017,-0.34
2026-07-04T15:00:00Z,6.225,310.5,21.367,4.292
2026-07-04T16:00:00Z,6.56,249.667,21.367,57.732
2026-07-04T17:00:00Z,7.352,168.667,21.3,107.192
2026-07-04T18:00:00Z,6.725,113.667,20.55,125.64
2026-07-04T19:00:00Z,6.62,33.5,19.883,131.03
2026-07-04T20:00:00Z,6.165,5.0,19.267,128.028
2026-07-04T21:00:00Z,6.043,0.0,18.633,118.62
2026-07-04T22:00:00Z,6.548,0.0,18.333,122.872
2026-07-04T23:00:00Z,7.498,0.0,18.117,115.922
2026-07-05T00:00:00Z,7.89,0.0,17.883,110.498
2026-07-05T01:00:00Z,8.273,0.0,17.667,105.952
2026-07-05T02:00:00Z,8.257,0.0,17.567,101.41
2026-07-05T03:00:00Z,7.86,0.0,17.567,97.09
2026-07-05T04:00:00Z,7.908,9.333,17.3,85.002
2026-07-05T05:00:00Z,7.452,53.5,17.45,44.162
2026-07-05T06:00:00Z,7.832,133.167,18.067,14.795
2026-07-05T07:00:00Z,8.29,194.667,18.75,1.382
2026-07-05T08:00:00Z,7.687,306.167,19.483,-0.008
2026-07-05T09:00:00Z,7.755,338.167,20.033,-0.03
2026-07-05T10:00:00Z,8.578,464.167,20.867,-0.105
2026-07-05T11:00:00Z,8.67,558.0,21.45,-0.617
2026-07-05T12:00:00Z,7.573,602.333,22.067,-1.165
2026-07-05T13:00:00Z,8.438,533.333,22.317,-1.022
2026-07-05T14:00:00Z,8.26,436.5,22.083,-0.06
2026-07-05T15:00:00Z,8.075,374.667,22.283,4.9
2026-07-05T16:00:00Z,7.957,329.0,21.933,64.0
2026-07-05T17:00:00Z,7.643,247.833,21.483,107.505
2026-07-05T18:00:00Z,7.847,121.0,19.817,129.298
2026-07-05T19:00:00Z,7.242,52.667,19.117,136.54
2026-07-05T20:00:00Z,7.16,7.0,18.367,139.892
2026-07-05T21:00:00Z,6.585,0.0,17.6,127.895
2026-07-05T22:00:00Z,6.213,0.0,17.233,138.555
2026-07-05T23:00:00Z,6.12,0.0,16.933,124.538
2026-07-06T00:00:00Z,6.288,0.0,16.55,119.762
2026-07-06T01:00:00Z,5.613,0.0,16.283,115.55
2026-07-06T02:00:00Z,5.385,0.0,16.017,115.925
2026-07-06T03:00:00Z,6.045,0.0,15.783,120.86
2026-07-06T04:00:00Z,6.55,9.667,15.8,136.032
2026-07-06T05:00:00Z,6.49,42.333,16.083,139.56
2026-07-06T06:00:00Z,6.208,84.667,16.583,133.865
2026-07-06T07:00:00Z,6.627,163.5,17.35,110.615
2026-07-06T08:00:00Z,7.255,224.333,18.25,90.275
2026-07-06T09:00:00Z,8.332,194.833,18.9,72.065
2026-07-06T10:00:00Z,7.91,222.333,19.25,43.015
2026-07-06T11:00:00Z,8.662,290.5,19.933,20.445
2026-07-06T12:00:00Z,8.31,325.667,20.467,9.808
2026-07-06T13:00:00Z,8.372,301.833,21.167,5.0
2026-07-06T14:00:00Z,8.918,229.833,21.533,20.51
2026-07-06T15:00:00Z,8.497,207.5,21.917,66.582
2026-07-06T16:00:00Z,8.477,143.667,22.0,99.338
2026-07-06T17:00:00Z,8.737,132.667,22.067,117.865
2026-07-06T18:00:00Z,8.722,68.667,21.9,138.33
2026-07-06T19:00:00Z,8.638,29.0,21.517,151.202
2026-07-06T20:00:00Z,8.542,3.167,20.933,147.155
2026-07-06T21:00:00Z,7.688,0.0,20.233,135.0
2026-07-06T22:00:00Z,7.728,0.0,19.667,120.98
2026-07-06T23:00:00Z,8.012,0.0,19.05,114.652
2026-07-07T00:00:00Z,8.023,0.0,18.8,107.988
2026-07-07T01:00:00Z,8.102,0.0,18.45,101.002
2026-07-07T02:00:00Z,8.063,0.0,18.083,98.382
2026-07-07T03:00:00Z,8.622,0.0,18.1,102.408
2026-07-07T04:00:00Z,8.547,7.833,17.967,115.6
2026-07-07T05:00:00Z,8.508,45.833,18.35,118.642
2026-07-07T06:00:00Z,8.59,97.5,19.3,114.89
2026-07-07T07:00:00Z,9.425,158.667,20.017,94.648
2026-07-07T08:00:00Z,9.772,241.333,20.817,43.39
2026-07-07T09:00:00Z,9.7,301.0,21.8,4.922
2026-07-07T10:00:00Z,9.872,354.5,22.35,-0.83
2026-07-07T11:00:00Z,10.465,333.333,22.85,-2.705
2026-07-07T12:00:00Z,10.597,416.5,23.683,-2.835
2026-07-07T13:00:00Z,11.74,407.833,24.033,-1.485
2026-07-07T14:00:00Z,12.053,341.167,24.067,-0.52
2026-07-07T15:00:00Z,11.297,262.167,23.533,7.018
2026-07-07T16:00:00Z,11.252,250.833,23.433,60.713
2026-07-07T17:00:00Z,10.657,166.5,22.683,86.182
2026-07-07T18:00:00Z,10.203,107.5,21.75,107.972
2026-07-07T19:00:00Z,9.795,42.833,21.15,118.402
2026-07-07T20:00:00Z,9.778,5.5,20.183,120.755
2026-07-07T21:00:00Z,9.707,0.0,19.883,117.082
2026-07-07T22:00:00Z,9.427,0.0,19.0,114.922
2026-07-07T23:00:00Z,8.743,0.0,18.25,115.845
2026-07-08T00:00:00Z,8.925,0.0,17.833,111.758
2026-07-08T01:00:00Z,8.363,0.0,17.233,108.17
2026-07-08T02:00:00Z,7.68,0.0,16.75,113.582
2026-07-08T03:00:00Z,7.527,0.0,16.317,119.705
2026-07-08T04:00:00Z,7.057,13.333,15.883,130.75
2026-07-08T05:00:00Z,6.542,67.667,15.817,131.91
2026-07-08T06:00:00Z,6.642,156.333,16.25,125.792
2026-07-08T07:00:00Z,7.36,275.667,17.083,100.422
2026-07-08T08:00:00Z,7.498,354.833,17.9,79.582
2026-07-08T09:00:00Z,7.402,428.667,18.7,71.075
2026-07-08T10:00:00Z,7.652,512.333,19.333,49.008
2026-07-08T11:00:00Z,7.528,598.167,19.917,17.245
2026-07-08T12:00:00Z,7.517,605.833,20.583,7.902
2026-07-08T13:00:00Z,7.673,616.0,21.05,9.79
2026-07-08T14:00:00Z,8.13,571.0,21.483,35.02
2026-07-08T15:00:00Z,7.963,506.833,21.883,77.308
2026-07-08T16:00:00Z,7.757,403.333,21.767,104.43
2026-07-08T17:00:00Z,8.157,286.167,21.55,135.048
2026-07-08T18:00:00Z,7.6,163.167,21.067,150.848
2026-07-08T19:00:00Z,7.203,69.667,20.267,160.62
2026-07-08T20:00:00Z,7.193,7.333,19.35,159.2
2026-07-08T21:00:00Z,7.315,0.0,18.467,145.048
2026-07-08T22:00:00Z,7.248,0.0,17.767,140.328
2026-07-08T23:00:00Z,7.075,0.0,17.1,133.207
2026-07-09T00:00:00Z,6.787,0.0,16.467,127.322
2026-07-09T01:00:00Z,6.543,0.0,16.0,124.848
2026-07-09T02:00:00Z,6.48,0.0,15.567,125.443
2026-07-09T03:00:00Z,6.32,0.0,15.133,133.955
2026-07-09T04:00:00Z,6.025,11.667,14.983,149.15
2026-07-09T05:00:00Z,5.152,66.333,15.233,147.66
2026-07-09T06:00:00Z,4.557,151.833,16.017,138.298
2026-07-09T07:00:00Z,4.467,240.333,16.8,118.03
2026-07-09T08:00:00Z,4.093,373.833,17.917,99.63
2026-07-09T09:00:00Z,4.707,507.5,18.967,86.83
2026-07-09T10:00:00Z,5.002,530.333,19.783,66.69
2026-07-09T11:00:00Z,4.862,597.5,20.517,43.625
2026-07-09T12:00:00Z,4.463,623.833,21.05,38.005
2026-07-09T13:00:00Z,4.502,626.667,21.75,51.04
2026-07-09T14:00:00Z,4.95,582.333,22.333,81.01
2026-07-09T15:00:00Z,5.21,516.333,22.8,108.412
2026-07-09T16:00:00Z,5.54,406.833,22.55,130.408
2026-07-09T17:00:00Z,5.677,281.333,22.2,166.5
2026-07-09T18:00:00Z,5.328,159.167,21.933,210.7
2026-07-09T19:00:00Z,5.747,56.0,20.983,213.312
2026-07-09T20:00:00Z,5.763,3.833,19.983,183.965
2026-07-09T21:00:00Z,5.638,0.0,18.917,162.745
2026-07-09T22:00:00Z,4.9,0.0,18.3,153.558
2026-07-09T23:00:00Z,4.685,0.0,17.7,143.432
2026-07-10T00:00:00Z,4.978,0.0,17.033,139.7
2026-07-10T01:00:00Z,4.797,0.0,16.433,137.928
2026-07-10T02:00:00Z,4.402,0.0,16.283,138.27
2026-07-10T03:00:00Z,4.308,0.0,15.8,142.452
2026-07-10T04:00:00Z,4.145,12.833,15.383,151.14
2026-07-10T05:00:00Z,3.855,69.333,15.55,147.692
2026-07-10T06:00:00Z,3.243,170.0,16.7,134.902
2026-07-10T07:00:00Z,2.95,298.667,17.683,121.975
2026-07-10T08:00:00Z,2.893,429.833,19.317,99.895
2026-07-10T09:00:00Z,2.903,575.0,20.75,78.31
2026-07-10T10:00:00Z,3.225,669.0,22.267,56.805
2026-07-10T11:00:00Z,3.572,744.0,23.367,37.36
2026-07-10T12:00:00Z,3.49,771.167,24.5,40.95
2026-07-10T13:00:00Z,3.83,741.5,25.133,62.1
2026-07-10T14:00:00Z,4.013,676.667,25.983,88.412
2026-07-10T15:00:00Z,4.505,589.0,26.2,113.82
2026-07-10T16:00:00Z,4.322,435.167,26.183,128.435
2026-07-10T17:00:00Z,5.207,312.833,25.617,165.02
2026-07-10T18:00:00Z,5.182,185.667,25.083,186.678
2026-07-10T19:00:00Z,5.698,69.5,24.317,176.885
2026-07-10T20:00:00Z,5.967,6.333,22.817,168.0
2026-07-10T21:00:00Z,5.06,0.0,21.4,154.462
2026-07-10T22:00:00Z,5.123,0.0,20.25,150.498
2026-07-10T23:00:00Z,5.623,0.0,19.4,143.95
2026-07-11T00:00:00Z,4.98,0.0,18.55,141.108
2026-07-11T01:00:00Z,4.503,0.0,17.967,140.672
2026-07-11T02:00:00Z,4.158,0.0,17.483,140.462
2026-07-11T03:00:00Z,4.198,0.0,16.617,138.862
2026-07-11T04:00:00Z,4.112,14.5,16.283,136.335
2026-07-11T05:00:00Z,3.852,95.333,16.633,124.282
2026-07-11T06:00:00Z,2.662,228.667,18.45,115.352
2026-07-11T07:00:00Z,2.233,382.167,19.983,73.86
2026-07-11T08:00:00Z,2.398,525.0,21.617,16.087
2026-07-11T09:00:00Z,2.68,653.667,23.45,0.328
2026-07-11T10:00:00Z,3.433,742.333,24.517,-0.008
2026-07-11T11:00:00Z,4.022,731.5,25.333,-0.695
2026-07-11T12:00:00Z,4.173,763.667,26.05,-0.975
2026-07-11T13:00:00Z,4.417,754.833,26.667,-0.503
2026-07-11T14:00:00Z,5.203,703.333,27.133,6.172
2026-07-11T15:00:00Z,5.46,595.333,27.217,74.695
2026-07-11T16:00:00Z,5.373,459.0,26.717,120.352
2026-07-11T17:00:00Z,5.75,338.167,26.267,141.0
2026-07-11T18:00:00Z,5.437,194.0,26.117,151.82
2026-07-11T19:00:00Z,5.678,71.5,25.0,156.375
2026-07-11T20:00:00Z,5.755,6.5,23.55,154.888
2026-07-11T21:00:00Z,6.117,0.0,22.1,145.582
2026-07-11T22:00:00Z,5.977,0.0,21.067,137.442
2026-07-11T23:00:00Z,5.052,0.0,20.183,131.885
2026-07-12T00:00:00Z,5.475,0.0,19.233,125.57
2026-07-12T01:00:00Z,5.457,0.0,18.733,125.1
2026-07-12T02:00:00Z,5.213,0.0,18.117,122.882
2026-07-12T03:00:00Z,5.675,0.0,17.383,119.915
2026-07-12T04:00:00Z,5.873,14.667,17.05,111.612
2026-07-12T05:00:00Z,5.757,96.0,17.3,99.775
2026-07-12T06:00:00Z,4.895,220.0,18.833,62.118
2026-07-12T07:00:00Z,4.085,362.333,20.5,5.385
2026-07-12T08:00:00Z,4.287,521.333,22.25,-0.045
2026-07-12T09:00:00Z,4.993,624.0,24.383,-2.165
2026-07-12T10:00:00Z,5.38,694.5,25.467,-7.158
2026-07-12T11:00:00Z,5.328,768.0,26.3,-10.712
2026-07-12T12:00:00Z,5.447,785.667,27.05,-10.055
2026-07-12T13:00:00Z,5.01,781.167,27.467,-5.908
2026-07-12T14:00:00Z,5.098,703.0,27.783,-2.692
2026-07-12T15:00:00Z,5.685,593.5,27.917,7.63
2026-07-12T16:00:00Z,5.663,456.667,27.4,93.432
2026-07-12T17:00:00Z,6.365,327.333,26.767,131.808
2026-07-12T18:00:00Z,5.63,189.833,26.167,140.898
2026-07-12T19:00:00Z,5.657,68.167,25.017,144.488
2026-07-12T20:00:00Z,5.953,5.667,23.483,144.93
2026-07-12T21:00:00Z,5.523,0.0,21.933,139.318
2026-07-12T22:00:00Z,4.703,0.0,20.583,129.73
2026-07-12T23:00:00Z,4.585,0.0,19.7,124.605
2026-07-13T00:00:00Z,4.54,0.0,18.95,120.568
2026-07-13T01:00:00Z,4.51,0.0,18.183,121.475
2026-07-13T02:00:00Z,4.195,0.0,17.533,123.542
2026-07-13T03:00:00Z,4.1,0.0,17.05,134.242
2026-07-13T04:00:00Z,4.4,13.167,16.683,149.842
2026-07-13T05:00:00Z,4.027,90.0,17.1,159.43
2026-07-13T06:00:00Z,3.557,214.5,18.967,138.988
2026-07-13T07:00:00Z,2.67,360.833,21.033,122.607
2026-07-13T08:00:00Z,2.652,524.667,23.0,100.018
2026-07-13T09:00:00Z,2.852,658.0,24.683,74.122
2026-07-13T10:00:00Z,2.998,761.5,26.133,50.622
2026-07-13T11:00:00Z,3.613,772.5,27.45,32.9
2026-07-13T12:00:00Z,4.0,698.167,27.85,38.537
2026-07-13T13:00:00Z,4.32,725.167,28.567,63.975
2026-07-13T14:00:00Z,4.705,644.0,29.1,90.95
2026-07-13T15:00:00Z,4.537,557.0,29.267,121.528
2026-07-13T16:00:00Z,5.463,453.5,29.067,140.0
2026-07-13T17:00:00Z,5.943,274.333,28.017,165.962
2026-07-13T18:00:00Z,5.057,133.5,27.0,182.998
2026-07-13T19:00:00Z,5.445,54.833,26.017,168.8
2026-07-13T20:00:00Z,6.648,5.333,24.6,159.072
2026-07-13T21:00:00Z,6.902,0.0,23.317,144.07
2026-07-13T22:00:00Z,6.763,0.0,22.167,139.64
2026-07-13T23:00:00Z,6.547,0.0,21.267,133.888
2026-07-14T00:00:00Z,6.392,0.0,20.617,127.35
2026-07-14T01:00:00Z,5.967,0.0,19.9,127.218
2026-07-14T02:00:00Z,7.053,0.0,19.15,127.65
2026-07-14T03:00:00Z,6.39,0.0,18.7,135.02
2026-07-14T04:00:00Z,6.148,9.0,18.233,145.805
2026-07-14T05:00:00Z,5.423,59.833,18.45,152.265
2026-07-14T06:00:00Z,4.695,147.167,19.383,135.67
2026-07-14T07:00:00Z,3.39,248.667,20.65,121.892
2026-07-14T08:00:00Z,4.162,373.5,21.983,107.478
2026-07-14T09:00:00Z,4.797,416.5,22.4,91.688
2026-07-14T10:00:00Z,4.237,504.5,23.4,64.043
2026-07-14T11:00:00Z,4.053,571.833,24.5,51.825
2026-07-14T12:00:00Z,4.552,620.0,25.433,57.73
2026-07-14T13:00:00Z,4.43,614.5,26.117,70.0
2026-07-14T14:00:00Z,3.812,629.0,26.717,93.258
2026-07-14T15:00:00Z,5.09,518.833,27.183,117.44
2026-07-14T16:00:00Z,5.012,396.667,26.917,138.298
2026-07-14T17:00:00Z,6.133,266.167,25.883,159.005
2026-07-14T18:00:00Z,4.755,154.5,25.7,182.48
2026-07-14T19:00:00Z,4.238,67.0,24.617,175.315
2026-07-14T20:00:00Z,4.483,5.667,23.367,168.765
2026-07-14T21:00:00Z,5.05,0.0,21.683,151.52
2026-07-14T22:00:00Z,5.15,0.0,20.583,153.518
2026-07-14T23:00:00Z,4.532,0.0,19.85,144.448
2026-07-15T00:00:00Z,5.62,0.0,18.733,139.038
2026-07-15T01:00:00Z,5.945,0.0,18.267,136.618
2026-07-15T02:00:00Z,6.285,0.0,17.817,140.865
2026-07-15T03:00:00Z,6.047,0.0,17.433,150.282
2026-07-15T04:00:00Z,5.275,11.333,17.35,166.692
2026-07-15T05:00:00Z,4.987,79.333,17.783,165.88
2026-07-15T06:00:00Z,3.228,193.5,18.85,155.932
2026-07-15T07:00:00Z,2.873,326.333,20.283,135.103
2026-07-15T08:00:00Z,3.012,434.833,21.75,111.418
2026-07-15T09:00:00Z,3.573,513.833,23.15,96.252
2026-07-15T10:00:00Z,3.552,567.667,24.1,74.345
2026-07-15T11:00:00Z,3.382,675.0,24.95,63.598
2026-07-15T12:00:00Z,3.807,700.167,25.683,62.918
2026-07-15T13:00:00Z,3.963,662.167,26.15,73.075
2026-07-15T14:00:00Z,4.875,549.667,26.0,97.148
2026-07-15T15:00:00Z,5.062,514.667,26.383,118.182
2026-07-15T16:00:00Z,5.738,408.333,26.067,145.562
2026-07-15T17:00:00Z,5.917,286.333,25.433,175.888
2026-07-15T18:00:00Z,6.395,167.5,24.833,205.975
2026-07-15T19:00:00Z,5.418,58.833,23.95,201.65
2026-07-15T20:00:00Z,6.058,4.5,22.633,188.38
2026-07-15T21:00:00Z,5.843,0.0,21.417,171.415
2026-07-15T22:00:00Z,5.342,0.0,20.567,166.032
2026-07-15T23:00:00Z,5.058,0.0,19.883,159.2
2026-07-16T00:00:00Z,4.977,0.0,19.267,152.908
2026-07-16T01:00:00Z,4.5,0.0,18.733,148.978
2026-07-16T02:00:00Z,3.982,0.0,18.3,152.188
2026-07-16T03:00:00Z,4.167,0.0,17.683,159.945
2026-07-16T04:00:00Z,4.235,9.5,17.483,175.45
2026-07-16T05:00:00Z,3.603,72.0,17.933,172.76
2026-07-16T06:00:00Z,2.66,184.667,19.067,158.512
2026-07-16T07:00:00Z,1.802,325.167,20.533,137.142
2026-07-16T08:00:00Z,2.072,452.833,21.983,118.307
2026-07-16T09:00:00Z,2.058,555.833,23.5,107.232
2026-07-16T10:00:00Z,2.403,661.5,24.867,94.69
2026-07-16T11:00:00Z,2.353,740.167,26.2,87.475
2026-07-16T12:00:00Z,2.188,715.0,27.117,96.46
2026-07-16T13:00:00Z,2.422,634.167,27.767,109.602
2026-07-16T14:00:00Z,2.427,628.5,28.483,119.638
2026-07-16T15:00:00Z,3.117,554.667,28.117,139.935
2026-07-16T16:00:00Z,2.65,411.333,28.717,177.698
2026-07-16T17:00:00Z,3.73,275.5,28.033,241.102
2026-07-16T18:00:00Z,4.16,152.667,27.3,311.685
2026-07-16T19:00:00Z,3.677,50.167,26.5,262.6
2026-07-16T20:00:00Z,4.432,4.333,25.267,206.84
2026-07-16T21:00:00Z,5.428,0.0,23.15,180.312
2026-07-16T22:00:00Z,5.665,0.0,22.217,170.565
2026-07-16T23:00:00Z,4.725,0.0,21.35,161.45
2026-07-17T00:00:00Z,4.955,0.0,20.667,151.975
2026-07-17T01:00:00Z,4.882,0.0,20.267,143.94
2026-07-17T02:00:00Z,4.952,0.0,19.767,142.9
2026-07-17T03:00:00Z,5.68,0.0,19.217,153.488
2026-07-17T04:00:00Z,6.623,8.667,19.167,165.11
2026-07-17T05:00:00Z,5.113,54.333,19.633,165.752
2026-07-17T06:00:00Z,3.662,121.167,20.183,157.105
2026-07-17T07:00:00Z,3.085,224.333,21.117,135.42
2026-07-17T08:00:00Z,2.372,340.833,22.233,127.452
2026-07-17T09:00:00Z,1.817,469.167,23.683,113.782
2026-07-17T10:00:00Z,3.59,589.667,24.633,103.888
2026-07-17T11:00:00Z,3.482,740.0,25.95,98.2
2026-07-17T12:00:00Z,3.723,681.167,27.05,98.428
2026-07-17T13:00:00Z,3.642,688.667,27.4,105.98
2026-07-17T14:00:00Z,6.628,626.833,26.85,114.7
2026-07-17T15:00:00Z,5.023,503.5,26.017,127.425
2026-07-17T16:00:00Z,5.762,365.667,25.683,137.58
2026-07-17T17:00:00Z,5.75,230.0,25.017,151.032
2026-07-17T18:00:00Z,7.93,129.833,22.567,159.065
2026-07-17T19:00:00Z,6.802,48.833,21.633,166.862
2026-07-17T20:00:00Z,6.408,4.0,20.983,164.675
2026-07-17T21:00:00Z,6.272,0.0,20.433,158.3
2026-07-17T22:00:00Z,6.22,0.0,19.85,156.2
2026-07-17T23:00:00Z,6.385,0.0,19.383,145.38
2026-07-18T00:00:00Z,6.968,0.0,19.15,142.0
2026-07-18T01:00:00Z,7.175,0.0,18.767,135.3
2026-07-18T02:00:00Z,6.903,0.0,18.483,134.81
2026-07-18T03:00:00Z,6.672,0.0,18.0,132.235
2026-07-18T04:00:00Z,6.757,7.167,17.617,126.508
2026-07-18T05:00:00Z,6.488,54.0,17.933,119.3
2026-07-18T06:00:00Z,6.105,163.5,18.233,97.542
2026-07-18T07:00:00Z,6.512,250.667,19.133,44.928
2026-07-18T08:00:00Z,6.533,306.5,19.867,9.968
2026-07-18T09:00:00Z,6.368,388.667,20.317,-0.005
2026-07-18T10:00:00Z,7.487,502.333,21.383,-0.125
2026-07-18T11:00:00Z,7.725,524.667,22.367,-1.165
2026-07-18T12:00:00Z,7.742,531.667,22.383,-1.992
2026-07-18T13:00:00Z,8.18,476.667,22.967,-2.948
2026-07-18T14:00:00Z,8.398,489.167,23.417,-1.76
2026-07-18T15:00:00Z,7.103,438.167,23.217,0.432
2026-07-18T16:00:00Z,7.468,318.667,22.867,55.922
2026-07-18T17:00:00Z,7.292,204.167,21.2,110.2
2026-07-18T18:00:00Z,6.998,126.167,20.833,132.17
2026-07-18T19:00:00Z,6.877,41.5,20.267,145.95
2026-07-18T20:00:00Z,6.243,2.667,19.317,152.462
2026-07-18T21:00:00Z,5.982,0.0,18.75,145.762
2026-07-18T22:00:00Z,6.363,0.0,18.35,138.698
2026-07-18T23:00:00Z,5.902,0.0,17.95,130.742
2026-07-19T00:00:00Z,5.637,0.0,17.35,121.9
2026-07-19T01:00:00Z,5.405,0.0,16.95,118.898
2026-07-19T02:00:00Z,6.305,0.0,16.717,115.275
2026-07-19T03:00:00Z,6.067,0.0,16.2,109.418
2026-07-19T04:00:00Z,6.022,4.667,15.9,101.848
2026-07-19T05:00:00Z,5.865,38.167,15.95,88.46
2026-07-19T06:00:00Z,5.017,85.167,16.15,43.158
2026-07-19T07:00:00Z,5.65,165.0,16.717,4.165
2026-07-19T08:00:00Z,6.298,281.0,17.467,0.015
2026-07-19T09:00:00Z,6.248,350.833,17.95,-0.045
2026-07-19T10:00:00Z,6.618,396.5,18.567,-0.742
2026-07-19T11:00:00Z,6.812,427.5,19.267,-2.678
2026-07-19T12:00:00Z,7.167,428.0,19.733,-4.998
2026-07-19T13:00:00Z,7.158,459.5,20.2,-4.955
2026-07-19T14:00:00Z,7.352,522.333,20.533,-2.438
2026-07-19T15:00:00Z,7.947,416.333,20.067,-0.395
2026-07-19T16:00:00Z,8.572,219.667,19.15,47.842
2026-07-19T17:00:00Z,7.998,186.5,19.117,117.16
2026-07-19T18:00:00Z,6.987,111.667,19.017,144.122
2026-07-19T19:00:00Z,6.817,38.0,18.333,149.68
2026-07-19T20:00:00Z,6.585,2.333,17.467,149.658
2026-07-19T21:00:00Z,6.835,0.0,16.483,138.203
2026-07-19T22:00:00Z,7.102,0.0,16.017,147.453
2026-07-19T23:00:00Z,6.915,0.0,15.467,138.483
2026-07-20T00:00:00Z,7.245,0.0,14.917,128.855
2026-07-20T01:00:00Z,6.888,0.0,14.533,123.53
2026-07-20T02:00:00Z,6.952,0.0,14.233,131.27
2026-07-20T03:00:00Z,6.875,0.0,14.05,138.79
2026-07-20T04:00:00Z,6.878,3.333,14.033,149.31
2026-07-20T05:00:00Z,6.907,41.167,14.233,150.528
2026-07-20T06:00:00Z,6.338,101.167,14.9,130.998
2026-07-20T07:00:00Z,6.523,210.0,15.767,92.718
2026-07-20T08:00:00Z,7.097,330.167,16.75,60.272
2026-07-20T09:00:00Z,6.477,447.833,17.8,15.788
2026-07-20T10:00:00Z,6.513,504.667,18.533,7.663
2026-07-20T11:00:00Z,7.09,451.167,18.917,0.015
2026-07-20T12:00:00Z,6.218,441.667,19.25,0.008
2026-07-20T13:00:00Z,6.593,478.667,19.55,0.958
2026-07-20T14:00:00Z,6.622,370.833,19.617,15.105
2026-07-20T15:00:00Z,7.413,347.833,19.95,74.762
2026-07-20T16:00:00Z,7.703,281.0,19.667,118.412
2026-07-20T17:00:00Z,7.682,197.0,18.95,158.762
2026-07-20T18:00:00Z,6.825,116.167,18.767,178.245
2026-07-20T19:00:00Z,6.922,46.667,18.167,179.73
2026-07-20T20:00:00Z,6.695,3.333,17.45,174.815
2026-07-20T21:00:00Z,6.368,0.0,16.817,159.468
2026-07-20T22:00:00Z,6.135,0.0,16.367,148.778
2026-07-20T23:00:00Z,6.29,0.0,15.767,149.52
2026-07-21T00:00:00Z,5.993,0.0,15.1,143.39
2026-07-21T01:00:00Z,5.877,0.0,14.65,138.868
2026-07-21T02:00:00Z,5.357,0.0,14.133,139.252
2026-07-21T03:00:00Z,4.823,0.0,13.483,144.912
2026-07-21T04:00:00Z,4.918,7.167,13.35,157.65
2026-07-21T05:00:00Z,4.343,74.5,13.783,154.428
2026-07-21T06:00:00Z,3.545,184.833,14.883,145.378
2026-07-21T07:00:00Z,3.422,333.5,16.033,114.952
2026-07-21T08:00:00Z,3.425,491.833,17.467,83.69
2026-07-21T09:00:00Z,3.91,593.333,19.233,43.638
2026-07-21T10:00:00Z,4.648,613.5,20.15,7.052
2026-07-21T11:00:00Z,5.002,691.333,20.983,1.01
2026-07-21T12:00:00Z,4.323,591.667,21.583,1.002
2026-07-21T13:00:00Z,6.12,592.0,21.733,13.67
2026-07-21T14:00:00Z,5.662,573.5,22.05,62.232
2026-07-21T15:00:00Z,6.328,553.167,22.167,102.565
2026-07-21T16:00:00Z,6.52,424.167,21.833,135.365
2026-07-21T17:00:00Z,6.298,276.833,21.3,153.61
2026-07-21T18:00:00Z,6.172,149.833,21.017,172.0
2026-07-21T19:00:00Z,6.252,45.0,20.083,174.562
2026-07-21T20:00:00Z,5.38,2.167,19.1,168.318
2026-07-21T21:00:00Z,5.393,0.0,17.883,155.188
2026-07-21T22:00:00Z,4.77,0.0,17.433,152.19
2026-07-21T23:00:00Z,4.91,0.0,17.033,148.288
2026-07-22T00:00:00Z,5.277,0.0,15.967,143.232
2026-07-22T01:00:00Z,5.352,0.0,15.4,134.913
2026-07-22T02:00:00Z,5.415,0.0,15.05,130.665
2026-07-22T03:00:00Z,5.685,0.0,14.15,135.958
2026-07-22T04:00:00Z,5.837,4.167,13.85,149.41
2026-07-22T05:00:00Z,5.315,44.333,14.167,145.345
2026-07-22T06:00:00Z,5.558,114.167,14.917,131.983
2026-07-22T07:00:00Z,5.16,189.5,16.1,90.942
2026-07-22T08:00:00Z,5.935,278.333,17.117,66.152
2026-07-22T09:00:00Z,6.683,320.833,18.15,30.935
2026-07-22T10:00:00Z,7.565,334.833,18.517,10.385
2026-07-22T11:00:00Z,8.89,409.333,19.467,1.29
2026-07-22T12:00:00Z,7.91,322.167,19.317,0.038
2026-07-22T13:00:00Z,8.727,401.167,19.717,0.498
2026-07-22T14:00:00Z,9.41,333.333,19.933,9.15
2026-07-22T15:00:00Z,9.047,274.833,20.333,63.21
2026-07-22T16:00:00Z,7.99,222.333,20.2,108.1
2026-07-22T17:00:00Z,8.407,189.167,19.75,137.828
2026-07-22T18:00:00Z,8.153,104.667,19.433,157.01
2026-07-22T19:00:00Z,8.245,32.833,18.817,161.76
2026-07-22T20:00:00Z,7.727,1.5,18.15,157.61
2026-07-22T21:00:00Z,7.973,0.0,17.25,143.542
2026-07-22T22:00:00Z,7.933,0.0,16.667,142.755
2026-07-22T23:00:00Z,7.503,0.0,16.217,137.345
2026-07-23T00:00:00Z,6.825,0.0,15.75,133.66
2026-07-23T01:00:00Z,7.053,0.0,15.483,132.965
2026-07-23T02:00:00Z,6.985,0.0,15.033,136.24
2026-07-23T03:00:00Z,6.257,0.0,14.633,143.045
2026-07-23T04:00:00Z,6.115,3.333,14.45,159.18
2026-07-23T05:00:00Z,6.453,43.167,14.567,167.872
2026-07-23T06:00:00Z,6.38,118.0,14.867,159.952
2026-07-23T07:00:00Z,6.142,198.667,15.567,134.328
2026-07-23T08:00:00Z,6.112,259.833,16.317,101.98
2026-07-23T09:00:00Z,6.223,329.5,16.767,79.54
2026-07-23T10:00:00Z,5.802,456.833,17.817,31.092
2026-07-23T11:00:00Z,6.503,501.5,18.483,4.302
2026-07-23T12:00:00Z,6.183,497.333,19.3,0.0
2026-07-23T13:00:00Z,7.168,574.333,19.683,0.03
2026-07-23T14:00:00Z,5.96,529.333,19.883,21.998
2026-07-23T15:00:00Z,5.883,469.667,19.783,96.705
2026-07-23T16:00:00Z,5.765,411.5,20.0,142.64
2026-07-23T17:00:00Z,6.998,262.833,19.95,166.1
2026-07-23T18:00:00Z,6.468,160.0,19.183,185.015
2026-07-23T19:00:00Z,6.622,48.5,18.417,190.0
2026-07-23T20:00:00Z,6.307,2.167,17.25,186.542
2026-07-23T21:00:00Z,6.565,0.0,16.417,170.42
2026-07-23T22:00:00Z,6.005,0.0,15.75,161.002
2026-07-23T23:00:00Z,5.568,0.0,15.133,157.138
2026-07-24T00:00:00Z,4.992,0.0,14.483,151.812
2026-07-24T01:00:00Z,4.67,0.0,13.867,153.328
2026-07-24T02:00:00Z,4.605,0.0,13.283,155.66
2026-07-24T03:00:00Z,4.75,0.0,12.8,161.168
2026-07-24T04:00:00Z,4.535,5.333,12.667,172.54
2026-07-24T05:00:00Z,3.978,61.167,12.983,167.388
2026-07-24T06:00:00Z,3.095,152.667,14.2,159.998
2026-07-24T07:00:00Z,3.007,280.167,15.483,132.602
2026-07-24T08:00:00Z,3.027,404.667,16.933,102.315
2026-07-24T09:00:00Z,3.115,509.0,18.317,75.662
2026-07-24T10:00:00Z,3.517,593.0,19.283,44.742
2026-07-24T11:00:00Z,3.643,694.833,20.233,21.025
2026-07-24T12:00:00Z,3.322,765.833,21.2,6.485
2026-07-24T13:00:00Z,3.313,728.833,21.817,14.29
2026-07-24T14:00:00Z,3.045,677.833,22.233,68.965
2026-07-24T15:00:00Z,3.262,566.833,22.567,114.018
2026-07-24T16:00:00Z,3.183,450.5,22.783,154.665
2026-07-24T17:00:00Z,2.462,302.167,22.583,180.135
2026-07-24T18:00:00Z,2.765,160.333,22.317,200.042
2026-07-24T19:00:00Z,2.842,46.0,21.617,203.172
2026-07-24T20:00:00Z,3.055,2.0,20.417,194.517
2026-07-24T21:00:00Z,3.225,0.0,18.983,180.115
2026-07-24T22:00:00Z,3.89,0.0,18.1,167.135
2026-07-24T23:00:00Z,4.198,0.0,17.333,161.61
2026-07-25T00:00:00Z,4.908,0.0,16.317,160.428
2026-07-25T01:00:00Z,4.578,0.0,15.917,159.852
2026-07-25T02:00:00Z,4.693,0.0,15.35,152.012
2026-07-25T03:00:00Z,4.778,0.0,14.683,146.252
2026-07-25T04:00:00Z,4.568,6.0,14.433,135.38
2026-07-25T05:00:00Z,4.56,71.167,14.733,115.305
2026-07-25T06:00:00Z,4.128,186.5,16.15,83.51
2026-07-25T07:00:00Z,3.147,334.5,18.25,11.168
2026-07-25T08:00:00Z,3.198,495.0,20.483,-0.118
2026-07-25T09:00:00Z,3.607,621.5,22.85,-2.608
2026-07-25T10:00:00Z,3.963,737.167,24.6,-5.955
2026-07-25T11:00:00Z,4.563,765.0,25.75,-9.948
2026-07-25T12:00:00Z,5.105,798.0,26.617,-12.28
2026-07-25T13:00:00Z,5.558,730.5,27.167,-3.352
2026-07-25T14:00:00Z,6.06,649.667,27.833,-0.32
2026-07-25T15:00:00Z,5.48,567.833,28.167,11.25
2026-07-25T16:00:00Z,6.373,424.5,28.117,95.195
2026-07-25T17:00:00Z,5.47,284.5,27.383,157.42
2026-07-25T18:00:00Z,5.857,156.0,26.583,170.31
2026-07-25T19:00:00Z,5.242,43.667,25.417,169.075
2026-07-25T20:00:00Z,6.595,1.333,23.967,165.483
2026-07-25T21:00:00Z,6.885,0.0,22.617,160.0
2026-07-25T22:00:00Z,6.14,0.0,21.733,153.03
2026-07-25T23:00:00Z,5.375,0.0,20.95,146.455
2026-07-26T00:00:00Z,4.245,0.0,19.967,148.025
2026-07-26T01:00:00Z,4.34,0.0,19.467,153.592
2026-07-26T02:00:00Z,4.067,0.0,18.967,147.08
2026-07-26T03:00:00Z,4.213,0.0,18.55,137.992
2026-07-26T04:00:00Z,5.398,3.5,18.333,124.862
2026-07-26T05:00:00Z,5.148,43.5,18.367,110.178
2026-07-26T06:00:00Z,5.585,124.333,18.717,93.76
2026-07-26T07:00:00Z,4.082,202.0,19.7,55.182
2026-07-26T08:00:00Z,4.228,280.833,20.733,7.14
2026-07-26T09:00:00Z,4.537,332.0,21.767,-0.005
2026-07-26T10:00:00Z,5.357,411.667,22.817,-0.075
2026-07-26T11:00:00Z,6.132,431.167,23.55,-0.267
2026-07-26T12:00:00Z,5.517,424.5,23.55,-0.67
2026-07-26T13:00:00Z,6.537,376.5,23.833,-0.86
2026-07-26T14:00:00Z,8.038,322.0,24.3,0.862
2026-07-26T15:00:00Z,8.427,216.333,23.45,51.822
2026-07-26T16:00:00Z,8.247,172.833,22.817,109.25
2026-07-26T17:00:00Z,7.357,108.5,22.083,139.29
2026-07-26T18:00:00Z,6.723,62.167,21.717,151.682
2026-07-26T19:00:00Z,6.485,19.5,21.083,150.942
2026-07-26T20:00:00Z,7.69,0.833,20.517,147.998
2026-07-26T21:00:00Z,8.997,0.0,20.15,136.795
2026-07-26T22:00:00Z,8.76,0.0,19.533,86.042
2026-07-26T23:00:00Z,8.677,0.0,18.983,70.658
2026-07-27T00:00:00Z,8.565,0.0,18.317,61.7
2026-07-27T01:00:00Z,8.438,0.0,17.783,62.638
2026-07-27T02:00:00Z,8.422,0.0,17.533,71.175
2026-07-27T03:00:00Z,8.14,0.0,17.533,91.02
2026-07-27T04:00:00Z,8.225,2.0,17.367,117.557
2026-07-27T05:00:00Z,8.102,38.0,17.25,128.975
2026-07-27T06:00:00Z,8.148,112.833,17.5,118.975
2026-07-27T07:00:00Z,8.913,182.5,17.733,74.935
2026-07-27T08:00:00Z,8.343,266.5,18.083,23.787
2026-07-27T09:00:00Z,7.858,377.333,18.667,0.98
2026-07-27T10:00:00Z,7.595,456.5,19.467,-0.01
2026-07-27T11:00:00Z,8.025,503.0,20.267,-0.148
2026-07-27T12:00:00Z,7.81,537.0,20.767,-0.705
2026-07-27T13:00:00Z,8.232,545.167,21.317,-0.08
2026-07-27T14:00:00Z,8.153,454.333,21.6,-0.012
2026-07-27T15:00:00Z,7.197,365.333,21.5,14.402
2026-07-27T16:00:00Z,7.438,284.667,21.483,97.29
2026-07-27T17:00:00Z,8.233,174.667,20.967,149.13
2026-07-27T18:00:00Z,7.517,101.5,20.283,173.722
2026-07-27T19:00:00Z,6.832,36.167,19.617,178.995
2026-07-27T20:00:00Z,6.435,1.667,18.767,171.108
2026-07-27T21:00:00Z,6.332,0.0,17.983,157.988
2026-07-27T22:00:00Z,6.468,0.0,17.317,161.002
2026-07-27T23:00:00Z,6.578,0.0,16.783,148.308
2026-07-28T00:00:00Z,6.06,0.0,16.083,141.33
2026-07-28T01:00:00Z,5.678,0.0,15.55,135.87
2026-07-28T02:00:00Z,5.488,0.0,15.05,139.935
2026-07-28T03:00:00Z,4.728,0.0,14.6,149.742
2026-07-28T04:00:00Z,4.187,4.167,14.283,167.555
2026-07-28T05:00:00Z,4.093,59.833,14.55,162.275
2026-07-28T06:00:00Z,3.625,168.0,15.833,144.16
2026-07-28T07:00:00Z,3.748,272.333,17.333,109.023
2026-07-28T08:00:00Z,4.255,362.667,18.683,36.768
2026-07-28T09:00:00Z,4.013,537.0,20.333,3.43
2026-07-28T10:00:00Z,3.763,635.0,21.667,-0.012
2026-07-28T11:00:00Z,4.332,706.833,22.667,-0.088
2026-07-28T12:00:00Z,4.01,733.5,23.517,-0.03
2026-07-28T13:00:00Z,4.237,711.167,24.1,3.402
2026-07-28T14:00:00Z,4.003,653.333,24.633,44.74
2026-07-28T15:00:00Z,3.432,561.167,25.117,107.628
2026-07-28T16:00:00Z,3.607,453.0,25.317,156.972
2026-07-28T17:00:00Z,3.48,308.833,25.083,198.858
2026-07-28T18:00:00Z,3.478,161.167,25.0,216.755
2026-07-28T19:00:00Z,3.603,43.333,24.15,209.928
2026-07-28T20:00:00Z,3.433,1.167,22.9,193.958
2026-07-28T21:00:00Z,4.347,0.0,21.333,172.262
2026-07-28T22:00:00Z,4.845,0.0,20.433,156.758
2026-07-28T23:00:00Z,4.953,0.0,19.6,148.45
2026-07-29T00:00:00Z,5.483,0.0,18.933,137.208
2026-07-29T01:00:00Z,5.728,0.0,18.45,135.002
2026-07-29T02:00:00Z,5.533,0.0,18.033,140.328
2026-07-29T03:00:00Z,5.142,0.0,17.55,148.51
2026-07-29T04:00:00Z,5.128,3.333,17.367,168.572
2026-07-29T05:00:00Z,4.977,57.833,17.633,161.095
2026-07-29T06:00:00Z,4.4,167.833,19.067,146.172
2026-07-29T07:00:00Z,3.483,322.333,20.783,122.11
2026-07-29T08:00:00Z,3.228,445.5,22.683,85.288
2026-07-29T09:00:00Z,3.307,591.833,25.517,29.035
2026-07-29T10:00:00Z,3.835,691.167,27.4,1.237
2026-07-29T11:00:00Z,3.948,753.667,28.75,-0.042
2026-07-29T12:00:00Z,3.572,787.5,29.783,-0.022
2026-07-29T13:00:00Z,4.118,769.833,30.767,7.375
2026-07-29T14:00:00Z,4.083,710.833,31.5,76.35
2026-07-29T15:00:00Z,3.937,611.667,31.983,125.342
2026-07-29T16:00:00Z,3.812,458.5,32.15,162.315
2026-07-29T17:00:00Z,4.44,322.833,31.85,244.395
2026-07-29T18:00:00Z,5.038,170.167,31.2,263.648
2026-07-29T19:00:00Z,5.918,46.833,29.133,224.705
2026-07-29T20:00:00Z,6.398,1.167,27.183,192.925
2026-07-29T21:00:00Z,5.515,0.0,25.9,167.312
2026-07-29T22:00:00Z,6.055,0.0,24.683,149.755
2026-07-29T23:00:00Z,6.23,0.0,23.7,142.385
2026-07-30T00:00:00Z,5.873,0.0,22.983,139.998
2026-07-30T01:00:00Z,6.033,0.0,22.3,135.53
2026-07-30T02:00:00Z,6.013,0.0,21.883,132.722
2026-07-30T03:00:00Z,5.748,0.0,21.05,137.608
2026-07-30T04:00:00Z,5.697,3.5,20.85,148.46
2026-07-30T05:00:00Z,5.802,62.833,21.117,147.745
2026-07-30T06:00:00Z,5.78,189.667,22.617,139.045
2026-07-30T07:00:00Z,5.217,340.167,24.683,118.115
2026-07-30T08:00:00Z,4.438,477.0,26.817,85.0
2026-07-30T09:00:00Z,3.988,596.333,29.5,34.6
2026-07-30T10:00:00Z,4.06,706.333,31.533,6.352
2026-07-30T11:00:00Z,4.332,778.167,33.083,2.67
2026-07-30T12:00:00Z,5.692,795.167,34.083,14.922
2026-07-30T13:00:00Z,5.613,743.0,34.5,62.432
2026-07-30T14:00:00Z,7.708,655.0,34.317,98.152
2026-07-30T15:00:00Z,5.842,482.667,33.05,126.803
2026-07-30T16:00:00Z,5.937,339.667,31.55,149.278
2026-07-30T17:00:00Z,4.07,188.167,30.583,173.77
2026-07-30T18:00:00Z,4.92,105.833,29.517,198.31
2026-07-30T19:00:00Z,6.495,27.333,27.2,207.03
2026-07-30T20:00:00Z,7.237,0.333,24.867,190.298
2026-07-30T21:00:00Z,6.0,0.0,23.7,170.83
2026-07-30T22:00:00Z,4.46,0.0,22.683,168.21
2026-07-30T23:00:00Z,4.003,0.0,22.0,162.952
2026-07-31T00:00:00Z,3.343,0.0,21.467,155.16
2026-07-31T01:00:00Z,3.538,0.0,20.75,154.172
2026-07-31T02:00:00Z,3.243,0.0,20.2,157.34
2026-07-31T03:00:00Z,2.94,0.0,19.3,165.512
2026-07-31T04:00:00Z,2.822,2.333,18.717,179.087
2026-07-31T05:00:00Z,2.702,47.0,18.833,172.528
2026-07-31T06:00:00Z,1.85,137.833,19.583,159.078
2026-07-31T07:00:00Z,2.178,278.333,21.0,139.388
2026-07-31T08:00:00Z,1.638,390.5,22.617,119.605
2026-07-31T09:00:00Z,1.732,491.0,24.167,101.17
2026-07-31T10:00:00Z,2.275,573.833,25.533,94.117
2026-07-31T11:00:00Z,3.01,581.333,26.467,83.268
2026-07-31T12:00:00Z,3.412,586.833,27.333,86.285
2026-07-31T13:00:00Z,3.77,498.333,27.917,103.135
2026-07-31T14:00:00Z,4.732,463.333,28.367,120.865
2026-07-31T15:00:00Z,4.438,394.0,28.317,147.492
2026-07-31T16:00:00Z,4.288,286.167,27.867,162.308
2026-07-31T17:00:00Z,4.333,175.833,26.817,184.885
2026-07-31T18:00:00Z,5.13,104.0,25.95,192.74
2026-07-31T19:00:00Z,5.445,25.667,24.233,195.64
2026-07-31T20:00:00Z,5.745,0.667,22.183,191.13
2026-07-31T21:00:00Z,5.52,0.0,21.533,170.148
2026-07-31T22:00:00Z,5.675,0.0,20.783,169.438
2026-07-31T23:00:00Z,4.94,0.0,20.167,162.658
2026-08-01T00:00:00Z,3.61,0.0,19.783,156.995
2026-08-01T01:00:00Z,2.927,0.0,19.683,154.608
2026-08-01T02:00:00Z,3.557,0.0,19.383,154.522
2026-08-01T03:00:00Z,5.182,0.0,18.833,155.517
2026-08-01T04:00:00Z,6.192,1.167,18.567,154.79
2026-08-01T05:00:00Z,5.588,30.167,18.283,146.422
2026-08-01T06:00:00Z,4.213,85.0,18.5,140.408
2026-08-01T07:00:00Z,4.318,170.833,18.983,123.273
2026-08-01T08:00:00Z,3.368,244.0,19.417,100.922
2026-08-01T09:00:00Z,3.757,311.333,19.75,57.152
2026-08-01T10:00:00Z,4.012,347.167,20.167,16.715
2026-08-01T11:00:00Z,4.142,378.833,20.55,0.408
2026-08-01T12:00:00Z,4.542,405.833,20.967,0.0
2026-08-01T13:00:00Z,4.162,480.667,21.617,3.077
2026-08-01T14:00:00Z,3.813,494.5,22.35,45.518
2026-08-01T15:00:00Z,3.548,411.0,22.567,107.565
2026-08-01T16:00:00Z,3.125,304.167,21.983,145.135
2026-08-01T17:00:00Z,3.903,246.5,22.233,168.535
2026-08-01T18:00:00Z,3.447,132.833,22.033,180.962
2026-08-01T19:00:00Z,3.787,37.5,21.233,180.678
2026-08-01T20:00:00Z,4.825,0.833,20.033,178.547
2026-08-01T21:00:00Z,4.207,0.0,19.0,170.0
2026-08-01T22:00:00Z,3.857,0.0,18.5,169.625
2026-08-01T23:00:00Z,3.302,0.0,17.95,159.915
2026-08-02T00:00:00Z,3.717,0.0,17.233,156.838
2026-08-02T01:00:00Z,3.502,0.0,16.85,154.442
2026-08-02T02:00:00Z,3.81,0.0,16.25,153.592
2026-08-02T03:00:00Z,3.797,0.0,15.983,159.328
2026-08-02T04:00:00Z,3.52,1.833,15.533,151.397
2026-08-02T05:00:00Z,2.905,42.833,15.85,138.7
2026-08-02T06:00:00Z,2.747,137.333,16.683,122.18
2026-08-02T07:00:00Z,2.723,305.167,18.05,62.685
2026-08-02T08:00:00Z,2.382,455.5,19.783,3.155
2026-08-02T09:00:00Z,2.352,563.333,21.45,-0.26
2026-08-02T10:00:00Z,2.587,625.5,22.567,-1.275
2026-08-02T11:00:00Z,3.32,677.0,23.683,-3.73
2026-08-02T12:00:00Z,3.058,730.167,24.5,-1.785
2026-08-02T13:00:00Z,2.893,702.5,25.1,-1.178
2026-08-02T14:00:00Z,2.865,640.167,25.55,2.915
2026-08-02T15:00:00Z,2.708,549.167,26.017,95.412
2026-08-02T16:00:00Z,2.725,463.333,26.05,148.158
2026-08-02T17:00:00Z,3.573,291.167,25.7,176.892
2026-08-02T18:00:00Z,4.303,144.5,25.033,185.688
2026-08-02T19:00:00Z,5.342,38.833,23.317,177.69
2026-08-02T20:00:00Z,6.258,0.5,21.583,167.728
2026-08-02T21:00:00Z,6.325,0.0,20.333,152.832
2026-08-02T22:00:00Z,6.772,0.0,19.367,139.792
2026-08-02T23:00:00Z,6.875,0.0,18.583,135.11
2026-08-03T00:00:00Z,6.317,0.0,18.0,131.94
2026-08-03T01:00:00Z,6.263,0.0,17.483,129.788
2026-08-03T02:00:00Z,6.432,0.0,17.183,132.738
2026-08-03T03:00:00Z,6.155,0.0,16.75,144.3
2026-08-03T04:00:00Z,6.16,1.833,16.4,169.225
2026-08-03T05:00:00Z,5.818,53.667,16.4,164.49
2026-08-03T06:00:00Z,5.037,168.833,17.783,150.0
2026-08-03T07:00:00Z,3.73,307.0,19.817,135.122
2026-08-03T08:00:00Z,3.028,463.667,22.083,110.785
2026-08-03T09:00:00Z,3.32,595.833,24.65,69.678
2026-08-03T10:00:00Z,3.143,698.167,26.55,26.03
2026-08-03T11:00:00Z,3.252,770.0,28.133,16.388
2026-08-03T12:00:00Z,3.367,789.167,29.217,22.555
2026-08-03T13:00:00Z,3.468,749.833,30.167,60.812
2026-08-03T14:00:00Z,3.5,676.333,30.833,102.808
2026-08-03T15:00:00Z,3.165,551.0,31.283,139.8
2026-08-03T16:00:00Z,3.615,425.5,31.35,169.028
2026-08-03T17:00:00Z,4.503,274.833,31.033,205.768
2026-08-03T18:00:00Z,5.915,137.833,29.767,200.675
2026-08-03T19:00:00Z,5.817,31.0,27.933,185.808
2026-08-03T20:00:00Z,6.25,0.333,26.35,174.43
2026-08-03T21:00:00Z,6.353,0.0,25.283,157.138
2026-08-03T22:00:00Z,7.65,0.0,24.083,154.0
2026-08-03T23:00:00Z,7.547,0.0,23.3,144.718
2026-08-04T00:00:00Z,7.348,0.0,22.467,138.995
2026-08-04T01:00:00Z,7.088,0.0,21.883,137.105
2026-08-04T02:00:00Z,6.433,0.0,21.567,143.165
2026-08-04T03:00:00Z,5.733,0.0,21.183,156.952
2026-08-04T04:00:00Z,5.553,1.167,20.983,170.932
2026-08-04T05:00:00Z,6.455,31.5,21.067,169.282
2026-08-04T06:00:00Z,6.225,94.5,21.8,161.49
2026-08-04T07:00:00Z,5.063,187.0,22.917,146.538
2026-08-04T08:00:00Z,3.877,319.667,24.333,124.51
2026-08-04T09:00:00Z,4.127,413.0,25.633,103.738
2026-08-04T10:00:00Z,3.96,531.333,26.767,87.312
2026-08-04T11:00:00Z,3.953,632.333,28.05,76.465
2026-08-04T12:00:00Z,3.157,681.833,29.4,84.062
2026-08-04T13:00:00Z,3.675,679.333,30.333,109.458
2026-08-04T14:00:00Z,3.503,658.667,31.067,127.438
2026-08-04T15:00:00Z,3.567,543.0,31.583,154.962
2026-08-04T16:00:00Z,3.465,428.0,31.617,175.548
2026-08-04T17:00:00Z,3.72,268.167,31.4,228.0
2026-08-04T18:00:00Z,4.812,127.833,31.033,240.005
2026-08-04T19:00:00Z,5.522,29.833,29.633,212.045
2026-08-04T20:00:00Z,6.128,0.167,27.983,185.128
2026-08-04T21:00:00Z,5.355,0.0,26.65,163.065
2026-08-04T22:00:00Z,6.12,0.0,25.633,155.192
2026-08-04T23:00:00Z,5.042,0.0,24.733,149.348
2026-08-05T00:00:00Z,4.178,0.0,24.183,148.05
2026-08-05T01:00:00Z,4.365,0.0,23.7,144.255
2026-08-05T02:00:00Z,5.03,0.0,23.2,139.345
2026-08-05T03:00:00Z,5.992,0.0,23.033,144.252
2026-08-05T04:00:00Z,6.158,0.833,22.75,157.18
2026-08-05T05:00:00Z,6.095,39.167,22.733,154.685
2026-08-05T06:00:00Z,5.687,153.0,23.167,139.798
2026-08-05T07:00:00Z,5.085,284.5,24.267,112.038
2026-08-05T08:00:00Z,5.583,359.0,25.217,64.45
2026-08-05T09:00:00Z,4.877,501.0,26.683,8.332
2026-08-05T10:00:00Z,5.308,603.667,27.533,-0.038
2026-08-05T11:00:00Z,5.895,704.167,28.733,-0.542
2026-08-05T12:00:00Z,5.573,626.333,29.367,-0.14
2026-08-05T13:00:00Z,6.18,630.0,29.7,-0.017
2026-08-05T14:00:00Z,6.398,547.667,30.033,6.828
2026-08-05T15:00:00Z,5.602,464.5,29.95,72.335
2026-08-05T16:00:00Z,5.75,376.333,29.867,135.08
2026-08-05T17:00:00Z,5.062,246.833,29.117,173.898
2026-08-05T18:00:00Z,5.213,122.333,28.533,187.462
2026-08-05T19:00:00Z,4.993,27.5,26.6,203.738
2026-08-05T20:00:00Z,6.035,0.167,24.833,190.812
2026-08-05T21:00:00Z,5.11,0.0,23.917,166.105
2026-08-05T22:00:00Z,3.938,0.0,23.4,162.512
2026-08-05T23:00:00Z,4.418,0.0,22.583,155.202
2026-08-06T00:00:00Z,4.19,0.0,21.833,146.698
2026-08-06T01:00:00Z,4.453,0.0,21.6,137.83
2026-08-06T02:00:00Z,4.775,0.0,21.317,134.06
2026-08-06T03:00:00Z,4.197,0.0,20.85,135.752
2026-08-06T04:00:00Z,5.333,0.833,20.533,156.048
2026-08-06T05:00:00Z,5.5,45.5,20.533,149.33
2026-08-06T06:00:00Z,4.84,147.5,20.783,139.222
2026-08-06T07:00:00Z,5.64,268.167,21.717,95.57
2026-08-06T08:00:00Z,5.783,364.0,22.583,25.085
2026-08-06T09:00:00Z,6.48,491.167,23.733,0.145
2026-08-06T10:00:00Z,6.968,496.5,24.117,-0.085
2026-08-06T11:00:00Z,7.437,549.333,24.583,-1.358
2026-08-06T12:00:00Z,6.93,528.667,24.717,-1.29
2026-08-06T13:00:00Z,7.332,571.833,25.217,-0.335
2026-08-06T14:00:00Z,7.95,510.0,25.5,0.008
2026-08-06T15:00:00Z,7.458,441.333,24.867,38.425
2026-08-06T16:00:00Z,8.437,334.667,24.483,114.48
2026-08-06T17:00:00Z,8.665,182.0,23.417,143.178
2026-08-06T18:00:00Z,7.597,91.167,22.45,162.692
2026-08-06T19:00:00Z,6.853,21.5,21.667,167.14
2026-08-06T20:00:00Z,6.462,0.0,20.883,169.455
2026-08-06T21:00:00Z,6.275,0.0,20.067,158.448
2026-08-06T22:00:00Z,6.172,0.0,19.45,145.072
2026-08-06T23:00:00Z,6.283,0.0,18.817,138.655
2026-08-07T00:00:00Z,6.563,0.0,17.917,131.12
2026-08-07T01:00:00Z,6.65,0.0,17.383,129.068
2026-08-07T02:00:00Z,5.942,0.0,16.833,131.575
2026-08-07T03:00:00Z,5.795,0.0,16.383,141.332
2026-08-07T04:00:00Z,5.705,0.833,15.933,156.168
2026-08-07T05:00:00Z,5.408,40.833,15.917,154.972
2026-08-07T06:00:00Z,4.982,140.833,16.533,145.578
2026-08-07T07:00:00Z,4.568,265.5,17.383,126.118
2026-08-07T08:00:00Z,4.418,394.167,18.4,102.162
2026-08-07T09:00:00Z,4.217,466.5,19.317,66.512
2026-08-07T10:00:00Z,4.68,531.667,20.3,28.15
2026-08-07T11:00:00Z,4.325,576.333,21.033,13.018
2026-08-07T12:00:00Z,3.952,653.333,21.633,18.728
2026-08-07T13:00:00Z,4.45,599.667,22.2,44.34
2026-08-07T14:00:00Z,4.728,534.333,22.333,87.34
2026-08-07T15:00:00Z,4.795,441.167,22.4,118.668
2026-08-07T16:00:00Z,4.752,353.667,22.267,144.71
2026-08-07T17:00:00Z,5.04,261.0,21.883,172.602
2026-08-07T18:00:00Z,5.072,125.167,21.45,195.122
2026-08-07T19:00:00Z,4.863,27.167,20.617,194.65
2026-08-07T20:00:00Z,5.362,0.167,19.717,178.088
2026-08-07T21:00:00Z,5.698,0.0,18.633,166.095
2026-08-07T22:00:00Z,5.387,0.0,17.917,155.74
2026-08-07T23:00:00Z,4.722,0.0,17.4,149.0
2026-08-08T00:00:00Z,4.953,0.0,16.733,145.238
2026-08-08T01:00:00Z,4.403,0.0,16.3,145.92
2026-08-08T02:00:00Z,4.097,0.0,15.733,143.865
2026-08-08T03:00:00Z,3.628,0.0,14.917,145.695
2026-08-08T04:00:00Z,3.745,0.5,14.517,146.262
2026-08-08T05:00:00Z,3.633,45.0,14.567,137.698
2026-08-08T06:00:00Z,3.245,165.0,15.633,115.032
2026-08-08T07:00:00Z,2.642,312.833,17.05,62.545
2026-08-08T08:00:00Z,2.54,461.5,18.85,3.86
2026-08-08T09:00:00Z,2.352,607.833,20.833,-1.517
2026-08-08T10:00:00Z,2.515,719.667,22.183,-5.988
2026-08-08T11:00:00Z,2.577,773.0,23.267,-10.997
2026-08-08T12:00:00Z,2.458,757.667,24.067,-12.152
2026-08-08T13:00:00Z,2.148,765.667,24.8,-7.012
2026-08-08T14:00:00Z,1.862,703.333,25.383,-0.562
2026-08-08T15:00:00Z,2.375,576.833,25.65,68.165
2026-08-08T16:00:00Z,2.843,430.833,25.583,140.0
2026-08-08T17:00:00Z,3.478,289.5,25.183,167.865
2026-08-08T18:00:00Z,3.67,142.0,24.9,184.658
2026-08-08T19:00:00Z,4.67,27.333,23.55,179.498
2026-08-08T20:00:00Z,5.985,0.0,21.933,170.85
2026-08-08T21:00:00Z,6.192,0.0,20.533,154.42
2026-08-08T22:00:00Z,6.283,0.0,19.5,145.275
2026-08-08T23:00:00Z,6.372,0.0,18.517,139.345
2026-08-09T00:00:00Z,6.582,0.0,17.567,136.442
2026-08-09T01:00:00Z,6.568,0.0,17.25,133.95
2026-08-09T02:00:00Z,6.558,0.0,16.833,134.028
2026-08-09T03:00:00Z,6.567,0.0,16.35,135.0
2026-08-09T04:00:00Z,6.217,0.333,16.083,131.798
2026-08-09T05:00:00Z,5.93,41.0,15.95,118.188
2026-08-09T06:00:00Z,5.097,156.167,17.317,91.628
2026-08-09T07:00:00Z,3.687,290.0,19.183,27.49
2026-08-09T08:00:00Z,2.985,446.667,21.4,0.303
2026-08-09T09:00:00Z,3.232,593.667,24.3,-0.048
2026-08-09T10:00:00Z,3.53,709.833,26.483,-2.65
2026-08-09T11:00:00Z,3.777,779.833,28.217,-5.08
2026-08-09T12:00:00Z,3.883,792.167,29.483,-2.062
2026-08-09T13:00:00Z,4.197,744.167,30.35,-0.032
2026-08-09T14:00:00Z,4.615,626.833,30.683,3.78
2026-08-09T15:00:00Z,4.75,519.5,30.917,82.45
2026-08-09T16:00:00Z,5.417,355.833,30.367,151.188
2026-08-09T17:00:00Z,4.687,232.833,29.45,169.028
2026-08-09T18:00:00Z,4.4,103.667,28.517,176.09
2026-08-09T19:00:00Z,3.99,22.0,27.133,174.132
2026-08-09T20:00:00Z,4.065,0.0,25.817,170.0
2026-08-09T21:00:00Z,5.088,0.0,24.417,157.15
2026-08-09T22:00:00Z,4.683,0.0,23.717,146.472
2026-08-09T23:00:00Z,5.928,0.0,22.783,138.015
2026-08-10T00:00:00Z,4.578,0.0,22.333,131.495
2026-08-10T01:00:00Z,4.858,0.0,21.767,126.925
2026-08-10T02:00:00Z,5.86,0.0,21.0,127.475
2026-08-10T03:00:00Z,5.127,0.0,20.333,143.075
2026-08-10T04:00:00Z,5.045,0.167,20.067,163.242
2026-08-10T05:00:00Z,4.913,21.0,20.167,164.707
2026-08-10T06:00:00Z,3.845,86.0,20.65,160.885
2026-08-10T07:00:00Z,3.665,210.167,21.75,138.882
2026-08-10T08:00:00Z,3.742,348.5,22.967,111.608
2026-08-10T09:00:00Z,3.887,466.667,24.467,79.138
2026-08-10T10:00:00Z,4.86,544.667,25.733,36.785
2026-08-10T11:00:00Z,5.31,562.667,27.017,9.142
2026-08-10T12:00:00Z,6.445,570.167,27.75,4.338
2026-08-10T13:00:00Z,7.15,501.667,28.2,10.0
2026-08-10T14:00:00Z,8.117,409.833,27.733,48.948
2026-08-10T15:00:00Z,7.882,414.833,26.983,106.158
2026-08-10T16:00:00Z,8.415,319.0,25.95,137.7
2026-08-10T17:00:00Z,8.845,223.0,24.5,165.707
2026-08-10T18:00:00Z,7.85,107.5,23.7,176.952
2026-08-10T19:00:00Z,7.615,20.167,22.65,181.532
2026-08-10T20:00:00Z,7.462,0.0,21.467,169.185
2026-08-10T21:00:00Z,6.862,0.0,20.7,151.44
2026-08-10T22:00:00Z,7.933,0.0,20.0,139.198
2026-08-10T23:00:00Z,7.728,0.0,19.467,140.988
2026-08-11T00:00:00Z,8.172,0.0,18.883,136.198
2026-08-11T01:00:00Z,7.952,0.0,18.233,128.732
2026-08-11T02:00:00Z,8.02,0.0,17.5,129.923
2026-08-11T03:00:00Z,6.623,0.0,16.617,140.04
2026-08-11T04:00:00Z,6.382,0.167,15.933,156.792
2026-08-11T05:00:00Z,6.268,33.667,15.633,157.86
2026-08-11T06:00:00Z,5.29,152.5,16.183,143.788
2026-08-11T07:00:00Z,4.847,279.0,17.117,110.825
2026-08-11T08:00:00Z,5.322,419.5,18.433,57.848
2026-08-11T09:00:00Z,5.283,541.167,19.633,9.532
2026-08-11T10:00:00Z,5.697,619.667,20.783,0.018
2026-08-11T11:00:00Z,5.377,692.833,21.617,-0.103
2026-08-11T12:00:00Z,4.852,694.667,22.117,-0.09
2026-08-11T13:00:00Z,5.368,683.667,22.75,3.138
2026-08-11T14:00:00Z,5.775,653.333,23.1,44.482
2026-08-11T15:00:00Z,5.395,551.333,23.5,109.875
2026-08-11T16:00:00Z,5.612,426.333,23.2,146.498
2026-08-11T17:00:00Z,5.813,257.167,22.567,178.29
2026-08-11T18:00:00Z,5.643,113.167,21.933,198.978
2026-08-11T19:00:00Z,5.668,19.667,20.783,189.34
2026-08-11T20:00:00Z,5.25,0.0,19.583,172.92
2026-08-11T21:00:00Z,5.208,0.0,18.267,154.1
2026-08-11T22:00:00Z,4.837,0.0,17.417,155.282
2026-08-11T23:00:00Z,4.888,0.0,16.667,149.505
2026-08-12T00:00:00Z,4.868,0.0,15.717,143.3
2026-08-12T01:00:00Z,4.257,0.0,15.133,139.752
2026-08-12T02:00:00Z,4.152,0.0,14.6,139.9
2026-08-12T03:00:00Z,3.853,0.0,13.783,153.5
2026-08-12T04:00:00Z,3.783,0.167,13.583,172.575
2026-08-12T05:00:00Z,3.878,35.833,13.617,167.542
2026-08-12T06:00:00Z,3.412,149.333,14.95,155.212
2026-08-12T07:00:00Z,2.365,295.667,16.483,128.727
2026-08-12T08:00:00Z,2.187,447.667,18.333,87.585
2026-08-12T09:00:00Z,1.85,588.167,20.483,40.342
2026-08-12T10:00:00Z,2.037,706.167,21.883,14.75
2026-08-12T11:00:00Z,2.062,774.0,23.167,3.55
2026-08-12T12:00:00Z,2.395,791.0,23.983,14.97
2026-08-12T13:00:00Z,2.835,761.667,24.85,40.738
2026-08-12T14:00:00Z,2.628,682.833,25.683,97.708
2026-08-12T15:00:00Z,3.223,564.5,25.817,140.588
2026-08-12T16:00:00Z,3.312,430.5,25.7,183.522
2026-08-12T17:00:00Z,4.04,275.167,25.483,300.0
2026-08-12T18:00:00Z,4.357,123.667,25.033,300.208
2026-08-12T19:00:00Z,5.687,19.0,23.633,229.62
2026-08-12T20:00:00Z,6.263,0.0,21.65,190.662
2026-08-12T21:00:00Z,6.128,0.0,20.167,172.1
2026-08-12T22:00:00Z,6.342,0.0,19.3,154.102
2026-08-12T23:00:00Z,6.508,0.0,18.383,147.592
2026-08-13T00:00:00Z,6.012,0.0,17.8,143.422
2026-08-13T01:00:00Z,6.22,0.0,17.2,142.722
2026-08-13T02:00:00Z,6.033,0.0,16.6,144.92
2026-08-13T03:00:00Z,5.725,0.0,15.8,157.398
2026-08-13T04:00:00Z,5.528,0.167,15.383,174.233
2026-08-13T05:00:00Z,5.06,33.333,15.233,171.098
2026-08-13T06:00:00Z,4.855,146.833,16.35,156.8
2026-08-13T07:00:00Z,3.827,300.0,18.2,135.65
2026-08-13T08:00:00Z,3.062,455.167,20.5,109.595
2026-08-13T09:00:00Z,3.087,593.333,23.417,51.728
2026-08-13T10:00:00Z,3.64,703.667,25.383,2.805
2026-08-13T11:00:00Z,3.79,770.0,26.833,0.0
2026-08-13T12:00:00Z,3.837,789.333,27.933,2.52
2026-08-13T13:00:00Z,4.007,760.5,28.783,44.44
2026-08-13T14:00:00Z,4.142,685.833,29.45,111.478
2026-08-13T15:00:00Z,4.133,573.0,29.717,150.008
2026-08-13T16:00:00Z,4.183,431.333,29.65,203.998
2026-08-13T17:00:00Z,4.618,273.5,29.267,326.6
2026-08-13T18:00:00Z,5.025,121.5,28.483,338.862
2026-08-13T19:00:00Z,6.708,17.667,26.567,270.01
2026-08-13T20:00:00Z,7.358,0.0,24.65,213.482
2026-08-13T21:00:00Z,7.215,0.0,22.717,176.172
2026-08-13T22:00:00Z,7.023,0.0,21.55,158.868
2026-08-13T23:00:00Z,7.565,0.0,20.633,151.86
2026-08-14T00:00:00Z,7.293,0.0,19.333,145.73
2026-08-14T01:00:00Z,6.967,0.0,18.667,142.05
2026-08-14T02:00:00Z,6.657,0.0,18.033,143.908
2026-08-14T03:00:00Z,6.655,0.0,17.317,154.698
2026-08-14T04:00:00Z,6.368,0.0,17.0,171.96
2026-08-14T05:00:00Z,6.365,32.0,16.867,170.082
2026-08-14T06:00:00Z,5.892,146.333,18.05,151.835
2026-08-14T07:00:00Z,5.233,297.333,20.133,135.2
2026-08-14T08:00:00Z,3.655,455.5,22.433,104.462
2026-08-14T09:00:00Z,3.34,596.5,25.383,63.615
2026-08-14T10:00:00Z,3.777,706.5,27.65,25.0
2026-08-14T11:00:00Z,3.638,772.5,29.4,8.002
2026-08-14T12:00:00Z,3.202,787.0,30.55,17.305
2026-08-14T13:00:00Z,2.723,760.667,31.433,65.79
2026-08-14T14:00:00Z,2.802,684.5,32.05,116.32
2026-08-14T15:00:00Z,2.522,573.0,32.5,143.655
2026-08-14T16:00:00Z,3.083,431.333,32.417,179.99
2026-08-14T17:00:00Z,3.403,272.833,31.867,246.81
2026-08-14T18:00:00Z,3.607,118.667,30.95,263.725
2026-08-14T19:00:00Z,4.835,16.167,28.683,231.57
2026-08-14T20:00:00Z,5.458,0.0,26.45,198.0
2026-08-14T21:00:00Z,4.867,0.0,24.333,177.518
2026-08-14T22:00:00Z,4.94,0.0,23.2,169.448
2026-08-14T23:00:00Z,4.668,0.0,22.167,162.398
2026-08-15T00:00:00Z,4.292,0.0,20.933,156.902
2026-08-15T01:00:00Z,4.372,0.0,20.067,156.938
2026-08-15T02:00:00Z,4.463,0.0,19.267,154.515
2026-08-15T03:00:00Z,4.407,0.0,18.817,153.842
2026-08-15T04:00:00Z,4.933,0.0,18.517,156.982
2026-08-15T05:00:00Z,5.058,29.667,18.333,151.935
2026-08-15T06:00:00Z,4.738,136.167,19.283,137.282
2026-08-15T07:00:00Z,4.008,271.167,21.1,109.675
2026-08-15T08:00:00Z,2.917,414.833,23.583,60.995
2026-08-15T09:00:00Z,3.082,536.833,26.0,21.215
2026-08-15T10:00:00Z,3.143,614.167,28.05,4.368
2026-08-15T11:00:00Z,3.185,663.5,29.35,1.007
2026-08-15T12:00:00Z,3.5,640.5,30.083,4.32
2026-08-15T13:00:00Z,3.802,647.333,30.65,15.098
2026-08-15T14:00:00Z,4.423,573.333,30.933,68.588
2026-08-15T15:00:00Z,5.635,491.333,30.95,130.462
2026-08-15T16:00:00Z,5.825,325.833,30.083,164.512
2026-08-15T17:00:00Z,6.558,194.5,28.333,179.965
2026-08-15T18:00:00Z,6.498,72.833,27.45,184.99
2026-08-15T19:00:00Z,6.595,8.667,25.733,183.342
2026-08-15T20:00:00Z,7.23,0.0,23.817,179.592
2026-08-15T21:00:00Z,7.788,0.0,23.05,173.99
2026-08-15T22:00:00Z,6.898,0.0,22.167,174.312
2026-08-15T23:00:00Z,6.662,0.0,21.417,168.587
2026-08-16T00:00:00Z,5.817,0.0,20.967,165.33
2026-08-16T01:00:00Z,5.39,0.0,20.417,157.535
2026-08-16T02:00:00Z,4.908,0.0,19.617,156.9
2026-08-16T03:00:00Z,4.785,0.0,18.883,156.945
2026-08-16T04:00:00Z,5.52,0.0,18.667,156.6
2026-08-16T05:00:00Z,4.752,16.0,18.683,150.37
2026-08-16T06:00:00Z,4.49,81.5,18.783,145.832
2026-08-16T07:00:00Z,3.587,166.0,19.5,124.365
2026-08-16T08:00:00Z,2.74,262.5,20.433,96.9
2026-08-16T09:00:00Z,2.542,347.0,21.267,61.23
2026-08-16T10:00:00Z,2.718,488.167,22.283,43.53
2026-08-16T11:00:00Z,3.053,556.5,23.2,27.338
2026-08-16T12:00:00Z,2.69,592.167,24.167,36.558
2026-08-16T13:00:00Z,3.035,614.5,24.917,67.702
2026-08-16T14:00:00Z,3.67,540.333,25.283,116.135
2026-08-16T15:00:00Z,3.155,452.833,25.633,145.325
2026-08-16T16:00:00Z,3.158,304.0,25.4,169.438
2026-08-16T17:00:00Z,3.505,160.833,24.95,187.97
2026-08-16T18:00:00Z,3.457,68.0,24.2,200.018
2026-08-16T19:00:00Z,3.77,7.333,23.167,205.675
2026-08-16T20:00:00Z,4.742,0.0,22.133,206.535
2026-08-16T21:00:00Z,4.377,0.0,21.4,192.648
2026-08-16T22:00:00Z,4.205,0.0,20.75,192.128
2026-08-16T23:00:00Z,4.105,0.0,20.083,178.81
2026-08-17T00:00:00Z,3.39,0.0,19.817,163.9
2026-08-17T01:00:00Z,3.328,0.0,19.4,160.28
2026-08-17T02:00:00Z,3.615,0.0,18.95,159.07
2026-08-17T03:00:00Z,3.428,0.0,18.467,174.968
2026-08-17T04:00:00Z,3.212,0.0,18.317,197.4
2026-08-17T05:00:00Z,2.78,19.833,18.267,205.15
2026-08-17T06:00:00Z,3.027,73.667,18.633,208.612
2026-08-17T07:00:00Z,3.732,117.333,18.9,198.79
2026-08-17T08:00:00Z,3.885,169.833,19.233,175.488
2026-08-17T09:00:00Z,4.527,205.5,18.967,166.972
2026-08-17T10:00:00Z,5.058,200.833,19.233,154.285
2026-08-17T11:00:00Z,6.033,249.333,19.383,150.192
2026-08-17T12:00:00Z,6.247,262.333,18.633,141.297
2026-08-17T13:00:00Z,5.955,253.167,18.65,139.885
2026-08-17T14:00:00Z,6.665,219.667,18.95,140.085
2026-08-17T15:00:00Z,7.085,180.5,19.483,152.022
2026-08-17T16:00:00Z,7.013,185.667,19.4,177.1
2026-08-17T17:00:00Z,7.302,143.0,19.267,204.102
2026-08-17T18:00:00Z,6.723,64.0,18.717,213.4
2026-08-17T19:00:00Z,6.287,6.5,18.15,210.002
2026-08-17T20:00:00Z,5.882,0.0,17.7,197.705
2026-08-17T21:00:00Z,5.805,0.0,17.133,179.92
2026-08-17T22:00:00Z,5.467,0.0,16.783,173.568
2026-08-17T23:00:00Z,4.488,0.0,16.533,159.788
2026-08-18T00:00:00Z,4.812,0.0,16.3,150.805
2026-08-18T01:00:00Z,4.743,0.0,16.05,148.392
2026-08-18T02:00:00Z,4.877,0.0,15.917,149.22
2026-08-18T03:00:00Z,4.462,0.0,15.733,159.03
2026-08-18T04:00:00Z,3.842,0.0,15.533,187.78
2026-08-18T05:00:00Z,4.043,11.167,15.6,192.572
2026-08-18T06:00:00Z,2.937,50.5,15.733,185.22
2026-08-18T07:00:00Z,2.977,122.0,16.433,161.43
2026-08-18T08:00:00Z,2.752,165.167,17.083,152.382
2026-08-18T09:00:00Z,3.26,187.333,17.7,145.642
2026-08-18T10:00:00Z,3.915,269.833,18.483,136.575
2026-08-18T11:00:00Z,4.213,324.0,19.317,131.852
2026-08-18T12:00:00Z,4.148,255.333,19.067,130.538
2026-08-18T13:00:00Z,4.167,198.833,18.983,132.442
2026-08-18T14:00:00Z,4.45,182.833,19.417,138.948
2026-08-18T15:00:00Z,4.525,154.0,19.4,154.152
2026-08-18T16:00:00Z,4.683,86.5,19.25,178.555
2026-08-18T17:00:00Z,3.85,51.0,18.967,197.682
2026-08-18T18:00:00Z,4.517,18.667,18.833,200.395
2026-08-18T19:00:00Z,5.177,3.333,18.617,198.795
2026-08-18T20:00:00Z,4.967,0.0,18.333,191.385
2026-08-18T21:00:00Z,5.198,0.0,18.017,177.142
2026-08-18T22:00:00Z,5.457,0.0,17.917,176.6
2026-08-18T23:00:00Z,5.593,0.0,17.733,157.6
2026-08-19T00:00:00Z,5.498,0.0,17.733,151.412
2026-08-19T01:00:00Z,5.775,0.0,17.8,147.3
2026-08-19T02:00:00Z,5.772,0.0,17.717,148.995
2026-08-19T03:00:00Z,6.247,0.0,17.5,161.665
2026-08-19T04:00:00Z,5.81,0.0,17.45,184.738
2026-08-19T05:00:00Z,6.162,9.667,17.25,192.63
2026-08-19T06:00:00Z,6.498,51.167,17.65,190.865
2026-08-19T07:00:00Z,6.365,113.5,18.467,169.675
2026-08-19T08:00:00Z,6.422,208.167,19.383,152.668
2026-08-19T09:00:00Z,6.852,272.333,20.433,142.96
2026-08-19T10:00:00Z,6.643,279.333,20.8,136.082
2026-08-19T11:00:00Z,7.102,328.833,21.167,128.205
2026-08-19T12:00:00Z,6.342,305.5,21.483,127.773
2026-08-19T13:00:00Z,6.938,344.0,22.183,131.008
2026-08-19T14:00:00Z,6.245,390.667,22.717,138.318
2026-08-19T15:00:00Z,6.25,293.333,23.2,153.642
2026-08-19T16:00:00Z,5.693,230.333,23.083,183.735
2026-08-19T17:00:00Z,5.043,139.5,22.767,207.552
2026-08-19T18:00:00Z,5.083,52.167,22.133,209.445
2026-08-19T19:00:00Z,6.745,4.667,21.217,206.122
2026-08-19T20:00:00Z,5.833,0.0,20.033,199.098
2026-08-19T21:00:00Z,5.362,0.0,19.217,186.548
2026-08-19T22:00:00Z,6.262,0.0,18.383,172.712
2026-08-19T23:00:00Z,5.058,0.0,18.25,162.35
2026-08-20T00:00:00Z,5.428,0.0,17.783,153.733
2026-08-20T01:00:00Z,5.86,0.0,17.6,147.99
2026-08-20T02:00:00Z,5.503,0.0,17.5,148.492
2026-08-20T03:00:00Z,4.355,0.0,16.867,159.55
2026-08-20T04:00:00Z,4.583,0.0,16.7,182.8
2026-08-20T05:00:00Z,4.658,15.167,16.7,186.432
2026-08-20T06:00:00Z,3.553,83.833,16.8,171.748
2026-08-20T07:00:00Z,3.502,180.833,17.883,154.505
2026-08-20T08:00:00Z,4.41,282.0,18.967,135.74
2026-08-20T09:00:00Z,4.562,321.333,19.85,109.455
2026-08-20T10:00:00Z,5.253,423.333,20.933,83.63
2026-08-20T11:00:00Z,5.843,392.667,21.267,63.707
2026-08-20T12:00:00Z,5.36,498.667,22.183,69.44
2026-08-20T13:00:00Z,6.27,477.167,22.7,91.208
2026-08-20T14:00:00Z,6.443,438.167,23.083,106.005
2026-08-20T15:00:00Z,6.21,353.833,23.233,144.2
2026-08-20T16:00:00Z,5.91,258.167,22.633,164.245
2026-08-20T17:00:00Z,5.295,133.5,22.217,192.222
2026-08-20T18:00:00Z,4.263,59.833,21.433,200.6
2026-08-20T19:00:00Z,4.41,4.833,20.667,195.618
2026-08-20T20:00:00Z,5.763,0.0,19.717,187.928
2026-08-20T21:00:00Z,6.24,0.0,18.517,173.015
2026-08-20T22:00:00Z,6.392,0.0,18.017,170.35
2026-08-20T23:00:00Z,5.958,0.0,17.633,160.49
2026-08-21T00:00:00Z,5.248,0.0,16.767,152.488
2026-08-21T01:00:00Z,5.73,0.0,16.517,151.475
2026-08-21T02:00:00Z,4.105,0.0,16.25,153.21
2026-08-21T03:00:00Z,4.148,0.0,15.7,165.875
2026-08-21T04:00:00Z,3.582,0.0,15.567,189.21
2026-08-21T05:00:00Z,3.137,16.833,15.45,193.89
2026-08-21T06:00:00Z,3.333,95.5,16.217,192.585
2026-08-21T07:00:00Z,3.183,207.0,17.467,167.83
2026-08-21T08:00:00Z,2.848,300.5,18.767,149.0
2026-08-21T09:00:00Z,3.437,379.333,19.95,138.882
2026-08-21T10:00:00Z,3.34,435.833,20.883,135.21
2026-08-21T11:00:00Z,3.79,480.167,21.567,140.495
2026-08-21T12:00:00Z,3.085,450.833,22.133,141.172
2026-08-21T13:00:00Z,3.693,425.833,22.267,149.748
2026-08-21T14:00:00Z,3.702,339.5,21.967,166.49
2026-08-21T15:00:00Z,6.202,255.667,20.267,186.207
2026-08-21T16:00:00Z,5.67,144.5,19.517,196.99
2026-08-21T17:00:00Z,5.57,81.667,18.65,204.415
2026-08-21T18:00:00Z,4.833,31.833,18.15,203.905
2026-08-21T19:00:00Z,4.978,2.833,17.7,198.715
2026-08-21T20:00:00Z,5.602,0.0,17.033,187.358
2026-08-21T21:00:00Z,5.84,0.0,16.367,173.5
2026-08-21T22:00:00Z,6.023,0.0,16.05,168.008
2026-08-21T23:00:00Z,5.653,0.0,15.75,161.535
2026-08-22T00:00:00Z,5.842,0.0,15.417,158.712
2026-08-22T01:00:00Z,6.112,0.0,15.233,154.39
2026-08-22T02:00:00Z,6.118,0.0,15.15,148.5
2026-08-22T03:00:00Z,6.02,0.0,14.8,145.508
2026-08-22T04:00:00Z,6.433,0.0,14.65,153.89
2026-08-22T05:00:00Z,6.258,10.833,14.583,144.005
2026-08-22T06:00:00Z,6.082,69.167,14.967,128.13
2026-08-22T07:00:00Z,6.093,124.333,15.317,90.268
2026-08-22T08:00:00Z,6.352,237.0,16.033,50.295
2026-08-22T09:00:00Z,6.457,322.333,16.6,19.812
2026-08-22T10:00:00Z,6.9,376.0,17.417,0.997
2026-08-22T11:00:00Z,8.095,340.667,17.9,-0.005
2026-08-22T12:00:00Z,7.698,309.833,17.767,-0.01
2026-08-22T13:00:00Z,8.627,315.167,18.25,-0.098
2026-08-22T14:00:00Z,8.297,322.5,18.5,-0.002
2026-08-22T15:00:00Z,7.692,337.667,18.817,28.39
2026-08-22T16:00:00Z,7.608,177.0,18.483,105.072
2026-08-22T17:00:00Z,7.143,134.167,18.2,149.15
2026-08-22T18:00:00Z,7.255,45.0,17.7,164.162
2026-08-22T19:00:00Z,7.015,2.0,17.0,168.202
2026-08-22T20:00:00Z,6.552,0.0,16.4,155.707
2026-08-22T21:00:00Z,5.877,0.0,15.517,141.12
2026-08-22T22:00:00Z,5.662,0.0,15.017,132.672
2026-08-22T23:00:00Z,6.045,0.0,14.55,125.82
2026-08-23T00:00:00Z,6.16,0.0,13.717,119.365
2026-08-23T01:00:00Z,6.337,0.0,13.4,116.21
2026-08-23T02:00:00Z,6.083,0.0,13.05,114.742
2026-08-23T03:00:00Z,6.257,0.0,12.667,116.735
2026-08-23T04:00:00Z,6.272,0.0,12.367,116.708
2026-08-23T05:00:00Z,6.575,15.333,12.15,102.092
2026-08-23T06:00:00Z,5.897,89.667,12.9,49.83
2026-08-23T07:00:00Z,5.83,217.833,14.083,1.005
2026-08-23T08:00:00Z,6.112,281.333,15.283,-0.57
2026-08-23T09:00:00Z,6.387,367.667,16.667,-1.83
2026-08-23T10:00:00Z,6.618,402.833,17.567,-3.035
2026-08-23T11:00:00Z,6.365,411.333,18.233,-4.998
2026-08-23T12:00:00Z,6.648,400.5,18.783,-4.232
2026-08-23T13:00:00Z,6.815,458.0,19.3,-1.478
2026-08-23T14:00:00Z,7.502,372.667,19.317,-0.532
2026-08-23T15:00:00Z,6.86,365.833,19.617,48.375
2026-08-23T16:00:00Z,6.867,260.0,19.333,144.422
2026-08-23T17:00:00Z,6.728,131.333,18.783,180.2
2026-08-23T18:00:00Z,6.422,51.833,18.117,185.89
2026-08-23T19:00:00Z,6.988,3.0,17.317,178.05
2026-08-23T20:00:00Z,6.222,0.0,16.4,172.678
2026-08-23T21:00:00Z,6.17,0.0,15.483,165.45
2026-08-23T22:00:00Z,6.397,0.0,14.8,160.93
2026-08-23T23:00:00Z,6.448,0.0,14.433,152.622
2026-08-24T00:00:00Z,6.458,0.0,13.65,147.882
2026-08-24T01:00:00Z,5.64,0.0,13.217,148.735
2026-08-24T02:00:00Z,5.687,0.0,12.767,151.298
2026-08-24T03:00:00Z,5.312,0.0,12.25,172.67
2026-08-24T04:00:00Z,4.843,0.0,12.0,205.67
2026-08-24T05:00:00Z,4.435,13.667,11.867,206.4
2026-08-24T06:00:00Z,3.718,98.167,12.617,176.78
2026-08-24T07:00:00Z,3.053,225.833,13.95,141.345
2026-08-24T08:00:00Z,2.538,344.667,15.517,112.572
2026-08-24T09:00:00Z,2.588,433.833,17.133,80.26
2026-08-24T10:00:00Z,2.682,501.833,18.433,55.632
2026-08-24T11:00:00Z,3.107,518.333,19.3,34.145
2026-08-24T12:00:00Z,2.685,533.167,20.033,35.658
2026-08-24T13:00:00Z,2.888,569.333,20.617,72.498
2026-08-24T14:00:00Z,3.207,505.5,20.967,102.088
2026-08-24T15:00:00Z,3.145,399.667,21.167,143.46
2026-08-24T16:00:00Z,3.837,308.833,20.95,182.335
2026-08-24T17:00:00Z,4.113,180.333,20.5,219.37
2026-08-24T18:00:00Z,4.375,57.5,19.767,219.528
2026-08-24T19:00:00Z,4.898,3.333,18.517,188.028
2026-08-24T20:00:00Z,5.627,0.0,17.2,171.775
2026-08-24T21:00:00Z,5.613,0.0,16.367,154.725
2026-08-24T22:00:00Z,6.372,0.0,15.733,152.34
2026-08-24T23:00:00Z,6.712,0.0,15.05,146.825
2026-08-25T00:00:00Z,7.198,0.0,14.55,142.415
2026-08-25T01:00:00Z,6.793,0.0,14.083,140.005
2026-08-25T02:00:00Z,6.808,0.0,13.633,141.62
2026-08-25T03:00:00Z,7.49,0.0,13.217,149.58
2026-08-25T04:00:00Z,6.273,0.0,12.9,171.415
2026-08-25T05:00:00Z,6.365,13.333,12.867,180.66
2026-08-25T06:00:00Z,6.172,92.333,13.817,171.405
2026-08-25T07:00:00Z,5.255,215.833,15.117,145.438
2026-08-25T08:00:00Z,5.572,338.167,16.867,117.46
2026-08-25T09:00:00Z,5.648,424.833,18.867,83.145
2026-08-25T10:00:00Z,5.887,474.5,19.833,67.158
2026-08-25T11:00:00Z,5.965,504.667,20.617,62.207
2026-08-25T12:00:00Z,5.555,521.0,20.967,68.462
2026-08-25T13:00:00Z,5.56,481.167,21.467,84.998
2026-08-25T14:00:00Z,5.573,412.0,21.583,114.402
2026-08-25T15:00:00Z,4.812,337.0,21.9,147.052
2026-08-25T16:00:00Z,5.647,263.833,21.767,178.782
2026-08-25T17:00:00Z,5.693,152.5,20.983,209.308
2026-08-25T18:00:00Z,6.165,49.833,20.233,205.142
2026-08-25T19:00:00Z,6.903,2.167,19.0,182.492
2026-08-25T20:00:00Z,7.415,0.0,18.2,172.267
2026-08-25T21:00:00Z,7.392,0.0,17.45,159.66
2026-08-25T22:00:00Z,6.84,0.0,16.967,164.028
2026-08-25T23:00:00Z,6.192,0.0,16.467,157.058
2026-08-26T00:00:00Z,5.713,0.0,16.083,151.642
2026-08-26T01:00:00Z,5.588,0.0,15.7,149.6
2026-08-26T02:00:00Z,5.948,0.0,15.3,151.758
2026-08-26T03:00:00Z,5.953,0.0,15.133,160.465
2026-08-26T04:00:00Z,5.195,0.0,14.95,185.13
2026-08-26T05:00:00Z,5.287,10.0,14.783,195.538
2026-08-26T06:00:00Z,4.862,70.333,15.267,193.52
2026-08-26T07:00:00Z,4.215,175.667,16.417,166.622
2026-08-26T08:00:00Z,4.582,285.5,17.967,137.48
2026-08-26T09:00:00Z,4.773,355.167,19.65,120.66
2026-08-26T10:00:00Z,5.487,479.0,20.933,98.605
2026-08-26T11:00:00Z,5.328,543.333,22.017,89.54
2026-08-26T12:00:00Z,4.918,513.5,22.967,91.97
2026-08-26T13:00:00Z,5.033,504.0,23.717,102.552
2026-08-26T14:00:00Z,5.678,466.0,24.1,122.508
2026-08-26T15:00:00Z,6.225,363.333,24.117,156.97
2026-08-26T16:00:00Z,5.845,296.5,23.883,185.625
2026-08-26T17:00:00Z,6.355,172.0,23.467,211.245
2026-08-26T18:00:00Z,6.825,61.5,22.65,201.778
2026-08-26T19:00:00Z,7.647,2.333,21.383,178.692
2026-08-26T20:00:00Z,7.815,0.0,20.083,163.587
2026-08-26T21:00:00Z,7.935,0.0,19.133,151.112
2026-08-26T22:00:00Z,7.892,0.0,18.483,148.555
2026-08-26T23:00:00Z,7.893,0.0,17.917,142.175
2026-08-27T00:00:00Z,7.355,0.0,17.533,135.17
2026-08-27T01:00:00Z,7.557,0.0,16.983,134.422
2026-08-27T02:00:00Z,7.405,0.0,16.467,136.19
2026-08-27T03:00:00Z,7.485,0.0,16.083,146.56
2026-08-27T04:00:00Z,7.51,0.0,15.833,167.582
2026-08-27T05:00:00Z,6.787,11.333,15.633,174.145
2026-08-27T06:00:00Z,6.778,93.5,16.383,160.388
2026-08-27T07:00:00Z,6.138,228.5,17.95,124.652
2026-08-27T08:00:00Z,5.905,377.167,19.967,104.102
2026-08-27T09:00:00Z,6.105,479.5,22.35,57.578
2026-08-27T10:00:00Z,6.415,624.833,24.367,21.682
2026-08-27T11:00:00Z,7.127,686.667,25.983,6.572
2026-08-27T12:00:00Z,7.095,687.333,27.167,14.192
2026-08-27T13:00:00Z,7.342,656.833,28.15,45.382
2026-08-27T14:00:00Z,7.523,570.167,28.633,96.15
2026-08-27T15:00:00Z,7.317,414.167,28.933,141.7
2026-08-27T16:00:00Z,7.793,268.167,28.517,173.812
2026-08-27T17:00:00Z,8.088,142.333,27.75,199.262
2026-08-27T18:00:00Z,7.907,42.5,26.5,191.488
2026-08-27T19:00:00Z,8.792,1.5,25.083,175.92
2026-08-27T20:00:00Z,9.727,0.0,23.95,164.92
2026-08-27T21:00:00Z,9.578,0.0,23.233,150.39
2026-08-27T22:00:00Z,9.475,0.0,22.5,139.522
2026-08-27T23:00:00Z,9.145,0.0,21.95,139.288
2026-08-28T00:00:00Z,9.337,0.0,21.217,138.242
2026-08-28T01:00:00Z,7.793,0.0,20.817,138.8
2026-08-28T02:00:00Z,8.178,0.0,20.367,139.09
2026-08-28T03:00:00Z,6.667,0.0,19.867,146.767
2026-08-28T04:00:00Z,5.987,0.0,19.233,171.008
2026-08-28T05:00:00Z,6.17,6.167,18.967,177.98
2026-08-28T06:00:00Z,6.713,52.667,18.983,169.47
2026-08-28T07:00:00Z,7.232,107.0,19.917,155.152
2026-08-28T08:00:00Z,6.548,172.333,21.05,137.64
2026-08-28T09:00:00Z,6.155,301.5,22.083,121.583
2026-08-28T10:00:00Z,4.85,311.333,23.283,110.89
2026-08-28T11:00:00Z,6.383,231.667,22.967,96.238
2026-08-28T12:00:00Z,7.65,223.167,23.017,104.0
2026-08-28T13:00:00Z,6.815,233.0,22.85,114.37
2026-08-28T14:00:00Z,6.375,229.0,22.767,119.56
2026-08-28T15:00:00Z,5.433,218.5,22.683,143.202
2026-08-28T16:00:00Z,6.778,102.833,22.05,160.48
2026-08-28T17:00:00Z,5.678,95.667,21.5,172.54
2026-08-28T18:00:00Z,5.845,32.667,21.183,176.77
2026-08-28T19:00:00Z,6.773,1.333,20.483,166.11
2026-08-28T20:00:00Z,7.91,0.0,20.067,161.445
2026-08-28T21:00:00Z,7.287,0.0,19.05,145.132
2026-08-28T22:00:00Z,7.522,0.0,18.633,130.518
2026-08-28T23:00:00Z,8.098,0.0,18.15,112.355
2026-08-29T00:00:00Z,7.723,0.0,17.667,100.298
2026-08-29T01:00:00Z,8.232,0.0,17.267,93.25
2026-08-29T02:00:00Z,8.495,0.0,16.883,93.005
2026-08-29T03:00:00Z,8.4,0.0,16.683,96.58
2026-08-29T04:00:00Z,8.062,0.0,16.433,97.135
2026-08-29T05:00:00Z,8.428,8.167,16.267,101.24
2026-08-29T06:00:00Z,7.578,76.667,16.683,60.42
2026-08-29T07:00:00Z,7.498,182.167,17.65,4.575
2026-08-29T08:00:00Z,8.548,294.667,18.8,-0.342
2026-08-29T09:00:00Z,8.048,364.5,20.083,-1.355
2026-08-29T10:00:00Z,8.135,432.5,21.05,-1.812
2026-08-29T11:00:00Z,8.637,472.333,22.05,-1.762
2026-08-29T12:00:00Z,8.067,492.833,22.667,-1.175
2026-08-29T13:00:00Z,7.942,517.167,23.4,-0.022
2026-08-29T14:00:00Z,7.472,468.667,23.867,24.58
2026-08-29T15:00:00Z,7.298,278.667,23.4,112.992
2026-08-29T16:00:00Z,7.053,172.833,23.3,171.502
2026-08-29T17:00:00Z,5.992,93.0,22.867,198.965
2026-08-29T18:00:00Z,5.257,26.167,22.35,194.78
2026-08-29T19:00:00Z,5.802,0.667,21.4,177.518
2026-08-29T20:00:00Z,6.723,0.0,20.667,163.492
2026-08-29T21:00:00Z,6.853,0.0,20.017,145.615
2026-08-29T22:00:00Z,7.627,0.0,19.583,117.43
2026-08-29T23:00:00Z,8.367,0.0,19.15,102.588
2026-08-30T00:00:00Z,8.1,0.0,19.0,86.035
2026-08-30T01:00:00Z,8.105,0.0,18.783,77.938
2026-08-30T02:00:00Z,8.485,0.0,18.683,69.378
2026-08-30T03:00:00Z,8.657,0.0,18.8,72.962
2026-08-30T04:00:00Z,8.9,0.0,18.7,70.895
2026-08-30T05:00:00Z,9.162,6.0,18.683,59.045
2026-08-30T06:00:00Z,9.458,54.5,19.0,15.985
2026-08-30T07:00:00Z,9.782,138.833,19.733,-0.012
2026-08-30T08:00:00Z,9.458,224.833,20.883,-0.102
2026-08-30T09:00:00Z,9.717,333.0,22.083,-0.152
2026-08-30T10:00:00Z,9.68,360.667,22.767,-1.02
2026-08-30T11:00:00Z,9.3,406.333,23.217,-1.052
2026-08-30T12:00:00Z,8.213,399.167,23.467,-1.055
2026-08-30T13:00:00Z,8.665,395.5,23.9,-0.122
2026-08-30T14:00:00Z,8.365,386.333,24.083,-0.01
2026-08-30T15:00:00Z,6.963,308.833,23.967,62.448
2026-08-30T16:00:00Z,6.935,195.833,23.667,163.392
2026-08-30T17:00:00Z,6.313,114.833,23.117,184.165
2026-08-30T18:00:00Z,5.43,33.333,22.383,193.195
2026-08-30T19:00:00Z,4.978,0.5,21.617,192.922
2026-08-30T20:00:00Z,4.157,0.0,20.8,181.438
2026-08-30T21:00:00Z,3.252,0.0,19.817,168.788
2026-08-30T22:00:00Z,2.957,0.0,19.333,174.978
2026-08-30T23:00:00Z,3.748,0.0,18.95,163.112
2026-08-31T00:00:00Z,5.178,0.0,18.4,153.24
2026-08-31T01:00:00Z,4.538,0.0,17.95,147.798
2026-08-31T02:00:00Z,5.39,0.0,17.533,142.41
2026-08-31T03:00:00Z,7.245,0.0,17.233,144.208
2026-08-31T04:00:00Z,6.413,0.0,17.1,155.25
2026-08-31T05:00:00Z,6.503,3.667,16.967,164.962
2026-08-31T06:00:00Z,6.66,39.833,17.233,162.375
2026-08-31T07:00:00Z,6.037,102.5,17.517,126.532
2026-08-31T08:00:00Z,6.978,212.833,18.367,38.35
2026-08-31T09:00:00Z,7.457,325.167,19.35,0.02
2026-08-31T10:00:00Z,8.352,398.0,20.517,-0.058
2026-08-31T11:00:00Z,9.755,495.167,21.65,-0.945
2026-08-31T12:00:00Z,9.315,477.833,22.483,-1.028
2026-08-31T13:00:00Z,9.145,454.5,22.6,-0.082
2026-08-31T14:00:00Z,9.137,337.667,21.933,1.0
2026-08-31T15:00:00Z,8.997,294.5,22.233,73.02
2026-08-31T16:00:00Z,8.675,206.5,21.617,157.928
2026-08-31T17:00:00Z,8.307,112.5,20.767,183.11
2026-08-31T18:00:00Z,7.538,27.667,19.683,189.15
2026-08-31T19:00:00Z,7.03,0.333,18.717,182.288
2026-08-31T20:00:00Z,7.378,0.0,18.083,171.55
2026-08-31T21:00:00Z,7.642,0.0,17.4,155.282
2026-08-31T22:00:00Z,7.637,0.0,16.967,154.588
2026-08-31T23:00:00Z,8.017,0.0,16.683,146.608
2026-09-01T00:00:00Z,7.715,0.0,16.433,141.37
2026-09-01T01:00:00Z,7.837,0.0,16.2,142.302
2026-09-01T02:00:00Z,7.963,0.0,16.033,145.9
2026-09-01T03:00:00Z,8.132,0.0,15.867,156.678
2026-09-01T04:00:00Z,7.912,0.0,15.767,188.458
2026-09-01T05:00:00Z,7.687,4.667,15.683,205.15
2026-09-01T06:00:00Z,7.843,63.333,16.117,192.745
2026-09-01T07:00:00Z,7.175,179.333,16.9,149.458
2026-09-01T08:00:00Z,7.305,295.167,18.05,119.762
2026-09-01T09:00:00Z,7.083,345.167,19.017,89.998
2026-09-01T10:00:00Z,7.078,403.333,20.067,50.902
2026-09-01T11:00:00Z,6.95,439.167,20.683,29.123
2026-09-01T12:00:00Z,7.14,421.167,21.3,33.098
2026-09-01T13:00:00Z,7.232,431.167,21.917,51.185
2026-09-01T14:00:00Z,7.345,390.333,22.017,94.068
2026-09-01T15:00:00Z,6.937,354.667,22.033,140.008
2026-09-01T16:00:00Z,6.533,231.667,21.967,177.258
2026-09-01T17:00:00Z,6.78,129.0,21.383,214.235
2026-09-01T18:00:00Z,6.745,30.833,20.567,231.6
2026-09-01T19:00:00Z,6.768,0.167,19.383,217.91
2026-09-01T20:00:00Z,5.555,0.0,18.517,199.47
2026-09-01T21:00:00Z,5.14,0.0,17.8,179.342
2026-09-01T22:00:00Z,5.062,0.0,17.1,170.715
2026-09-01T23:00:00Z,4.912,0.0,16.583,162.17
2026-09-02T00:00:00Z,4.8,0.0,15.833,153.025
2026-09-02T01:00:00Z,5.033,0.0,15.4,148.605
2026-09-02T02:00:00Z,4.555,0.0,14.967,149.23
2026-09-02T03:00:00Z,4.678,0.0,14.4,165.568
2026-09-02T04:00:00Z,4.837,0.0,14.017,194.485
2026-09-02T05:00:00Z,4.42,5.833,13.733,206.138
2026-09-02T06:00:00Z,3.823,67.167,14.333,198.01
2026-09-02T07:00:00Z,3.202,170.0,15.5,169.095
2026-09-02T08:00:00Z,3.205,260.667,17.0,136.125
2026-09-02T09:00:00Z,3.765,376.667,18.683,115.052
2026-09-02T10:00:00Z,4.45,406.667,19.8,104.328
2026-09-02T11:00:00Z,5.285,433.333,20.817,91.667
2026-09-02T12:00:00Z,4.758,461.667,21.683,99.112
2026-09-02T13:00:00Z,5.262,482.5,22.283,110.395
2026-09-02T14:00:00Z,6.013,413.167,22.55,134.438
2026-09-02T15:00:00Z,5.225,314.667,22.8,168.438
2026-09-02T16:00:00Z,5.645,206.167,22.483,196.94
2026-09-02T17:00:00Z,4.998,108.667,21.517,238.852
2026-09-02T18:00:00Z,5.158,28.0,20.433,243.198
2026-09-02T19:00:00Z,4.57,0.167,19.683,213.87
2026-09-02T20:00:00Z,4.868,0.0,18.95,194.94
2026-09-02T21:00:00Z,4.75,0.0,18.1,165.212
2026-09-02T22:00:00Z,4.563,0.0,17.567,178.635
2026-09-02T23:00:00Z,4.932,0.0,17.3,170.372
2026-09-03T00:00:00Z,5.572,0.0,16.817,155.525
2026-09-03T01:00:00Z,5.527,0.0,16.35,146.002
2026-09-03T02:00:00Z,5.572,0.0,16.117,143.145
2026-09-03T03:00:00Z,5.97,0.0,15.85,147.178
2026-09-03T04:00:00Z,6.043,0.0,15.633,174.44
2026-09-03T05:00:00Z,6.388,3.333,15.45,189.2
2026-09-03T06:00:00Z,6.575,38.833,15.8,180.048
2026-09-03T07:00:00Z,6.922,95.167,16.617,149.582
2026-09-03T08:00:00Z,6.97,181.333,18.033,117.663
2026-09-03T09:00:00Z,7.327,247.0,19.45,85.65
2026-09-03T10:00:00Z,8.497,247.5,20.217,50.272
2026-09-03T11:00:00Z,8.362,285.833,21.05,25.0
2026-09-03T12:00:00Z,8.628,248.167,22.117,20.89
2026-09-03T13:00:00Z,9.762,301.5,22.65,24.37
2026-09-03T14:00:00Z,9.745,293.333,22.6,61.388
2026-09-03T15:00:00Z,9.703,204.0,22.517,117.25
2026-09-03T16:00:00Z,9.228,124.167,21.917,155.148
2026-09-03T17:00:00Z,8.69,70.333,21.583,181.078
2026-09-03T18:00:00Z,8.69,19.167,21.0,204.398
2026-09-03T19:00:00Z,8.657,0.167,20.383,192.552
2026-09-03T20:00:00Z,8.303,0.0,19.9,174.885
2026-09-03T21:00:00Z,7.9,0.0,19.567,162.207
2026-09-03T22:00:00Z,8.247,0.0,19.15,135.74
2026-09-03T23:00:00Z,8.038,0.0,18.833,124.833
2026-09-04T00:00:00Z,8.4,0.0,19.067,117.628
2026-09-04T01:00:00Z,7.893,0.0,18.933,117.972
2026-09-04T02:00:00Z,7.472,0.0,18.717,115.523
2026-09-04T03:00:00Z,6.533,0.0,18.65,123.182
2026-09-04T04:00:00Z,6.355,0.0,18.317,152.58
2026-09-04T05:00:00Z,7.8,2.0,18.317,166.315
2026-09-04T06:00:00Z,8.695,31.667,18.817,158.37
2026-09-04T07:00:00Z,7.582,107.833,19.567,104.235
2026-09-04T08:00:00Z,8.437,187.0,20.783,57.845
2026-09-04T09:00:00Z,8.857,263.5,21.817,10.95
2026-09-04T10:00:00Z,9.962,317.167,22.85,-0.002
2026-09-04T11:00:00Z,10.513,340.333,23.667,-0.055
2026-09-04T12:00:00Z,10.218,342.0,24.35,-0.14
2026-09-04T13:00:00Z,11.82,295.667,24.733,-0.103
2026-09-04T14:00:00Z,11.875,251.5,24.883,-0.015
2026-09-04T15:00:00Z,12.702,201.833,24.767,36.912
2026-09-04T16:00:00Z,12.32,139.0,24.067,107.855
2026-09-04T17:00:00Z,11.195,78.5,22.683,135.098
2026-09-04T18:00:00Z,10.488,17.667,21.533,136.207
2026-09-04T19:00:00Z,10.225,0.0,20.7,128.412
2026-09-04T20:00:00Z,10.132,0.0,19.467,114.192
2026-09-04T21:00:00Z,10.652,0.0,18.85,91.352
2026-09-04T22:00:00Z,10.002,0.0,18.667,61.635
2026-09-04T23:00:00Z,9.742,0.0,18.4,60.235
2026-09-05T00:00:00Z,9.15,0.0,18.117,60.073
2026-09-05T01:00:00Z,8.587,0.0,17.75,55.508
2026-09-05T02:00:00Z,8.927,0.0,17.483,51.298
2026-09-05T03:00:00Z,8.983,0.0,16.9,54.04
2026-09-05T04:00:00Z,8.877,0.0,16.45,56.822
2026-09-05T05:00:00Z,8.31,3.667,16.067,61.262
2026-09-05T06:00:00Z,7.605,54.667,15.85,37.385
2026-09-05T07:00:00Z,7.607,113.5,16.05,1.01
2026-09-05T08:00:00Z,8.553,208.833,17.033,-0.798
2026-09-05T09:00:00Z,9.19,293.167,17.917,-4.935
2026-09-05T10:00:00Z,9.718,315.5,18.517,-8.962
2026-09-05T11:00:00Z,10.003,378.0,19.05,-17.402
2026-09-05T12:00:00Z,9.943,407.333,19.617,-18.995
2026-09-05T13:00:00Z,10.248,427.167,20.1,-10.0
2026-09-05T14:00:00Z,11.15,334.333,20.333,-3.355
2026-09-05T15:00:00Z,9.627,290.667,19.717,-0.032
2026-09-05T16:00:00Z,10.062,184.667,19.733,39.13
2026-09-05T17:00:00Z,9.618,103.333,19.267,102.74
2026-09-05T18:00:00Z,9.462,23.333,18.4,115.992
2026-09-05T19:00:00Z,9.36,0.0,17.717,109.902
2026-09-05T20:00:00Z,8.525,0.0,17.067,107.852
2026-09-05T21:00:00Z,9.133,0.0,16.533,100.958
2026-09-05T22:00:00Z,8.522,0.0,15.9,128.225
2026-09-05T23:00:00Z,8.452,0.0,15.417,126.342
2026-09-06T00:00:00Z,7.808,0.0,14.95,135.435
2026-09-06T01:00:00Z,7.452,0.0,14.55,135.475
2026-09-06T02:00:00Z,6.682,0.0,14.1,141.525
2026-09-06T03:00:00Z,6.367,0.0,13.633,142.532
2026-09-06T04:00:00Z,6.068,0.0,13.283,143.24
2026-09-06T05:00:00Z,5.837,3.667,12.983,133.1
2026-09-06T06:00:00Z,5.373,73.5,13.15,109.578
2026-09-06T07:00:00Z,4.713,200.0,14.15,36.812
2026-09-06T08:00:00Z,4.078,356.667,15.55,0.507
2026-09-06T09:00:00Z,3.905,467.167,17.267,-0.035
2026-09-06T10:00:00Z,4.273,531.667,18.35,-1.115
2026-09-06T11:00:00Z,4.57,590.833,19.333,-1.632
2026-09-06T12:00:00Z,3.705,599.167,19.9,-0.655
2026-09-06T13:00:00Z,3.717,585.833,20.483,-0.005
2026-09-06T14:00:00Z,3.37,512.5,20.917,19.945
2026-09-06T15:00:00Z,3.16,393.0,21.333,123.17
2026-09-06T16:00:00Z,2.84,267.5,21.267,194.105
2026-09-06T17:00:00Z,3.003,129.5,20.85,221.988
2026-09-06T18:00:00Z,2.988,24.5,20.017,227.655
2026-09-06T19:00:00Z,3.95,0.0,18.9,206.155
2026-09-06T20:00:00Z,4.872,0.0,17.85,189.385
2026-09-06T21:00:00Z,5.958,0.0,16.567,169.582
2026-09-06T22:00:00Z,6.153,0.0,15.983,155.502
2026-09-06T23:00:00Z,6.158,0.0,15.617,150.858
2026-09-07T00:00:00Z,5.948,0.0,15.217,148.318
2026-09-07T01:00:00Z,5.853,0.0,14.983,148.212
2026-09-07T02:00:00Z,6.038,0.0,14.767,151.842
2026-09-07T03:00:00Z,5.865,0.0,14.55,172.87
2026-09-07T04:00:00Z,5.525,0.0,14.45,207.475
2026-09-07T05:00:00Z,5.873,2.333,14.4,220.362
2026-09-07T06:00:00Z,5.323,51.5,14.767,212.308
2026-09-07T07:00:00Z,5.14,148.833,15.75,180.295
2026-09-07T08:00:00Z,4.587,231.333,17.15,145.02
2026-09-07T09:00:00Z,4.33,285.0,19.217,120.028
2026-09-07T10:00:00Z,5.232,348.667,20.467,79.628
2026-09-07T11:00:00Z,4.708,391.0,21.283,41.632
2026-09-07T12:00:00Z,4.345,425.0,22.333,31.627
2026-09-07T13:00:00Z,4.41,472.667,23.417,63.15
2026-09-07T14:00:00Z,4.862,436.5,24.433,108.098
2026-09-07T15:00:00Z,5.363,353.0,25.717,161.545
2026-09-07T16:00:00Z,5.527,233.0,25.567,206.32
2026-09-07T17:00:00Z,5.497,112.167,24.917,240.048
2026-09-07T18:00:00Z,6.922,20.833,23.833,233.017
2026-09-07T19:00:00Z,6.902,0.0,22.283,205.162
2026-09-07T20:00:00Z,7.207,0.0,21.383,187.115
2026-09-07T21:00:00Z,7.29,0.0,20.5,170.702
2026-09-07T22:00:00Z,7.043,0.0,19.7,178.68
2026-09-07T23:00:00Z,6.682,0.0,19.15,167.442
2026-09-08T00:00:00Z,6.353,0.0,18.667,155.722
2026-09-08T01:00:00Z,6.718,0.0,18.283,152.428
2026-09-08T02:00:00Z,6.645,0.0,17.917,151.975
2026-09-08T03:00:00Z,6.705,0.0,17.667,167.378
2026-09-08T04:00:00Z,6.692,0.0,17.617,203.04
2026-09-08T05:00:00Z,6.637,2.0,17.6,225.425
2026-09-08T06:00:00Z,6.403,52.667,17.9,200.735
2026-09-08T07:00:00Z,6.23,150.833,19.083,152.73
2026-09-08T08:00:00Z,5.252,248.333,20.75,107.235
2026-09-08T09:00:00Z,5.425,331.333,22.533,57.238
2026-09-08T10:00:00Z,6.297,441.167,23.9,16.8
2026-09-08T11:00:00Z,6.827,463.833,24.917,1.985
2026-09-08T12:00:00Z,6.972,475.667,26.033,1.645
2026-09-08T13:00:00Z,7.197,436.167,26.433,48.632
2026-09-08T14:00:00Z,7.075,387.833,26.7,78.625
2026-09-08T15:00:00Z,6.575,323.833,26.683,159.118
2026-09-08T16:00:00Z,6.538,211.333,26.533,200.58
2026-09-08T17:00:00Z,6.22,97.833,25.6,240.758
2026-09-08T18:00:00Z,5.672,15.667,24.533,257.335
2026-09-08T19:00:00Z,5.24,0.0,23.167,218.94
2026-09-08T20:00:00Z,5.173,0.0,21.9,196.005
2026-09-08T21:00:00Z,4.89,0.0,20.917,177.448
2026-09-08T22:00:00Z,6.623,0.0,20.617,149.957
2026-09-08T23:00:00Z,8.7,0.0,20.183,145.822
2026-09-09T00:00:00Z,7.018,0.0,19.4,143.338
2026-09-09T01:00:00Z,6.752,0.0,18.833,139.478
2026-09-09T02:00:00Z,6.88,0.0,18.317,137.86
2026-09-09T03:00:00Z,6.518,0.0,18.067,142.372
2026-09-09T04:00:00Z,7.713,0.0,17.717,174.005
2026-09-09T05:00:00Z,7.333,1.333,17.2,199.765
2026-09-09T06:00:00Z,6.885,40.333,16.55,197.982
2026-09-09T07:00:00Z,7.452,117.833,16.75,160.508
2026-09-09T08:00:00Z,7.663,217.833,17.35,123.388
2026-09-09T09:00:00Z,7.028,264.333,17.767,101.072
2026-09-09T10:00:00Z,7.003,307.667,18.067,88.04
2026-09-09T11:00:00Z,6.942,333.833,18.3,67.08
2026-09-09T12:00:00Z,6.622,356.0,18.4,61.57
2026-09-09T13:00:00Z,6.593,274.333,18.55,72.938
2026-09-09T14:00:00Z,6.54,312.833,18.85,95.6
2026-09-09T15:00:00Z,7.03,183.5,18.717,132.058
2026-09-09T16:00:00Z,6.762,150.0,18.25,173.685
2026-09-09T17:00:00Z,6.665,77.5,17.883,202.035
2026-09-09T18:00:00Z,6.892,12.167,17.267,202.358
2026-09-09T19:00:00Z,7.003,0.0,16.55,196.512
2026-09-09T20:00:00Z,7.547,0.0,16.033,174.985
2026-09-09T21:00:00Z,7.84,0.0,15.583,153.252
2026-09-09T22:00:00Z,7.275,0.0,15.183,160.18
2026-09-09T23:00:00Z,6.755,0.0,14.833,157.348
2026-09-10T00:00:00Z,6.873,0.0,14.35,159.483
2026-09-10T01:00:00Z,6.892,0.0,13.833,162.38
2026-09-10T02:00:00Z,6.215,0.0,13.483,169.65
2026-09-10T03:00:00Z,5.277,0.0,13.183,183.915
2026-09-10T04:00:00Z,4.977,0.0,12.983,210.84
2026-09-10T05:00:00Z,4.528,1.5,12.75,231.93
2026-09-10T06:00:00Z,4.74,47.667,12.85,222.045
2026-09-10T07:00:00Z,3.922,133.5,13.467,184.978
2026-09-10T08:00:00Z,4.058,236.667,14.533,146.365
2026-09-10T09:00:00Z,4.672,363.667,15.833,105.57
2026-09-10T10:00:00Z,4.695,368.333,16.633,76.642
2026-09-10T11:00:00Z,4.795,416.5,17.417,66.14
2026-09-10T12:00:00Z,4.34,509.5,17.867,91.76
2026-09-10T13:00:00Z,4.385,454.5,18.267,117.675
2026-09-10T14:00:00Z,4.325,366.5,18.467,149.548
2026-09-10T15:00:00Z,3.462,296.0,18.333,187.898
2026-09-10T16:00:00Z,3.368,210.5,18.05,250.0
2026-09-10T17:00:00Z,3.09,89.5,17.683,460.86
2026-09-10T18:00:00Z,3.237,14.5,17.117,429.33
2026-09-10T19:00:00Z,3.352,0.0,16.35,254.722
2026-09-10T20:00:00Z,2.765,0.0,15.733,225.09
2026-09-10T21:00:00Z,2.898,0.0,14.633,199.402
2026-09-10T22:00:00Z,3.255,0.0,14.317,184.332
2026-09-10T23:00:00Z,3.397,0.0,13.983,180.718
2026-09-11T00:00:00Z,3.318,0.0,13.05,171.402
2026-09-11T01:00:00Z,3.372,0.0,12.783,164.632
2026-09-11T02:00:00Z,4.03,0.0,12.483,167.19
2026-09-11T03:00:00Z,4.1,0.0,12.333,176.04
2026-09-11T04:00:00Z,3.913,0.0,12.017,202.763
2026-09-11T05:00:00Z,4.058,1.333,11.717,223.118
2026-09-11T06:00:00Z,4.228,46.0,11.883,214.202
2026-09-11T07:00:00Z,3.92,128.667,12.967,194.485
2026-09-11T08:00:00Z,3.077,208.5,14.25,178.215
2026-09-11T09:00:00Z,2.792,335.0,16.033,147.365
2026-09-11T10:00:00Z,3.635,346.667,17.233,132.145
2026-09-11T11:00:00Z,3.985,394.667,18.283,131.51
2026-09-11T12:00:00Z,3.673,369.167,19.517,146.462
2026-09-11T13:00:00Z,4.118,461.667,20.033,158.64
2026-09-11T14:00:00Z,4.53,386.333,20.517,181.652
2026-09-11T15:00:00Z,4.245,255.333,20.733,209.362
2026-09-11T16:00:00Z,3.952,179.5,20.1,248.49
2026-09-11T17:00:00Z,4.585,69.333,19.683,309.14
2026-09-11T18:00:00Z,4.828,9.333,18.883,288.915
2026-09-11T19:00:00Z,5.018,0.0,18.1,245.075
2026-09-11T20:00:00Z,4.277,0.0,17.317,224.965
2026-09-11T21:00:00Z,3.673,0.0,16.517,204.608
2026-09-11T22:00:00Z,3.473,0.0,15.95,205.28
2026-09-11T23:00:00Z,3.575,0.0,15.467,199.035
2026-09-12T00:00:00Z,3.57,0.0,15.083,196.385
2026-09-12T01:00:00Z,4.03,0.0,14.85,189.3
2026-09-12T02:00:00Z,3.957,0.0,14.667,184.233
2026-09-12T03:00:00Z,4.272,0.0,14.567,186.7
2026-09-12T04:00:00Z,3.802,0.0,14.4,193.19
2026-09-12T05:00:00Z,3.998,0.667,14.3,193.625
2026-09-12T06:00:00Z,3.923,35.667,14.567,173.83
2026-09-12T07:00:00Z,3.553,128.667,15.183,143.275
2026-09-12T08:00:00Z,2.993,289.0,16.517,89.21
2026-09-12T09:00:00Z,3.275,402.333,17.817,32.848
2026-09-12T10:00:00Z,4.09,466.167,19.0,1.002
2026-09-12T11:00:00Z,4.255,490.167,19.933,-0.05
2026-09-12T12:00:00Z,4.735,458.5,20.517,-0.242
2026-09-12T13:00:00Z,4.627,446.5,21.017,0.725
2026-09-12T14:00:00Z,4.89,362.5,21.367,34.44
2026-09-12T15:00:00Z,5.477,239.667,21.7,118.7
2026-09-12T16:00:00Z,4.97,153.0,21.4,177.94
2026-09-12T17:00:00Z,4.828,68.0,20.967,203.488
2026-09-12T18:00:00Z,4.583,7.5,20.117,210.192
2026-09-12T19:00:00Z,4.747,0.0,19.317,202.122
2026-09-12T20:00:00Z,5.837,0.0,18.533,190.975
2026-09-12T21:00:00Z,5.78,0.0,17.683,184.81
2026-09-12T22:00:00Z,4.527,0.0,17.117,177.828
2026-09-12T23:00:00Z,4.43,0.0,16.767,167.595
2026-09-13T00:00:00Z,5.273,0.0,16.55,163.028
2026-09-13T01:00:00Z,5.835,0.0,16.567,161.73
2026-09-13T02:00:00Z,6.517,0.0,16.633,164.055
2026-09-13T03:00:00Z,6.38,0.0,16.517,168.03
2026-09-13T04:00:00Z,7.095,0.0,16.35,175.268
2026-09-13T05:00:00Z,6.488,0.5,16.233,178.928
2026-09-13T06:00:00Z,6.12,18.667,16.233,167.875
2026-09-13T07:00:00Z,6.312,52.667,16.683,144.24
2026-09-13T08:00:00Z,5.728,79.167,17.1,120.0
2026-09-13T09:00:00Z,6.08,138.833,18.117,105.308
2026-09-13T10:00:00Z,5.882,174.333,18.517,100.825
2026-09-13T11:00:00Z,6.273,226.0,19.117,97.108
2026-09-13T12:00:00Z,5.583,234.667,19.7,97.098
2026-09-13T13:00:00Z,5.647,203.333,19.833,113.172
2026-09-13T14:00:00Z,5.42,125.167,19.65,150.98
2026-09-13T15:00:00Z,5.413,103.833,19.7,189.135
2026-09-13T16:00:00Z,5.893,85.833,19.233,210.0
2026-09-13T17:00:00Z,5.692,29.833,18.033,230.01
2026-09-13T18:00:00Z,4.927,3.667,17.367,233.83
2026-09-13T19:00:00Z,5.073,0.0,16.9,232.37
2026-09-13T20:00:00Z,5.697,0.0,16.483,227.46
2026-09-13T21:00:00Z,5.472,0.0,16.2,210.588
2026-09-13T22:00:00Z,5.732,0.0,15.85,201.705
2026-09-13T23:00:00Z,6.01,0.0,15.567,187.892
2026-09-14T00:00:00Z,5.872,0.0,15.3,184.172
2026-09-14T01:00:00Z,5.942,0.0,15.2,183.868
2026-09-14T02:00:00Z,5.688,0.0,15.133,183.755
2026-09-14T03:00:00Z,5.347,0.0,15.067,202.125
2026-09-14T04:00:00Z,4.735,0.0,14.983,254.692
2026-09-14T05:00:00Z,4.907,0.5,14.8,316.908
2026-09-14T06:00:00Z,3.942,23.5,14.767,299.6
2026-09-14T07:00:00Z,3.868,90.0,15.117,250.882
2026-09-14T08:00:00Z,2.97,221.0,15.833,211.83
2026-09-14T09:00:00Z,2.993,312.0,16.617,196.8
2026-09-14T10:00:00Z,3.175,391.333,17.667,180.678
2026-09-14T11:00:00Z,3.25,386.333,18.15,166.255
2026-09-14T12:00:00Z,3.523,377.0,18.9,161.425
2026-09-14T13:00:00Z,3.283,408.833,19.483,164.9
2026-09-14T14:00:00Z,2.705,370.0,19.95,180.648
2026-09-14T15:00:00Z,2.602,306.5,20.5,233.668
2026-09-14T16:00:00Z,2.758,205.5,20.283,400.09
2026-09-14T17:00:00Z,2.69,89.0,19.567,697.308
2026-09-14T18:00:00Z,2.812,9.5,18.533,526.102
2026-09-14T19:00:00Z,3.175,0.0,17.567,300.395
2026-09-14T20:00:00Z,3.228,0.0,16.75,246.752
2026-09-14T21:00:00Z,4.082,0.0,15.783,224.638
2026-09-14T22:00:00Z,4.457,0.0,15.433,208.888
2026-09-14T23:00:00Z,4.877,0.0,15.217,198.015
2026-09-15T00:00:00Z,4.672,0.0,14.867,188.352
2026-09-15T01:00:00Z,4.507,0.0,14.767,185.655
2026-09-15T02:00:00Z,4.64,0.0,14.567,183.55
2026-09-15T03:00:00Z,4.667,0.0,14.317,196.758
2026-09-15T04:00:00Z,4.58,0.0,14.233,237.425
2026-09-15T05:00:00Z,4.153,0.5,14.0,262.078
2026-09-15T06:00:00Z,4.315,41.0,14.35,233.112
2026-09-15T07:00:00Z,4.617,145.667,15.467,196.395
2026-09-15T08:00:00Z,4.075,260.5,17.317,145.96
2026-09-15T09:00:00Z,3.492,388.167,19.633,78.87
2026-09-15T10:00:00Z,4.1,490.333,21.367,44.468
2026-09-15T11:00:00Z,4.66,528.667,22.717,29.5
2026-09-15T12:00:00Z,4.963,515.833,23.8,46.2
2026-09-15T13:00:00Z,4.843,469.667,24.433,103.692
2026-09-15T14:00:00Z,4.455,365.833,24.7,156.022
2026-09-15T15:00:00Z,4.122,253.833,25.017,213.465
2026-09-15T16:00:00Z,4.542,182.833,24.567,251.51
2026-09-15T17:00:00Z,5.388,78.167,23.8,303.365
2026-09-15T18:00:00Z,5.927,6.667,22.55,253.9
2026-09-15T19:00:00Z,6.158,0.0,21.367,222.322
2026-09-15T20:00:00Z,6.277,0.0,20.6,199.462
2026-09-15T21:00:00Z,6.57,0.0,19.267,182.712
2026-09-15T22:00:00Z,6.463,0.0,18.7,176.545
2026-09-15T23:00:00Z,6.605,0.0,18.217,171.218
2026-09-16T00:00:00Z,6.705,0.0,17.867,168.7
2026-09-16T01:00:00Z,6.222,0.0,17.683,168.642
2026-09-16T02:00:00Z,6.467,0.0,17.467,169.675
2026-09-16T03:00:00Z,6.838,0.0,17.3,190.122
2026-09-16T04:00:00Z,6.725,0.0,17.133,223.768
2026-09-16T05:00:00Z,6.145,0.333,16.983,238.07
2026-09-16T06:00:00Z,5.715,38.333,17.183,224.992
2026-09-16T07:00:00Z,5.013,122.0,18.017,191.598
2026-09-16T08:00:00Z,4.513,185.167,18.883,172.905
2026-09-16T09:00:00Z,4.265,179.0,18.983,142.202
2026-09-16T10:00:00Z,4.942,279.5,19.567,113.515
2026-09-16T11:00:00Z,5.783,324.167,20.05,97.508
2026-09-16T12:00:00Z,6.632,279.167,19.833,102.442
2026-09-16T13:00:00Z,6.08,215.0,18.717,122.04
2026-09-16T14:00:00Z,6.482,205.0,18.733,158.525
2026-09-16T15:00:00Z,5.807,197.667,18.35,204.89
2026-09-16T16:00:00Z,6.295,132.667,18.133,231.08
2026-09-16T17:00:00Z,6.262,65.667,17.5,254.428
2026-09-16T18:00:00Z,6.675,5.667,16.867,246.912
2026-09-16T19:00:00Z,6.19,0.0,16.25,220.265
2026-09-16T20:00:00Z,6.24,0.0,15.883,200.79
2026-09-16T21:00:00Z,6.51,0.0,15.267,185.195
2026-09-16T22:00:00Z,5.932,0.0,14.8,183.515
2026-09-16T23:00:00Z,6.353,0.0,14.3,169.075
2026-09-17T00:00:00Z,6.315,0.0,13.7,165.488
2026-09-17T01:00:00Z,6.473,0.0,13.533,165.562
2026-09-17T02:00:00Z,6.417,0.0,13.367,165.642
2026-09-17T03:00:00Z,5.945,0.0,13.033,165.01
2026-09-17T04:00:00Z,5.905,0.0,12.867,199.1
2026-09-17T05:00:00Z,6.54,0.333,12.583,216.442
2026-09-17T06:00:00Z,6.165,33.333,12.667,198.45
2026-09-17T07:00:00Z,5.692,108.667,13.3,163.39
2026-09-17T08:00:00Z,5.787,223.167,14.533,111.34
2026-09-17T09:00:00Z,6.21,314.5,16.033,34.765
2026-09-17T10:00:00Z,7.198,396.833,17.133,10.67
2026-09-17T11:00:00Z,7.118,360.0,17.783,1.91
2026-09-17T12:00:00Z,7.543,351.5,18.7,12.225
2026-09-17T13:00:00Z,7.7,338.667,19.1,31.197
2026-09-17T14:00:00Z,8.128,279.333,19.283,74.36
2026-09-17T15:00:00Z,7.61,192.833,19.6,151.475
2026-09-17T16:00:00Z,7.098,155.833,19.35,198.488
2026-09-17T17:00:00Z,6.623,52.833,18.7,216.968
2026-09-17T18:00:00Z,7.512,3.5,17.833,215.718
2026-09-17T19:00:00Z,7.512,0.0,17.0,205.73
2026-09-17T20:00:00Z,7.205,0.0,16.383,193.378
2026-09-17T21:00:00Z,7.163,0.0,15.433,179.365
2026-09-17T22:00:00Z,7.102,0.0,15.167,139.235
2026-09-17T23:00:00Z,6.892,0.0,14.933,130.442
2026-09-18T00:00:00Z,7.377,0.0,14.783,129.505
2026-09-18T01:00:00Z,7.775,0.0,14.383,130.175
2026-09-18T02:00:00Z,7.74,0.0,14.233,131.105
2026-09-18T03:00:00Z,7.415,0.0,14.1,146.642
2026-09-18T04:00:00Z,7.308,0.0,14.2,186.005
2026-09-18T05:00:00Z,7.392,0.0,14.1,211.355
2026-09-18T06:00:00Z,6.928,22.5,14.383,205.0
2026-09-18T07:00:00Z,6.973,96.5,14.9,162.61
2026-09-18T08:00:00Z,6.003,207.667,15.833,95.972
2026-09-18T09:00:00Z,6.678,312.167,16.883,42.402
2026-09-18T10:00:00Z,7.018,403.0,17.8,6.26
2026-09-18T11:00:00Z,6.37,468.667,18.633,0.138
2026-09-18T12:00:00Z,7.238,372.333,19.1,0.002
2026-09-18T13:00:00Z,7.142,386.167,19.433,3.032
2026-09-18T14:00:00Z,7.445,289.167,19.433,30.755
2026-09-18T15:00:00Z,6.73,226.667,19.567,97.915
2026-09-18T16:00:00Z,6.725,155.5,18.983,180.1
2026-09-18T17:00:00Z,6.345,60.0,18.283,192.72
2026-09-18T18:00:00Z,5.957,4.0,17.35,194.988
2026-09-18T19:00:00Z,5.935,0.0,16.6,178.43
2026-09-18T20:00:00Z,6.172,0.0,15.883,163.182
2026-09-18T21:00:00Z,6.98,0.0,15.183,134.647
2026-09-18T22:00:00Z,6.512,0.0,14.683,103.385
2026-09-18T23:00:00Z,6.675,0.0,14.233,79.525
2026-09-19T00:00:00Z,6.92,0.0,13.867,59.23
2026-09-19T01:00:00Z,7.297,0.0,13.533,31.885
2026-09-19T02:00:00Z,7.638,0.0,13.233,35.792
2026-09-19T03:00:00Z,7.925,0.0,13.033,35.792
2026-09-19T04:00:00Z,8.575,0.0,12.85,42.738
2026-09-19T05:00:00Z,8.665,0.167,12.617,42.135
2026-09-19T06:00:00Z,8.738,27.667,12.95,31.0
2026-09-19T07:00:00Z,7.932,97.667,13.867,6.55
2026-09-19T08:00:00Z,7.393,171.167,15.25,-0.005
2026-09-19T09:00:00Z,7.697,205.5,16.767,-0.31
2026-09-19T10:00:00Z,7.79,275.167,17.867,-0.75
2026-09-19T11:00:00Z,8.327,308.333,18.85,-1.258
2026-09-19T12:00:00Z,8.358,351.667,20.0,-1.3
2026-09-19T13:00:00Z,8.9,381.167,20.583,-1.68
2026-09-19T14:00:00Z,8.617,292.5,20.883,-0.045
2026-09-19T15:00:00Z,8.385,222.667,21.1,8.3
2026-09-19T16:00:00Z,8.63,110.333,20.867,65.458
2026-09-19T17:00:00Z,8.512,45.667,20.383,120.78
2026-09-19T18:00:00Z,8.562,2.5,19.467,114.8
2026-09-19T19:00:00Z,9.008,0.0,18.767,89.972
2026-09-19T20:00:00Z,9.473,0.0,18.083,83.605
2026-09-19T21:00:00Z,9.447,0.0,17.483,78.368
2026-09-19T22:00:00Z,8.718,0.0,17.083,15.792
2026-09-19T23:00:00Z,8.595,0.0,16.75,12.858
2026-09-20T00:00:00Z,8.433,0.0,16.55,10.005
2026-09-20T01:00:00Z,8.867,0.0,16.35,7.812
2026-09-20T02:00:00Z,8.24,0.0,16.133,8.997
2026-09-20T03:00:00Z,7.81,0.0,15.817,10.005
2026-09-20T04:00:00Z,7.76,0.0,15.6,10.003
2026-09-20T05:00:00Z,8.217,0.0,15.45,12.27
2026-09-20T06:00:00Z,7.837,16.0,15.617,9.842
2026-09-20T07:00:00Z,8.125,72.0,16.133,3.655
2026-09-20T08:00:00Z,7.965,155.0,17.15,-0.01
2026-09-20T09:00:00Z,8.78,222.667,18.5,-0.108
2026-09-20T10:00:00Z,9.952,263.167,19.067,-1.16
2026-09-20T11:00:00Z,10.207,322.5,19.517,-1.982
2026-09-20T12:00:00Z,9.602,272.0,19.667,-1.935
2026-09-20T13:00:00Z,9.8,240.167,19.55,-1.24
2026-09-20T14:00:00Z,9.713,189.667,18.767,-0.092
2026-09-20T15:00:00Z,10.5,155.0,18.283,2.675
2026-09-20T16:00:00Z,10.335,102.0,18.067,50.408
2026-09-20T17:00:00Z,10.212,55.0,17.45,82.308
2026-09-20T18:00:00Z,10.275,2.333,16.683,86.652
2026-09-20T19:00:00Z,10.175,0.0,16.133,75.65
2026-09-20T20:00:00Z,9.905,0.0,14.983,71.315
2026-09-20T21:00:00Z,9.042,0.0,14.4,58.342
2026-09-20T22:00:00Z,9.335,0.0,14.0,46.765
2026-09-20T23:00:00Z,9.157,0.0,13.517,42.588
2026-09-21T00:00:00Z,8.655,0.0,13.067,39.345
2026-09-21T01:00:00Z,8.737,0.0,12.833,39.94
2026-09-21T02:00:00Z,8.668,0.0,12.633,41.933
2026-09-21T03:00:00Z,8.685,0.0,12.5,58.818
2026-09-21T04:00:00Z,8.77,0.0,12.383,123.855
2026-09-21T05:00:00Z,8.877,0.0,12.333,178.112
2026-09-21T06:00:00Z,8.48,21.0,12.333,178.675
2026-09-21T07:00:00Z,8.348,105.667,12.9,83.07
2026-09-21T08:00:00Z,7.755,207.0,13.867,33.84
2026-09-21T09:00:00Z,8.418,366.167,14.9,8.91
2026-09-21T10:00:00Z,8.508,348.333,15.75,0.2
2026-09-21T11:00:00Z,8.39,393.833,16.467,0.0
2026-09-21T12:00:00Z,8.833,356.0,16.833,0.01
2026-09-21T13:00:00Z,8.768,384.0,17.117,1.4
2026-09-21T14:00:00Z,8.845,308.333,17.167,28.575
2026-09-21T15:00:00Z,8.22,231.667,17.1,107.19
2026-09-21T16:00:00Z,8.377,135.667,16.733,212.43
2026-09-21T17:00:00Z,8.113,56.667,16.033,242.975
2026-09-21T18:00:00Z,7.418,2.167,15.483,241.025
2026-09-21T19:00:00Z,7.118,0.0,14.833,217.76
2026-09-21T20:00:00Z,6.803,0.0,14.217,205.722
2026-09-21T21:00:00Z,6.683,0.0,13.483,185.202
2026-09-21T22:00:00Z,6.503,0.0,13.0,181.372
2026-09-21T23:00:00Z,6.01,0.0,12.6,176.103
2026-09-22T00:00:00Z,5.768,0.0,12.067,173.552
2026-09-22T01:00:00Z,5.623,0.0,11.733,171.58
2026-09-22T02:00:00Z,5.248,0.0,11.333,174.878
2026-09-22T03:00:00Z,4.705,0.0,10.583,191.5
2026-09-22T04:00:00Z,4.49,0.0,10.083,238.63
2026-09-22T05:00:00Z,4.155,0.0,9.7,290.445
2026-09-22T06:00:00Z,3.807,31.833,9.6,249.022
2026-09-22T07:00:00Z,3.093,135.333,10.683,205.845
2026-09-22T08:00:00Z,2.502,290.0,12.333,172.272
2026-09-22T09:00:00Z,2.365,417.333,13.967,148.552
2026-09-22T10:00:00Z,2.66,492.667,15.167,125.758
2026-09-22T11:00:00Z,3.057,519.167,16.033,116.023
2026-09-22T12:00:00Z,3.227,526.5,16.85,119.138
2026-09-22T13:00:00Z,3.728,509.5,17.317,136.61
2026-09-22T14:00:00Z,3.827,400.5,17.533,176.872
2026-09-22T15:00:00Z,3.733,302.0,17.767,226.89
2026-09-22T16:00:00Z,3.843,188.0,17.383,374.802
2026-09-22T17:00:00Z,3.763,64.833,16.583,596.38
2026-09-22T18:00:00Z,3.732,2.0,15.567,433.162
2026-09-22T19:00:00Z,3.94,0.0,14.433,289.135
2026-09-22T20:00:00Z,3.86,0.0,13.65,246.678
2026-09-22T21:00:00Z,3.22,0.0,12.383,213.005
2026-09-22T22:00:00Z,2.96,0.0,11.833,188.96
2026-09-22T23:00:00Z,2.843,0.0,11.45,177.342
2026-09-23T00:00:00Z,2.412,0.0,10.767,176.483
2026-09-23T01:00:00Z,2.563,0.0,10.35,176.85
2026-09-23T02:00:00Z,2.608,0.0,10.033,175.952
2026-09-23T03:00:00Z,2.7,0.0,9.65,198.618
2026-09-23T04:00:00Z,3.033,0.0,9.433,299.998
2026-09-23T05:00:00Z,3.243,0.0,9.217,346.08
2026-09-23T06:00:00Z,3.685,27.167,9.35,232.062
2026-09-23T07:00:00Z,3.93,122.0,10.45,182.275
2026-09-23T08:00:00Z,2.942,232.0,12.033,141.352
2026-09-23T09:00:00Z,2.43,328.0,14.233,97.41
2026-09-23T10:00:00Z,2.685,444.667,15.7,73.055
2026-09-23T11:00:00Z,2.562,483.0,16.85,57.325
2026-09-23T12:00:00Z,2.747,463.833,17.9,75.088
2026-09-23T13:00:00Z,2.76,475.0,18.417,110.408
2026-09-23T14:00:00Z,2.628,381.333,18.65,156.808
2026-09-23T15:00:00Z,3.183,269.0,19.117,199.01
2026-09-23T16:00:00Z,3.462,157.5,18.9,243.72
2026-09-23T17:00:00Z,3.683,45.833,18.35,271.59
2026-09-23T18:00:00Z,4.642,1.0,17.233,236.625
2026-09-23T19:00:00Z,5.643,0.0,16.267,195.198
2026-09-23T20:00:00Z,6.078,0.0,15.567,170.118
2026-09-23T21:00:00Z,5.837,0.0,14.55,153.998
2026-09-23T22:00:00Z,6.902,0.0,13.85,130.365
2026-09-23T23:00:00Z,8.252,0.0,13.567,118.872
2026-09-24T00:00:00Z,8.4,0.0,13.467,114.512
2026-09-24T01:00:00Z,8.845,0.0,13.467,107.032
2026-09-24T02:00:00Z,8.94,0.0,13.467,107.322
2026-09-24T03:00:00Z,8.79,0.0,13.5,121.7
2026-09-24T04:00:00Z,8.892,0.0,13.45,147.81
2026-09-24T05:00:00Z,9.245,0.0,13.4,168.015
2026-09-24T06:00:00Z,9.148,14.167,13.767,173.765
2026-09-24T07:00:00Z,9.2,67.667,14.067,152.41
2026-09-24T08:00:00Z,9.612,130.667,14.633,111.73
2026-09-24T09:00:00Z,9.483,158.167,14.95,68.41
2026-09-24T10:00:00Z,9.358,176.333,15.2,16.0
2026-09-24T11:00:00Z,9.618,190.167,15.467,11.6
2026-09-24T12:00:00Z,8.958,205.0,15.667,19.688
2026-09-24T13:00:00Z,8.958,220.833,15.583,75.88
2026-09-24T14:00:00Z,8.432,209.5,15.6,117.678
2026-09-24T15:00:00Z,8.447,141.667,15.533,180.028
2026-09-24T16:00:00Z,7.473,84.167,15.217,226.04
2026-09-24T17:00:00Z,7.52,31.5,14.767,267.322
2026-09-24T18:00:00Z,6.48,0.5,14.25,260.0
2026-09-24T19:00:00Z,6.098,0.0,13.6,225.822
2026-09-24T20:00:00Z,5.66,0.0,13.15,204.868
2026-09-24T21:00:00Z,5.943,0.0,12.567,188.008
2026-09-24T22:00:00Z,5.47,0.0,12.167,181.942
2026-09-24T23:00:00Z,4.898,0.0,11.867,172.168
2026-09-25T00:00:00Z,4.513,0.0,11.5,165.64
2026-09-25T01:00:00Z,4.232,0.0,11.133,167.115
2026-09-25T02:00:00Z,4.22,0.0,10.6,169.712
2026-09-25T03:00:00Z,3.282,0.0,9.917,187.91
2026-09-25T04:00:00Z,3.427,0.0,9.617,235.265
2026-09-25T05:00:00Z,3.31,0.0,9.267,261.403
2026-09-25T06:00:00Z,3.335,20.333,9.317,249.738
2026-09-25T07:00:00Z,3.64,105.167,10.15,196.242
2026-09-25T08:00:00Z,3.187,212.333,11.65,158.538
2026-09-25T09:00:00Z,3.398,321.833,13.533,108.405
2026-09-25T10:00:00Z,3.613,449.0,14.833,60.185
2026-09-25T11:00:00Z,3.55,496.5,15.8,30.11
2026-09-25T12:00:00Z,3.413,510.0,16.683,39.888
2026-09-25T13:00:00Z,3.268,440.667,17.183,87.042
2026-09-25T14:00:00Z,3.092,391.5,17.583,154.515
2026-09-25T15:00:00Z,2.702,282.833,18.133,198.995
2026-09-25T16:00:00Z,2.733,167.5,17.933,241.425
2026-09-25T17:00:00Z,2.47,50.5,17.3,303.428
2026-09-25T18:00:00Z,3.355,0.5,15.833,252.165
2026-09-25T19:00:00Z,3.592,0.0,14.717,224.175
2026-09-25T20:00:00Z,3.723,0.0,13.917,206.353
2026-09-25T21:00:00Z,4.003,0.0,12.767,186.76
2026-09-25T22:00:00Z,4.227,0.0,12.133,196.295
2026-09-25T23:00:00Z,4.235,0.0,11.567,184.032
2026-09-26T00:00:00Z,4.663,0.0,10.767,175.092
2026-09-26T01:00:00Z,4.498,0.0,10.467,163.552
2026-09-26T02:00:00Z,4.468,0.0,10.2,160.755
2026-09-26T03:00:00Z,4.365,0.0,9.667,160.545
2026-09-26T04:00:00Z,4.068,0.0,9.617,178.738
2026-09-26T05:00:00Z,4.45,0.0,9.4,194.31
2026-09-26T06:00:00Z,3.925,21.167,9.167,191.918
2026-09-26T07:00:00Z,4.243,106.833,10.383,156.442
2026-09-26T08:00:00Z,3.353,224.5,12.4,111.99
2026-09-26T09:00:00Z,2.055,346.667,15.233,53.102
2026-09-26T10:00:00Z,1.533,466.5,17.267,11.005
2026-09-26T11:00:00Z,1.577,519.333,18.8,3.305
2026-09-26T12:00:00Z,1.553,512.5,20.183,18.45
2026-09-26T13:00:00Z,1.843,486.5,21.15,51.525
2026-09-26T14:00:00Z,1.632,384.667,21.55,127.392
2026-09-26T15:00:00Z,1.435,265.5,21.683,191.882
2026-09-26T16:00:00Z,1.503,154.833,21.35,214.365
2026-09-26T17:00:00Z,3.318,43.167,19.933,236.788
2026-09-26T18:00:00Z,3.567,0.333,18.15,226.36
2026-09-26T19:00:00Z,4.22,0.0,16.85,208.488
2026-09-26T20:00:00Z,4.322,0.0,15.783,199.31
2026-09-26T21:00:00Z,4.878,0.0,14.75,186.0
2026-09-26T22:00:00Z,5.232,0.0,13.967,183.22
2026-09-26T23:00:00Z,5.428,0.0,13.45,178.272
2026-09-27T00:00:00Z,5.237,0.0,12.7,171.34
2026-09-27T01:00:00Z,5.533,0.0,12.25,166.432
2026-09-27T02:00:00Z,5.838,0.0,11.917,161.568
2026-09-27T03:00:00Z,6.08,0.0,11.683,158.67
2026-09-27T04:00:00Z,6.31,0.0,11.633,159.338
2026-09-27T05:00:00Z,6.51,0.0,11.383,151.205
2026-09-27T06:00:00Z,6.8,21.0,11.333,127.7
2026-09-27T07:00:00Z,6.638,114.167,12.583,56.74
2026-09-27T08:00:00Z,5.74,238.333,14.467,1.392
2026-09-27T09:00:00Z,4.712,369.333,16.95,-0.072
2026-09-27T10:00:00Z,5.173,482.333,19.317,-1.945
2026-09-27T11:00:00Z,5.787,534.333,21.217,-2.485
2026-09-27T12:00:00Z,5.985,543.833,22.833,-0.838
2026-09-27T13:00:00Z,6.667,470.833,23.8,-0.005
2026-09-27T14:00:00Z,7.18,401.833,24.25,13.102
2026-09-27T15:00:00Z,7.333,283.667,24.4,114.262
2026-09-27T16:00:00Z,7.408,152.5,23.567,186.215
2026-09-27T17:00:00Z,7.86,39.833,22.083,195.75
2026-09-27T18:00:00Z,9.132,0.167,20.4,183.848
2026-09-27T19:00:00Z,9.088,0.0,18.833,159.755
2026-09-27T20:00:00Z,8.933,0.0,17.667,155.425
2026-09-27T21:00:00Z,8.185,0.0,16.817,146.432
2026-09-27T22:00:00Z,7.452,0.0,16.083,150.71
2026-09-27T23:00:00Z,6.3,0.0,15.433,151.41
2026-09-28T00:00:00Z,5.912,0.0,15.033,151.49
2026-09-28T01:00:00Z,5.47,0.0,14.633,154.588
2026-09-28T02:00:00Z,5.212,0.0,14.317,160.958
2026-09-28T03:00:00Z,5.035,0.0,13.883,175.175
2026-09-28T04:00:00Z,4.828,0.0,13.517,211.132
2026-09-28T05:00:00Z,4.902,0.0,13.233,240.98
2026-09-28T06:00:00Z,4.673,18.833,13.2,242.152
2026-09-28T07:00:00Z,4.49,101.833,14.233,210.11
2026-09-28T08:00:00Z,3.78,208.167,15.95,179.312
2026-09-28T09:00:00Z,3.12,308.167,18.433,153.518
2026-09-28T10:00:00Z,2.617,386.833,20.35,126.135
2026-09-28T11:00:00Z,2.717,463.333,22.05,121.338
2026-09-28T12:00:00Z,2.717,425.167,23.233,138.288
2026-09-28T13:00:00Z,2.708,391.167,23.917,153.735
2026-09-28T14:00:00Z,3.04,342.167,24.333,188.075
2026-09-28T15:00:00Z,3.307,217.167,24.467,236.67
2026-09-28T16:00:00Z,3.32,120.0,23.933,310.58
2026-09-28T17:00:00Z,4.478,29.0,22.567,342.212
2026-09-28T18:00:00Z,5.392,0.0,20.883,277.308
2026-09-28T19:00:00Z,5.88,0.0,19.75,229.0
2026-09-28T20:00:00Z,6.055,0.0,18.75,203.35
2026-09-28T21:00:00Z,5.398,0.0,18.033,181.292
2026-09-28T22:00:00Z,5.728,0.0,17.583,183.862
2026-09-28T23:00:00Z,5.39,0.0,17.05,173.962
2026-09-29T00:00:00Z,5.245,0.0,16.333,169.038
2026-09-29T01:00:00Z,5.477,0.0,16.033,164.91
2026-09-29T02:00:00Z,5.778,0.0,15.65,160.4
2026-09-29T03:00:00Z,5.707,0.0,15.1,165.712
2026-09-29T04:00:00Z,5.675,0.0,14.733,216.098
2026-09-29T05:00:00Z,6.175,0.0,14.367,228.62
2026-09-29T06:00:00Z,5.553,17.167,13.833,215.938
2026-09-29T07:00:00Z,5.598,100.333,15.083,184.2
2026-09-29T08:00:00Z,5.303,216.5,16.717,161.818
2026-09-29T09:00:00Z,4.712,320.667,18.683,125.338
2026-09-29T10:00:00Z,4.883,433.833,20.55,88.44
2026-09-29T11:00:00Z,5.257,491.833,22.117,72.438
2026-09-29T12:00:00Z,5.337,493.333,23.55,81.548
2026-09-29T13:00:00Z,5.9,455.5,24.283,112.265
2026-09-29T14:00:00Z,6.222,378.833,24.583,155.012
2026-09-29T15:00:00Z,6.563,258.833,24.183,203.353
2026-09-29T16:00:00Z,7.068,124.0,23.25,230.802
2026-09-29T17:00:00Z,8.04,27.667,21.867,229.798
2026-09-29T18:00:00Z,8.465,0.0,20.517,201.895
2026-09-29T19:00:00Z,8.66,0.0,19.267,169.94
2026-09-29T20:00:00Z,8.703,0.0,18.333,154.152
2026-09-29T21:00:00Z,8.247,0.0,17.667,130.385
2026-09-29T22:00:00Z,7.585,0.0,16.967,109.598
2026-09-29T23:00:00Z,7.3,0.0,16.167,105.498
