timestamp,import_kw
2025-12-31T23:00:00Z,330.7
2025-12-31T23:15:00Z,339.0
2025-12-31T23:30:00Z,314.8
2025-12-31T23:45:00Z,320.5
2026-01-01T00:00:00Z,307.4
2026-01-01T00:15:00Z,308.2
2026-01-01T00:30:00Z,349.3
2026-01-01T00:45:00Z,313.1
2026-01-01T01:00:00Z,335.5
2026-01-01T01:15:00Z,318.6
2026-01-01T01:30:00Z,323.6
2026-01-01T01:45:00Z,357.7
2026-01-01T02:00:00Z,324.0
2026-01-01T02:15:00Z,337.8
2026-01-01T02:30:00Z,352.9
2026-01-01T02:45:00Z,334.2
2026-01-01T03:00:00Z,314.6
2026-01-01T03:15:00Z,327.9
2026-01-01T03:30:00Z,355.0
2026-01-01T03:45:00Z,316.7
2026-01-01T04:00:00Z,314.0
2026-01-01T04:15:00Z,328.9
2026-01-01T04:30:00Z,344.6
2026-01-01T04:45:00Z,345.8
2026-01-01T05:00:00Z,1171.8
2026-01-01T05:15:00Z,1039.8
2026-01-01T05:30:00Z,949.2
2026-01-01T05:45:00Z,1037.0
2026-01-01T06:00:00Z,1047.6
2026-01-01T06:15:00Z,1048.0
2026-01-01T06:30:00Z,1065.9
2026-01-01T06:45:00Z,998.8
2026-01-01T07:00:00Z,856.3
2026-01-01T07:15:00Z,955.0
2026-01-01T07:30:00Z,981.2
2026-01-01T07:45:00Z,883.3
2026-01-01T08:00:00Z,719.4
2026-01-01T08:15:00Z,903.5
2026-01-01T08:30:00Z,664.6
2026-01-01T08:45:00Z,719.0
2026-01-01T09:00:00Z,941.0
2026-01-01T09:15:00Z,762.4
2026-01-01T09:30:00Z,800.3
2026-01-01T09:45:00Z,694.0
2026-01-01T10:00:00Z,652.1
2026-01-01T10:15:00Z,732.6
2026-01-01T10:30:00Z,738.9
2026-01-01T10:45:00Z,908.9
2026-01-01T11:00:00Z,812.4
2026-01-01T11:15:00Z,488.8
2026-01-01T11:30:00Z,847.3
2026-01-01T11:45:00Z,699.1
2026-01-01T12:00:00Z,707.5
2026-01-01T12:15:00Z,911.1
2026-01-01T12:30:00Z,535.5
2026-01-01T12:45:00Z,591.0
2026-01-01T13:00:00Z,694.8
2026-01-01T13:15:00Z,667.8
2026-01-01T13:30:00Z,811.3
2026-01-01T13:45:00Z,884.5
2026-01-01T14:00:00Z,930.9
2026-01-01T14:15:00Z,787.2
2026-01-01T14:30:00Z,717.5
2026-01-01T14:45:00Z,877.7
2026-01-01T15:00:00Z,728.7
2026-01-01T15:15:00Z,813.7
2026-01-01T15:30:00Z,861.6
2026-01-01T15:45:00Z,766.3
2026-01-01T16:00:00Z,643.1
2026-01-01T16:15:00Z,959.4
2026-01-01T16:30:00Z,674.5
2026-01-01T16:45:00Z,892.4
2026-01-01T17:00:00Z,791.1
2026-01-01T17:15:00Z,864.5
2026-01-01T17:30:00Z,756.9
2026-01-01T17:45:00Z,936.0
2026-01-01T18:00:00Z,890.3
2026-01-01T18:15:00Z,757.2
2026-01-01T18:30:00Z,1044.5
2026-01-01T18:45:00Z,799.5
2026-01-01T19:00:00Z,1055.1
2026-01-01T19:15:00Z,1014.4
2026-01-01T19:30:00Z,833.4
2026-01-01T19:45:00Z,778.7
2026-01-01T20:00:00Z,938.0
2026-01-01T20:15:00Z,875.5
2026-01-01T20:30:00Z,967.7
2026-01-01T20:45:00Z,956.0
2026-01-01T21:00:00Z,331.3
2026-01-01T21:15:00Z,327.0
2026-01-01T21:30:00Z,345.8
2026-01-01T21:45:00Z,346.1
2026-01-01T22:00:00Z,331.5
2026-01-01T22:15:00Z,335.8
2026-01-01T22:30:00Z,311.9
2026-01-01T22:45:00Z,330.7
2026-01-01T23:00:00Z,342.8
2026-01-01T23:15:00Z,340.4
2026-01-01T23:30:00Z,319.8
2026-01-01T23:45:00Z,313.8
2026-01-02T00:00:00Z,331.7
2026-01-02T00:15:00Z,328.7
2026-01-02T00:30:00Z,327.1
2026-01-02T00:45:00Z,312.6
2026-01-02T01:00:00Z,333.3
2026-01-02T01:15:00Z,332.5
2026-01-02T01:30:00Z,342.9
2026-01-02T01:45:00Z,350.8
2026-01-02T02:00:00Z,328.3
2026-01-02T02:15:00Z,327.6
2026-01-02T02:30:00Z,330.8
2026-01-02T02:45:00Z,337.4
2026-01-02T03:00:00Z,325.0
2026-01-02T03:15:00Z,319.7
2026-01-02T03:30:00Z,340.5
2026-01-02T03:45:00Z,331.6
2026-01-02T04:00:00Z,335.2
2026-01-02T04:15:00Z,340.9
2026-01-02T04:30:00Z,322.0
2026-01-02T04:45:00Z,344.0
2026-01-02T05:00:00Z,980.9
2026-01-02T05:15:00Z,1017.8
2026-01-02T05:30:00Z,964.5
2026-01-02T05:45:00Z,1026.2
2026-01-02T06:00:00Z,912.7
2026-01-02T06:15:00Z,988.8
2026-01-02T06:30:00Z,998.6
2026-01-02T06:45:00Z,915.2
2026-01-02T07:00:00Z,743.7
2026-01-02T07:15:00Z,882.0
2026-01-02T07:30:00Z,778.3
2026-01-02T07:45:00Z,870.4
2026-01-02T08:00:00Z,876.5
2026-01-02T08:15:00Z,888.0
2026-01-02T08:30:00Z,615.1
2026-01-02T08:45:00Z,706.0
2026-01-02T09:00:00Z,607.6
2026-01-02T09:15:00Z,728.1
2026-01-02T09:30:00Z,640.3
2026-01-02T09:45:00Z,631.5
2026-01-02T10:00:00Z,930.2
2026-01-02T10:15:00Z,739.5
2026-01-02T10:30:00Z,759.2
2026-01-02T10:45:00Z,611.0
2026-01-02T11:00:00Z,613.2
2026-01-02T11:15:00Z,741.0
2026-01-02T11:30:00Z,728.6
2026-01-02T11:45:00Z,751.6
2026-01-02T12:00:00Z,682.2
2026-01-02T12:15:00Z,797.9
2026-01-02T12:30:00Z,777.3
2026-01-02T12:45:00Z,652.4
2026-01-02T13:00:00Z,835.5
2026-01-02T13:15:00Z,893.3
2026-01-02T13:30:00Z,798.6
2026-01-02T13:45:00Z,566.3
2026-01-02T14:00:00Z,687.9
2026-01-02T14:15:00Z,747.0
2026-01-02T14:30:00Z,742.2
2026-01-02T14:45:00Z,635.0
2026-01-02T15:00:00Z,681.4
2026-01-02T15:15:00Z,766.8
2026-01-02T15:30:00Z,700.6
2026-01-02T15:45:00Z,855.8
2026-01-02T16:00:00Z,890.4
2026-01-02T16:15:00Z,720.1
2026-01-02T16:30:00Z,761.1
2026-01-02T16:45:00Z,785.9
2026-01-02T17:00:00Z,977.8
2026-01-02T17:15:00Z,814.9
2026-01-02T17:30:00Z,914.4
2026-01-02T17:45:00Z,753.8
2026-01-02T18:00:00Z,1012.3
2026-01-02T18:15:00Z,834.1
2026-01-02T18:30:00Z,942.8
2026-01-02T18:45:00Z,1066.3
2026-01-02T19:00:00Z,840.1
2026-01-02T19:15:00Z,848.4
2026-01-02T19:30:00Z,811.0
2026-01-02T19:45:00Z,957.8
2026-01-02T20:00:00Z,974.4
2026-01-02T20:15:00Z,861.9
2026-01-02T20:30:00Z,806.9
2026-01-02T20:45:00Z,1014.0
2026-01-02T21:00:00Z,312.0
2026-01-02T21:15:00Z,317.2
2026-01-02T21:30:00Z,331.9
2026-01-02T21:45:00Z,314.9
2026-01-02T22:00:00Z,325.5
2026-01-02T22:15:00Z,331.2
2026-01-02T22:30:00Z,331.3
2026-01-02T22:45:00Z,332.1
2026-01-02T23:00:00Z,324.0
2026-01-02T23:15:00Z,349.0
2026-01-02T23:30:00Z,325.9
2026-01-02T23:45:00Z,330.2
2026-01-03T00:00:00Z,333.9
2026-01-03T00:15:00Z,325.1
2026-01-03T00:30:00Z,329.8
2026-01-03T00:45:00Z,336.6
2026-01-03T01:00:00Z,333.9
2026-01-03T01:15:00Z,331.0
2026-01-03T01:30:00Z,346.0
2026-01-03T01:45:00Z,335.3
2026-01-03T02:00:00Z,330.6
2026-01-03T02:15:00Z,321.0
2026-01-03T02:30:00Z,331.9
2026-01-03T02:45:00Z,330.4
2026-01-03T03:00:00Z,326.2
2026-01-03T03:15:00Z,337.5
2026-01-03T03:30:00Z,347.9
2026-01-03T03:45:00Z,319.5
2026-01-03T04:00:00Z,345.8
2026-01-03T04:15:00Z,317.5
2026-01-03T04:30:00Z,309.2
2026-01-03T04:45:00Z,326.4
2026-01-03T05:00:00Z,310.4
2026-01-03T05:15:00Z,320.6
2026-01-03T05:30:00Z,295.4
2026-01-03T05:45:00Z,305.6
2026-01-03T06:00:00Z,260.5
2026-01-03T06:15:00Z,240.3
2026-01-03T06:30:00Z,289.3
2026-01-03T06:45:00Z,255.3
2026-01-03T07:00:00Z,263.2
2026-01-03T07:15:00Z,209.9
2026-01-03T07:30:00Z,225.7
2026-01-03T07:45:00Z,252.7
2026-01-03T08:00:00Z,242.9
2026-01-03T08:15:00Z,165.3
2026-01-03T08:30:00Z,134.4
2026-01-03T08:45:00Z,180.9
2026-01-03T09:00:00Z,194.0
2026-01-03T09:15:00Z,122.1
2026-01-03T09:30:00Z,80.0
2026-01-03T09:45:00Z,246.8
2026-01-03T10:00:00Z,204.6
2026-01-03T10:15:00Z,156.2
2026-01-03T10:30:00Z,151.9
2026-01-03T10:45:00Z,227.5
2026-01-03T11:00:00Z,235.1
2026-01-03T11:15:00Z,197.8
2026-01-03T11:30:00Z,159.0
2026-01-03T11:45:00Z,80.0
2026-01-03T12:00:00Z,115.8
2026-01-03T12:15:00Z,227.1
2026-01-03T12:30:00Z,231.8
2026-01-03T12:45:00Z,141.2
2026-01-03T13:00:00Z,80.0
2026-01-03T13:15:00Z,80.0
2026-01-03T13:30:00Z,191.7
2026-01-03T13:45:00Z,80.0
2026-01-03T14:00:00Z,80.0
2026-01-03T14:15:00Z,175.0
2026-01-03T14:30:00Z,111.5
2026-01-03T14:45:00Z,196.7
2026-01-03T15:00:00Z,231.1
2026-01-03T15:15:00Z,193.7
2026-01-03T15:30:00Z,252.5
2026-01-03T15:45:00Z,186.9
2026-01-03T16:00:00Z,171.9
2026-01-03T16:15:00Z,176.0
2026-01-03T16:30:00Z,218.8
2026-01-03T16:45:00Z,268.5
2026-01-03T17:00:00Z,176.6
2026-01-03T17:15:00Z,227.5
2026-01-03T17:30:00Z,226.9
2026-01-03T17:45:00Z,266.0
2026-01-03T18:00:00Z,298.4
2026-01-03T18:15:00Z,276.4
2026-01-03T18:30:00Z,306.1
2026-01-03T18:45:00Z,313.4
2026-01-03T19:00:00Z,313.8
2026-01-03T19:15:00Z,337.2
2026-01-03T19:30:00Z,336.3
2026-01-03T19:45:00Z,310.6
2026-01-03T20:00:00Z,346.5
2026-01-03T20:15:00Z,328.9
2026-01-03T20:30:00Z,328.3
2026-01-03T20:45:00Z,328.7
2026-01-03T21:00:00Z,337.0
2026-01-03T21:15:00Z,321.8
2026-01-03T21:30:00Z,325.5
2026-01-03T21:45:00Z,307.3
2026-01-03T22:00:00Z,347.8
2026-01-03T22:15:00Z,344.1
2026-01-03T22:30:00Z,355.4
2026-01-03T22:45:00Z,354.9
2026-01-03T23:00:00Z,311.6
2026-01-03T23:15:00Z,338.9
2026-01-03T23:30:00Z,314.1
2026-01-03T23:45:00Z,345.0
2026-01-04T00:00:00Z,319.6
2026-01-04T00:15:00Z,335.6
2026-01-04T00:30:00Z,337.5
2026-01-04T00:45:00Z,341.3
2026-01-04T01:00:00Z,329.0
2026-01-04T01:15:00Z,341.8
2026-01-04T01:30:00Z,326.8
2026-01-04T01:45:00Z,346.3
2026-01-04T02:00:00Z,336.6
2026-01-04T02:15:00Z,323.3
2026-01-04T02:30:00Z,337.4
2026-01-04T02:45:00Z,322.3
2026-01-04T03:00:00Z,314.2
2026-01-04T03:15:00Z,339.5
2026-01-04T03:30:00Z,326.7
2026-01-04T03:45:00Z,306.1
2026-01-04T04:00:00Z,330.2
2026-01-04T04:15:00Z,333.2
2026-01-04T04:30:00Z,325.5
2026-01-04T04:45:00Z,333.5
2026-01-04T05:00:00Z,329.2
2026-01-04T05:15:00Z,308.6
2026-01-04T05:30:00Z,306.3
2026-01-04T05:45:00Z,278.4
2026-01-04T06:00:00Z,317.2
2026-01-04T06:15:00Z,318.0
2026-01-04T06:30:00Z,243.5
2026-01-04T06:45:00Z,258.3
2026-01-04T07:00:00Z,271.1
2026-01-04T07:15:00Z,269.3
2026-01-04T07:30:00Z,246.8
2026-01-04T07:45:00Z,223.2
2026-01-04T08:00:00Z,187.8
2026-01-04T08:15:00Z,142.5
2026-01-04T08:30:00Z,212.1
2026-01-04T08:45:00Z,193.4
2026-01-04T09:00:00Z,173.5
2026-01-04T09:15:00Z,266.7
2026-01-04T09:30:00Z,161.4
2026-01-04T09:45:00Z,191.9
2026-01-04T10:00:00Z,174.6
2026-01-04T10:15:00Z,253.3
2026-01-04T10:30:00Z,131.7
2026-01-04T10:45:00Z,115.5
2026-01-04T11:00:00Z,80.0
2026-01-04T11:15:00Z,80.0
2026-01-04T11:30:00Z,159.4
2026-01-04T11:45:00Z,92.9
2026-01-04T12:00:00Z,140.0
2026-01-04T12:15:00Z,185.9
2026-01-04T12:30:00Z,80.0
2026-01-04T12:45:00Z,80.0
2026-01-04T13:00:00Z,80.0
2026-01-04T13:15:00Z,83.3
2026-01-04T13:30:00Z,80.0
2026-01-04T13:45:00Z,226.2
2026-01-04T14:00:00Z,229.8
2026-01-04T14:15:00Z,215.8
2026-01-04T14:30:00Z,162.4
2026-01-04T14:45:00Z,123.4
2026-01-04T15:00:00Z,195.6
2026-01-04T15:15:00Z,184.5
2026-01-04T15:30:00Z,152.8
2026-01-04T15:45:00Z,266.9
2026-01-04T16:00:00Z,191.7
2026-01-04T16:15:00Z,272.9
2026-01-04T16:30:00Z,269.0
2026-01-04T16:45:00Z,201.7
2026-01-04T17:00:00Z,221.2
2026-01-04T17:15:00Z,268.5
2026-01-04T17:30:00Z,273.6
2026-01-04T17:45:00Z,243.7
2026-01-04T18:00:00Z,304.1
2026-01-04T18:15:00Z,329.9
2026-01-04T18:30:00Z,305.3
2026-01-04T18:45:00Z,332.0
2026-01-04T19:00:00Z,327.5
2026-01-04T19:15:00Z,343.0
2026-01-04T19:30:00Z,336.1
2026-01-04T19:45:00Z,317.6
2026-01-04T20:00:00Z,317.4
2026-01-04T20:15:00Z,326.3
2026-01-04T20:30:00Z,351.7
2026-01-04T20:45:00Z,338.7
2026-01-04T21:00:00Z,359.0
2026-01-04T21:15:00Z,335.7
2026-01-04T21:30:00Z,346.0
2026-01-04T21:45:00Z,330.0
2026-01-04T22:00:00Z,314.1
2026-01-04T22:15:00Z,317.5
2026-01-04T22:30:00Z,314.5
2026-01-04T22:45:00Z,320.9
2026-01-04T23:00:00Z,334.6
2026-01-04T23:15:00Z,333.9
2026-01-04T23:30:00Z,327.3
2026-01-04T23:45:00Z,362.8
2026-01-05T00:00:00Z,325.9
2026-01-05T00:15:00Z,349.5
2026-01-05T00:30:00Z,346.8
2026-01-05T00:45:00Z,334.8
2026-01-05T01:00:00Z,334.4
2026-01-05T01:15:00Z,341.4
2026-01-05T01:30:00Z,331.1
2026-01-05T01:45:00Z,338.4
2026-01-05T02:00:00Z,340.7
2026-01-05T02:15:00Z,301.7
2026-01-05T02:30:00Z,333.0
2026-01-05T02:45:00Z,316.7
2026-01-05T03:00:00Z,337.1
2026-01-05T03:15:00Z,327.2
2026-01-05T03:30:00Z,327.0
2026-01-05T03:45:00Z,317.4
2026-01-05T04:00:00Z,335.3
2026-01-05T04:15:00Z,333.6
2026-01-05T04:30:00Z,341.0
2026-01-05T04:45:00Z,329.3
2026-01-05T05:00:00Z,1070.4
2026-01-05T05:15:00Z,1009.9
2026-01-05T05:30:00Z,1176.0
2026-01-05T05:45:00Z,1024.7
2026-01-05T06:00:00Z,854.9
2026-01-05T06:15:00Z,735.6
2026-01-05T06:30:00Z,1052.4
2026-01-05T06:45:00Z,857.5
2026-01-05T07:00:00Z,835.8
2026-01-05T07:15:00Z,726.2
2026-01-05T07:30:00Z,676.5
2026-01-05T07:45:00Z,956.1
2026-01-05T08:00:00Z,899.7
2026-01-05T08:15:00Z,778.8
2026-01-05T08:30:00Z,840.8
2026-01-05T08:45:00Z,713.3
2026-01-05T09:00:00Z,863.0
2026-01-05T09:15:00Z,734.5
2026-01-05T09:30:00Z,918.5
2026-01-05T09:45:00Z,618.0
2026-01-05T10:00:00Z,637.8
2026-01-05T10:15:00Z,647.5
2026-01-05T10:30:00Z,727.6
2026-01-05T10:45:00Z,790.5
2026-01-05T11:00:00Z,643.7
2026-01-05T11:15:00Z,601.6
2026-01-05T11:30:00Z,770.1
2026-01-05T11:45:00Z,746.7
2026-01-05T12:00:00Z,778.7
2026-01-05T12:15:00Z,701.0
2026-01-05T12:30:00Z,735.0
2026-01-05T12:45:00Z,833.0
2026-01-05T13:00:00Z,776.0
2026-01-05T13:15:00Z,812.4
2026-01-05T13:30:00Z,824.2
2026-01-05T13:45:00Z,624.3
2026-01-05T14:00:00Z,540.5
2026-01-05T14:15:00Z,662.1
2026-01-05T14:30:00Z,756.1
2026-01-05T14:45:00Z,704.9
2026-01-05T15:00:00Z,876.3
2026-01-05T15:15:00Z,787.0
2026-01-05T15:30:00Z,777.9
2026-01-05T15:45:00Z,877.8
2026-01-05T16:00:00Z,664.8
2026-01-05T16:15:00Z,790.0
2026-01-05T16:30:00Z,918.6
2026-01-05T16:45:00Z,871.3
2026-01-05T17:00:00Z,987.2
2026-01-05T17:15:00Z,764.6
2026-01-05T17:30:00Z,851.1
2026-01-05T17:45:00Z,862.2
2026-01-05T18:00:00Z,885.0
2026-01-05T18:15:00Z,922.8
2026-01-05T18:30:00Z,922.6
2026-01-05T18:45:00Z,959.6
2026-01-05T19:00:00Z,850.6
2026-01-05T19:15:00Z,898.4
2026-01-05T19:30:00Z,1035.9
2026-01-05T19:45:00Z,944.7
2026-01-05T20:00:00Z,838.4
2026-01-05T20:15:00Z,869.8
2026-01-05T20:30:00Z,1014.1
2026-01-05T20:45:00Z,1051.8
2026-01-05T21:00:00Z,316.1
2026-01-05T21:15:00Z,343.9
2026-01-05T21:30:00Z,325.1
2026-01-05T21:45:00Z,318.4
2026-01-05T22:00:00Z,363.8
2026-01-05T22:15:00Z,338.8
2026-01-05T22:30:00Z,328.1
2026-01-05T22:45:00Z,353.2
2026-01-05T23:00:00Z,311.4
2026-01-05T23:15:00Z,336.6
2026-01-05T23:30:00Z,327.4
2026-01-05T23:45:00Z,355.5
2026-01-06T00:00:00Z,332.3
2026-01-06T00:15:00Z,327.2
2026-01-06T00:30:00Z,329.2
2026-01-06T00:45:00Z,330.4
2026-01-06T01:00:00Z,326.3
2026-01-06T01:15:00Z,332.8
2026-01-06T01:30:00Z,325.5
2026-01-06T01:45:00Z,352.8
2026-01-06T02:00:00Z,343.1
2026-01-06T02:15:00Z,319.4
2026-01-06T02:30:00Z,331.3
2026-01-06T02:45:00Z,309.1
2026-01-06T03:00:00Z,335.0
2026-01-06T03:15:00Z,330.8
2026-01-06T03:30:00Z,335.4
2026-01-06T03:45:00Z,339.3
2026-01-06T04:00:00Z,342.5
2026-01-06T04:15:00Z,340.1
2026-01-06T04:30:00Z,345.1
2026-01-06T04:45:00Z,332.5
2026-01-06T05:00:00Z,930.4
2026-01-06T05:15:00Z,954.8
2026-01-06T05:30:00Z,812.4
2026-01-06T05:45:00Z,1151.8
2026-01-06T06:00:00Z,898.3
2026-01-06T06:15:00Z,1043.2
2026-01-06T06:30:00Z,1021.8
2026-01-06T06:45:00Z,1104.3
2026-01-06T07:00:00Z,971.8
2026-01-06T07:15:00Z,833.5
2026-01-06T07:30:00Z,782.1
2026-01-06T07:45:00Z,794.9
2026-01-06T08:00:00Z,807.9
2026-01-06T08:15:00Z,971.4
2026-01-06T08:30:00Z,852.1
2026-01-06T08:45:00Z,657.5
2026-01-06T09:00:00Z,895.1
2026-01-06T09:15:00Z,717.9
2026-01-06T09:30:00Z,921.0
2026-01-06T09:45:00Z,829.6
2026-01-06T10:00:00Z,774.7
2026-01-06T10:15:00Z,626.0
2026-01-06T10:30:00Z,825.5
2026-01-06T10:45:00Z,679.9
2026-01-06T11:00:00Z,788.0
2026-01-06T11:15:00Z,719.5
2026-01-06T11:30:00Z,652.6
2026-01-06T11:45:00Z,709.9
2026-01-06T12:00:00Z,563.9
2026-01-06T12:15:00Z,748.4
2026-01-06T12:30:00Z,925.1
2026-01-06T12:45:00Z,894.4
2026-01-06T13:00:00Z,714.5
2026-01-06T13:15:00Z,787.5
2026-01-06T13:30:00Z,589.7
2026-01-06T13:45:00Z,791.1
2026-01-06T14:00:00Z,985.7
2026-01-06T14:15:00Z,886.9
2026-01-06T14:30:00Z,848.9
2026-01-06T14:45:00Z,696.0
2026-01-06T15:00:00Z,776.6
2026-01-06T15:15:00Z,710.8
2026-01-06T15:30:00Z,779.4
2026-01-06T15:45:00Z,882.6
2026-01-06T16:00:00Z,976.3
2026-01-06T16:15:00Z,907.0
2026-01-06T16:30:00Z,725.3
2026-01-06T16:45:00Z,955.3
2026-01-06T17:00:00Z,736.6
2026-01-06T17:15:00Z,792.5
2026-01-06T17:30:00Z,850.9
2026-01-06T17:45:00Z,825.4
2026-01-06T18:00:00Z,828.4
2026-01-06T18:15:00Z,934.7
2026-01-06T18:30:00Z,995.5
2026-01-06T18:45:00Z,938.2
2026-01-06T19:00:00Z,769.8
2026-01-06T19:15:00Z,1056.8
2026-01-06T19:30:00Z,865.8
2026-01-06T19:45:00Z,991.8
2026-01-06T20:00:00Z,779.7
2026-01-06T20:15:00Z,987.3
2026-01-06T20:30:00Z,1020.3
2026-01-06T20:45:00Z,847.0
2026-01-06T21:00:00Z,335.3
2026-01-06T21:15:00Z,313.7
2026-01-06T21:30:00Z,332.8
2026-01-06T21:45:00Z,308.6
2026-01-06T22:00:00Z,310.5
2026-01-06T22:15:00Z,314.8
2026-01-06T22:30:00Z,345.0
2026-01-06T22:45:00Z,324.7
2026-01-06T23:00:00Z,307.2
2026-01-06T23:15:00Z,334.4
2026-01-06T23:30:00Z,321.1
2026-01-06T23:45:00Z,327.0
2026-01-07T00:00:00Z,325.1
2026-01-07T00:15:00Z,338.1
2026-01-07T00:30:00Z,358.1
2026-01-07T00:45:00Z,341.0
2026-01-07T01:00:00Z,310.5
2026-01-07T01:15:00Z,321.0
2026-01-07T01:30:00Z,323.1
2026-01-07T01:45:00Z,328.1
2026-01-07T02:00:00Z,340.4
2026-01-07T02:15:00Z,319.5
2026-01-07T02:30:00Z,314.2
2026-01-07T02:45:00Z,329.6
2026-01-07T03:00:00Z,302.0
2026-01-07T03:15:00Z,350.6
2026-01-07T03:30:00Z,336.1
2026-01-07T03:45:00Z,335.5
2026-01-07T04:00:00Z,325.9
2026-01-07T04:15:00Z,312.3
2026-01-07T04:30:00Z,309.9
2026-01-07T04:45:00Z,332.2
2026-01-07T05:00:00Z,869.8
2026-01-07T05:15:00Z,1025.2
2026-01-07T05:30:00Z,827.1
2026-01-07T05:45:00Z,1188.0
2026-01-07T06:00:00Z,1034.1
2026-01-07T06:15:00Z,855.8
2026-01-07T06:30:00Z,976.3
2026-01-07T06:45:00Z,1011.8
2026-01-07T07:00:00Z,897.6
2026-01-07T07:15:00Z,699.1
2026-01-07T07:30:00Z,716.9
2026-01-07T07:45:00Z,702.3
2026-01-07T08:00:00Z,756.4
2026-01-07T08:15:00Z,979.3
2026-01-07T08:30:00Z,950.4
2026-01-07T08:45:00Z,958.6
2026-01-07T09:00:00Z,725.8
2026-01-07T09:15:00Z,754.7
2026-01-07T09:30:00Z,803.5
2026-01-07T09:45:00Z,887.7
2026-01-07T10:00:00Z,888.3
2026-01-07T10:15:00Z,757.2
2026-01-07T10:30:00Z,842.0
2026-01-07T10:45:00Z,733.5
2026-01-07T11:00:00Z,748.7
2026-01-07T11:15:00Z,790.3
2026-01-07T11:30:00Z,664.3
2026-01-07T11:45:00Z,811.9
2026-01-07T12:00:00Z,737.6
2026-01-07T12:15:00Z,639.1
2026-01-07T12:30:00Z,563.8
2026-01-07T12:45:00Z,790.2
2026-01-07T13:00:00Z,712.9
2026-01-07T13:15:00Z,755.1
2026-01-07T13:30:00Z,688.0
2026-01-07T13:45:00Z,717.2
2026-01-07T14:00:00Z,551.7
2026-01-07T14:15:00Z,683.6
2026-01-07T14:30:00Z,742.0
2026-01-07T14:45:00Z,702.5
2026-01-07T15:00:00Z,791.3
2026-01-07T15:15:00Z,808.6
2026-01-07T15:30:00Z,951.4
2026-01-07T15:45:00Z,683.5
2026-01-07T16:00:00Z,741.3
2026-01-07T16:15:00Z,846.7
2026-01-07T16:30:00Z,757.6
2026-01-07T16:45:00Z,867.9
2026-01-07T17:00:00Z,690.1
2026-01-07T17:15:00Z,795.8
2026-01-07T17:30:00Z,989.4
2026-01-07T17:45:00Z,856.5
2026-01-07T18:00:00Z,960.4
2026-01-07T18:15:00Z,974.7
2026-01-07T18:30:00Z,1049.3
2026-01-07T18:45:00Z,870.3
2026-01-07T19:00:00Z,914.0
2026-01-07T19:15:00Z,803.5
2026-01-07T19:30:00Z,1075.6
2026-01-07T19:45:00Z,802.1
2026-01-07T20:00:00Z,972.7
2026-01-07T20:15:00Z,821.5
2026-01-07T20:30:00Z,871.8
2026-01-07T20:45:00Z,889.3
2026-01-07T21:00:00Z,340.1
2026-01-07T21:15:00Z,315.9
2026-01-07T21:30:00Z,338.3
2026-01-07T21:45:00Z,319.1
2026-01-07T22:00:00Z,327.4
2026-01-07T22:15:00Z,342.7
2026-01-07T22:30:00Z,334.3
2026-01-07T22:45:00Z,310.6
2026-01-07T23:00:00Z,315.2
2026-01-07T23:15:00Z,327.4
2026-01-07T23:30:00Z,338.5
2026-01-07T23:45:00Z,327.2
2026-01-08T00:00:00Z,328.2
2026-01-08T00:15:00Z,329.6
2026-01-08T00:30:00Z,325.9
2026-01-08T00:45:00Z,319.9
2026-01-08T01:00:00Z,325.3
2026-01-08T01:15:00Z,324.8
2026-01-08T01:30:00Z,347.7
2026-01-08T01:45:00Z,335.4
2026-01-08T02:00:00Z,341.8
2026-01-08T02:15:00Z,318.9
2026-01-08T02:30:00Z,333.3
2026-01-08T02:45:00Z,326.3
2026-01-08T03:00:00Z,318.0
2026-01-08T03:15:00Z,332.3
2026-01-08T03:30:00Z,320.6
2026-01-08T03:45:00Z,316.0
2026-01-08T04:00:00Z,334.6
2026-01-08T04:15:00Z,370.0
2026-01-08T04:30:00Z,336.3
2026-01-08T04:45:00Z,317.6
2026-01-08T05:00:00Z,1043.3
2026-01-08T05:15:00Z,831.0
2026-01-08T05:30:00Z,982.2
2026-01-08T05:45:00Z,1145.3
2026-01-08T06:00:00Z,1085.7
2026-01-08T06:15:00Z,1056.9
2026-01-08T06:30:00Z,959.1
2026-01-08T06:45:00Z,745.2
2026-01-08T07:00:00Z,773.3
2026-01-08T07:15:00Z,975.4
2026-01-08T07:30:00Z,688.8
2026-01-08T07:45:00Z,798.6
2026-01-08T08:00:00Z,766.3
2026-01-08T08:15:00Z,841.9
2026-01-08T08:30:00Z,704.4
2026-01-08T08:45:00Z,639.4
2026-01-08T09:00:00Z,723.3
2026-01-08T09:15:00Z,812.0
2026-01-08T09:30:00Z,863.7
2026-01-08T09:45:00Z,731.1
2026-01-08T10:00:00Z,567.3
2026-01-08T10:15:00Z,767.0
2026-01-08T10:30:00Z,622.9
2026-01-08T10:45:00Z,689.8
2026-01-08T11:00:00Z,903.3
2026-01-08T11:15:00Z,703.8
2026-01-08T11:30:00Z,686.8
2026-01-08T11:45:00Z,679.1
2026-01-08T12:00:00Z,550.0
2026-01-08T12:15:00Z,877.9
2026-01-08T12:30:00Z,825.6
2026-01-08T12:45:00Z,705.4
2026-01-08T13:00:00Z,650.7
2026-01-08T13:15:00Z,683.4
2026-01-08T13:30:00Z,643.5
2026-01-08T13:45:00Z,585.5
2026-01-08T14:00:00Z,739.7
2026-01-08T14:15:00Z,586.3
2026-01-08T14:30:00Z,839.6
2026-01-08T14:45:00Z,678.0
2026-01-08T15:00:00Z,880.1
2026-01-08T15:15:00Z,603.4
2026-01-08T15:30:00Z,673.5
2026-01-08T15:45:00Z,857.4
2026-01-08T16:00:00Z,736.4
2026-01-08T16:15:00Z,833.2
2026-01-08T16:30:00Z,902.6
2026-01-08T16:45:00Z,742.3
2026-01-08T17:00:00Z,948.1
2026-01-08T17:15:00Z,735.8
2026-01-08T17:30:00Z,999.5
2026-01-08T17:45:00Z,702.5
2026-01-08T18:00:00Z,814.0
2026-01-08T18:15:00Z,985.7
2026-01-08T18:30:00Z,800.4
2026-01-08T18:45:00Z,1024.3
2026-01-08T19:00:00Z,874.2
2026-01-08T19:15:00Z,906.7
2026-01-08T19:30:00Z,905.9
2026-01-08T19:45:00Z,981.1
2026-01-08T20:00:00Z,998.3
2026-01-08T20:15:00Z,1045.7
2026-01-08T20:30:00Z,793.4
2026-01-08T20:45:00Z,965.7
2026-01-08T21:00:00Z,317.3
2026-01-08T21:15:00Z,349.0
2026-01-08T21:30:00Z,321.2
2026-01-08T21:45:00Z,318.5
2026-01-08T22:00:00Z,331.5
2026-01-08T22:15:00Z,333.8
2026-01-08T22:30:00Z,332.6
2026-01-08T22:45:00Z,354.2
2026-01-08T23:00:00Z,328.9
2026-01-08T23:15:00Z,347.3
2026-01-08T23:30:00Z,325.5
2026-01-08T23:45:00Z,336.4
2026-01-09T00:00:00Z,338.4
2026-01-09T00:15:00Z,318.0
2026-01-09T00:30:00Z,323.5
2026-01-09T00:45:00Z,342.2
2026-01-09T01:00:00Z,319.9
2026-01-09T01:15:00Z,350.4
2026-01-09T01:30:00Z,348.5
2026-01-09T01:45:00Z,346.1
2026-01-09T02:00:00Z,329.2
2026-01-09T02:15:00Z,330.3
2026-01-09T02:30:00Z,332.9
2026-01-09T02:45:00Z,330.7
2026-01-09T03:00:00Z,341.3
2026-01-09T03:15:00Z,354.9
2026-01-09T03:30:00Z,337.9
2026-01-09T03:45:00Z,327.5
2026-01-09T04:00:00Z,322.1
2026-01-09T04:15:00Z,329.5
2026-01-09T04:30:00Z,331.4
2026-01-09T04:45:00Z,335.7
2026-01-09T05:00:00Z,956.8
2026-01-09T05:15:00Z,1101.4
2026-01-09T05:30:00Z,827.9
2026-01-09T05:45:00Z,929.0
2026-01-09T06:00:00Z,1188.0
2026-01-09T06:15:00Z,972.2
2026-01-09T06:30:00Z,759.1
2026-01-09T06:45:00Z,927.9
2026-01-09T07:00:00Z,823.4
2026-01-09T07:15:00Z,787.4
2026-01-09T07:30:00Z,830.4
2026-01-09T07:45:00Z,867.5
2026-01-09T08:00:00Z,869.7
2026-01-09T08:15:00Z,770.8
2026-01-09T08:30:00Z,755.3
2026-01-09T08:45:00Z,926.2
2026-01-09T09:00:00Z,859.4
2026-01-09T09:15:00Z,872.7
2026-01-09T09:30:00Z,830.4
2026-01-09T09:45:00Z,815.2
2026-01-09T10:00:00Z,751.3
2026-01-09T10:15:00Z,810.2
2026-01-09T10:30:00Z,774.3
2026-01-09T10:45:00Z,623.6
2026-01-09T11:00:00Z,771.0
2026-01-09T11:15:00Z,824.2
2026-01-09T11:30:00Z,729.8
2026-01-09T11:45:00Z,702.2
2026-01-09T12:00:00Z,775.8
2026-01-09T12:15:00Z,929.7
2026-01-09T12:30:00Z,843.2
2026-01-09T12:45:00Z,865.2
2026-01-09T13:00:00Z,768.2
2026-01-09T13:15:00Z,835.7
2026-01-09T13:30:00Z,730.0
2026-01-09T13:45:00Z,599.4
2026-01-09T14:00:00Z,964.1
2026-01-09T14:15:00Z,773.3
2026-01-09T14:30:00Z,898.2
2026-01-09T14:45:00Z,834.2
2026-01-09T15:00:00Z,638.4
2026-01-09T15:15:00Z,935.3
2026-01-09T15:30:00Z,702.1
2026-01-09T15:45:00Z,738.9
2026-01-09T16:00:00Z,841.7
2026-01-09T16:15:00Z,864.3
2026-01-09T16:30:00Z,789.1
2026-01-09T16:45:00Z,741.8
2026-01-09T17:00:00Z,693.5
2026-01-09T17:15:00Z,851.1
2026-01-09T17:30:00Z,829.6
2026-01-09T17:45:00Z,898.5
2026-01-09T18:00:00Z,772.2
2026-01-09T18:15:00Z,954.3
2026-01-09T18:30:00Z,885.6
2026-01-09T18:45:00Z,779.4
2026-01-09T19:00:00Z,828.1
2026-01-09T19:15:00Z,910.4
2026-01-09T19:30:00Z,804.5
2026-01-09T19:45:00Z,946.8
2026-01-09T20:00:00Z,971.7
2026-01-09T20:15:00Z,781.8
2026-01-09T20:30:00Z,826.1
2026-01-09T20:45:00Z,788.8
2026-01-09T21:00:00Z,329.3
2026-01-09T21:15:00Z,337.6
2026-01-09T21:30:00Z,324.2
2026-01-09T21:45:00Z,340.6
2026-01-09T22:00:00Z,328.7
2026-01-09T22:15:00Z,322.6
2026-01-09T22:30:00Z,316.2
2026-01-09T22:45:00Z,312.9
2026-01-09T23:00:00Z,326.8
2026-01-09T23:15:00Z,328.5
2026-01-09T23:30:00Z,332.2
2026-01-09T23:45:00Z,353.0
2026-01-10T00:00:00Z,339.7
2026-01-10T00:15:00Z,332.3
2026-01-10T00:30:00Z,318.6
2026-01-10T00:45:00Z,338.4
2026-01-10T01:00:00Z,322.4
2026-01-10T01:15:00Z,341.3
2026-01-10T01:30:00Z,336.8
2026-01-10T01:45:00Z,328.0
2026-01-10T02:00:00Z,341.6
2026-01-10T02:15:00Z,323.0
2026-01-10T02:30:00Z,337.3
2026-01-10T02:45:00Z,312.8
2026-01-10T03:00:00Z,333.9
2026-01-10T03:15:00Z,307.0
2026-01-10T03:30:00Z,343.1
2026-01-10T03:45:00Z,342.9
2026-01-10T04:00:00Z,330.9
2026-01-10T04:15:00Z,309.4
2026-01-10T04:30:00Z,318.2
2026-01-10T04:45:00Z,332.7
2026-01-10T05:00:00Z,313.7
2026-01-10T05:15:00Z,307.5
2026-01-10T05:30:00Z,297.4
2026-01-10T05:45:00Z,269.8
2026-01-10T06:00:00Z,296.2
2026-01-10T06:15:00Z,233.8
2026-01-10T06:30:00Z,276.2
2026-01-10T06:45:00Z,255.9
2026-01-10T07:00:00Z,295.4
2026-01-10T07:15:00Z,260.3
2026-01-10T07:30:00Z,232.5
2026-01-10T07:45:00Z,247.9
2026-01-10T08:00:00Z,207.7
2026-01-10T08:15:00Z,266.0
2026-01-10T08:30:00Z,141.6
2026-01-10T08:45:00Z,257.3
2026-01-10T09:00:00Z,228.1
2026-01-10T09:15:00Z,216.1
2026-01-10T09:30:00Z,151.9
2026-01-10T09:45:00Z,91.5
2026-01-10T10:00:00Z,88.0
2026-01-10T10:15:00Z,91.5
2026-01-10T10:30:00Z,124.5
2026-01-10T10:45:00Z,143.5
2026-01-10T11:00:00Z,193.3
2026-01-10T11:15:00Z,205.3
2026-01-10T11:30:00Z,80.0
2026-01-10T11:45:00Z,151.8
2026-01-10T12:00:00Z,99.4
2026-01-10T12:15:00Z,209.0
2026-01-10T12:30:00Z,183.1
2026-01-10T12:45:00Z,207.1
2026-01-10T13:00:00Z,182.8
2026-01-10T13:15:00Z,80.0
2026-01-10T13:30:00Z,178.6
2026-01-10T13:45:00Z,117.5
2026-01-10T14:00:00Z,230.7
2026-01-10T14:15:00Z,205.2
2026-01-10T14:30:00Z,177.1
2026-01-10T14:45:00Z,160.7
2026-01-10T15:00:00Z,243.0
2026-01-10T15:15:00Z,146.3
2026-01-10T15:30:00Z,115.5
2026-01-10T15:45:00Z,135.8
2026-01-10T16:00:00Z,283.4
2026-01-10T16:15:00Z,220.1
2026-01-10T16:30:00Z,246.4
2026-01-10T16:45:00Z,247.0
2026-01-10T17:00:00Z,283.8
2026-01-10T17:15:00Z,231.4
2026-01-10T17:30:00Z,281.6
2026-01-10T17:45:00Z,237.6
2026-01-10T18:00:00Z,294.1
2026-01-10T18:15:00Z,301.3
2026-01-10T18:30:00Z,274.8
2026-01-10T18:45:00Z,298.3
2026-01-10T19:00:00Z,320.6
2026-01-10T19:15:00Z,341.8
2026-01-10T19:30:00Z,332.2
2026-01-10T19:45:00Z,315.6
2026-01-10T20:00:00Z,318.1
2026-01-10T20:15:00Z,334.0
2026-01-10T20:30:00Z,346.4
2026-01-10T20:45:00Z,315.9
2026-01-10T21:00:00Z,322.0
2026-01-10T21:15:00Z,317.3
2026-01-10T21:30:00Z,299.3
2026-01-10T21:45:00Z,333.0
2026-01-10T22:00:00Z,321.0
2026-01-10T22:15:00Z,352.5
2026-01-10T22:30:00Z,322.8
2026-01-10T22:45:00Z,339.6
2026-01-10T23:00:00Z,337.9
2026-01-10T23:15:00Z,345.4
2026-01-10T23:30:00Z,333.1
2026-01-10T23:45:00Z,332.4
2026-01-11T00:00:00Z,320.0
2026-01-11T00:15:00Z,324.6
2026-01-11T00:30:00Z,340.1
2026-01-11T00:45:00Z,299.4
2026-01-11T01:00:00Z,328.1
2026-01-11T01:15:00Z,316.6
2026-01-11T01:30:00Z,317.8
2026-01-11T01:45:00Z,325.1
2026-01-11T02:00:00Z,334.7
2026-01-11T02:15:00Z,336.2
2026-01-11T02:30:00Z,327.8
2026-01-11T02:45:00Z,326.0
2026-01-11T03:00:00Z,315.3
2026-01-11T03:15:00Z,328.2
2026-01-11T03:30:00Z,334.3
2026-01-11T03:45:00Z,335.0
2026-01-11T04:00:00Z,338.7
2026-01-11T04:15:00Z,335.3
2026-01-11T04:30:00Z,321.8
2026-01-11T04:45:00Z,333.1
2026-01-11T05:00:00Z,352.3
2026-01-11T05:15:00Z,333.7
2026-01-11T05:30:00Z,303.2
2026-01-11T05:45:00Z,305.4
2026-01-11T06:00:00Z,298.0
2026-01-11T06:15:00Z,274.6
2026-01-11T06:30:00Z,255.9
2026-01-11T06:45:00Z,277.1
2026-01-11T07:00:00Z,211.0
2026-01-11T07:15:00Z,174.1
2026-01-11T07:30:00Z,284.7
2026-01-11T07:45:00Z,299.6
2026-01-11T08:00:00Z,181.5
2026-01-11T08:15:00Z,125.9
2026-01-11T08:30:00Z,135.6
2026-01-11T08:45:00Z,206.6
2026-01-11T09:00:00Z,132.8
2026-01-11T09:15:00Z,254.0
2026-01-11T09:30:00Z,258.5
2026-01-11T09:45:00Z,153.5
2026-01-11T10:00:00Z,138.2
2026-01-11T10:15:00Z,95.8
2026-01-11T10:30:00Z,217.1
2026-01-11T10:45:00Z,166.1
2026-01-11T11:00:00Z,80.0
2026-01-11T11:15:00Z,188.2
2026-01-11T11:30:00Z,154.4
2026-01-11T11:45:00Z,99.5
2026-01-11T12:00:00Z,80.0
2026-01-11T12:15:00Z,213.0
2026-01-11T12:30:00Z,97.5
2026-01-11T12:45:00Z,170.4
2026-01-11T13:00:00Z,138.1
2026-01-11T13:15:00Z,196.5
2026-01-11T13:30:00Z,148.5
2026-01-11T13:45:00Z,131.7
2026-01-11T14:00:00Z,169.7
2026-01-11T14:15:00Z,171.8
2026-01-11T14:30:00Z,153.3
2026-01-11T14:45:00Z,108.0
2026-01-11T15:00:00Z,154.2
2026-01-11T15:15:00Z,224.8
2026-01-11T15:30:00Z,131.1
2026-01-11T15:45:00Z,250.4
2026-01-11T16:00:00Z,269.0
2026-01-11T16:15:00Z,161.8
2026-01-11T16:30:00Z,246.1
2026-01-11T16:45:00Z,258.9
2026-01-11T17:00:00Z,267.9
2026-01-11T17:15:00Z,285.8
2026-01-11T17:30:00Z,297.7
2026-01-11T17:45:00Z,245.0
2026-01-11T18:00:00Z,292.2
2026-01-11T18:15:00Z,310.2
2026-01-11T18:30:00Z,309.6
2026-01-11T18:45:00Z,315.8
2026-01-11T19:00:00Z,334.7
2026-01-11T19:15:00Z,332.7
2026-01-11T19:30:00Z,318.6
2026-01-11T19:45:00Z,308.6
2026-01-11T20:00:00Z,312.6
2026-01-11T20:15:00Z,316.8
2026-01-11T20:30:00Z,325.5
2026-01-11T20:45:00Z,317.2
2026-01-11T21:00:00Z,306.6
2026-01-11T21:15:00Z,331.7
2026-01-11T21:30:00Z,327.2
2026-01-11T21:45:00Z,329.2
2026-01-11T22:00:00Z,314.2
2026-01-11T22:15:00Z,329.5
2026-01-11T22:30:00Z,323.2
2026-01-11T22:45:00Z,326.5
2026-01-11T23:00:00Z,340.3
2026-01-11T23:15:00Z,350.5
2026-01-11T23:30:00Z,348.2
2026-01-11T23:45:00Z,315.6
2026-01-12T00:00:00Z,329.0
2026-01-12T00:15:00Z,352.6
2026-01-12T00:30:00Z,331.2
2026-01-12T00:45:00Z,318.7
2026-01-12T01:00:00Z,327.0
2026-01-12T01:15:00Z,319.3
2026-01-12T01:30:00Z,312.1
2026-01-12T01:45:00Z,323.2
2026-01-12T02:00:00Z,344.5
2026-01-12T02:15:00Z,342.8
2026-01-12T02:30:00Z,323.5
2026-01-12T02:45:00Z,326.4
2026-01-12T03:00:00Z,318.1
2026-01-12T03:15:00Z,316.2
2026-01-12T03:30:00Z,317.3
2026-01-12T03:45:00Z,345.4
2026-01-12T04:00:00Z,321.9
2026-01-12T04:15:00Z,322.8
2026-01-12T04:30:00Z,345.8
2026-01-12T04:45:00Z,333.8
2026-01-12T05:00:00Z,865.6
2026-01-12T05:15:00Z,1124.1
2026-01-12T05:30:00Z,813.0
2026-01-12T05:45:00Z,996.3
2026-01-12T06:00:00Z,1000.0
2026-01-12T06:15:00Z,969.4
2026-01-12T06:30:00Z,872.5
2026-01-12T06:45:00Z,968.5
2026-01-12T07:00:00Z,917.7
2026-01-12T07:15:00Z,976.4
2026-01-12T07:30:00Z,784.8
2026-01-12T07:45:00Z,797.9
2026-01-12T08:00:00Z,922.8
2026-01-12T08:15:00Z,695.6
2026-01-12T08:30:00Z,991.6
2026-01-12T08:45:00Z,715.5
2026-01-12T09:00:00Z,796.6
2026-01-12T09:15:00Z,819.3
2026-01-12T09:30:00Z,885.1
2026-01-12T09:45:00Z,946.8
2026-01-12T10:00:00Z,732.9
2026-01-12T10:15:00Z,763.8
2026-01-12T10:30:00Z,808.1
2026-01-12T10:45:00Z,838.9
2026-01-12T11:00:00Z,711.2
2026-01-12T11:15:00Z,827.0
2026-01-12T11:30:00Z,822.6
2026-01-12T11:45:00Z,737.1
2026-01-12T12:00:00Z,620.5
2026-01-12T12:15:00Z,839.2
2026-01-12T12:30:00Z,714.1
2026-01-12T12:45:00Z,950.8
2026-01-12T13:00:00Z,854.6
2026-01-12T13:15:00Z,639.4
2026-01-12T13:30:00Z,906.0
2026-01-12T13:45:00Z,682.7
2026-01-12T14:00:00Z,592.7
2026-01-12T14:15:00Z,760.6
2026-01-12T14:30:00Z,711.5
2026-01-12T14:45:00Z,630.0
2026-01-12T15:00:00Z,713.2
2026-01-12T15:15:00Z,587.5
2026-01-12T15:30:00Z,781.7
2026-01-12T15:45:00Z,903.8
2026-01-12T16:00:00Z,869.8
2026-01-12T16:15:00Z,938.4
2026-01-12T16:30:00Z,732.7
2026-01-12T16:45:00Z,785.6
2026-01-12T17:00:00Z,912.9
2026-01-12T17:15:00Z,922.3
2026-01-12T17:30:00Z,907.4
2026-01-12T17:45:00Z,761.2
2026-01-12T18:00:00Z,833.2
2026-01-12T18:15:00Z,917.9
2026-01-12T18:30:00Z,852.1
2026-01-12T18:45:00Z,785.9
2026-01-12T19:00:00Z,944.8
2026-01-12T19:15:00Z,1091.9
2026-01-12T19:30:00Z,954.0
2026-01-12T19:45:00Z,815.1
2026-01-12T20:00:00Z,977.0
2026-01-12T20:15:00Z,877.0
2026-01-12T20:30:00Z,814.7
2026-01-12T20:45:00Z,966.1
2026-01-12T21:00:00Z,328.1
2026-01-12T21:15:00Z,345.1
2026-01-12T21:30:00Z,311.3
2026-01-12T21:45:00Z,330.1
2026-01-12T22:00:00Z,344.2
2026-01-12T22:15:00Z,320.6
2026-01-12T22:30:00Z,322.6
2026-01-12T22:45:00Z,326.4
2026-01-12T23:00:00Z,339.9
2026-01-12T23:15:00Z,311.2
2026-01-12T23:30:00Z,332.6
2026-01-12T23:45:00Z,345.4
2026-01-13T00:00:00Z,335.7
2026-01-13T00:15:00Z,330.9
2026-01-13T00:30:00Z,310.9
2026-01-13T00:45:00Z,328.4
2026-01-13T01:00:00Z,334.3
2026-01-13T01:15:00Z,316.5
2026-01-13T01:30:00Z,330.3
2026-01-13T01:45:00Z,338.3
2026-01-13T02:00:00Z,340.9
2026-01-13T02:15:00Z,322.4
2026-01-13T02:30:00Z,327.4
2026-01-13T02:45:00Z,345.5
2026-01-13T03:00:00Z,340.2
2026-01-13T03:15:00Z,324.8
2026-01-13T03:30:00Z,326.7
2026-01-13T03:45:00Z,351.5
2026-01-13T04:00:00Z,330.3
2026-01-13T04:15:00Z,326.0
2026-01-13T04:30:00Z,331.4
2026-01-13T04:45:00Z,342.9
2026-01-13T05:00:00Z,1070.9
2026-01-13T05:15:00Z,868.0
2026-01-13T05:30:00Z,938.4
2026-01-13T05:45:00Z,795.2
2026-01-13T06:00:00Z,974.3
2026-01-13T06:15:00Z,1092.7
2026-01-13T06:30:00Z,963.6
2026-01-13T06:45:00Z,1046.0
2026-01-13T07:00:00Z,765.5
2026-01-13T07:15:00Z,917.9
2026-01-13T07:30:00Z,719.5
2026-01-13T07:45:00Z,789.5
2026-01-13T08:00:00Z,728.7
2026-01-13T08:15:00Z,769.3
2026-01-13T08:30:00Z,776.0
2026-01-13T08:45:00Z,740.1
2026-01-13T09:00:00Z,940.5
2026-01-13T09:15:00Z,648.6
2026-01-13T09:30:00Z,714.9
2026-01-13T09:45:00Z,730.9
2026-01-13T10:00:00Z,807.5
2026-01-13T10:15:00Z,898.6
2026-01-13T10:30:00Z,729.1
2026-01-13T10:45:00Z,746.6
2026-01-13T11:00:00Z,691.4
2026-01-13T11:15:00Z,950.6
2026-01-13T11:30:00Z,812.4
2026-01-13T11:45:00Z,876.8
2026-01-13T12:00:00Z,697.3
2026-01-13T12:15:00Z,691.7
2026-01-13T12:30:00Z,730.6
2026-01-13T12:45:00Z,705.1
2026-01-13T13:00:00Z,871.8
2026-01-13T13:15:00Z,714.1
2026-01-13T13:30:00Z,855.4
2026-01-13T13:45:00Z,690.7
2026-01-13T14:00:00Z,862.7
2026-01-13T14:15:00Z,615.5
2026-01-13T14:30:00Z,595.1
2026-01-13T14:45:00Z,739.0
2026-01-13T15:00:00Z,850.0
2026-01-13T15:15:00Z,782.3
2026-01-13T15:30:00Z,814.1
2026-01-13T15:45:00Z,908.2
2026-01-13T16:00:00Z,666.3
2026-01-13T16:15:00Z,869.6
2026-01-13T16:30:00Z,936.4
2026-01-13T16:45:00Z,761.0
2026-01-13T17:00:00Z,905.7
2026-01-13T17:15:00Z,766.0
2026-01-13T17:30:00Z,971.4
2026-01-13T17:45:00Z,1022.3
2026-01-13T18:00:00Z,812.4
2026-01-13T18:15:00Z,952.5
2026-01-13T18:30:00Z,898.4
2026-01-13T18:45:00Z,926.2
2026-01-13T19:00:00Z,1006.4
2026-01-13T19:15:00Z,1038.9
2026-01-13T19:30:00Z,829.7
2026-01-13T19:45:00Z,987.0
2026-01-13T20:00:00Z,1016.5
2026-01-13T20:15:00Z,999.7
2026-01-13T20:30:00Z,867.8
2026-01-13T20:45:00Z,867.0
2026-01-13T21:00:00Z,339.3
2026-01-13T21:15:00Z,323.4
2026-01-13T21:30:00Z,323.4
2026-01-13T21:45:00Z,318.2
2026-01-13T22:00:00Z,309.3
2026-01-13T22:15:00Z,324.9
2026-01-13T22:30:00Z,313.4
2026-01-13T22:45:00Z,328.5
2026-01-13T23:00:00Z,320.0
2026-01-13T23:15:00Z,341.2
2026-01-13T23:30:00Z,333.7
2026-01-13T23:45:00Z,344.4
2026-01-14T00:00:00Z,340.0
2026-01-14T00:15:00Z,327.0
2026-01-14T00:30:00Z,330.2
2026-01-14T00:45:00Z,322.5
2026-01-14T01:00:00Z,330.5
2026-01-14T01:15:00Z,310.9
2026-01-14T01:30:00Z,340.8
2026-01-14T01:45:00Z,323.4
2026-01-14T02:00:00Z,327.0
2026-01-14T02:15:00Z,344.2
2026-01-14T02:30:00Z,332.9
2026-01-14T02:45:00Z,343.1
2026-01-14T03:00:00Z,330.5
2026-01-14T03:15:00Z,312.2
2026-01-14T03:30:00Z,327.6
2026-01-14T03:45:00Z,326.9
2026-01-14T04:00:00Z,328.1
2026-01-14T04:15:00Z,341.3
2026-01-14T04:30:00Z,357.0
2026-01-14T04:45:00Z,335.4
2026-01-14T05:00:00Z,1122.7
2026-01-14T05:15:00Z,1088.1
2026-01-14T05:30:00Z,1006.9
2026-01-14T05:45:00Z,1076.5
2026-01-14T06:00:00Z,864.5
2026-01-14T06:15:00Z,1073.1
2026-01-14T06:30:00Z,1091.8
2026-01-14T06:45:00Z,992.7
2026-01-14T07:00:00Z,994.7
2026-01-14T07:15:00Z,960.9
2026-01-14T07:30:00Z,913.0
2026-01-14T07:45:00Z,814.0
2026-01-14T08:00:00Z,827.5
2026-01-14T08:15:00Z,920.3
2026-01-14T08:30:00Z,665.7
2026-01-14T08:45:00Z,926.9
2026-01-14T09:00:00Z,826.0
2026-01-14T09:15:00Z,749.8
2026-01-14T09:30:00Z,644.1
2026-01-14T09:45:00Z,894.7
2026-01-14T10:00:00Z,776.2
2026-01-14T10:15:00Z,714.7
2026-01-14T10:30:00Z,796.7
2026-01-14T10:45:00Z,729.3
2026-01-14T11:00:00Z,923.4
2026-01-14T11:15:00Z,697.0
2026-01-14T11:30:00Z,514.6
2026-01-14T11:45:00Z,787.2
2026-01-14T12:00:00Z,663.2
2026-01-14T12:15:00Z,580.5
2026-01-14T12:30:00Z,768.9
2026-01-14T12:45:00Z,663.7
2026-01-14T13:00:00Z,643.9
2026-01-14T13:15:00Z,967.3
2026-01-14T13:30:00Z,828.9
2026-01-14T13:45:00Z,683.4
2026-01-14T14:00:00Z,864.0
2026-01-14T14:15:00Z,743.8
2026-01-14T14:30:00Z,639.5
2026-01-14T14:45:00Z,729.7
2026-01-14T15:00:00Z,698.4
2026-01-14T15:15:00Z,785.9
2026-01-14T15:30:00Z,778.8
2026-01-14T15:45:00Z,925.3
2026-01-14T16:00:00Z,728.7
2026-01-14T16:15:00Z,723.9
2026-01-14T16:30:00Z,814.4
2026-01-14T16:45:00Z,733.4
2026-01-14T17:00:00Z,805.1
2026-01-14T17:15:00Z,876.1
2026-01-14T17:30:00Z,1029.2
2026-01-14T17:45:00Z,763.7
2026-01-14T18:00:00Z,937.7
2026-01-14T18:15:00Z,814.2
2026-01-14T18:30:00Z,962.6
2026-01-14T18:45:00Z,1078.7
2026-01-14T19:00:00Z,839.5
2026-01-14T19:15:00Z,1040.8
2026-01-14T19:30:00Z,978.0
2026-01-14T19:45:00Z,994.6
2026-01-14T20:00:00Z,841.6
2026-01-14T20:15:00Z,1071.2
2026-01-14T20:30:00Z,901.3
2026-01-14T20:45:00Z,1062.5
2026-01-14T21:00:00Z,341.7
2026-01-14T21:15:00Z,335.5
2026-01-14T21:30:00Z,344.3
2026-01-14T21:45:00Z,334.7
2026-01-14T22:00:00Z,339.3
2026-01-14T22:15:00Z,339.9
2026-01-14T22:30:00Z,313.0
2026-01-14T22:45:00Z,336.8
2026-01-14T23:00:00Z,333.7
2026-01-14T23:15:00Z,343.1
2026-01-14T23:30:00Z,342.3
2026-01-14T23:45:00Z,321.9
2026-01-15T00:00:00Z,312.8
2026-01-15T00:15:00Z,312.7
2026-01-15T00:30:00Z,333.8
2026-01-15T00:45:00Z,328.0
2026-01-15T01:00:00Z,336.8
2026-01-15T01:15:00Z,326.1
2026-01-15T01:30:00Z,330.8
2026-01-15T01:45:00Z,327.4
2026-01-15T02:00:00Z,334.0
2026-01-15T02:15:00Z,331.2
2026-01-15T02:30:00Z,324.1
2026-01-15T02:45:00Z,325.2
2026-01-15T03:00:00Z,306.3
2026-01-15T03:15:00Z,334.2
2026-01-15T03:30:00Z,348.9
2026-01-15T03:45:00Z,349.8
2026-01-15T04:00:00Z,328.1
2026-01-15T04:15:00Z,335.7
2026-01-15T04:30:00Z,338.1
2026-01-15T04:45:00Z,311.9
2026-01-15T05:00:00Z,930.2
2026-01-15T05:15:00Z,881.7
2026-01-15T05:30:00Z,1008.1
2026-01-15T05:45:00Z,902.5
2026-01-15T06:00:00Z,992.0
2026-01-15T06:15:00Z,795.0
2026-01-15T06:30:00Z,859.0
2026-01-15T06:45:00Z,1109.3
2026-01-15T07:00:00Z,973.6
2026-01-15T07:15:00Z,908.5
2026-01-15T07:30:00Z,745.4
2026-01-15T07:45:00Z,886.3
2026-01-15T08:00:00Z,727.0
2026-01-15T08:15:00Z,705.6
2026-01-15T08:30:00Z,941.9
2026-01-15T08:45:00Z,835.3
2026-01-15T09:00:00Z,640.5
2026-01-15T09:15:00Z,891.1
2026-01-15T09:30:00Z,731.7
2026-01-15T09:45:00Z,740.3
2026-01-15T10:00:00Z,807.0
2026-01-15T10:15:00Z,538.2
2026-01-15T10:30:00Z,734.5
2026-01-15T10:45:00Z,804.7
2026-01-15T11:00:00Z,718.7
2026-01-15T11:15:00Z,637.9
2026-01-15T11:30:00Z,884.5
2026-01-15T11:45:00Z,597.0
2026-01-15T12:00:00Z,779.8
2026-01-15T12:15:00Z,850.0
2026-01-15T12:30:00Z,644.8
2026-01-15T12:45:00Z,798.7
2026-01-15T13:00:00Z,707.7
2026-01-15T13:15:00Z,710.1
2026-01-15T13:30:00Z,626.7
2026-01-15T13:45:00Z,625.3
2026-01-15T14:00:00Z,763.2
2026-01-15T14:15:00Z,907.3
2026-01-15T14:30:00Z,826.4
2026-01-15T14:45:00Z,683.6
2026-01-15T15:00:00Z,738.1
2026-01-15T15:15:00Z,810.9
2026-01-15T15:30:00Z,650.2
2026-01-15T15:45:00Z,951.5
2026-01-15T16:00:00Z,865.9
2026-01-15T16:15:00Z,832.4
2026-01-15T16:30:00Z,701.1
2026-01-15T16:45:00Z,827.5
2026-01-15T17:00:00Z,908.5
2026-01-15T17:15:00Z,695.8
2026-01-15T17:30:00Z,856.8
2026-01-15T17:45:00Z,1003.5
2026-01-15T18:00:00Z,1034.9
2026-01-15T18:15:00Z,997.8
2026-01-15T18:30:00Z,967.2
2026-01-15T18:45:00Z,758.5
2026-01-15T19:00:00Z,981.8
2026-01-15T19:15:00Z,992.1
2026-01-15T19:30:00Z,1063.2
2026-01-15T19:45:00Z,945.1
2026-01-15T20:00:00Z,1086.3
2026-01-15T20:15:00Z,954.3
2026-01-15T20:30:00Z,951.3
2026-01-15T20:45:00Z,968.6
2026-01-15T21:00:00Z,333.5
2026-01-15T21:15:00Z,327.0
2026-01-15T21:30:00Z,342.7
2026-01-15T21:45:00Z,316.3
2026-01-15T22:00:00Z,322.2
2026-01-15T22:15:00Z,328.0
2026-01-15T22:30:00Z,328.7
2026-01-15T22:45:00Z,345.1
2026-01-15T23:00:00Z,315.2
2026-01-15T23:15:00Z,335.8
2026-01-15T23:30:00Z,329.3
2026-01-15T23:45:00Z,331.4
2026-01-16T00:00:00Z,326.6
2026-01-16T00:15:00Z,334.0
2026-01-16T00:30:00Z,316.3
2026-01-16T00:45:00Z,338.6
2026-01-16T01:00:00Z,325.6
2026-01-16T01:15:00Z,341.0
2026-01-16T01:30:00Z,315.0
2026-01-16T01:45:00Z,339.3
2026-01-16T02:00:00Z,344.0
2026-01-16T02:15:00Z,342.5
2026-01-16T02:30:00Z,346.9
2026-01-16T02:45:00Z,321.4
2026-01-16T03:00:00Z,324.2
2026-01-16T03:15:00Z,328.1
2026-01-16T03:30:00Z,314.4
2026-01-16T03:45:00Z,333.6
2026-01-16T04:00:00Z,340.5
2026-01-16T04:15:00Z,329.8
2026-01-16T04:30:00Z,330.5
2026-01-16T04:45:00Z,311.0
2026-01-16T05:00:00Z,1187.2
2026-01-16T05:15:00Z,839.9
2026-01-16T05:30:00Z,962.4
2026-01-16T05:45:00Z,955.1
2026-01-16T06:00:00Z,943.9
2026-01-16T06:15:00Z,899.2
2026-01-16T06:30:00Z,911.9
2026-01-16T06:45:00Z,1025.1
2026-01-16T07:00:00Z,960.9
2026-01-16T07:15:00Z,877.2
2026-01-16T07:30:00Z,700.4
2026-01-16T07:45:00Z,970.3
2026-01-16T08:00:00Z,667.6
2026-01-16T08:15:00Z,639.5
2026-01-16T08:30:00Z,944.7
2026-01-16T08:45:00Z,793.8
2026-01-16T09:00:00Z,709.7
2026-01-16T09:15:00Z,846.5
2026-01-16T09:30:00Z,811.0
2026-01-16T09:45:00Z,803.0
2026-01-16T10:00:00Z,691.4
2026-01-16T10:15:00Z,590.0
2026-01-16T10:30:00Z,739.2
2026-01-16T10:45:00Z,803.1
2026-01-16T11:00:00Z,822.9
2026-01-16T11:15:00Z,848.5
2026-01-16T11:30:00Z,718.0
2026-01-16T11:45:00Z,632.9
2026-01-16T12:00:00Z,858.0
2026-01-16T12:15:00Z,815.3
2026-01-16T12:30:00Z,819.1
2026-01-16T12:45:00Z,776.5
2026-01-16T13:00:00Z,800.1
2026-01-16T13:15:00Z,766.5
2026-01-16T13:30:00Z,604.3
2026-01-16T13:45:00Z,691.9
2026-01-16T14:00:00Z,752.9
2026-01-16T14:15:00Z,840.7
2026-01-16T14:30:00Z,927.5
2026-01-16T14:45:00Z,665.7
2026-01-16T15:00:00Z,660.9
2026-01-16T15:15:00Z,614.1
2026-01-16T15:30:00Z,745.5
2026-01-16T15:45:00Z,760.3
2026-01-16T16:00:00Z,894.4
2026-01-16T16:15:00Z,609.9
2026-01-16T16:30:00Z,753.5
2026-01-16T16:45:00Z,977.6
2026-01-16T17:00:00Z,792.0
2026-01-16T17:15:00Z,1022.0
2026-01-16T17:30:00Z,969.9
2026-01-16T17:45:00Z,860.7
2026-01-16T18:00:00Z,913.1
2026-01-16T18:15:00Z,869.4
2026-01-16T18:30:00Z,799.5
2026-01-16T18:45:00Z,956.0
2026-01-16T19:00:00Z,1011.0
2026-01-16T19:15:00Z,1053.2
2026-01-16T19:30:00Z,934.6
2026-01-16T19:45:00Z,951.8
2026-01-16T20:00:00Z,964.0
2026-01-16T20:15:00Z,833.8
2026-01-16T20:30:00Z,801.7
2026-01-16T20:45:00Z,911.2
2026-01-16T21:00:00Z,343.7
2026-01-16T21:15:00Z,328.4
2026-01-16T21:30:00Z,347.7
2026-01-16T21:45:00Z,354.8
2026-01-16T22:00:00Z,340.6
2026-01-16T22:15:00Z,330.2
2026-01-16T22:30:00Z,317.0
2026-01-16T22:45:00Z,322.4
2026-01-16T23:00:00Z,328.3
2026-01-16T23:15:00Z,338.3
2026-01-16T23:30:00Z,323.5
2026-01-16T23:45:00Z,328.7
2026-01-17T00:00:00Z,323.6
2026-01-17T00:15:00Z,343.4
2026-01-17T00:30:00Z,326.7
2026-01-17T00:45:00Z,315.6
2026-01-17T01:00:00Z,323.2
2026-01-17T01:15:00Z,341.6
2026-01-17T01:30:00Z,330.5
2026-01-17T01:45:00Z,342.7
2026-01-17T02:00:00Z,329.9
2026-01-17T02:15:00Z,340.1
2026-01-17T02:30:00Z,337.2
2026-01-17T02:45:00Z,333.8
2026-01-17T03:00:00Z,329.2
2026-01-17T03:15:00Z,334.0
2026-01-17T03:30:00Z,312.9
2026-01-17T03:45:00Z,336.0
2026-01-17T04:00:00Z,332.0
2026-01-17T04:15:00Z,338.7
2026-01-17T04:30:00Z,324.6
2026-01-17T04:45:00Z,346.7
2026-01-17T05:00:00Z,335.3
2026-01-17T05:15:00Z,320.2
2026-01-17T05:30:00Z,285.1
2026-01-17T05:45:00Z,314.6
2026-01-17T06:00:00Z,280.7
2026-01-17T06:15:00Z,301.5
2026-01-17T06:30:00Z,273.8
2026-01-17T06:45:00Z,205.9
2026-01-17T07:00:00Z,230.6
2026-01-17T07:15:00Z,232.9
2026-01-17T07:30:00Z,224.4
2026-01-17T07:45:00Z,205.7
2026-01-17T08:00:00Z,190.6
2026-01-17T08:15:00Z,220.7
2026-01-17T08:30:00Z,210.9
2026-01-17T08:45:00Z,247.9
2026-01-17T09:00:00Z,183.8
2026-01-17T09:15:00Z,117.2
2026-01-17T09:30:00Z,212.6
2026-01-17T09:45:00Z,177.3
2026-01-17T10:00:00Z,114.2
2026-01-17T10:15:00Z,222.8
2026-01-17T10:30:00Z,198.2
2026-01-17T10:45:00Z,80.0
2026-01-17T11:00:00Z,227.5
2026-01-17T11:15:00Z,199.6
2026-01-17T11:30:00Z,80.0
2026-01-17T11:45:00Z,141.1
2026-01-17T12:00:00Z,80.0
2026-01-17T12:15:00Z,80.0
2026-01-17T12:30:00Z,251.9
2026-01-17T12:45:00Z,198.3
2026-01-17T13:00:00Z,80.0
2026-01-17T13:15:00Z,179.4
2026-01-17T13:30:00Z,170.6
2026-01-17T13:45:00Z,80.0
2026-01-17T14:00:00Z,220.2
2026-01-17T14:15:00Z,80.0
2026-01-17T14:30:00Z,134.7
2026-01-17T14:45:00Z,139.6
2026-01-17T15:00:00Z,243.6
2026-01-17T15:15:00Z,180.7
2026-01-17T15:30:00Z,141.0
2026-01-17T15:45:00Z,209.0
2026-01-17T16:00:00Z,285.4
2026-01-17T16:15:00Z,250.5
2026-01-17T16:30:00Z,267.0
2026-01-17T16:45:00Z,224.7
2026-01-17T17:00:00Z,216.8
2026-01-17T17:15:00Z,288.6
2026-01-17T17:30:00Z,263.4
2026-01-17T17:45:00Z,291.7
2026-01-17T18:00:00Z,295.6
2026-01-17T18:15:00Z,280.4
2026-01-17T18:30:00Z,313.1
2026-01-17T18:45:00Z,327.3
2026-01-17T19:00:00Z,316.0
2026-01-17T19:15:00Z,339.0
2026-01-17T19:30:00Z,359.8
2026-01-17T19:45:00Z,325.4
2026-01-17T20:00:00Z,333.0
2026-01-17T20:15:00Z,337.2
2026-01-17T20:30:00Z,338.9
2026-01-17T20:45:00Z,348.1
2026-01-17T21:00:00Z,329.1
2026-01-17T21:15:00Z,327.2
2026-01-17T21:30:00Z,316.4
2026-01-17T21:45:00Z,297.5
2026-01-17T22:00:00Z,334.6
2026-01-17T22:15:00Z,285.6
2026-01-17T22:30:00Z,344.7
2026-01-17T22:45:00Z,347.5
2026-01-17T23:00:00Z,322.1
2026-01-17T23:15:00Z,323.7
2026-01-17T23:30:00Z,337.6
2026-01-17T23:45:00Z,329.4
2026-01-18T00:00:00Z,344.5
2026-01-18T00:15:00Z,348.0
2026-01-18T00:30:00Z,327.7
2026-01-18T00:45:00Z,329.8
2026-01-18T01:00:00Z,340.4
2026-01-18T01:15:00Z,339.8
2026-01-18T01:30:00Z,317.1
2026-01-18T01:45:00Z,332.3
2026-01-18T02:00:00Z,315.3
2026-01-18T02:15:00Z,340.2
2026-01-18T02:30:00Z,331.0
2026-01-18T02:45:00Z,325.4
2026-01-18T03:00:00Z,330.0
2026-01-18T03:15:00Z,323.7
2026-01-18T03:30:00Z,326.9
2026-01-18T03:45:00Z,318.3
2026-01-18T04:00:00Z,335.1
2026-01-18T04:15:00Z,319.6
2026-01-18T04:30:00Z,338.4
2026-01-18T04:45:00Z,330.8
2026-01-18T05:00:00Z,322.7
2026-01-18T05:15:00Z,355.8
2026-01-18T05:30:00Z,322.7
2026-01-18T05:45:00Z,289.6
2026-01-18T06:00:00Z,308.9
2026-01-18T06:15:00Z,246.6
2026-01-18T06:30:00Z,238.6
2026-01-18T06:45:00Z,231.6
2026-01-18T07:00:00Z,207.3
2026-01-18T07:15:00Z,179.4
2026-01-18T07:30:00Z,192.7
2026-01-18T07:45:00Z,217.0
2026-01-18T08:00:00Z,199.1
2026-01-18T08:15:00Z,170.5
2026-01-18T08:30:00Z,160.9
2026-01-18T08:45:00Z,258.3
2026-01-18T09:00:00Z,258.4
2026-01-18T09:15:00Z,223.1
2026-01-18T09:30:00Z,90.5
2026-01-18T09:45:00Z,201.3
2026-01-18T10:00:00Z,203.3
2026-01-18T10:15:00Z,91.0
2026-01-18T10:30:00Z,222.3
2026-01-18T10:45:00Z,178.6
2026-01-18T11:00:00Z,190.8
2026-01-18T11:15:00Z,236.5
2026-01-18T11:30:00Z,80.5
2026-01-18T11:45:00Z,181.8
2026-01-18T12:00:00Z,146.6
2026-01-18T12:15:00Z,173.5
2026-01-18T12:30:00Z,207.1
2026-01-18T12:45:00Z,80.0
2026-01-18T13:00:00Z,210.2
2026-01-18T13:15:00Z,193.1
2026-01-18T13:30:00Z,99.0
2026-01-18T13:45:00Z,196.7
2026-01-18T14:00:00Z,138.0
2026-01-18T14:15:00Z,181.5
2026-01-18T14:30:00Z,154.2
2026-01-18T14:45:00Z,178.7
2026-01-18T15:00:00Z,173.0
2026-01-18T15:15:00Z,264.5
2026-01-18T15:30:00Z,274.3
2026-01-18T15:45:00Z,192.6
2026-01-18T16:00:00Z,156.9
2026-01-18T16:15:00Z,150.8
2026-01-18T16:30:00Z,189.2
2026-01-18T16:45:00Z,229.6
2026-01-18T17:00:00Z,215.7
2026-01-18T17:15:00Z,244.9
2026-01-18T17:30:00Z,247.6
2026-01-18T17:45:00Z,236.9
2026-01-18T18:00:00Z,272.1
2026-01-18T18:15:00Z,295.2
2026-01-18T18:30:00Z,274.0
2026-01-18T18:45:00Z,327.6
2026-01-18T19:00:00Z,325.1
2026-01-18T19:15:00Z,328.5
2026-01-18T19:30:00Z,347.6
2026-01-18T19:45:00Z,333.6
2026-01-18T20:00:00Z,328.9
2026-01-18T20:15:00Z,324.8
2026-01-18T20:30:00Z,329.9
2026-01-18T20:45:00Z,348.4
2026-01-18T21:00:00Z,324.8
2026-01-18T21:15:00Z,314.3
2026-01-18T21:30:00Z,311.1
2026-01-18T21:45:00Z,336.8
2026-01-18T22:00:00Z,321.4
2026-01-18T22:15:00Z,327.4
2026-01-18T22:30:00Z,320.2
2026-01-18T22:45:00Z,324.7
2026-01-18T23:00:00Z,317.8
2026-01-18T23:15:00Z,337.7
2026-01-18T23:30:00Z,327.3
2026-01-18T23:45:00Z,340.1
2026-01-19T00:00:00Z,330.4
2026-01-19T00:15:00Z,334.3
2026-01-19T00:30:00Z,313.7
2026-01-19T00:45:00Z,332.6
2026-01-19T01:00:00Z,350.6
2026-01-19T01:15:00Z,344.5
2026-01-19T01:30:00Z,332.3
2026-01-19T01:45:00Z,333.7
2026-01-19T02:00:00Z,345.1
2026-01-19T02:15:00Z,329.0
2026-01-19T02:30:00Z,326.2
2026-01-19T02:45:00Z,348.8
2026-01-19T03:00:00Z,321.3
2026-01-19T03:15:00Z,336.5
2026-01-19T03:30:00Z,339.5
2026-01-19T03:45:00Z,342.4
2026-01-19T04:00:00Z,306.3
2026-01-19T04:15:00Z,334.2
2026-01-19T04:30:00Z,353.7
2026-01-19T04:45:00Z,338.8
2026-01-19T05:00:00Z,1050.0
2026-01-19T05:15:00Z,1089.7
2026-01-19T05:30:00Z,966.3
2026-01-19T05:45:00Z,913.0
2026-01-19T06:00:00Z,1126.0
2026-01-19T06:15:00Z,1119.1
2026-01-19T06:30:00Z,896.4
2026-01-19T06:45:00Z,865.3
2026-01-19T07:00:00Z,855.5
2026-01-19T07:15:00Z,734.8
2026-01-19T07:30:00Z,877.7
2026-01-19T07:45:00Z,956.9
2026-01-19T08:00:00Z,903.7
2026-01-19T08:15:00Z,732.5
2026-01-19T08:30:00Z,903.7
2026-01-19T08:45:00Z,687.2
2026-01-19T09:00:00Z,753.5
2026-01-19T09:15:00Z,948.2
2026-01-19T09:30:00Z,701.4
2026-01-19T09:45:00Z,705.4
2026-01-19T10:00:00Z,877.9
2026-01-19T10:15:00Z,745.9
2026-01-19T10:30:00Z,798.9
2026-01-19T10:45:00Z,798.5
2026-01-19T11:00:00Z,831.7
2026-01-19T11:15:00Z,731.3
2026-01-19T11:30:00Z,648.2
2026-01-19T11:45:00Z,557.1
2026-01-19T12:00:00Z,859.7
2026-01-19T12:15:00Z,781.6
2026-01-19T12:30:00Z,876.5
2026-01-19T12:45:00Z,666.4
2026-01-19T13:00:00Z,587.2
2026-01-19T13:15:00Z,853.3
2026-01-19T13:30:00Z,691.7
2026-01-19T13:45:00Z,807.3
2026-01-19T14:00:00Z,601.4
2026-01-19T14:15:00Z,766.4
2026-01-19T14:30:00Z,621.7
2026-01-19T14:45:00Z,964.1
2026-01-19T15:00:00Z,786.7
2026-01-19T15:15:00Z,955.4
2026-01-19T15:30:00Z,892.0
2026-01-19T15:45:00Z,904.8
2026-01-19T16:00:00Z,791.4
2026-01-19T16:15:00Z,822.3
2026-01-19T16:30:00Z,709.4
2026-01-19T16:45:00Z,894.0
2026-01-19T17:00:00Z,756.5
2026-01-19T17:15:00Z,988.5
2026-01-19T17:30:00Z,1005.0
2026-01-19T17:45:00Z,795.9
2026-01-19T18:00:00Z,808.9
2026-01-19T18:15:00Z,929.7
2026-01-19T18:30:00Z,746.7
2026-01-19T18:45:00Z,1026.4
2026-01-19T19:00:00Z,990.5
2026-01-19T19:15:00Z,793.5
2026-01-19T19:30:00Z,785.3
2026-01-19T19:45:00Z,1027.9
2026-01-19T20:00:00Z,995.3
2026-01-19T20:15:00Z,1010.8
2026-01-19T20:30:00Z,1011.8
2026-01-19T20:45:00Z,1007.7
2026-01-19T21:00:00Z,346.9
2026-01-19T21:15:00Z,322.0
2026-01-19T21:30:00Z,320.6
2026-01-19T21:45:00Z,325.8
2026-01-19T22:00:00Z,328.1
2026-01-19T22:15:00Z,321.8
2026-01-19T22:30:00Z,341.8
2026-01-19T22:45:00Z,334.7
2026-01-19T23:00:00Z,347.8
2026-01-19T23:15:00Z,323.5
2026-01-19T23:30:00Z,337.6
2026-01-19T23:45:00Z,339.6
2026-01-20T00:00:00Z,325.0
2026-01-20T00:15:00Z,334.8
2026-01-20T00:30:00Z,328.4
2026-01-20T00:45:00Z,329.7
2026-01-20T01:00:00Z,348.7
2026-01-20T01:15:00Z,308.8
2026-01-20T01:30:00Z,312.3
2026-01-20T01:45:00Z,334.2
2026-01-20T02:00:00Z,341.0
2026-01-20T02:15:00Z,325.2
2026-01-20T02:30:00Z,330.0
2026-01-20T02:45:00Z,309.1
2026-01-20T03:00:00Z,324.2
2026-01-20T03:15:00Z,310.4
2026-01-20T03:30:00Z,344.3
2026-01-20T03:45:00Z,301.5
2026-01-20T04:00:00Z,342.7
2026-01-20T04:15:00Z,340.7
2026-01-20T04:30:00Z,313.0
2026-01-20T04:45:00Z,336.8
2026-01-20T05:00:00Z,920.4
2026-01-20T05:15:00Z,884.8
2026-01-20T05:30:00Z,939.1
2026-01-20T05:45:00Z,889.6
2026-01-20T06:00:00Z,971.8
2026-01-20T06:15:00Z,922.3
2026-01-20T06:30:00Z,941.8
2026-01-20T06:45:00Z,1012.1
2026-01-20T07:00:00Z,763.6
2026-01-20T07:15:00Z,899.0
2026-01-20T07:30:00Z,774.1
2026-01-20T07:45:00Z,887.3
2026-01-20T08:00:00Z,843.0
2026-01-20T08:15:00Z,941.3
2026-01-20T08:30:00Z,929.1
2026-01-20T08:45:00Z,670.1
2026-01-20T09:00:00Z,694.6
2026-01-20T09:15:00Z,891.0
2026-01-20T09:30:00Z,612.5
2026-01-20T09:45:00Z,645.9
2026-01-20T10:00:00Z,862.3
2026-01-20T10:15:00Z,786.6
2026-01-20T10:30:00Z,823.0
2026-01-20T10:45:00Z,813.2
2026-01-20T11:00:00Z,688.5
2026-01-20T11:15:00Z,758.3
2026-01-20T11:30:00Z,890.1
2026-01-20T11:45:00Z,627.5
2026-01-20T12:00:00Z,698.4
2026-01-20T12:15:00Z,657.4
2026-01-20T12:30:00Z,663.8
2026-01-20T12:45:00Z,822.1
2026-01-20T13:00:00Z,754.6
2026-01-20T13:15:00Z,574.9
2026-01-20T13:30:00Z,551.9
2026-01-20T13:45:00Z,659.9
2026-01-20T14:00:00Z,786.3
2026-01-20T14:15:00Z,795.0
2026-01-20T14:30:00Z,941.0
2026-01-20T14:45:00Z,937.4
2026-01-20T15:00:00Z,790.6
2026-01-20T15:15:00Z,650.1
2026-01-20T15:30:00Z,658.9
2026-01-20T15:45:00Z,927.2
2026-01-20T16:00:00Z,875.6
2026-01-20T16:15:00Z,700.5
2026-01-20T16:30:00Z,679.7
2026-01-20T16:45:00Z,766.9
2026-01-20T17:00:00Z,784.5
2026-01-20T17:15:00Z,841.6
2026-01-20T17:30:00Z,916.1
2026-01-20T17:45:00Z,761.6
2026-01-20T18:00:00Z,958.3
2026-01-20T18:15:00Z,786.6
2026-01-20T18:30:00Z,899.4
2026-01-20T18:45:00Z,784.9
2026-01-20T19:00:00Z,847.6
2026-01-20T19:15:00Z,1016.2
2026-01-20T19:30:00Z,1050.4
2026-01-20T19:45:00Z,879.0
2026-01-20T20:00:00Z,913.8
2026-01-20T20:15:00Z,987.5
2026-01-20T20:30:00Z,959.3
2026-01-20T20:45:00Z,968.2
2026-01-20T21:00:00Z,349.8
2026-01-20T21:15:00Z,326.3
2026-01-20T21:30:00Z,333.4
2026-01-20T21:45:00Z,334.1
2026-01-20T22:00:00Z,334.0
2026-01-20T22:15:00Z,324.4
2026-01-20T22:30:00Z,321.1
2026-01-20T22:45:00Z,318.1
2026-01-20T23:00:00Z,339.8
2026-01-20T23:15:00Z,331.4
2026-01-20T23:30:00Z,340.4
2026-01-20T23:45:00Z,331.9
2026-01-21T00:00:00Z,374.7
2026-01-21T00:15:00Z,342.0
2026-01-21T00:30:00Z,326.4
2026-01-21T00:45:00Z,322.3
2026-01-21T01:00:00Z,333.4
2026-01-21T01:15:00Z,307.7
2026-01-21T01:30:00Z,327.4
2026-01-21T01:45:00Z,319.1
2026-01-21T02:00:00Z,312.5
2026-01-21T02:15:00Z,329.6
2026-01-21T02:30:00Z,323.3
2026-01-21T02:45:00Z,328.0
2026-01-21T03:00:00Z,344.6
2026-01-21T03:15:00Z,319.2
2026-01-21T03:30:00Z,332.2
2026-01-21T03:45:00Z,331.6
2026-01-21T04:00:00Z,332.2
2026-01-21T04:15:00Z,328.3
2026-01-21T04:30:00Z,339.5
2026-01-21T04:45:00Z,306.7
2026-01-21T05:00:00Z,1052.8
2026-01-21T05:15:00Z,1008.1
2026-01-21T05:30:00Z,1144.9
2026-01-21T05:45:00Z,986.6
2026-01-21T06:00:00Z,933.5
2026-01-21T06:15:00Z,946.2
2026-01-21T06:30:00Z,1065.5
2026-01-21T06:45:00Z,879.9
2026-01-21T07:00:00Z,838.2
2026-01-21T07:15:00Z,843.9
2026-01-21T07:30:00Z,921.0
2026-01-21T07:45:00Z,889.2
2026-01-21T08:00:00Z,852.2
2026-01-21T08:15:00Z,810.9
2026-01-21T08:30:00Z,904.7
2026-01-21T08:45:00Z,705.4
2026-01-21T09:00:00Z,835.8
2026-01-21T09:15:00Z,930.0
2026-01-21T09:30:00Z,918.2
2026-01-21T09:45:00Z,897.7
2026-01-21T10:00:00Z,699.4
2026-01-21T10:15:00Z,874.8
2026-01-21T10:30:00Z,782.1
2026-01-21T10:45:00Z,835.5
2026-01-21T11:00:00Z,829.2
2026-01-21T11:15:00Z,742.3
2026-01-21T11:30:00Z,652.3
2026-01-21T11:45:00Z,706.1
2026-01-21T12:00:00Z,790.8
2026-01-21T12:15:00Z,634.8
2026-01-21T12:30:00Z,870.1
2026-01-21T12:45:00Z,714.8
2026-01-21T13:00:00Z,791.5
2026-01-21T13:15:00Z,602.9
2026-01-21T13:30:00Z,824.9
2026-01-21T13:45:00Z,661.3
2026-01-21T14:00:00Z,867.1
2026-01-21T14:15:00Z,712.1
2026-01-21T14:30:00Z,735.0
2026-01-21T14:45:00Z,795.8
2026-01-21T15:00:00Z,924.1
2026-01-21T15:15:00Z,611.5
2026-01-21T15:30:00Z,863.8
2026-01-21T15:45:00Z,894.9
2026-01-21T16:00:00Z,806.5
2026-01-21T16:15:00Z,841.2
2026-01-21T16:30:00Z,739.3
2026-01-21T16:45:00Z,970.6
2026-01-21T17:00:00Z,673.9
2026-01-21T17:15:00Z,990.5
2026-01-21T17:30:00Z,897.9
2026-01-21T17:45:00Z,1007.4
2026-01-21T18:00:00Z,922.0
2026-01-21T18:15:00Z,857.1
2026-01-21T18:30:00Z,787.5
2026-01-21T18:45:00Z,837.0
2026-01-21T19:00:00Z,1024.8
2026-01-21T19:15:00Z,1038.8
2026-01-21T19:30:00Z,940.7
2026-01-21T19:45:00Z,873.8
2026-01-21T20:00:00Z,1044.4
2026-01-21T20:15:00Z,1008.1
2026-01-21T20:30:00Z,1011.5
2026-01-21T20:45:00Z,918.5
2026-01-21T21:00:00Z,337.6
2026-01-21T21:15:00Z,325.2
2026-01-21T21:30:00Z,325.9
2026-01-21T21:45:00Z,302.9
2026-01-21T22:00:00Z,330.8
2026-01-21T22:15:00Z,328.2
2026-01-21T22:30:00Z,331.4
2026-01-21T22:45:00Z,318.5
2026-01-21T23:00:00Z,347.2
2026-01-21T23:15:00Z,323.0
2026-01-21T23:30:00Z,332.9
2026-01-21T23:45:00Z,331.8
2026-01-22T00:00:00Z,347.1
2026-01-22T00:15:00Z,329.8
2026-01-22T00:30:00Z,322.5
2026-01-22T00:45:00Z,325.8
2026-01-22T01:00:00Z,330.0
2026-01-22T01:15:00Z,315.2
2026-01-22T01:30:00Z,323.1
2026-01-22T01:45:00Z,340.6
2026-01-22T02:00:00Z,316.2
2026-01-22T02:15:00Z,333.4
2026-01-22T02:30:00Z,319.7
2026-01-22T02:45:00Z,303.5
2026-01-22T03:00:00Z,348.6
2026-01-22T03:15:00Z,344.1
2026-01-22T03:30:00Z,305.4
2026-01-22T03:45:00Z,324.3
2026-01-22T04:00:00Z,318.8
2026-01-22T04:15:00Z,343.2
2026-01-22T04:30:00Z,323.4
2026-01-22T04:45:00Z,347.7
2026-01-22T05:00:00Z,1164.5
2026-01-22T05:15:00Z,1028.6
2026-01-22T05:30:00Z,1041.3
2026-01-22T05:45:00Z,1031.9
2026-01-22T06:00:00Z,936.2
2026-01-22T06:15:00Z,908.2
2026-01-22T06:30:00Z,1076.2
2026-01-22T06:45:00Z,834.8
2026-01-22T07:00:00Z,926.1
2026-01-22T07:15:00Z,800.2
2026-01-22T07:30:00Z,777.3
2026-01-22T07:45:00Z,944.5
2026-01-22T08:00:00Z,910.9
2026-01-22T08:15:00Z,760.1
2026-01-22T08:30:00Z,672.0
2026-01-22T08:45:00Z,686.9
2026-01-22T09:00:00Z,881.1
2026-01-22T09:15:00Z,834.2
2026-01-22T09:30:00Z,646.7
2026-01-22T09:45:00Z,782.8
2026-01-22T10:00:00Z,761.3
2026-01-22T10:15:00Z,971.5
2026-01-22T10:30:00Z,859.0
2026-01-22T10:45:00Z,899.3
2026-01-22T11:00:00Z,893.5
2026-01-22T11:15:00Z,892.1
2026-01-22T11:30:00Z,772.2
2026-01-22T11:45:00Z,784.4
2026-01-22T12:00:00Z,763.4
2026-01-22T12:15:00Z,791.0
2026-01-22T12:30:00Z,858.3
2026-01-22T12:45:00Z,609.5
2026-01-22T13:00:00Z,796.2
2026-01-22T13:15:00Z,845.5
2026-01-22T13:30:00Z,703.4
2026-01-22T13:45:00Z,741.1
2026-01-22T14:00:00Z,729.9
2026-01-22T14:15:00Z,950.6
2026-01-22T14:30:00Z,765.5
2026-01-22T14:45:00Z,855.1
2026-01-22T15:00:00Z,841.7
2026-01-22T15:15:00Z,757.8
2026-01-22T15:30:00Z,831.7
2026-01-22T15:45:00Z,880.5
2026-01-22T16:00:00Z,987.5
2026-01-22T16:15:00Z,727.8
2026-01-22T16:30:00Z,957.6
2026-01-22T16:45:00Z,870.4
2026-01-22T17:00:00Z,953.2
2026-01-22T17:15:00Z,757.5
2026-01-22T17:30:00Z,727.7
2026-01-22T17:45:00Z,786.3
2026-01-22T18:00:00Z,973.8
2026-01-22T18:15:00Z,985.3
2026-01-22T18:30:00Z,879.5
2026-01-22T18:45:00Z,927.6
2026-01-22T19:00:00Z,804.6
2026-01-22T19:15:00Z,1018.4
2026-01-22T19:30:00Z,800.8
2026-01-22T19:45:00Z,1071.3
2026-01-22T20:00:00Z,1025.1
2026-01-22T20:15:00Z,954.8
2026-01-22T20:30:00Z,1048.0
2026-01-22T20:45:00Z,861.1
2026-01-22T21:00:00Z,318.1
2026-01-22T21:15:00Z,326.0
2026-01-22T21:30:00Z,335.9
2026-01-22T21:45:00Z,322.9
2026-01-22T22:00:00Z,323.2
2026-01-22T22:15:00Z,324.3
2026-01-22T22:30:00Z,324.8
2026-01-22T22:45:00Z,311.8
2026-01-22T23:00:00Z,332.2
2026-01-22T23:15:00Z,336.2
2026-01-22T23:30:00Z,337.1
2026-01-22T23:45:00Z,322.3
2026-01-23T00:00:00Z,340.5
2026-01-23T00:15:00Z,351.3
2026-01-23T00:30:00Z,326.2
2026-01-23T00:45:00Z,305.2
2026-01-23T01:00:00Z,325.7
2026-01-23T01:15:00Z,335.2
2026-01-23T01:30:00Z,326.4
2026-01-23T01:45:00Z,322.0
2026-01-23T02:00:00Z,321.8
2026-01-23T02:15:00Z,312.6
2026-01-23T02:30:00Z,326.7
2026-01-23T02:45:00Z,316.9
2026-01-23T03:00:00Z,315.7
2026-01-23T03:15:00Z,336.1
2026-01-23T03:30:00Z,330.6
2026-01-23T03:45:00Z,347.0
2026-01-23T04:00:00Z,319.8
2026-01-23T04:15:00Z,324.0
2026-01-23T04:30:00Z,326.5
2026-01-23T04:45:00Z,326.0
2026-01-23T05:00:00Z,1006.3
2026-01-23T05:15:00Z,904.1
2026-01-23T05:30:00Z,953.5
2026-01-23T05:45:00Z,1047.8
2026-01-23T06:00:00Z,775.2
2026-01-23T06:15:00Z,881.2
2026-01-23T06:30:00Z,901.4
2026-01-23T06:45:00Z,776.0
2026-01-23T07:00:00Z,799.0
2026-01-23T07:15:00Z,923.3
2026-01-23T07:30:00Z,718.1
2026-01-23T07:45:00Z,789.8
2026-01-23T08:00:00Z,854.7
2026-01-23T08:15:00Z,847.5
2026-01-23T08:30:00Z,743.3
2026-01-23T08:45:00Z,781.2
2026-01-23T09:00:00Z,708.0
2026-01-23T09:15:00Z,682.5
2026-01-23T09:30:00Z,825.5
2026-01-23T09:45:00Z,742.8
2026-01-23T10:00:00Z,838.5
2026-01-23T10:15:00Z,907.2
2026-01-23T10:30:00Z,602.5
2026-01-23T10:45:00Z,912.7
2026-01-23T11:00:00Z,754.5
2026-01-23T11:15:00Z,620.4
2026-01-23T11:30:00Z,939.4
2026-01-23T11:45:00Z,856.2
2026-01-23T12:00:00Z,553.2
2026-01-23T12:15:00Z,799.3
2026-01-23T12:30:00Z,753.1
2026-01-23T12:45:00Z,702.6
2026-01-23T13:00:00Z,887.0
2026-01-23T13:15:00Z,653.9
2026-01-23T13:30:00Z,843.4
2026-01-23T13:45:00Z,539.7
2026-01-23T14:00:00Z,817.5
2026-01-23T14:15:00Z,684.2
2026-01-23T14:30:00Z,749.7
2026-01-23T14:45:00Z,799.0
2026-01-23T15:00:00Z,622.2
2026-01-23T15:15:00Z,735.4
2026-01-23T15:30:00Z,769.1
2026-01-23T15:45:00Z,860.0
2026-01-23T16:00:00Z,696.2
2026-01-23T16:15:00Z,922.3
2026-01-23T16:30:00Z,793.6
2026-01-23T16:45:00Z,1022.9
2026-01-23T17:00:00Z,818.3
2026-01-23T17:15:00Z,755.1
2026-01-23T17:30:00Z,967.5
2026-01-23T17:45:00Z,746.5
2026-01-23T18:00:00Z,1029.3
2026-01-23T18:15:00Z,879.6
2026-01-23T18:30:00Z,851.7
2026-01-23T18:45:00Z,799.6
2026-01-23T19:00:00Z,966.3
2026-01-23T19:15:00Z,860.9
2026-01-23T19:30:00Z,1054.1
2026-01-23T19:45:00Z,903.6
2026-01-23T20:00:00Z,807.5
2026-01-23T20:15:00Z,1039.5
2026-01-23T20:30:00Z,1004.5
2026-01-23T20:45:00Z,809.9
2026-01-23T21:00:00Z,327.0
2026-01-23T21:15:00Z,320.9
2026-01-23T21:30:00Z,351.3
2026-01-23T21:45:00Z,348.0
2026-01-23T22:00:00Z,308.2
2026-01-23T22:15:00Z,341.2
2026-01-23T22:30:00Z,331.0
2026-01-23T22:45:00Z,338.7
2026-01-23T23:00:00Z,339.3
2026-01-23T23:15:00Z,352.1
2026-01-23T23:30:00Z,332.3
2026-01-23T23:45:00Z,345.5
2026-01-24T00:00:00Z,312.4
2026-01-24T00:15:00Z,341.8
2026-01-24T00:30:00Z,332.0
2026-01-24T00:45:00Z,326.0
2026-01-24T01:00:00Z,326.0
2026-01-24T01:15:00Z,342.3
2026-01-24T01:30:00Z,326.2
2026-01-24T01:45:00Z,324.7
2026-01-24T02:00:00Z,325.9
2026-01-24T02:15:00Z,317.3
2026-01-24T02:30:00Z,326.0
2026-01-24T02:45:00Z,342.9
2026-01-24T03:00:00Z,326.0
2026-01-24T03:15:00Z,320.4
2026-01-24T03:30:00Z,331.1
2026-01-24T03:45:00Z,341.2
2026-01-24T04:00:00Z,326.1
2026-01-24T04:15:00Z,318.7
2026-01-24T04:30:00Z,309.9
2026-01-24T04:45:00Z,325.4
2026-01-24T05:00:00Z,334.6
2026-01-24T05:15:00Z,310.7
2026-01-24T05:30:00Z,302.4
2026-01-24T05:45:00Z,296.9
2026-01-24T06:00:00Z,289.6
2026-01-24T06:15:00Z,310.7
2026-01-24T06:30:00Z,225.0
2026-01-24T06:45:00Z,276.0
2026-01-24T07:00:00Z,212.3
2026-01-24T07:15:00Z,233.3
2026-01-24T07:30:00Z,238.6
2026-01-24T07:45:00Z,181.4
2026-01-24T08:00:00Z,242.1
2026-01-24T08:15:00Z,204.2
2026-01-24T08:30:00Z,147.0
2026-01-24T08:45:00Z,169.8
2026-01-24T09:00:00Z,119.8
2026-01-24T09:15:00Z,146.8
2026-01-24T09:30:00Z,87.0
2026-01-24T09:45:00Z,214.5
2026-01-24T10:00:00Z,143.2
2026-01-24T10:15:00Z,87.8
2026-01-24T10:30:00Z,233.5
2026-01-24T10:45:00Z,86.1
2026-01-24T11:00:00Z,80.0
2026-01-24T11:15:00Z,114.2
2026-01-24T11:30:00Z,80.0
2026-01-24T11:45:00Z,80.0
2026-01-24T12:00:00Z,144.8
2026-01-24T12:15:00Z,80.0
2026-01-24T12:30:00Z,119.0
2026-01-24T12:45:00Z,97.9
2026-01-24T13:00:00Z,80.0
2026-01-24T13:15:00Z,142.3
2026-01-24T13:30:00Z,96.5
2026-01-24T13:45:00Z,80.0
2026-01-24T14:00:00Z,197.4
2026-01-24T14:15:00Z,226.6
2026-01-24T14:30:00Z,249.8
2026-01-24T14:45:00Z,183.3
2026-01-24T15:00:00Z,102.7
2026-01-24T15:15:00Z,187.2
2026-01-24T15:30:00Z,130.0
2026-01-24T15:45:00Z,233.8
2026-01-24T16:00:00Z,249.4
2026-01-24T16:15:00Z,192.3
2026-01-24T16:30:00Z,179.9
2026-01-24T16:45:00Z,165.3
2026-01-24T17:00:00Z,245.2
2026-01-24T17:15:00Z,277.7
2026-01-24T17:30:00Z,247.7
2026-01-24T17:45:00Z,260.1
2026-01-24T18:00:00Z,294.9
2026-01-24T18:15:00Z,269.3
2026-01-24T18:30:00Z,319.4
2026-01-24T18:45:00Z,313.2
2026-01-24T19:00:00Z,337.4
2026-01-24T19:15:00Z,318.2
2026-01-24T19:30:00Z,328.5
2026-01-24T19:45:00Z,334.1
2026-01-24T20:00:00Z,355.9
2026-01-24T20:15:00Z,333.8
2026-01-24T20:30:00Z,320.9
2026-01-24T20:45:00Z,306.5
2026-01-24T21:00:00Z,319.1
2026-01-24T21:15:00Z,307.0
2026-01-24T21:30:00Z,324.4
2026-01-24T21:45:00Z,318.1
2026-01-24T22:00:00Z,334.3
2026-01-24T22:15:00Z,301.6
2026-01-24T22:30:00Z,308.9
2026-01-24T22:45:00Z,343.3
2026-01-24T23:00:00Z,333.4
2026-01-24T23:15:00Z,324.4
2026-01-24T23:30:00Z,326.4
2026-01-24T23:45:00Z,332.4
2026-01-25T00:00:00Z,338.7
2026-01-25T00:15:00Z,312.1
2026-01-25T00:30:00Z,331.4
2026-01-25T00:45:00Z,356.1
2026-01-25T01:00:00Z,318.0
2026-01-25T01:15:00Z,346.1
2026-01-25T01:30:00Z,323.8
2026-01-25T01:45:00Z,321.4
2026-01-25T02:00:00Z,334.7
2026-01-25T02:15:00Z,322.8
2026-01-25T02:30:00Z,328.1
2026-01-25T02:45:00Z,339.5
2026-01-25T03:00:00Z,317.5
2026-01-25T03:15:00Z,317.6
2026-01-25T03:30:00Z,350.6
2026-01-25T03:45:00Z,323.9
2026-01-25T04:00:00Z,322.8
2026-01-25T04:15:00Z,325.2
2026-01-25T04:30:00Z,316.8
2026-01-25T04:45:00Z,327.3
2026-01-25T05:00:00Z,346.9
2026-01-25T05:15:00Z,325.7
2026-01-25T05:30:00Z,317.0
2026-01-25T05:45:00Z,303.7
2026-01-25T06:00:00Z,272.9
2026-01-25T06:15:00Z,275.0
2026-01-25T06:30:00Z,285.4
2026-01-25T06:45:00Z,207.6
2026-01-25T07:00:00Z,231.7
2026-01-25T07:15:00Z,259.0
2026-01-25T07:30:00Z,264.9
2026-01-25T07:45:00Z,213.3
2026-01-25T08:00:00Z,158.7
2026-01-25T08:15:00Z,180.4
2026-01-25T08:30:00Z,225.3
2026-01-25T08:45:00Z,231.6
2026-01-25T09:00:00Z,231.6
2026-01-25T09:15:00Z,117.9
2026-01-25T09:30:00Z,226.2
2026-01-25T09:45:00Z,80.0
2026-01-25T10:00:00Z,106.5
2026-01-25T10:15:00Z,165.0
2026-01-25T10:30:00Z,202.5
2026-01-25T10:45:00Z,149.9
2026-01-25T11:00:00Z,80.0
2026-01-25T11:15:00Z,211.1
2026-01-25T11:30:00Z,193.3
2026-01-25T11:45:00Z,218.5
2026-01-25T12:00:00Z,80.0
2026-01-25T12:15:00Z,80.0
2026-01-25T12:30:00Z,123.9
2026-01-25T12:45:00Z,173.8
2026-01-25T13:00:00Z,80.0
2026-01-25T13:15:00Z,125.2
2026-01-25T13:30:00Z,80.0
2026-01-25T13:45:00Z,160.3
2026-01-25T14:00:00Z,220.0
2026-01-25T14:15:00Z,232.2
2026-01-25T14:30:00Z,194.7
2026-01-25T14:45:00Z,159.3
2026-01-25T15:00:00Z,120.9
2026-01-25T15:15:00Z,185.4
2026-01-25T15:30:00Z,212.4
2026-01-25T15:45:00Z,142.6
2026-01-25T16:00:00Z,208.1
2026-01-25T16:15:00Z,200.7
2026-01-25T16:30:00Z,178.2
2026-01-25T16:45:00Z,227.3
2026-01-25T17:00:00Z,278.1
2026-01-25T17:15:00Z,229.8
2026-01-25T17:30:00Z,301.7
2026-01-25T17:45:00Z,298.0
2026-01-25T18:00:00Z,269.5
2026-01-25T18:15:00Z,281.7
2026-01-25T18:30:00Z,296.5
2026-01-25T18:45:00Z,288.8
2026-01-25T19:00:00Z,317.3
2026-01-25T19:15:00Z,340.8
2026-01-25T19:30:00Z,336.6
2026-01-25T19:45:00Z,339.6
2026-01-25T20:00:00Z,338.6
2026-01-25T20:15:00Z,338.0
2026-01-25T20:30:00Z,341.3
2026-01-25T20:45:00Z,326.3
2026-01-25T21:00:00Z,315.4
2026-01-25T21:15:00Z,319.5
2026-01-25T21:30:00Z,313.3
2026-01-25T21:45:00Z,348.8
2026-01-25T22:00:00Z,324.3
2026-01-25T22:15:00Z,342.6
2026-01-25T22:30:00Z,345.2
2026-01-25T22:45:00Z,318.0
2026-01-25T23:00:00Z,325.2
2026-01-25T23:15:00Z,324.9
2026-01-25T23:30:00Z,332.4
2026-01-25T23:45:00Z,355.1
2026-01-26T00:00:00Z,332.6
2026-01-26T00:15:00Z,320.4
2026-01-26T00:30:00Z,331.4
2026-01-26T00:45:00Z,331.0
2026-01-26T01:00:00Z,329.3
2026-01-26T01:15:00Z,326.4
2026-01-26T01:30:00Z,324.9
2026-01-26T01:45:00Z,324.1
2026-01-26T02:00:00Z,331.3
2026-01-26T02:15:00Z,344.0
2026-01-26T02:30:00Z,327.4
2026-01-26T02:45:00Z,334.8
2026-01-26T03:00:00Z,325.3
2026-01-26T03:15:00Z,317.7
2026-01-26T03:30:00Z,335.7
2026-01-26T03:45:00Z,343.4
2026-01-26T04:00:00Z,330.8
2026-01-26T04:15:00Z,314.7
2026-01-26T04:30:00Z,313.7
2026-01-26T04:45:00Z,312.1
2026-01-26T05:00:00Z,903.8
2026-01-26T05:15:00Z,859.2
2026-01-26T05:30:00Z,1149.2
2026-01-26T05:45:00Z,1020.4
2026-01-26T06:00:00Z,850.0
2026-01-26T06:15:00Z,885.2
2026-01-26T06:30:00Z,846.1
2026-01-26T06:45:00Z,941.0
2026-01-26T07:00:00Z,724.8
2026-01-26T07:15:00Z,850.6
2026-01-26T07:30:00Z,812.6
2026-01-26T07:45:00Z,827.8
2026-01-26T08:00:00Z,684.5
2026-01-26T08:15:00Z,867.2
2026-01-26T08:30:00Z,935.5
2026-01-26T08:45:00Z,757.5
2026-01-26T09:00:00Z,655.8
2026-01-26T09:15:00Z,932.7
2026-01-26T09:30:00Z,740.4
2026-01-26T09:45:00Z,640.0
2026-01-26T10:00:00Z,749.6
2026-01-26T10:15:00Z,837.1
2026-01-26T10:30:00Z,766.7
2026-01-26T10:45:00Z,571.9
2026-01-26T11:00:00Z,740.5
2026-01-26T11:15:00Z,800.7
2026-01-26T11:30:00Z,953.3
2026-01-26T11:45:00Z,568.9
2026-01-26T12:00:00Z,622.1
2026-01-26T12:15:00Z,667.1
2026-01-26T12:30:00Z,848.1
2026-01-26T12:45:00Z,751.0
2026-01-26T13:00:00Z,696.3
2026-01-26T13:15:00Z,791.5
2026-01-26T13:30:00Z,859.6
2026-01-26T13:45:00Z,811.3
2026-01-26T14:00:00Z,823.4
2026-01-26T14:15:00Z,799.1
2026-01-26T14:30:00Z,783.3
2026-01-26T14:45:00Z,597.7
2026-01-26T15:00:00Z,809.1
2026-01-26T15:15:00Z,739.9
2026-01-26T15:30:00Z,927.4
2026-01-26T15:45:00Z,795.8
2026-01-26T16:00:00Z,747.3
2026-01-26T16:15:00Z,895.2
2026-01-26T16:30:00Z,683.3
2026-01-26T16:45:00Z,743.7
2026-01-26T17:00:00Z,775.5
2026-01-26T17:15:00Z,932.3
2026-01-26T17:30:00Z,904.2
2026-01-26T17:45:00Z,826.0
2026-01-26T18:00:00Z,967.7
2026-01-26T18:15:00Z,1009.0
2026-01-26T18:30:00Z,826.4
2026-01-26T18:45:00Z,816.5
2026-01-26T19:00:00Z,806.7
2026-01-26T19:15:00Z,941.5
2026-01-26T19:30:00Z,849.1
2026-01-26T19:45:00Z,832.0
2026-01-26T20:00:00Z,923.0
2026-01-26T20:15:00Z,837.3
2026-01-26T20:30:00Z,1058.4
2026-01-26T20:45:00Z,824.7
2026-01-26T21:00:00Z,335.2
2026-01-26T21:15:00Z,312.2
2026-01-26T21:30:00Z,338.4
2026-01-26T21:45:00Z,327.7
2026-01-26T22:00:00Z,340.0
2026-01-26T22:15:00Z,297.6
2026-01-26T22:30:00Z,332.1
2026-01-26T22:45:00Z,332.7
2026-01-26T23:00:00Z,325.8
2026-01-26T23:15:00Z,325.1
2026-01-26T23:30:00Z,329.3
2026-01-26T23:45:00Z,340.8
2026-01-27T00:00:00Z,338.6
2026-01-27T00:15:00Z,333.3
2026-01-27T00:30:00Z,345.7
2026-01-27T00:45:00Z,339.1
2026-01-27T01:00:00Z,328.6
2026-01-27T01:15:00Z,329.5
2026-01-27T01:30:00Z,326.7
2026-01-27T01:45:00Z,330.7
2026-01-27T02:00:00Z,315.1
2026-01-27T02:15:00Z,329.5
2026-01-27T02:30:00Z,344.5
2026-01-27T02:45:00Z,339.8
2026-01-27T03:00:00Z,345.5
2026-01-27T03:15:00Z,323.4
2026-01-27T03:30:00Z,342.6
2026-01-27T03:45:00Z,347.3
2026-01-27T04:00:00Z,335.2
2026-01-27T04:15:00Z,323.0
2026-01-27T04:30:00Z,304.5
2026-01-27T04:45:00Z,321.8
2026-01-27T05:00:00Z,916.1
2026-01-27T05:15:00Z,890.6
2026-01-27T05:30:00Z,1134.6
2026-01-27T05:45:00Z,899.5
2026-01-27T06:00:00Z,919.8
2026-01-27T06:15:00Z,997.8
2026-01-27T06:30:00Z,941.1
2026-01-27T06:45:00Z,810.0
2026-01-27T07:00:00Z,731.1
2026-01-27T07:15:00Z,854.5
2026-01-27T07:30:00Z,905.3
2026-01-27T07:45:00Z,622.6
2026-01-27T08:00:00Z,913.8
2026-01-27T08:15:00Z,763.6
2026-01-27T08:30:00Z,818.1
2026-01-27T08:45:00Z,767.7
2026-01-27T09:00:00Z,737.7
2026-01-27T09:15:00Z,835.0
2026-01-27T09:30:00Z,941.0
2026-01-27T09:45:00Z,747.7
2026-01-27T10:00:00Z,564.7
2026-01-27T10:15:00Z,795.9
2026-01-27T10:30:00Z,838.3
2026-01-27T10:45:00Z,708.9
2026-01-27T11:00:00Z,657.1
2026-01-27T11:15:00Z,769.3
2026-01-27T11:30:00Z,753.4
2026-01-27T11:45:00Z,811.3
2026-01-27T12:00:00Z,665.1
2026-01-27T12:15:00Z,807.1
2026-01-27T12:30:00Z,708.2
2026-01-27T12:45:00Z,619.6
2026-01-27T13:00:00Z,757.5
2026-01-27T13:15:00Z,751.5
2026-01-27T13:30:00Z,838.3
2026-01-27T13:45:00Z,696.4
2026-01-27T14:00:00Z,654.5
2026-01-27T14:15:00Z,684.4
2026-01-27T14:30:00Z,822.8
2026-01-27T14:45:00Z,601.3
2026-01-27T15:00:00Z,737.8
2026-01-27T15:15:00Z,672.4
2026-01-27T15:30:00Z,871.7
2026-01-27T15:45:00Z,679.7
2026-01-27T16:00:00Z,746.3
2026-01-27T16:15:00Z,979.3
2026-01-27T16:30:00Z,652.9
2026-01-27T16:45:00Z,807.9
2026-01-27T17:00:00Z,915.7
2026-01-27T17:15:00Z,910.6
2026-01-27T17:30:00Z,820.4
2026-01-27T17:45:00Z,835.7
2026-01-27T18:00:00Z,879.9
2026-01-27T18:15:00Z,979.3
2026-01-27T18:30:00Z,980.0
2026-01-27T18:45:00Z,856.1
2026-01-27T19:00:00Z,843.4
2026-01-27T19:15:00Z,937.4
2026-01-27T19:30:00Z,1068.8
2026-01-27T19:45:00Z,842.3
2026-01-27T20:00:00Z,992.9
2026-01-27T20:15:00Z,785.1
2026-01-27T20:30:00Z,1000.7
2026-01-27T20:45:00Z,1044.2
2026-01-27T21:00:00Z,335.1
2026-01-27T21:15:00Z,324.4
2026-01-27T21:30:00Z,338.3
2026-01-27T21:45:00Z,328.1
2026-01-27T22:00:00Z,349.3
2026-01-27T22:15:00Z,337.4
2026-01-27T22:30:00Z,318.3
2026-01-27T22:45:00Z,333.8
2026-01-27T23:00:00Z,324.5
2026-01-27T23:15:00Z,348.6
2026-01-27T23:30:00Z,336.5
2026-01-27T23:45:00Z,341.2
2026-01-28T00:00:00Z,345.2
2026-01-28T00:15:00Z,337.5
2026-01-28T00:30:00Z,326.7
2026-01-28T00:45:00Z,337.7
2026-01-28T01:00:00Z,330.8
2026-01-28T01:15:00Z,325.6
2026-01-28T01:30:00Z,326.9
2026-01-28T01:45:00Z,354.9
2026-01-28T02:00:00Z,322.4
2026-01-28T02:15:00Z,324.3
2026-01-28T02:30:00Z,329.4
2026-01-28T02:45:00Z,324.7
2026-01-28T03:00:00Z,328.6
2026-01-28T03:15:00Z,313.2
2026-01-28T03:30:00Z,341.9
2026-01-28T03:45:00Z,358.7
2026-01-28T04:00:00Z,335.1
2026-01-28T04:15:00Z,324.8
2026-01-28T04:30:00Z,338.9
2026-01-28T04:45:00Z,322.6
2026-01-28T05:00:00Z,889.5
2026-01-28T05:15:00Z,1124.2
2026-01-28T05:30:00Z,1064.3
2026-01-28T05:45:00Z,1129.3
2026-01-28T06:00:00Z,944.5
2026-01-28T06:15:00Z,953.0
2026-01-28T06:30:00Z,1119.9
2026-01-28T06:45:00Z,870.1
2026-01-28T07:00:00Z,839.1
2026-01-28T07:15:00Z,899.9
2026-01-28T07:30:00Z,737.0
2026-01-28T07:45:00Z,657.6
2026-01-28T08:00:00Z,920.1
2026-01-28T08:15:00Z,981.8
2026-01-28T08:30:00Z,615.4
2026-01-28T08:45:00Z,910.4
2026-01-28T09:00:00Z,749.5
2026-01-28T09:15:00Z,833.6
2026-01-28T09:30:00Z,810.6
2026-01-28T09:45:00Z,821.4
2026-01-28T10:00:00Z,715.0
2026-01-28T10:15:00Z,717.7
2026-01-28T10:30:00Z,880.6
2026-01-28T10:45:00Z,716.9
2026-01-28T11:00:00Z,771.6
2026-01-28T11:15:00Z,952.3
2026-01-28T11:30:00Z,558.9
2026-01-28T11:45:00Z,564.6
2026-01-28T12:00:00Z,736.6
2026-01-28T12:15:00Z,575.6
2026-01-28T12:30:00Z,751.6
2026-01-28T12:45:00Z,629.2
2026-01-28T13:00:00Z,771.2
2026-01-28T13:15:00Z,754.3
2026-01-28T13:30:00Z,678.1
2026-01-28T13:45:00Z,876.4
2026-01-28T14:00:00Z,618.6
2026-01-28T14:15:00Z,694.6
2026-01-28T14:30:00Z,874.3
2026-01-28T14:45:00Z,679.7
2026-01-28T15:00:00Z,654.0
2026-01-28T15:15:00Z,826.8
2026-01-28T15:30:00Z,880.8
2026-01-28T15:45:00Z,858.0
2026-01-28T16:00:00Z,776.4
2026-01-28T16:15:00Z,671.4
2026-01-28T16:30:00Z,782.2
2026-01-28T16:45:00Z,749.6
2026-01-28T17:00:00Z,950.6
2026-01-28T17:15:00Z,782.6
2026-01-28T17:30:00Z,991.8
2026-01-28T17:45:00Z,851.3
2026-01-28T18:00:00Z,916.0
2026-01-28T18:15:00Z,808.8
2026-01-28T18:30:00Z,778.5
2026-01-28T18:45:00Z,839.0
2026-01-28T19:00:00Z,937.1
2026-01-28T19:15:00Z,1088.3
2026-01-28T19:30:00Z,884.3
2026-01-28T19:45:00Z,957.5
2026-01-28T20:00:00Z,995.4
2026-01-28T20:15:00Z,1089.6
2026-01-28T20:30:00Z,944.9
2026-01-28T20:45:00Z,982.8
2026-01-28T21:00:00Z,332.1
2026-01-28T21:15:00Z,345.8
2026-01-28T21:30:00Z,305.6
2026-01-28T21:45:00Z,332.1
2026-01-28T22:00:00Z,321.4
2026-01-28T22:15:00Z,323.6
2026-01-28T22:30:00Z,334.8
2026-01-28T22:45:00Z,347.9
2026-01-28T23:00:00Z,340.2
2026-01-28T23:15:00Z,320.8
2026-01-28T23:30:00Z,326.3
2026-01-28T23:45:00Z,356.8
2026-01-29T00:00:00Z,312.5
2026-01-29T00:15:00Z,331.2
2026-01-29T00:30:00Z,322.3
2026-01-29T00:45:00Z,369.8
2026-01-29T01:00:00Z,333.5
2026-01-29T01:15:00Z,321.9
2026-01-29T01:30:00Z,340.9
2026-01-29T01:45:00Z,301.5
2026-01-29T02:00:00Z,311.0
2026-01-29T02:15:00Z,348.9
2026-01-29T02:30:00Z,339.6
2026-01-29T02:45:00Z,322.0
2026-01-29T03:00:00Z,309.7
2026-01-29T03:15:00Z,327.3
2026-01-29T03:30:00Z,335.0
2026-01-29T03:45:00Z,305.4
2026-01-29T04:00:00Z,354.2
2026-01-29T04:15:00Z,343.3
2026-01-29T04:30:00Z,340.2
2026-01-29T04:45:00Z,345.9
2026-01-29T05:00:00Z,1029.9
2026-01-29T05:15:00Z,1188.0
2026-01-29T05:30:00Z,893.0
2026-01-29T05:45:00Z,1177.3
2026-01-29T06:00:00Z,1080.9
2026-01-29T06:15:00Z,844.3
2026-01-29T06:30:00Z,909.6
2026-01-29T06:45:00Z,918.1
2026-01-29T07:00:00Z,993.9
2026-01-29T07:15:00Z,780.9
2026-01-29T07:30:00Z,970.9
2026-01-29T07:45:00Z,719.1
2026-01-29T08:00:00Z,951.0
2026-01-29T08:15:00Z,879.5
2026-01-29T08:30:00Z,816.4
2026-01-29T08:45:00Z,743.6
2026-01-29T09:00:00Z,625.6
2026-01-29T09:15:00Z,601.6
2026-01-29T09:30:00Z,638.0
2026-01-29T09:45:00Z,770.8
2026-01-29T10:00:00Z,650.7
2026-01-29T10:15:00Z,901.7
2026-01-29T10:30:00Z,861.6
2026-01-29T10:45:00Z,787.9
2026-01-29T11:00:00Z,802.6
2026-01-29T11:15:00Z,719.5
2026-01-29T11:30:00Z,555.0
2026-01-29T11:45:00Z,730.0
2026-01-29T12:00:00Z,711.4
2026-01-29T12:15:00Z,588.3
2026-01-29T12:30:00Z,522.1
2026-01-29T12:45:00Z,902.1
2026-01-29T13:00:00Z,757.2
2026-01-29T13:15:00Z,716.8
2026-01-29T13:30:00Z,649.7
2026-01-29T13:45:00Z,758.1
2026-01-29T14:00:00Z,854.4
2026-01-29T14:15:00Z,751.5
2026-01-29T14:30:00Z,755.6
2026-01-29T14:45:00Z,768.7
2026-01-29T15:00:00Z,738.8
2026-01-29T15:15:00Z,832.4
2026-01-29T15:30:00Z,984.9
2026-01-29T15:45:00Z,956.6
2026-01-29T16:00:00Z,857.5
2026-01-29T16:15:00Z,753.7
2026-01-29T16:30:00Z,917.1
2026-01-29T16:45:00Z,934.0
2026-01-29T17:00:00Z,752.3
2026-01-29T17:15:00Z,905.0
2026-01-29T17:30:00Z,959.7
2026-01-29T17:45:00Z,762.2
2026-01-29T18:00:00Z,924.9
2026-01-29T18:15:00Z,838.9
2026-01-29T18:30:00Z,829.9
2026-01-29T18:45:00Z,846.6
2026-01-29T19:00:00Z,889.9
2026-01-29T19:15:00Z,869.3
2026-01-29T19:30:00Z,833.9
2026-01-29T19:45:00Z,1006.9
2026-01-29T20:00:00Z,933.3
2026-01-29T20:15:00Z,930.0
2026-01-29T20:30:00Z,929.8
2026-01-29T20:45:00Z,912.0
2026-01-29T21:00:00Z,319.7
2026-01-29T21:15:00Z,357.3
2026-01-29T21:30:00Z,316.3
2026-01-29T21:45:00Z,351.2
2026-01-29T22:00:00Z,305.7
2026-01-29T22:15:00Z,321.3
2026-01-29T22:30:00Z,323.3
2026-01-29T22:45:00Z,341.3
2026-01-29T23:00:00Z,344.4
2026-01-29T23:15:00Z,349.5
2026-01-29T23:30:00Z,339.4
2026-01-29T23:45:00Z,331.8
2026-01-30T00:00:00Z,312.2
2026-01-30T00:15:00Z,352.2
2026-01-30T00:30:00Z,313.5
2026-01-30T00:45:00Z,330.8
2026-01-30T01:00:00Z,328.7
2026-01-30T01:15:00Z,334.1
2026-01-30T01:30:00Z,339.9
2026-01-30T01:45:00Z,317.9
2026-01-30T02:00:00Z,333.1
2026-01-30T02:15:00Z,338.9
2026-01-30T02:30:00Z,324.0
2026-01-30T02:45:00Z,331.2
2026-01-30T03:00:00Z,327.0
2026-01-30T03:15:00Z,324.8
2026-01-30T03:30:00Z,334.7
2026-01-30T03:45:00Z,320.8
2026-01-30T04:00:00Z,341.5
2026-01-30T04:15:00Z,327.5
2026-01-30T04:30:00Z,343.6
2026-01-30T04:45:00Z,327.3
2026-01-30T05:00:00Z,1157.2
2026-01-30T05:15:00Z,1158.7
2026-01-30T05:30:00Z,1161.4
2026-01-30T05:45:00Z,1085.7
2026-01-30T06:00:00Z,879.3
2026-01-30T06:15:00Z,1115.4
2026-01-30T06:30:00Z,979.2
2026-01-30T06:45:00Z,779.3
2026-01-30T07:00:00Z,763.9
2026-01-30T07:15:00Z,800.0
2026-01-30T07:30:00Z,776.6
2026-01-30T07:45:00Z,864.8
2026-01-30T08:00:00Z,822.8
2026-01-30T08:15:00Z,836.9
2026-01-30T08:30:00Z,839.0
2026-01-30T08:45:00Z,679.1
2026-01-30T09:00:00Z,689.8
2026-01-30T09:15:00Z,855.9
2026-01-30T09:30:00Z,795.2
2026-01-30T09:45:00Z,884.7
2026-01-30T10:00:00Z,760.8
2026-01-30T10:15:00Z,760.1
2026-01-30T10:30:00Z,752.3
2026-01-30T10:45:00Z,796.5
2026-01-30T11:00:00Z,555.9
2026-01-30T11:15:00Z,638.9
2026-01-30T11:30:00Z,930.9
2026-01-30T11:45:00Z,773.1
2026-01-30T12:00:00Z,834.9
2026-01-30T12:15:00Z,615.3
2026-01-30T12:30:00Z,877.0
2026-01-30T12:45:00Z,628.0
2026-01-30T13:00:00Z,508.2
2026-01-30T13:15:00Z,507.9
2026-01-30T13:30:00Z,695.3
2026-01-30T13:45:00Z,667.3
2026-01-30T14:00:00Z,668.1
2026-01-30T14:15:00Z,529.3
2026-01-30T14:30:00Z,907.0
2026-01-30T14:45:00Z,587.7
2026-01-30T15:00:00Z,762.3
2026-01-30T15:15:00Z,935.8
2026-01-30T15:30:00Z,969.2
2026-01-30T15:45:00Z,714.8
2026-01-30T16:00:00Z,1001.3
2026-01-30T16:15:00Z,913.0
2026-01-30T16:30:00Z,880.6
2026-01-30T16:45:00Z,671.1
2026-01-30T17:00:00Z,696.2
2026-01-30T17:15:00Z,945.7
2026-01-30T17:30:00Z,997.5
2026-01-30T17:45:00Z,773.4
2026-01-30T18:00:00Z,1009.4
2026-01-30T18:15:00Z,977.8
2026-01-30T18:30:00Z,988.2
2026-01-30T18:45:00Z,957.0
2026-01-30T19:00:00Z,965.7
2026-01-30T19:15:00Z,846.1
2026-01-30T19:30:00Z,936.5
2026-01-30T19:45:00Z,935.4
2026-01-30T20:00:00Z,924.4
2026-01-30T20:15:00Z,809.8
2026-01-30T20:30:00Z,854.5
2026-01-30T20:45:00Z,964.2
2026-01-30T21:00:00Z,333.8
2026-01-30T21:15:00Z,324.5
2026-01-30T21:30:00Z,338.6
2026-01-30T21:45:00Z,324.1
2026-01-30T22:00:00Z,345.7
2026-01-30T22:15:00Z,325.2
2026-01-30T22:30:00Z,328.2
2026-01-30T22:45:00Z,330.9
2026-01-30T23:00:00Z,326.4
2026-01-30T23:15:00Z,341.8
2026-01-30T23:30:00Z,333.3
2026-01-30T23:45:00Z,341.3
2026-01-31T00:00:00Z,342.1
2026-01-31T00:15:00Z,351.2
2026-01-31T00:30:00Z,327.6
2026-01-31T00:45:00Z,313.8
2026-01-31T01:00:00Z,340.6
2026-01-31T01:15:00Z,322.9
2026-01-31T01:30:00Z,349.4
2026-01-31T01:45:00Z,329.2
2026-01-31T02:00:00Z,344.6
2026-01-31T02:15:00Z,324.8
2026-01-31T02:30:00Z,329.1
2026-01-31T02:45:00Z,302.8
2026-01-31T03:00:00Z,323.7
2026-01-31T03:15:00Z,331.4
2026-01-31T03:30:00Z,331.3
2026-01-31T03:45:00Z,322.5
2026-01-31T04:00:00Z,319.9
2026-01-31T04:15:00Z,338.4
2026-01-31T04:30:00Z,321.6
2026-01-31T04:45:00Z,314.3
2026-01-31T05:00:00Z,329.4
2026-01-31T05:15:00Z,319.8
2026-01-31T05:30:00Z,301.5
2026-01-31T05:45:00Z,324.9
2026-01-31T06:00:00Z,275.7
2026-01-31T06:15:00Z,231.0
2026-01-31T06:30:00Z,262.3
2026-01-31T06:45:00Z,299.3
2026-01-31T07:00:00Z,201.3
2026-01-31T07:15:00Z,234.2
2026-01-31T07:30:00Z,148.8
2026-01-31T07:45:00Z,273.7
2026-01-31T08:00:00Z,140.6
2026-01-31T08:15:00Z,172.3
2026-01-31T08:30:00Z,152.3
2026-01-31T08:45:00Z,203.2
2026-01-31T09:00:00Z,80.0
2026-01-31T09:15:00Z,94.5
2026-01-31T09:30:00Z,158.3
2026-01-31T09:45:00Z,143.3
2026-01-31T10:00:00Z,175.5
2026-01-31T10:15:00Z,152.1
2026-01-31T10:30:00Z,194.3
2026-01-31T10:45:00Z,206.5
2026-01-31T11:00:00Z,90.7
2026-01-31T11:15:00Z,80.0
2026-01-31T11:30:00Z,80.0
2026-01-31T11:45:00Z,200.7
2026-01-31T12:00:00Z,166.3
2026-01-31T12:15:00Z,196.0
2026-01-31T12:30:00Z,93.9
2026-01-31T12:45:00Z,165.4
2026-01-31T13:00:00Z,158.2
2026-01-31T13:15:00Z,214.7
2026-01-31T13:30:00Z,91.3
2026-01-31T13:45:00Z,80.0
2026-01-31T14:00:00Z,238.4
2026-01-31T14:15:00Z,151.0
2026-01-31T14:30:00Z,102.1
2026-01-31T14:45:00Z,96.8
2026-01-31T15:00:00Z,202.5
2026-01-31T15:15:00Z,231.9
2026-01-31T15:30:00Z,160.9
2026-01-31T15:45:00Z,163.6
2026-01-31T16:00:00Z,213.5
2026-01-31T16:15:00Z,140.1
2026-01-31T16:30:00Z,209.7
2026-01-31T16:45:00Z,241.9
2026-01-31T17:00:00Z,258.3
2026-01-31T17:15:00Z,271.7
2026-01-31T17:30:00Z,208.2
2026-01-31T17:45:00Z,253.6
2026-01-31T18:00:00Z,304.2
2026-01-31T18:15:00Z,293.0
2026-01-31T18:30:00Z,325.8
2026-01-31T18:45:00Z,317.3
2026-01-31T19:00:00Z,355.7
2026-01-31T19:15:00Z,319.0
2026-01-31T19:30:00Z,317.7
2026-01-31T19:45:00Z,328.1
2026-01-31T20:00:00Z,341.2
2026-01-31T20:15:00Z,338.3
2026-01-31T20:30:00Z,331.2
2026-01-31T20:45:00Z,322.1
2026-01-31T21:00:00Z,318.7
2026-01-31T21:15:00Z,334.2
2026-01-31T21:30:00Z,319.4
2026-01-31T21:45:00Z,336.0
2026-01-31T22:00:00Z,329.6
2026-01-31T22:15:00Z,341.8
2026-01-31T22:30:00Z,326.8
2026-01-31T22:45:00Z,308.2
2026-01-31T23:00:00Z,323.7
2026-01-31T23:15:00Z,333.5
2026-01-31T23:30:00Z,327.4
2026-01-31T23:45:00Z,312.1
2026-02-01T00:00:00Z,347.1
2026-02-01T00:15:00Z,328.9
2026-02-01T00:30:00Z,327.3
2026-02-01T00:45:00Z,324.0
2026-02-01T01:00:00Z,351.0
2026-02-01T01:15:00Z,325.3
2026-02-01T01:30:00Z,329.9
2026-02-01T01:45:00Z,328.0
2026-02-01T02:00:00Z,333.1
2026-02-01T02:15:00Z,331.3
2026-02-01T02:30:00Z,309.6
2026-02-01T02:45:00Z,322.9
2026-02-01T03:00:00Z,330.5
2026-02-01T03:15:00Z,330.8
2026-02-01T03:30:00Z,341.3
2026-02-01T03:45:00Z,321.5
2026-02-01T04:00:00Z,346.3
2026-02-01T04:15:00Z,338.7
2026-02-01T04:30:00Z,333.7
2026-02-01T04:45:00Z,335.6
2026-02-01T05:00:00Z,302.1
2026-02-01T05:15:00Z,331.2
2026-02-01T05:30:00Z,274.5
2026-02-01T05:45:00Z,282.4
2026-02-01T06:00:00Z,283.3
2026-02-01T06:15:00Z,287.3
2026-02-01T06:30:00Z,271.6
2026-02-01T06:45:00Z,243.6
2026-02-01T07:00:00Z,176.5
2026-02-01T07:15:00Z,297.4
2026-02-01T07:30:00Z,215.1
2026-02-01T07:45:00Z,201.9
2026-02-01T08:00:00Z,130.3
2026-02-01T08:15:00Z,234.6
2026-02-01T08:30:00Z,205.0
2026-02-01T08:45:00Z,229.9
2026-02-01T09:00:00Z,194.6
2026-02-01T09:15:00Z,83.3
2026-02-01T09:30:00Z,225.4
2026-02-01T09:45:00Z,180.3
2026-02-01T10:00:00Z,95.3
2026-02-01T10:15:00Z,85.0
2026-02-01T10:30:00Z,80.0
2026-02-01T10:45:00Z,207.6
2026-02-01T11:00:00Z,220.4
2026-02-01T11:15:00Z,175.1
2026-02-01T11:30:00Z,144.5
2026-02-01T11:45:00Z,95.3
2026-02-01T12:00:00Z,222.5
2026-02-01T12:15:00Z,97.5
2026-02-01T12:30:00Z,178.3
2026-02-01T12:45:00Z,80.0
2026-02-01T13:00:00Z,116.0
2026-02-01T13:15:00Z,215.1
2026-02-01T13:30:00Z,80.0
2026-02-01T13:45:00Z,125.2
2026-02-01T14:00:00Z,80.3
2026-02-01T14:15:00Z,140.8
2026-02-01T14:30:00Z,80.0
2026-02-01T14:45:00Z,201.8
2026-02-01T15:00:00Z,80.0
2026-02-01T15:15:00Z,256.5
2026-02-01T15:30:00Z,208.1
2026-02-01T15:45:00Z,238.4
2026-02-01T16:00:00Z,159.5
2026-02-01T16:15:00Z,275.1
2026-02-01T16:30:00Z,241.5
2026-02-01T16:45:00Z,242.7
2026-02-01T17:00:00Z,262.7
2026-02-01T17:15:00Z,215.0
2026-02-01T17:30:00Z,231.3
2026-02-01T17:45:00Z,255.6
2026-02-01T18:00:00Z,281.7
2026-02-01T18:15:00Z,296.0
2026-02-01T18:30:00Z,300.6
2026-02-01T18:45:00Z,316.8
2026-02-01T19:00:00Z,320.9
2026-02-01T19:15:00Z,329.9
2026-02-01T19:30:00Z,346.7
2026-02-01T19:45:00Z,335.9
2026-02-01T20:00:00Z,312.3
2026-02-01T20:15:00Z,323.5
2026-02-01T20:30:00Z,326.9
2026-02-01T20:45:00Z,348.5
2026-02-01T21:00:00Z,348.0
2026-02-01T21:15:00Z,325.1
2026-02-01T21:30:00Z,327.6
2026-02-01T21:45:00Z,329.4
2026-02-01T22:00:00Z,341.2
2026-02-01T22:15:00Z,324.4
2026-02-01T22:30:00Z,340.0
2026-02-01T22:45:00Z,355.5
2026-02-01T23:00:00Z,316.4
2026-02-01T23:15:00Z,345.1
2026-02-01T23:30:00Z,339.8
2026-02-01T23:45:00Z,332.5
2026-02-02T00:00:00Z,311.3
2026-02-02T00:15:00Z,338.9
2026-02-02T00:30:00Z,319.4
2026-02-02T00:45:00Z,331.4
2026-02-02T01:00:00Z,319.9
2026-02-02T01:15:00Z,329.5
2026-02-02T01:30:00Z,306.4
2026-02-02T01:45:00Z,309.0
2026-02-02T02:00:00Z,344.5
2026-02-02T02:15:00Z,339.9
2026-02-02T02:30:00Z,352.0
2026-02-02T02:45:00Z,338.5
2026-02-02T03:00:00Z,331.4
2026-02-02T03:15:00Z,345.8
2026-02-02T03:30:00Z,320.2
2026-02-02T03:45:00Z,339.6
2026-02-02T04:00:00Z,317.9
2026-02-02T04:15:00Z,325.4
2026-02-02T04:30:00Z,319.8
2026-02-02T04:45:00Z,323.8
2026-02-02T05:00:00Z,1188.0
2026-02-02T05:15:00Z,1064.2
2026-02-02T05:30:00Z,1083.2
2026-02-02T05:45:00Z,896.6
2026-02-02T06:00:00Z,1089.6
2026-02-02T06:15:00Z,901.6
2026-02-02T06:30:00Z,952.7
2026-02-02T06:45:00Z,923.9
2026-02-02T07:00:00Z,813.9
2026-02-02T07:15:00Z,833.1
2026-02-02T07:30:00Z,868.6
2026-02-02T07:45:00Z,724.4
2026-02-02T08:00:00Z,760.4
2026-02-02T08:15:00Z,942.5
2026-02-02T08:30:00Z,745.5
2026-02-02T08:45:00Z,795.6
2026-02-02T09:00:00Z,634.2
2026-02-02T09:15:00Z,625.1
2026-02-02T09:30:00Z,773.8
2026-02-02T09:45:00Z,890.9
2026-02-02T10:00:00Z,711.8
2026-02-02T10:15:00Z,938.3
2026-02-02T10:30:00Z,737.3
2026-02-02T10:45:00Z,752.8
2026-02-02T11:00:00Z,805.9
2026-02-02T11:15:00Z,701.9
2026-02-02T11:30:00Z,789.1
2026-02-02T11:45:00Z,813.6
2026-02-02T12:00:00Z,611.3
2026-02-02T12:15:00Z,755.7
2026-02-02T12:30:00Z,678.8
2026-02-02T12:45:00Z,767.6
2026-02-02T13:00:00Z,718.6
2026-02-02T13:15:00Z,779.9
2026-02-02T13:30:00Z,863.3
2026-02-02T13:45:00Z,853.8
2026-02-02T14:00:00Z,776.3
2026-02-02T14:15:00Z,687.0
2026-02-02T14:30:00Z,832.0
2026-02-02T14:45:00Z,712.1
2026-02-02T15:00:00Z,686.2
2026-02-02T15:15:00Z,794.2
2026-02-02T15:30:00Z,889.9
2026-02-02T15:45:00Z,710.5
2026-02-02T16:00:00Z,806.7
2026-02-02T16:15:00Z,746.7
2026-02-02T16:30:00Z,776.5
2026-02-02T16:45:00Z,736.0
2026-02-02T17:00:00Z,762.1
2026-02-02T17:15:00Z,943.6
2026-02-02T17:30:00Z,720.9
2026-02-02T17:45:00Z,883.5
2026-02-02T18:00:00Z,779.6
2026-02-02T18:15:00Z,760.5
2026-02-02T18:30:00Z,1028.1
2026-02-02T18:45:00Z,902.6
2026-02-02T19:00:00Z,1003.4
2026-02-02T19:15:00Z,1087.5
2026-02-02T19:30:00Z,964.7
2026-02-02T19:45:00Z,1028.5
2026-02-02T20:00:00Z,959.9
2026-02-02T20:15:00Z,791.7
2026-02-02T20:30:00Z,931.0
2026-02-02T20:45:00Z,961.2
2026-02-02T21:00:00Z,315.5
2026-02-02T21:15:00Z,334.1
2026-02-02T21:30:00Z,299.1
2026-02-02T21:45:00Z,320.3
2026-02-02T22:00:00Z,328.9
2026-02-02T22:15:00Z,302.1
2026-02-02T22:30:00Z,338.4
2026-02-02T22:45:00Z,310.3
2026-02-02T23:00:00Z,329.1
2026-02-02T23:15:00Z,344.3
2026-02-02T23:30:00Z,320.5
2026-02-02T23:45:00Z,322.2
2026-02-03T00:00:00Z,323.4
2026-02-03T00:15:00Z,342.0
2026-02-03T00:30:00Z,334.4
2026-02-03T00:45:00Z,326.4
2026-02-03T01:00:00Z,353.5
2026-02-03T01:15:00Z,337.7
2026-02-03T01:30:00Z,317.0
2026-02-03T01:45:00Z,335.6
2026-02-03T02:00:00Z,326.0
2026-02-03T02:15:00Z,346.1
2026-02-03T02:30:00Z,326.9
2026-02-03T02:45:00Z,326.6
2026-02-03T03:00:00Z,328.2
2026-02-03T03:15:00Z,340.0
2026-02-03T03:30:00Z,327.0
2026-02-03T03:45:00Z,309.4
2026-02-03T04:00:00Z,323.3
2026-02-03T04:15:00Z,336.0
2026-02-03T04:30:00Z,337.6
2026-02-03T04:45:00Z,342.9
2026-02-03T05:00:00Z,1078.7
2026-02-03T05:15:00Z,934.1
2026-02-03T05:30:00Z,904.8
2026-02-03T05:45:00Z,1080.0
2026-02-03T06:00:00Z,1092.2
2026-02-03T06:15:00Z,912.0
2026-02-03T06:30:00Z,985.6
2026-02-03T06:45:00Z,1033.5
2026-02-03T07:00:00Z,695.5
2026-02-03T07:15:00Z,684.1
2026-02-03T07:30:00Z,849.4
2026-02-03T07:45:00Z,776.4
2026-02-03T08:00:00Z,815.4
2026-02-03T08:15:00Z,660.8
2026-02-03T08:30:00Z,967.1
2026-02-03T08:45:00Z,703.4
2026-02-03T09:00:00Z,854.7
2026-02-03T09:15:00Z,716.3
2026-02-03T09:30:00Z,768.2
2026-02-03T09:45:00Z,746.1
2026-02-03T10:00:00Z,714.1
2026-02-03T10:15:00Z,819.6
2026-02-03T10:30:00Z,657.2
2026-02-03T10:45:00Z,744.1
2026-02-03T11:00:00Z,687.1
2026-02-03T11:15:00Z,609.5
2026-02-03T11:30:00Z,833.5
2026-02-03T11:45:00Z,751.9
2026-02-03T12:00:00Z,735.5
2026-02-03T12:15:00Z,532.9
2026-02-03T12:30:00Z,783.9
2026-02-03T12:45:00Z,628.7
2026-02-03T13:00:00Z,777.1
2026-02-03T13:15:00Z,620.8
2026-02-03T13:30:00Z,828.8
2026-02-03T13:45:00Z,608.6
2026-02-03T14:00:00Z,669.1
2026-02-03T14:15:00Z,632.9
2026-02-03T14:30:00Z,735.1
2026-02-03T14:45:00Z,927.9
2026-02-03T15:00:00Z,755.3
2026-02-03T15:15:00Z,731.8
2026-02-03T15:30:00Z,894.3
2026-02-03T15:45:00Z,850.3
2026-02-03T16:00:00Z,777.2
2026-02-03T16:15:00Z,784.0
2026-02-03T16:30:00Z,780.0
2026-02-03T16:45:00Z,749.4
2026-02-03T17:00:00Z,893.1
2026-02-03T17:15:00Z,911.0
2026-02-03T17:30:00Z,922.8
2026-02-03T17:45:00Z,804.9
2026-02-03T18:00:00Z,894.1
2026-02-03T18:15:00Z,939.9
2026-02-03T18:30:00Z,1022.6
2026-02-03T18:45:00Z,887.8
2026-02-03T19:00:00Z,1007.0
2026-02-03T19:15:00Z,886.9
2026-02-03T19:30:00Z,1021.9
2026-02-03T19:45:00Z,856.2
2026-02-03T20:00:00Z,1046.2
2026-02-03T20:15:00Z,964.8
2026-02-03T20:30:00Z,1071.0
2026-02-03T20:45:00Z,1083.2
2026-02-03T21:00:00Z,329.5
2026-02-03T21:15:00Z,331.0
2026-02-03T21:30:00Z,320.8
2026-02-03T21:45:00Z,328.1
2026-02-03T22:00:00Z,358.3
2026-02-03T22:15:00Z,328.9
2026-02-03T22:30:00Z,328.1
2026-02-03T22:45:00Z,342.0
2026-02-03T23:00:00Z,325.2
2026-02-03T23:15:00Z,312.1
2026-02-03T23:30:00Z,314.8
2026-02-03T23:45:00Z,350.0
2026-02-04T00:00:00Z,327.4
2026-02-04T00:15:00Z,319.2
2026-02-04T00:30:00Z,346.5
2026-02-04T00:45:00Z,330.1
2026-02-04T01:00:00Z,340.7
2026-02-04T01:15:00Z,344.0
2026-02-04T01:30:00Z,336.8
2026-02-04T01:45:00Z,329.1
2026-02-04T02:00:00Z,332.1
2026-02-04T02:15:00Z,354.4
2026-02-04T02:30:00Z,317.7
2026-02-04T02:45:00Z,329.4
2026-02-04T03:00:00Z,349.0
2026-02-04T03:15:00Z,327.5
2026-02-04T03:30:00Z,318.5
2026-02-04T03:45:00Z,354.9
2026-02-04T04:00:00Z,352.6
2026-02-04T04:15:00Z,350.1
2026-02-04T04:30:00Z,338.1
2026-02-04T04:45:00Z,321.0
2026-02-04T05:00:00Z,972.3
2026-02-04T05:15:00Z,1025.2
2026-02-04T05:30:00Z,955.2
2026-02-04T05:45:00Z,847.1
2026-02-04T06:00:00Z,1016.1
2026-02-04T06:15:00Z,771.0
2026-02-04T06:30:00Z,967.4
2026-02-04T06:45:00Z,908.6
2026-02-04T07:00:00Z,971.9
2026-02-04T07:15:00Z,804.2
2026-02-04T07:30:00Z,811.5
2026-02-04T07:45:00Z,875.5
2026-02-04T08:00:00Z,713.6
2026-02-04T08:15:00Z,730.9
2026-02-04T08:30:00Z,847.5
2026-02-04T08:45:00Z,637.0
2026-02-04T09:00:00Z,964.9
2026-02-04T09:15:00Z,935.1
2026-02-04T09:30:00Z,740.2
2026-02-04T09:45:00Z,679.4
2026-02-04T10:00:00Z,747.5
2026-02-04T10:15:00Z,672.0
2026-02-04T10:30:00Z,753.9
2026-02-04T10:45:00Z,684.9
2026-02-04T11:00:00Z,835.8
2026-02-04T11:15:00Z,823.3
2026-02-04T11:30:00Z,841.5
2026-02-04T11:45:00Z,793.2
2026-02-04T12:00:00Z,627.7
2026-02-04T12:15:00Z,695.4
2026-02-04T12:30:00Z,717.9
2026-02-04T12:45:00Z,683.3
2026-02-04T13:00:00Z,562.5
2026-02-04T13:15:00Z,933.3
2026-02-04T13:30:00Z,747.0
2026-02-04T13:45:00Z,723.8
2026-02-04T14:00:00Z,591.3
2026-02-04T14:15:00Z,765.2
2026-02-04T14:30:00Z,561.0
2026-02-04T14:45:00Z,753.0
2026-02-04T15:00:00Z,873.5
2026-02-04T15:15:00Z,596.2
2026-02-04T15:30:00Z,931.2
2026-02-04T15:45:00Z,912.9
2026-02-04T16:00:00Z,803.5
2026-02-04T16:15:00Z,775.8
2026-02-04T16:30:00Z,830.9
2026-02-04T16:45:00Z,797.1
2026-02-04T17:00:00Z,755.9
2026-02-04T17:15:00Z,789.9
2026-02-04T17:30:00Z,987.6
2026-02-04T17:45:00Z,973.0
2026-02-04T18:00:00Z,781.0
2026-02-04T18:15:00Z,899.4
2026-02-04T18:30:00Z,850.9
2026-02-04T18:45:00Z,904.5
2026-02-04T19:00:00Z,819.2
2026-02-04T19:15:00Z,864.6
2026-02-04T19:30:00Z,1029.7
2026-02-04T19:45:00Z,887.5
2026-02-04T20:00:00Z,1072.2
2026-02-04T20:15:00Z,960.5
2026-02-04T20:30:00Z,862.1
2026-02-04T20:45:00Z,1052.2
2026-02-04T21:00:00Z,322.4
2026-02-04T21:15:00Z,342.7
2026-02-04T21:30:00Z,316.7
2026-02-04T21:45:00Z,338.4
2026-02-04T22:00:00Z,324.4
2026-02-04T22:15:00Z,334.3
2026-02-04T22:30:00Z,335.3
2026-02-04T22:45:00Z,340.0
2026-02-04T23:00:00Z,332.9
2026-02-04T23:15:00Z,324.1
2026-02-04T23:30:00Z,326.4
2026-02-04T23:45:00Z,318.5
2026-02-05T00:00:00Z,330.3
2026-02-05T00:15:00Z,337.4
2026-02-05T00:30:00Z,341.6
2026-02-05T00:45:00Z,347.6
2026-02-05T01:00:00Z,337.1
2026-02-05T01:15:00Z,330.2
2026-02-05T01:30:00Z,312.8
2026-02-05T01:45:00Z,330.2
2026-02-05T02:00:00Z,332.3
2026-02-05T02:15:00Z,323.5
2026-02-05T02:30:00Z,304.1
2026-02-05T02:45:00Z,356.2
2026-02-05T03:00:00Z,331.3
2026-02-05T03:15:00Z,325.0
2026-02-05T03:30:00Z,321.5
2026-02-05T03:45:00Z,326.2
2026-02-05T04:00:00Z,323.3
2026-02-05T04:15:00Z,331.9
2026-02-05T04:30:00Z,348.9
2026-02-05T04:45:00Z,329.4
2026-02-05T05:00:00Z,1022.9
2026-02-05T05:15:00Z,1015.6
2026-02-05T05:30:00Z,1097.6
2026-02-05T05:45:00Z,998.3
2026-02-05T06:00:00Z,852.9
2026-02-05T06:15:00Z,993.0
2026-02-05T06:30:00Z,819.6
2026-02-05T06:45:00Z,900.7
2026-02-05T07:00:00Z,903.8
2026-02-05T07:15:00Z,735.8
2026-02-05T07:30:00Z,768.5
2026-02-05T07:45:00Z,735.5
2026-02-05T08:00:00Z,784.2
2026-02-05T08:15:00Z,718.4
2026-02-05T08:30:00Z,790.2
2026-02-05T08:45:00Z,809.8
2026-02-05T09:00:00Z,714.1
2026-02-05T09:15:00Z,736.5
2026-02-05T09:30:00Z,750.6
2026-02-05T09:45:00Z,768.3
2026-02-05T10:00:00Z,734.8
2026-02-05T10:15:00Z,964.5
2026-02-05T10:30:00Z,655.7
2026-02-05T10:45:00Z,677.8
2026-02-05T11:00:00Z,526.9
2026-02-05T11:15:00Z,668.4
2026-02-05T11:30:00Z,803.4
2026-02-05T11:45:00Z,757.4
2026-02-05T12:00:00Z,655.6
2026-02-05T12:15:00Z,803.4
2026-02-05T12:30:00Z,711.4
2026-02-05T12:45:00Z,853.6
2026-02-05T13:00:00Z,901.2
2026-02-05T13:15:00Z,686.8
2026-02-05T13:30:00Z,945.0
2026-02-05T13:45:00Z,611.1
2026-02-05T14:00:00Z,814.7
2026-02-05T14:15:00Z,673.4
2026-02-05T14:30:00Z,767.4
2026-02-05T14:45:00Z,952.5
2026-02-05T15:00:00Z,720.7
2026-02-05T15:15:00Z,887.4
2026-02-05T15:30:00Z,906.9
2026-02-05T15:45:00Z,932.7
2026-02-05T16:00:00Z,876.2
2026-02-05T16:15:00Z,697.9
2026-02-05T16:30:00Z,790.3
2026-02-05T16:45:00Z,770.0
2026-02-05T17:00:00Z,969.2
2026-02-05T17:15:00Z,849.7
2026-02-05T17:30:00Z,721.6
2026-02-05T17:45:00Z,815.1
2026-02-05T18:00:00Z,1036.4
2026-02-05T18:15:00Z,899.3
2026-02-05T18:30:00Z,824.1
2026-02-05T18:45:00Z,767.4
2026-02-05T19:00:00Z,941.7
2026-02-05T19:15:00Z,796.8
2026-02-05T19:30:00Z,902.2
2026-02-05T19:45:00Z,1056.8
2026-02-05T20:00:00Z,846.3
2026-02-05T20:15:00Z,853.3
2026-02-05T20:30:00Z,813.1
2026-02-05T20:45:00Z,870.4
2026-02-05T21:00:00Z,363.1
2026-02-05T21:15:00Z,337.8
2026-02-05T21:30:00Z,335.7
2026-02-05T21:45:00Z,333.3
2026-02-05T22:00:00Z,320.2
2026-02-05T22:15:00Z,334.0
2026-02-05T22:30:00Z,327.8
2026-02-05T22:45:00Z,322.3
2026-02-05T23:00:00Z,350.1
2026-02-05T23:15:00Z,334.4
2026-02-05T23:30:00Z,331.4
2026-02-05T23:45:00Z,323.2
2026-02-06T00:00:00Z,352.9
2026-02-06T00:15:00Z,331.4
2026-02-06T00:30:00Z,362.1
2026-02-06T00:45:00Z,315.5
2026-02-06T01:00:00Z,322.3
2026-02-06T01:15:00Z,320.8
2026-02-06T01:30:00Z,352.5
2026-02-06T01:45:00Z,344.4
2026-02-06T02:00:00Z,332.1
2026-02-06T02:15:00Z,345.6
2026-02-06T02:30:00Z,303.8
2026-02-06T02:45:00Z,316.3
2026-02-06T03:00:00Z,330.0
2026-02-06T03:15:00Z,312.6
2026-02-06T03:30:00Z,310.9
2026-02-06T03:45:00Z,327.6
2026-02-06T04:00:00Z,331.7
2026-02-06T04:15:00Z,305.2
2026-02-06T04:30:00Z,322.1
2026-02-06T04:45:00Z,317.7
2026-02-06T05:00:00Z,1061.2
2026-02-06T05:15:00Z,942.2
2026-02-06T05:30:00Z,855.0
2026-02-06T05:45:00Z,928.8
2026-02-06T06:00:00Z,1067.8
2026-02-06T06:15:00Z,956.4
2026-02-06T06:30:00Z,1054.8
2026-02-06T06:45:00Z,1139.5
2026-02-06T07:00:00Z,869.0
2026-02-06T07:15:00Z,715.0
2026-02-06T07:30:00Z,758.7
2026-02-06T07:45:00Z,714.8
2026-02-06T08:00:00Z,662.7
2026-02-06T08:15:00Z,799.0
2026-02-06T08:30:00Z,763.0
2026-02-06T08:45:00Z,660.9
2026-02-06T09:00:00Z,794.0
2026-02-06T09:15:00Z,604.8
2026-02-06T09:30:00Z,881.2
2026-02-06T09:45:00Z,726.6
2026-02-06T10:00:00Z,712.0
2026-02-06T10:15:00Z,642.7
2026-02-06T10:30:00Z,700.2
2026-02-06T10:45:00Z,792.1
2026-02-06T11:00:00Z,699.8
2026-02-06T11:15:00Z,827.7
2026-02-06T11:30:00Z,556.1
2026-02-06T11:45:00Z,635.7
2026-02-06T12:00:00Z,682.0
2026-02-06T12:15:00Z,790.1
2026-02-06T12:30:00Z,587.2
2026-02-06T12:45:00Z,647.6
2026-02-06T13:00:00Z,668.0
2026-02-06T13:15:00Z,709.7
2026-02-06T13:30:00Z,728.7
2026-02-06T13:45:00Z,749.6
2026-02-06T14:00:00Z,756.9
2026-02-06T14:15:00Z,754.7
2026-02-06T14:30:00Z,849.4
2026-02-06T14:45:00Z,586.3
2026-02-06T15:00:00Z,821.7
2026-02-06T15:15:00Z,956.1
2026-02-06T15:30:00Z,702.9
2026-02-06T15:45:00Z,574.0
2026-02-06T16:00:00Z,734.8
2026-02-06T16:15:00Z,892.0
2026-02-06T16:30:00Z,872.8
2026-02-06T16:45:00Z,765.1
2026-02-06T17:00:00Z,813.7
2026-02-06T17:15:00Z,843.9
2026-02-06T17:30:00Z,905.1
2026-02-06T17:45:00Z,884.2
2026-02-06T18:00:00Z,921.7
2026-02-06T18:15:00Z,837.7
2026-02-06T18:30:00Z,811.1
2026-02-06T18:45:00Z,925.7
2026-02-06T19:00:00Z,821.3
2026-02-06T19:15:00Z,1007.4
2026-02-06T19:30:00Z,940.4
2026-02-06T19:45:00Z,972.1
2026-02-06T20:00:00Z,848.9
2026-02-06T20:15:00Z,813.4
2026-02-06T20:30:00Z,1008.7
2026-02-06T20:45:00Z,1032.6
2026-02-06T21:00:00Z,326.0
2026-02-06T21:15:00Z,327.1
2026-02-06T21:30:00Z,317.8
2026-02-06T21:45:00Z,360.1
2026-02-06T22:00:00Z,320.3
2026-02-06T22:15:00Z,311.0
2026-02-06T22:30:00Z,308.2
2026-02-06T22:45:00Z,306.0
2026-02-06T23:00:00Z,321.1
2026-02-06T23:15:00Z,317.8
2026-02-06T23:30:00Z,326.6
2026-02-06T23:45:00Z,313.8
2026-02-07T00:00:00Z,319.9
2026-02-07T00:15:00Z,315.6
2026-02-07T00:30:00Z,349.2
2026-02-07T00:45:00Z,334.0
2026-02-07T01:00:00Z,316.7
2026-02-07T01:15:00Z,332.5
2026-02-07T01:30:00Z,352.0
2026-02-07T01:45:00Z,311.0
2026-02-07T02:00:00Z,341.8
2026-02-07T02:15:00Z,311.2
2026-02-07T02:30:00Z,305.2
2026-02-07T02:45:00Z,332.7
2026-02-07T03:00:00Z,343.9
2026-02-07T03:15:00Z,336.7
2026-02-07T03:30:00Z,322.2
2026-02-07T03:45:00Z,328.4
2026-02-07T04:00:00Z,349.8
2026-02-07T04:15:00Z,332.6
2026-02-07T04:30:00Z,326.0
2026-02-07T04:45:00Z,338.0
2026-02-07T05:00:00Z,313.7
2026-02-07T05:15:00Z,302.0
2026-02-07T05:30:00Z,312.0
2026-02-07T05:45:00Z,305.8
2026-02-07T06:00:00Z,304.6
2026-02-07T06:15:00Z,260.2
2026-02-07T06:30:00Z,244.5
2026-02-07T06:45:00Z,249.2
2026-02-07T07:00:00Z,257.6
2026-02-07T07:15:00Z,254.4
2026-02-07T07:30:00Z,150.0
2026-02-07T07:45:00Z,160.8
2026-02-07T08:00:00Z,184.8
2026-02-07T08:15:00Z,246.8
2026-02-07T08:30:00Z,160.8
2026-02-07T08:45:00Z,143.6
2026-02-07T09:00:00Z,182.7
2026-02-07T09:15:00Z,209.4
2026-02-07T09:30:00Z,89.5
2026-02-07T09:45:00Z,117.6
2026-02-07T10:00:00Z,160.1
2026-02-07T10:15:00Z,181.9
2026-02-07T10:30:00Z,80.0
2026-02-07T10:45:00Z,212.9
2026-02-07T11:00:00Z,165.4
2026-02-07T11:15:00Z,111.1
2026-02-07T11:30:00Z,94.2
2026-02-07T11:45:00Z,181.6
2026-02-07T12:00:00Z,115.8
2026-02-07T12:15:00Z,184.8
2026-02-07T12:30:00Z,87.9
2026-02-07T12:45:00Z,225.6
2026-02-07T13:00:00Z,129.8
2026-02-07T13:15:00Z,93.4
2026-02-07T13:30:00Z,198.6
2026-02-07T13:45:00Z,215.9
2026-02-07T14:00:00Z,80.0
2026-02-07T14:15:00Z,169.8
2026-02-07T14:30:00Z,228.4
2026-02-07T14:45:00Z,150.4
2026-02-07T15:00:00Z,209.4
2026-02-07T15:15:00Z,85.8
2026-02-07T15:30:00Z,118.1
2026-02-07T15:45:00Z,138.2
2026-02-07T16:00:00Z,191.1
2026-02-07T16:15:00Z,224.0
2026-02-07T16:30:00Z,243.4
2026-02-07T16:45:00Z,227.8
2026-02-07T17:00:00Z,242.9
2026-02-07T17:15:00Z,282.3
2026-02-07T17:30:00Z,258.0
2026-02-07T17:45:00Z,295.3
2026-02-07T18:00:00Z,261.1
2026-02-07T18:15:00Z,285.9
2026-02-07T18:30:00Z,292.8
2026-02-07T18:45:00Z,327.9
2026-02-07T19:00:00Z,323.7
2026-02-07T19:15:00Z,358.0
2026-02-07T19:30:00Z,318.3
2026-02-07T19:45:00Z,319.1
2026-02-07T20:00:00Z,317.0
2026-02-07T20:15:00Z,341.4
2026-02-07T20:30:00Z,313.9
2026-02-07T20:45:00Z,359.4
2026-02-07T21:00:00Z,323.0
2026-02-07T21:15:00Z,346.5
2026-02-07T21:30:00Z,337.5
2026-02-07T21:45:00Z,330.6
2026-02-07T22:00:00Z,333.7
2026-02-07T22:15:00Z,324.4
2026-02-07T22:30:00Z,319.2
2026-02-07T22:45:00Z,324.2
2026-02-07T23:00:00Z,316.7
2026-02-07T23:15:00Z,333.7
2026-02-07T23:30:00Z,351.4
2026-02-07T23:45:00Z,343.6
2026-02-08T00:00:00Z,323.9
2026-02-08T00:15:00Z,327.7
2026-02-08T00:30:00Z,329.7
2026-02-08T00:45:00Z,336.9
2026-02-08T01:00:00Z,331.3
2026-02-08T01:15:00Z,337.6
2026-02-08T01:30:00Z,344.1
2026-02-08T01:45:00Z,319.2
2026-02-08T02:00:00Z,328.2
2026-02-08T02:15:00Z,336.2
2026-02-08T02:30:00Z,337.5
2026-02-08T02:45:00Z,325.0
2026-02-08T03:00:00Z,325.9
2026-02-08T03:15:00Z,331.9
2026-02-08T03:30:00Z,325.4
2026-02-08T03:45:00Z,318.6
2026-02-08T04:00:00Z,328.0
2026-02-08T04:15:00Z,326.6
2026-02-08T04:30:00Z,293.9
2026-02-08T04:45:00Z,328.9
2026-02-08T05:00:00Z,346.1
2026-02-08T05:15:00Z,329.6
2026-02-08T05:30:00Z,325.4
2026-02-08T05:45:00Z,268.7
2026-02-08T06:00:00Z,280.3
2026-02-08T06:15:00Z,292.4
2026-02-08T06:30:00Z,274.2
2026-02-08T06:45:00Z,296.9
2026-02-08T07:00:00Z,202.2
2026-02-08T07:15:00Z,234.8
2026-02-08T07:30:00Z,259.9
2026-02-08T07:45:00Z,191.8
2026-02-08T08:00:00Z,210.6
2026-02-08T08:15:00Z,195.0
2026-02-08T08:30:00Z,221.0
2026-02-08T08:45:00Z,104.0
2026-02-08T09:00:00Z,153.8
2026-02-08T09:15:00Z,168.4
2026-02-08T09:30:00Z,201.3
2026-02-08T09:45:00Z,80.0
2026-02-08T10:00:00Z,82.8
2026-02-08T10:15:00Z,80.0
2026-02-08T10:30:00Z,85.2
2026-02-08T10:45:00Z,168.8
2026-02-08T11:00:00Z,190.8
2026-02-08T11:15:00Z,159.0
2026-02-08T11:30:00Z,214.2
2026-02-08T11:45:00Z,188.1
2026-02-08T12:00:00Z,158.5
2026-02-08T12:15:00Z,189.5
2026-02-08T12:30:00Z,205.7
2026-02-08T12:45:00Z,214.6
2026-02-08T13:00:00Z,151.9
2026-02-08T13:15:00Z,80.0
2026-02-08T13:30:00Z,80.0
2026-02-08T13:45:00Z,228.8
2026-02-08T14:00:00Z,116.1
2026-02-08T14:15:00Z,227.2
2026-02-08T14:30:00Z,105.1
2026-02-08T14:45:00Z,139.7
2026-02-08T15:00:00Z,167.3
2026-02-08T15:15:00Z,220.8
2026-02-08T15:30:00Z,174.0
2026-02-08T15:45:00Z,258.8
2026-02-08T16:00:00Z,198.6
2026-02-08T16:15:00Z,179.2
2026-02-08T16:30:00Z,266.9
2026-02-08T16:45:00Z,185.7
2026-02-08T17:00:00Z,265.0
2026-02-08T17:15:00Z,204.9
2026-02-08T17:30:00Z,206.8
2026-02-08T17:45:00Z,292.7
2026-02-08T18:00:00Z,257.4
2026-02-08T18:15:00Z,272.0
2026-02-08T18:30:00Z,321.5
2026-02-08T18:45:00Z,319.4
2026-02-08T19:00:00Z,319.5
2026-02-08T19:15:00Z,325.7
2026-02-08T19:30:00Z,336.6
2026-02-08T19:45:00Z,317.2
2026-02-08T20:00:00Z,321.0
2026-02-08T20:15:00Z,316.8
2026-02-08T20:30:00Z,342.3
2026-02-08T20:45:00Z,339.6
2026-02-08T21:00:00Z,326.3
2026-02-08T21:15:00Z,338.7
2026-02-08T21:30:00Z,333.3
2026-02-08T21:45:00Z,333.7
2026-02-08T22:00:00Z,324.8
2026-02-08T22:15:00Z,318.3
2026-02-08T22:30:00Z,318.3
2026-02-08T22:45:00Z,333.1
2026-02-08T23:00:00Z,348.3
2026-02-08T23:15:00Z,331.5
2026-02-08T23:30:00Z,328.5
2026-02-08T23:45:00Z,348.6
2026-02-09T00:00:00Z,318.4
2026-02-09T00:15:00Z,355.7
2026-02-09T00:30:00Z,341.6
2026-02-09T00:45:00Z,341.9
2026-02-09T01:00:00Z,341.1
2026-02-09T01:15:00Z,335.5
2026-02-09T01:30:00Z,325.9
2026-02-09T01:45:00Z,342.3
2026-02-09T02:00:00Z,316.0
2026-02-09T02:15:00Z,332.9
2026-02-09T02:30:00Z,330.9
2026-02-09T02:45:00Z,337.9
2026-02-09T03:00:00Z,331.9
2026-02-09T03:15:00Z,319.5
2026-02-09T03:30:00Z,308.5
2026-02-09T03:45:00Z,326.7
2026-02-09T04:00:00Z,310.1
2026-02-09T04:15:00Z,333.4
2026-02-09T04:30:00Z,335.9
2026-02-09T04:45:00Z,313.4
2026-02-09T05:00:00Z,871.4
2026-02-09T05:15:00Z,1046.8
2026-02-09T05:30:00Z,1040.1
2026-02-09T05:45:00Z,1186.9
2026-02-09T06:00:00Z,865.6
2026-02-09T06:15:00Z,966.3
2026-02-09T06:30:00Z,942.6
2026-02-09T06:45:00Z,859.7
2026-02-09T07:00:00Z,729.9
2026-02-09T07:15:00Z,803.6
2026-02-09T07:30:00Z,979.5
2026-02-09T07:45:00Z,928.0
2026-02-09T08:00:00Z,993.1
2026-02-09T08:15:00Z,805.2
2026-02-09T08:30:00Z,696.9
2026-02-09T08:45:00Z,824.2
2026-02-09T09:00:00Z,834.0
2026-02-09T09:15:00Z,863.3
2026-02-09T09:30:00Z,863.4
2026-02-09T09:45:00Z,568.0
2026-02-09T10:00:00Z,641.3
2026-02-09T10:15:00Z,720.2
2026-02-09T10:30:00Z,871.6
2026-02-09T10:45:00Z,876.7
2026-02-09T11:00:00Z,520.9
2026-02-09T11:15:00Z,743.9
2026-02-09T11:30:00Z,594.2
2026-02-09T11:45:00Z,762.2
2026-02-09T12:00:00Z,713.1
2026-02-09T12:15:00Z,842.0
2026-02-09T12:30:00Z,643.2
2026-02-09T12:45:00Z,925.6
2026-02-09T13:00:00Z,702.6
2026-02-09T13:15:00Z,690.5
2026-02-09T13:30:00Z,633.4
2026-02-09T13:45:00Z,710.5
2026-02-09T14:00:00Z,627.5
2026-02-09T14:15:00Z,790.0
2026-02-09T14:30:00Z,660.1
2026-02-09T14:45:00Z,650.3
2026-02-09T15:00:00Z,662.2
2026-02-09T15:15:00Z,793.3
2026-02-09T15:30:00Z,698.4
2026-02-09T15:45:00Z,808.1
2026-02-09T16:00:00Z,713.8
2026-02-09T16:15:00Z,624.4
2026-02-09T16:30:00Z,682.4
2026-02-09T16:45:00Z,823.4
2026-02-09T17:00:00Z,763.7
2026-02-09T17:15:00Z,979.9
2026-02-09T17:30:00Z,951.7
2026-02-09T17:45:00Z,793.4
2026-02-09T18:00:00Z,756.6
2026-02-09T18:15:00Z,930.2
2026-02-09T18:30:00Z,1007.9
2026-02-09T18:45:00Z,925.8
2026-02-09T19:00:00Z,903.8
2026-02-09T19:15:00Z,912.2
2026-02-09T19:30:00Z,872.2
2026-02-09T19:45:00Z,831.3
2026-02-09T20:00:00Z,825.5
2026-02-09T20:15:00Z,964.1
2026-02-09T20:30:00Z,913.1
2026-02-09T20:45:00Z,1028.0
2026-02-09T21:00:00Z,343.0
2026-02-09T21:15:00Z,354.6
2026-02-09T21:30:00Z,344.5
2026-02-09T21:45:00Z,326.9
2026-02-09T22:00:00Z,327.7
2026-02-09T22:15:00Z,324.8
2026-02-09T22:30:00Z,337.8
2026-02-09T22:45:00Z,321.1
2026-02-09T23:00:00Z,327.4
2026-02-09T23:15:00Z,317.4
2026-02-09T23:30:00Z,310.6
2026-02-09T23:45:00Z,340.2
2026-02-10T00:00:00Z,320.5
2026-02-10T00:15:00Z,302.6
2026-02-10T00:30:00Z,328.5
2026-02-10T00:45:00Z,336.2
2026-02-10T01:00:00Z,323.2
2026-02-10T01:15:00Z,332.7
2026-02-10T01:30:00Z,331.5
2026-02-10T01:45:00Z,316.7
2026-02-10T02:00:00Z,324.0
2026-02-10T02:15:00Z,334.7
2026-02-10T02:30:00Z,323.6
2026-02-10T02:45:00Z,313.9
2026-02-10T03:00:00Z,338.2
2026-02-10T03:15:00Z,331.4
2026-02-10T03:30:00Z,339.3
2026-02-10T03:45:00Z,323.4
2026-02-10T04:00:00Z,334.0
2026-02-10T04:15:00Z,322.3
2026-02-10T04:30:00Z,334.6
2026-02-10T04:45:00Z,330.1
2026-02-10T05:00:00Z,905.5
2026-02-10T05:15:00Z,1072.9
2026-02-10T05:30:00Z,834.9
2026-02-10T05:45:00Z,1113.9
2026-02-10T06:00:00Z,1007.7
2026-02-10T06:15:00Z,967.5
2026-02-10T06:30:00Z,829.5
2026-02-10T06:45:00Z,916.4
2026-02-10T07:00:00Z,779.1
2026-02-10T07:15:00Z,817.1
2026-02-10T07:30:00Z,809.6
2026-02-10T07:45:00Z,667.6
2026-02-10T08:00:00Z,688.9
2026-02-10T08:15:00Z,812.6
2026-02-10T08:30:00Z,551.2
2026-02-10T08:45:00Z,676.9
2026-02-10T09:00:00Z,666.8
2026-02-10T09:15:00Z,573.4
2026-02-10T09:30:00Z,600.8
2026-02-10T09:45:00Z,888.8
2026-02-10T10:00:00Z,543.5
2026-02-10T10:15:00Z,935.5
2026-02-10T10:30:00Z,834.8
2026-02-10T10:45:00Z,616.4
2026-02-10T11:00:00Z,627.3
2026-02-10T11:15:00Z,735.8
2026-02-10T11:30:00Z,919.9
2026-02-10T11:45:00Z,903.7
2026-02-10T12:00:00Z,629.6
2026-02-10T12:15:00Z,495.2
2026-02-10T12:30:00Z,795.8
2026-02-10T12:45:00Z,781.3
2026-02-10T13:00:00Z,754.6
2026-02-10T13:15:00Z,693.2
2026-02-10T13:30:00Z,740.4
2026-02-10T13:45:00Z,674.9
2026-02-10T14:00:00Z,781.6
2026-02-10T14:15:00Z,768.2
2026-02-10T14:30:00Z,717.5
2026-02-10T14:45:00Z,728.9
2026-02-10T15:00:00Z,806.4
2026-02-10T15:15:00Z,705.0
2026-02-10T15:30:00Z,861.7
2026-02-10T15:45:00Z,849.2
2026-02-10T16:00:00Z,839.6
2026-02-10T16:15:00Z,885.9
2026-02-10T16:30:00Z,790.9
2026-02-10T16:45:00Z,815.6
2026-02-10T17:00:00Z,949.8
2026-02-10T17:15:00Z,784.9
2026-02-10T17:30:00Z,859.1
2026-02-10T17:45:00Z,914.1
2026-02-10T18:00:00Z,956.9
2026-02-10T18:15:00Z,985.3
2026-02-10T18:30:00Z,804.4
2026-02-10T18:45:00Z,1045.5
2026-02-10T19:00:00Z,762.9
2026-02-10T19:15:00Z,853.6
2026-02-10T19:30:00Z,950.7
2026-02-10T19:45:00Z,987.9
2026-02-10T20:00:00Z,996.6
2026-02-10T20:15:00Z,789.9
2026-02-10T20:30:00Z,862.7
2026-02-10T20:45:00Z,777.8
2026-02-10T21:00:00Z,325.7
2026-02-10T21:15:00Z,337.3
2026-02-10T21:30:00Z,322.4
2026-02-10T21:45:00Z,328.7
2026-02-10T22:00:00Z,323.2
2026-02-10T22:15:00Z,327.6
2026-02-10T22:30:00Z,337.1
2026-02-10T22:45:00Z,318.3
2026-02-10T23:00:00Z,333.5
2026-02-10T23:15:00Z,335.6
2026-02-10T23:30:00Z,322.2
2026-02-10T23:45:00Z,318.6
2026-02-11T00:00:00Z,324.6
2026-02-11T00:15:00Z,317.2
2026-02-11T00:30:00Z,320.0
2026-02-11T00:45:00Z,343.0
2026-02-11T01:00:00Z,327.5
2026-02-11T01:15:00Z,328.2
2026-02-11T01:30:00Z,344.1
2026-02-11T01:45:00Z,321.0
2026-02-11T02:00:00Z,323.3
2026-02-11T02:15:00Z,314.9
2026-02-11T02:30:00Z,342.0
2026-02-11T02:45:00Z,334.1
2026-02-11T03:00:00Z,323.3
2026-02-11T03:15:00Z,326.2
2026-02-11T03:30:00Z,327.2
2026-02-11T03:45:00Z,319.6
2026-02-11T04:00:00Z,345.6
2026-02-11T04:15:00Z,311.7
2026-02-11T04:30:00Z,344.6
2026-02-11T04:45:00Z,325.7
2026-02-11T05:00:00Z,996.6
2026-02-11T05:15:00Z,834.2
2026-02-11T05:30:00Z,1094.9
2026-02-11T05:45:00Z,1100.0
2026-02-11T06:00:00Z,944.4
2026-02-11T06:15:00Z,976.4
2026-02-11T06:30:00Z,999.0
2026-02-11T06:45:00Z,1049.2
2026-02-11T07:00:00Z,743.9
2026-02-11T07:15:00Z,956.7
2026-02-11T07:30:00Z,607.2
2026-02-11T07:45:00Z,868.7
2026-02-11T08:00:00Z,768.0
2026-02-11T08:15:00Z,747.8
2026-02-11T08:30:00Z,589.6
2026-02-11T08:45:00Z,546.2
2026-02-11T09:00:00Z,888.2
2026-02-11T09:15:00Z,640.8
2026-02-11T09:30:00Z,853.8
2026-02-11T09:45:00Z,714.6
2026-02-11T10:00:00Z,856.0
2026-02-11T10:15:00Z,728.7
2026-02-11T10:30:00Z,673.1
2026-02-11T10:45:00Z,789.5
2026-02-11T11:00:00Z,728.3
2026-02-11T11:15:00Z,681.1
2026-02-11T11:30:00Z,587.5
2026-02-11T11:45:00Z,683.0
2026-02-11T12:00:00Z,634.4
2026-02-11T12:15:00Z,569.6
2026-02-11T12:30:00Z,780.7
2026-02-11T12:45:00Z,836.5
2026-02-11T13:00:00Z,611.9
2026-02-11T13:15:00Z,734.6
2026-02-11T13:30:00Z,705.1
2026-02-11T13:45:00Z,838.5
2026-02-11T14:00:00Z,675.5
2026-02-11T14:15:00Z,817.2
2026-02-11T14:30:00Z,866.6
2026-02-11T14:45:00Z,785.2
2026-02-11T15:00:00Z,834.0
2026-02-11T15:15:00Z,790.7
2026-02-11T15:30:00Z,727.1
2026-02-11T15:45:00Z,675.5
2026-02-11T16:00:00Z,991.3
2026-02-11T16:15:00Z,651.9
2026-02-11T16:30:00Z,798.4
2026-02-11T16:45:00Z,859.1
2026-02-11T17:00:00Z,700.9
2026-02-11T17:15:00Z,946.7
2026-02-11T17:30:00Z,958.6
2026-02-11T17:45:00Z,1000.6
2026-02-11T18:00:00Z,1032.3
2026-02-11T18:15:00Z,879.1
2026-02-11T18:30:00Z,771.5
2026-02-11T18:45:00Z,980.9
2026-02-11T19:00:00Z,804.7
2026-02-11T19:15:00Z,1052.5
2026-02-11T19:30:00Z,874.1
2026-02-11T19:45:00Z,842.4
2026-02-11T20:00:00Z,896.4
2026-02-11T20:15:00Z,841.7
2026-02-11T20:30:00Z,1043.6
2026-02-11T20:45:00Z,878.3
2026-02-11T21:00:00Z,334.9
2026-02-11T21:15:00Z,328.5
2026-02-11T21:30:00Z,351.3
2026-02-11T21:45:00Z,338.1
2026-02-11T22:00:00Z,325.7
2026-02-11T22:15:00Z,327.7
2026-02-11T22:30:00Z,317.9
2026-02-11T22:45:00Z,313.9
2026-02-11T23:00:00Z,330.0
2026-02-11T23:15:00Z,329.1
2026-02-11T23:30:00Z,323.2
2026-02-11T23:45:00Z,317.9
2026-02-12T00:00:00Z,325.0
2026-02-12T00:15:00Z,351.9
2026-02-12T00:30:00Z,334.7
2026-02-12T00:45:00Z,316.6
2026-02-12T01:00:00Z,315.7
2026-02-12T01:15:00Z,318.5
2026-02-12T01:30:00Z,348.7
2026-02-12T01:45:00Z,328.4
2026-02-12T02:00:00Z,329.9
2026-02-12T02:15:00Z,322.5
2026-02-12T02:30:00Z,312.7
2026-02-12T02:45:00Z,337.0
2026-02-12T03:00:00Z,311.3
2026-02-12T03:15:00Z,325.3
2026-02-12T03:30:00Z,316.5
2026-02-12T03:45:00Z,319.5
2026-02-12T04:00:00Z,316.6
2026-02-12T04:15:00Z,313.2
2026-02-12T04:30:00Z,329.7
2026-02-12T04:45:00Z,339.8
2026-02-12T05:00:00Z,1088.0
2026-02-12T05:15:00Z,935.2
2026-02-12T05:30:00Z,1057.5
2026-02-12T05:45:00Z,798.7
2026-02-12T06:00:00Z,748.2
2026-02-12T06:15:00Z,781.1
2026-02-12T06:30:00Z,919.0
2026-02-12T06:45:00Z,1061.1
2026-02-12T07:00:00Z,778.6
2026-02-12T07:15:00Z,764.8
2026-02-12T07:30:00Z,869.6
2026-02-12T07:45:00Z,676.2
2026-02-12T08:00:00Z,828.7
2026-02-12T08:15:00Z,685.2
2026-02-12T08:30:00Z,716.1
2026-02-12T08:45:00Z,768.4
2026-02-12T09:00:00Z,662.4
2026-02-12T09:15:00Z,620.8
2026-02-12T09:30:00Z,830.8
2026-02-12T09:45:00Z,933.5
2026-02-12T10:00:00Z,627.9
2026-02-12T10:15:00Z,669.2
2026-02-12T10:30:00Z,755.3
2026-02-12T10:45:00Z,665.0
2026-02-12T11:00:00Z,648.8
2026-02-12T11:15:00Z,825.7
2026-02-12T11:30:00Z,871.8
2026-02-12T11:45:00Z,635.2
2026-02-12T12:00:00Z,828.0
2026-02-12T12:15:00Z,704.9
2026-02-12T12:30:00Z,762.7
2026-02-12T12:45:00Z,598.4
2026-02-12T13:00:00Z,814.5
2026-02-12T13:15:00Z,825.0
2026-02-12T13:30:00Z,561.7
2026-02-12T13:45:00Z,892.4
2026-02-12T14:00:00Z,737.0
2026-02-12T14:15:00Z,936.1
2026-02-12T14:30:00Z,765.9
2026-02-12T14:45:00Z,650.7
2026-02-12T15:00:00Z,771.8
2026-02-12T15:15:00Z,842.4
2026-02-12T15:30:00Z,884.5
2026-02-12T15:45:00Z,770.5
2026-02-12T16:00:00Z,660.9
2026-02-12T16:15:00Z,709.3
2026-02-12T16:30:00Z,974.1
2026-02-12T16:45:00Z,817.0
2026-02-12T17:00:00Z,730.7
2026-02-12T17:15:00Z,1002.3
2026-02-12T17:30:00Z,762.0
2026-02-12T17:45:00Z,920.1
2026-02-12T18:00:00Z,986.3
2026-02-12T18:15:00Z,770.7
2026-02-12T18:30:00Z,743.4
2026-02-12T18:45:00Z,1025.4
2026-02-12T19:00:00Z,1039.8
2026-02-12T19:15:00Z,880.0
2026-02-12T19:30:00Z,932.8
2026-02-12T19:45:00Z,1006.6
2026-02-12T20:00:00Z,833.0
2026-02-12T20:15:00Z,888.8
2026-02-12T20:30:00Z,993.3
2026-02-12T20:45:00Z,966.9
2026-02-12T21:00:00Z,363.1
2026-02-12T21:15:00Z,331.7
2026-02-12T21:30:00Z,316.3
2026-02-12T21:45:00Z,329.4
2026-02-12T22:00:00Z,332.8
2026-02-12T22:15:00Z,331.9
2026-02-12T22:30:00Z,328.6
2026-02-12T22:45:00Z,337.5
2026-02-12T23:00:00Z,324.3
2026-02-12T23:15:00Z,341.2
2026-02-12T23:30:00Z,314.3
2026-02-12T23:45:00Z,329.4
2026-02-13T00:00:00Z,325.6
2026-02-13T00:15:00Z,321.8
2026-02-13T00:30:00Z,310.6
2026-02-13T00:45:00Z,324.2
2026-02-13T01:00:00Z,327.7
2026-02-13T01:15:00Z,326.3
2026-02-13T01:30:00Z,341.2
2026-02-13T01:45:00Z,317.2
2026-02-13T02:00:00Z,335.0
2026-02-13T02:15:00Z,336.7
2026-02-13T02:30:00Z,334.5
2026-02-13T02:45:00Z,323.5
2026-02-13T03:00:00Z,308.5
2026-02-13T03:15:00Z,315.1
2026-02-13T03:30:00Z,316.9
2026-02-13T03:45:00Z,323.4
2026-02-13T04:00:00Z,345.8
2026-02-13T04:15:00Z,347.9
2026-02-13T04:30:00Z,333.3
2026-02-13T04:45:00Z,312.6
2026-02-13T05:00:00Z,924.4
2026-02-13T05:15:00Z,862.5
2026-02-13T05:30:00Z,1100.3
2026-02-13T05:45:00Z,994.7
2026-02-13T06:00:00Z,808.1
2026-02-13T06:15:00Z,1109.9
2026-02-13T06:30:00Z,804.6
2026-02-13T06:45:00Z,895.9
2026-02-13T07:00:00Z,988.3
2026-02-13T07:15:00Z,680.4
2026-02-13T07:30:00Z,747.6
2026-02-13T07:45:00Z,620.5
2026-02-13T08:00:00Z,916.5
2026-02-13T08:15:00Z,720.3
2026-02-13T08:30:00Z,711.7
2026-02-13T08:45:00Z,640.6
2026-02-13T09:00:00Z,626.9
2026-02-13T09:15:00Z,680.3
2026-02-13T09:30:00Z,895.6
2026-02-13T09:45:00Z,793.2
2026-02-13T10:00:00Z,836.3
2026-02-13T10:15:00Z,827.0
2026-02-13T10:30:00Z,630.2
2026-02-13T10:45:00Z,534.8
2026-02-13T11:00:00Z,638.0
2026-02-13T11:15:00Z,846.9
2026-02-13T11:30:00Z,801.1
2026-02-13T11:45:00Z,739.3
2026-02-13T12:00:00Z,882.5
2026-02-13T12:15:00Z,430.1
2026-02-13T12:30:00Z,880.5
2026-02-13T12:45:00Z,754.9
2026-02-13T13:00:00Z,890.3
2026-02-13T13:15:00Z,810.0
2026-02-13T13:30:00Z,507.9
2026-02-13T13:45:00Z,895.0
2026-02-13T14:00:00Z,776.1
2026-02-13T14:15:00Z,748.8
2026-02-13T14:30:00Z,757.7
2026-02-13T14:45:00Z,702.3
2026-02-13T15:00:00Z,822.7
2026-02-13T15:15:00Z,790.2
2026-02-13T15:30:00Z,858.9
2026-02-13T15:45:00Z,723.1
2026-02-13T16:00:00Z,832.6
2026-02-13T16:15:00Z,904.6
2026-02-13T16:30:00Z,831.3
2026-02-13T16:45:00Z,852.8
2026-02-13T17:00:00Z,792.1
2026-02-13T17:15:00Z,846.8
2026-02-13T17:30:00Z,868.6
2026-02-13T17:45:00Z,890.7
2026-02-13T18:00:00Z,923.7
2026-02-13T18:15:00Z,867.1
2026-02-13T18:30:00Z,827.7
2026-02-13T18:45:00Z,751.2
2026-02-13T19:00:00Z,867.6
2026-02-13T19:15:00Z,921.5
2026-02-13T19:30:00Z,933.0
2026-02-13T19:45:00Z,1023.1
2026-02-13T20:00:00Z,1068.2
2026-02-13T20:15:00Z,1065.7
2026-02-13T20:30:00Z,906.3
2026-02-13T20:45:00Z,805.0
2026-02-13T21:00:00Z,331.1
2026-02-13T21:15:00Z,324.4
2026-02-13T21:30:00Z,337.1
2026-02-13T21:45:00Z,331.4
2026-02-13T22:00:00Z,341.0
2026-02-13T22:15:00Z,320.1
2026-02-13T22:30:00Z,312.7
2026-02-13T22:45:00Z,349.1
2026-02-13T23:00:00Z,355.3
2026-02-13T23:15:00Z,338.5
2026-02-13T23:30:00Z,343.2
2026-02-13T23:45:00Z,319.5
2026-02-14T00:00:00Z,319.7
2026-02-14T00:15:00Z,321.9
2026-02-14T00:30:00Z,331.2
2026-02-14T00:45:00Z,332.7
2026-02-14T01:00:00Z,320.2
2026-02-14T01:15:00Z,332.3
2026-02-14T01:30:00Z,329.7
2026-02-14T01:45:00Z,351.5
2026-02-14T02:00:00Z,338.1
2026-02-14T02:15:00Z,326.9
2026-02-14T02:30:00Z,356.4
2026-02-14T02:45:00Z,337.9
2026-02-14T03:00:00Z,331.2
2026-02-14T03:15:00Z,340.1
2026-02-14T03:30:00Z,326.9
2026-02-14T03:45:00Z,337.3
2026-02-14T04:00:00Z,298.0
2026-02-14T04:15:00Z,333.8
2026-02-14T04:30:00Z,328.6
2026-02-14T04:45:00Z,320.9
2026-02-14T05:00:00Z,343.3
2026-02-14T05:15:00Z,330.8
2026-02-14T05:30:00Z,325.9
2026-02-14T05:45:00Z,310.2
2026-02-14T06:00:00Z,310.9
2026-02-14T06:15:00Z,283.3
2026-02-14T06:30:00Z,217.0
2026-02-14T06:45:00Z,190.7
2026-02-14T07:00:00Z,252.7
2026-02-14T07:15:00Z,250.4
2026-02-14T07:30:00Z,285.9
2026-02-14T07:45:00Z,218.4
2026-02-14T08:00:00Z,222.9
2026-02-14T08:15:00Z,212.3
2026-02-14T08:30:00Z,97.5
2026-02-14T08:45:00Z,217.2
2026-02-14T09:00:00Z,230.6
2026-02-14T09:15:00Z,213.1
2026-02-14T09:30:00Z,89.6
2026-02-14T09:45:00Z,161.6
2026-02-14T10:00:00Z,145.9
2026-02-14T10:15:00Z,80.0
2026-02-14T10:30:00Z,80.0
2026-02-14T10:45:00Z,135.3
2026-02-14T11:00:00Z,80.0
2026-02-14T11:15:00Z,136.0
2026-02-14T11:30:00Z,119.6
2026-02-14T11:45:00Z,80.0
2026-02-14T12:00:00Z,205.7
2026-02-14T12:15:00Z,115.4
2026-02-14T12:30:00Z,137.3
2026-02-14T12:45:00Z,127.1
2026-02-14T13:00:00Z,122.9
2026-02-14T13:15:00Z,80.0
2026-02-14T13:30:00Z,80.0
2026-02-14T13:45:00Z,80.0
2026-02-14T14:00:00Z,110.5
2026-02-14T14:15:00Z,233.6
2026-02-14T14:30:00Z,174.8
2026-02-14T14:45:00Z,101.9
2026-02-14T15:00:00Z,233.4
2026-02-14T15:15:00Z,131.3
2026-02-14T15:30:00Z,238.8
2026-02-14T15:45:00Z,125.5
2026-02-14T16:00:00Z,246.6
2026-02-14T16:15:00Z,214.8
2026-02-14T16:30:00Z,262.8
2026-02-14T16:45:00Z,252.5
2026-02-14T17:00:00Z,244.9
2026-02-14T17:15:00Z,229.0
2026-02-14T17:30:00Z,236.1
2026-02-14T17:45:00Z,290.9
2026-02-14T18:00:00Z,250.5
2026-02-14T18:15:00Z,310.9
2026-02-14T18:30:00Z,322.8
2026-02-14T18:45:00Z,288.4
2026-02-14T19:00:00Z,323.4
2026-02-14T19:15:00Z,318.5
2026-02-14T19:30:00Z,334.6
2026-02-14T19:45:00Z,332.2
2026-02-14T20:00:00Z,324.6
2026-02-14T20:15:00Z,318.2
2026-02-14T20:30:00Z,308.7
2026-02-14T20:45:00Z,330.2
2026-02-14T21:00:00Z,316.4
2026-02-14T21:15:00Z,326.9
2026-02-14T21:30:00Z,325.1
2026-02-14T21:45:00Z,343.8
2026-02-14T22:00:00Z,338.7
2026-02-14T22:15:00Z,324.4
2026-02-14T22:30:00Z,344.2
2026-02-14T22:45:00Z,335.8
2026-02-14T23:00:00Z,338.2
2026-02-14T23:15:00Z,335.2
2026-02-14T23:30:00Z,354.2
2026-02-14T23:45:00Z,336.4
2026-02-15T00:00:00Z,327.3
2026-02-15T00:15:00Z,338.4
2026-02-15T00:30:00Z,345.8
2026-02-15T00:45:00Z,320.6
2026-02-15T01:00:00Z,321.4
2026-02-15T01:15:00Z,348.6
2026-02-15T01:30:00Z,337.9
2026-02-15T01:45:00Z,324.8
2026-02-15T02:00:00Z,354.4
2026-02-15T02:15:00Z,339.0
2026-02-15T02:30:00Z,319.1
2026-02-15T02:45:00Z,310.6
2026-02-15T03:00:00Z,339.8
2026-02-15T03:15:00Z,338.5
2026-02-15T03:30:00Z,318.3
2026-02-15T03:45:00Z,326.9
2026-02-15T04:00:00Z,335.2
2026-02-15T04:15:00Z,329.3
2026-02-15T04:30:00Z,315.1
2026-02-15T04:45:00Z,342.8
2026-02-15T05:00:00Z,353.5
2026-02-15T05:15:00Z,318.4
2026-02-15T05:30:00Z,309.1
2026-02-15T05:45:00Z,305.3
2026-02-15T06:00:00Z,274.4
2026-02-15T06:15:00Z,269.6
2026-02-15T06:30:00Z,275.0
2026-02-15T06:45:00Z,259.1
2026-02-15T07:00:00Z,276.3
2026-02-15T07:15:00Z,239.3
2026-02-15T07:30:00Z,195.9
2026-02-15T07:45:00Z,221.9
2026-02-15T08:00:00Z,191.1
2026-02-15T08:15:00Z,138.7
2026-02-15T08:30:00Z,224.2
2026-02-15T08:45:00Z,148.2
2026-02-15T09:00:00Z,80.0
2026-02-15T09:15:00Z,94.4
2026-02-15T09:30:00Z,164.5
2026-02-15T09:45:00Z,88.5
2026-02-15T10:00:00Z,221.3
2026-02-15T10:15:00Z,80.0
2026-02-15T10:30:00Z,80.0
2026-02-15T10:45:00Z,190.0
2026-02-15T11:00:00Z,142.3
2026-02-15T11:15:00Z,80.0
2026-02-15T11:30:00Z,80.0
2026-02-15T11:45:00Z,94.3
2026-02-15T12:00:00Z,80.0
2026-02-15T12:15:00Z,80.0
2026-02-15T12:30:00Z,122.5
2026-02-15T12:45:00Z,243.2
2026-02-15T13:00:00Z,80.0
2026-02-15T13:15:00Z,227.8
2026-02-15T13:30:00Z,104.4
2026-02-15T13:45:00Z,80.0
2026-02-15T14:00:00Z,80.0
2026-02-15T14:15:00Z,110.0
2026-02-15T14:30:00Z,108.2
2026-02-15T14:45:00Z,80.0
2026-02-15T15:00:00Z,80.0
2026-02-15T15:15:00Z,191.8
2026-02-15T15:30:00Z,103.6
2026-02-15T15:45:00Z,141.8
2026-02-15T16:00:00Z,212.8
2026-02-15T16:15:00Z,222.4
2026-02-15T16:30:00Z,235.5
2026-02-15T16:45:00Z,220.7
2026-02-15T17:00:00Z,206.9
2026-02-15T17:15:00Z,240.9
2026-02-15T17:30:00Z,222.1
2026-02-15T17:45:00Z,241.5
2026-02-15T18:00:00Z,276.4
2026-02-15T18:15:00Z,299.3
2026-02-15T18:30:00Z,302.7
2026-02-15T18:45:00Z,299.8
2026-02-15T19:00:00Z,340.3
2026-02-15T19:15:00Z,316.2
2026-02-15T19:30:00Z,328.1
2026-02-15T19:45:00Z,338.6
2026-02-15T20:00:00Z,317.0
2026-02-15T20:15:00Z,335.3
2026-02-15T20:30:00Z,340.7
2026-02-15T20:45:00Z,322.2
2026-02-15T21:00:00Z,318.2
2026-02-15T21:15:00Z,303.7
2026-02-15T21:30:00Z,333.5
2026-02-15T21:45:00Z,334.1
2026-02-15T22:00:00Z,327.2
2026-02-15T22:15:00Z,340.0
2026-02-15T22:30:00Z,317.2
2026-02-15T22:45:00Z,341.9
2026-02-15T23:00:00Z,320.7
2026-02-15T23:15:00Z,332.9
2026-02-15T23:30:00Z,346.2
2026-02-15T23:45:00Z,319.9
2026-02-16T00:00:00Z,338.0
2026-02-16T00:15:00Z,336.5
2026-02-16T00:30:00Z,332.1
2026-02-16T00:45:00Z,339.5
2026-02-16T01:00:00Z,311.8
2026-02-16T01:15:00Z,332.5
2026-02-16T01:30:00Z,319.0
2026-02-16T01:45:00Z,328.3
2026-02-16T02:00:00Z,336.1
2026-02-16T02:15:00Z,338.7
2026-02-16T02:30:00Z,324.7
2026-02-16T02:45:00Z,312.1
2026-02-16T03:00:00Z,351.7
2026-02-16T03:15:00Z,323.6
2026-02-16T03:30:00Z,342.0
2026-02-16T03:45:00Z,337.4
2026-02-16T04:00:00Z,321.6
2026-02-16T04:15:00Z,337.6
2026-02-16T04:30:00Z,348.4
2026-02-16T04:45:00Z,332.7
2026-02-16T05:00:00Z,956.4
2026-02-16T05:15:00Z,953.4
2026-02-16T05:30:00Z,974.9
2026-02-16T05:45:00Z,864.4
2026-02-16T06:00:00Z,980.2
2026-02-16T06:15:00Z,1248.0
2026-02-16T06:30:00Z,967.8
2026-02-16T06:45:00Z,978.1
2026-02-16T07:00:00Z,777.0
2026-02-16T07:15:00Z,745.9
2026-02-16T07:30:00Z,874.3
2026-02-16T07:45:00Z,925.5
2026-02-16T08:00:00Z,638.2
2026-02-16T08:15:00Z,919.6
2026-02-16T08:30:00Z,873.1
2026-02-16T08:45:00Z,710.7
2026-02-16T09:00:00Z,817.4
2026-02-16T09:15:00Z,709.1
2026-02-16T09:30:00Z,918.3
2026-02-16T09:45:00Z,510.6
2026-02-16T10:00:00Z,696.2
2026-02-16T10:15:00Z,808.0
2026-02-16T10:30:00Z,746.8
2026-02-16T10:45:00Z,858.2
2026-02-16T11:00:00Z,726.0
2026-02-16T11:15:00Z,812.7
2026-02-16T11:30:00Z,576.1
2026-02-16T11:45:00Z,864.3
2026-02-16T12:00:00Z,611.2
2026-02-16T12:15:00Z,489.0
2026-02-16T12:30:00Z,759.4
2026-02-16T12:45:00Z,660.3
2026-02-16T13:00:00Z,704.4
2026-02-16T13:15:00Z,710.6
2026-02-16T13:30:00Z,798.7
2026-02-16T13:45:00Z,742.0
2026-02-16T14:00:00Z,773.1
2026-02-16T14:15:00Z,711.3
2026-02-16T14:30:00Z,685.5
2026-02-16T14:45:00Z,580.4
2026-02-16T15:00:00Z,733.9
2026-02-16T15:15:00Z,608.4
2026-02-16T15:30:00Z,766.6
2026-02-16T15:45:00Z,737.1
2026-02-16T16:00:00Z,622.9
2026-02-16T16:15:00Z,872.9
2026-02-16T16:30:00Z,909.8
2026-02-16T16:45:00Z,827.2
2026-02-16T17:00:00Z,992.6
2026-02-16T17:15:00Z,792.9
2026-02-16T17:30:00Z,1007.9
2026-02-16T17:45:00Z,999.3
2026-02-16T18:00:00Z,870.1
2026-02-16T18:15:00Z,869.1
2026-02-16T18:30:00Z,946.3
2026-02-16T18:45:00Z,815.7
2026-02-16T19:00:00Z,946.7
2026-02-16T19:15:00Z,988.6
2026-02-16T19:30:00Z,815.2
2026-02-16T19:45:00Z,845.0
2026-02-16T20:00:00Z,946.8
2026-02-16T20:15:00Z,856.9
2026-02-16T20:30:00Z,833.5
2026-02-16T20:45:00Z,959.5
2026-02-16T21:00:00Z,360.5
2026-02-16T21:15:00Z,341.9
2026-02-16T21:30:00Z,332.7
2026-02-16T21:45:00Z,334.6
2026-02-16T22:00:00Z,342.8
2026-02-16T22:15:00Z,310.3
2026-02-16T22:30:00Z,320.4
2026-02-16T22:45:00Z,338.1
2026-02-16T23:00:00Z,353.3
2026-02-16T23:15:00Z,308.7
2026-02-16T23:30:00Z,335.2
2026-02-16T23:45:00Z,327.1
2026-02-17T00:00:00Z,325.2
2026-02-17T00:15:00Z,344.8
2026-02-17T00:30:00Z,340.9
2026-02-17T00:45:00Z,348.1
2026-02-17T01:00:00Z,334.2
2026-02-17T01:15:00Z,341.2
2026-02-17T01:30:00Z,333.1
2026-02-17T01:45:00Z,333.4
2026-02-17T02:00:00Z,329.4
2026-02-17T02:15:00Z,321.5
2026-02-17T02:30:00Z,324.9
2026-02-17T02:45:00Z,322.5
2026-02-17T03:00:00Z,342.2
2026-02-17T03:15:00Z,311.6
2026-02-17T03:30:00Z,339.0
2026-02-17T03:45:00Z,352.4
2026-02-17T04:00:00Z,345.5
2026-02-17T04:15:00Z,336.7
2026-02-17T04:30:00Z,333.3
2026-02-17T04:45:00Z,320.2
2026-02-17T05:00:00Z,1006.0
2026-02-17T05:15:00Z,995.7
2026-02-17T05:30:00Z,1015.6
2026-02-17T05:45:00Z,846.0
2026-02-17T06:00:00Z,837.6
2026-02-17T06:15:00Z,1142.7
2026-02-17T06:30:00Z,1078.0
2026-02-17T06:45:00Z,944.5
2026-02-17T07:00:00Z,677.9
2026-02-17T07:15:00Z,653.3
2026-02-17T07:30:00Z,672.2
2026-02-17T07:45:00Z,766.9
2026-02-17T08:00:00Z,748.3
2026-02-17T08:15:00Z,909.0
2026-02-17T08:30:00Z,836.4
2026-02-17T08:45:00Z,624.6
2026-02-17T09:00:00Z,653.5
2026-02-17T09:15:00Z,884.8
2026-02-17T09:30:00Z,818.9
2026-02-17T09:45:00Z,701.3
2026-02-17T10:00:00Z,663.7
2026-02-17T10:15:00Z,872.7
2026-02-17T10:30:00Z,810.1
2026-02-17T10:45:00Z,743.2
2026-02-17T11:00:00Z,690.0
2026-02-17T11:15:00Z,622.9
2026-02-17T11:30:00Z,730.4
2026-02-17T11:45:00Z,511.5
2026-02-17T12:00:00Z,450.2
2026-02-17T12:15:00Z,518.0
2026-02-17T12:30:00Z,611.1
2026-02-17T12:45:00Z,763.7
2026-02-17T13:00:00Z,696.8
2026-02-17T13:15:00Z,751.1
2026-02-17T13:30:00Z,663.3
2026-02-17T13:45:00Z,622.3
2026-02-17T14:00:00Z,782.1
2026-02-17T14:15:00Z,599.8
2026-02-17T14:30:00Z,679.7
2026-02-17T14:45:00Z,827.7
2026-02-17T15:00:00Z,893.2
2026-02-17T15:15:00Z,877.5
2026-02-17T15:30:00Z,688.1
2026-02-17T15:45:00Z,774.1
2026-02-17T16:00:00Z,787.4
2026-02-17T16:15:00Z,908.7
2026-02-17T16:30:00Z,687.6
2026-02-17T16:45:00Z,750.0
2026-02-17T17:00:00Z,771.0
2026-02-17T17:15:00Z,740.5
2026-02-17T17:30:00Z,782.0
2026-02-17T17:45:00Z,745.4
2026-02-17T18:00:00Z,820.1
2026-02-17T18:15:00Z,1017.8
2026-02-17T18:30:00Z,803.5
2026-02-17T18:45:00Z,773.7
2026-02-17T19:00:00Z,850.5
2026-02-17T19:15:00Z,1065.1
2026-02-17T19:30:00Z,892.5
2026-02-17T19:45:00Z,1011.6
2026-02-17T20:00:00Z,1014.1
2026-02-17T20:15:00Z,763.9
2026-02-17T20:30:00Z,847.0
2026-02-17T20:45:00Z,946.9
2026-02-17T21:00:00Z,318.5
2026-02-17T21:15:00Z,329.8
2026-02-17T21:30:00Z,327.8
2026-02-17T21:45:00Z,312.5
2026-02-17T22:00:00Z,335.0
2026-02-17T22:15:00Z,331.8
2026-02-17T22:30:00Z,325.3
2026-02-17T22:45:00Z,341.6
2026-02-17T23:00:00Z,356.4
2026-02-17T23:15:00Z,341.5
2026-02-17T23:30:00Z,327.8
2026-02-17T23:45:00Z,325.2
2026-02-18T00:00:00Z,335.4
2026-02-18T00:15:00Z,323.1
2026-02-18T00:30:00Z,321.5
2026-02-18T00:45:00Z,328.0
2026-02-18T01:00:00Z,323.3
2026-02-18T01:15:00Z,341.0
2026-02-18T01:30:00Z,338.1
2026-02-18T01:45:00Z,336.4
2026-02-18T02:00:00Z,319.1
2026-02-18T02:15:00Z,329.7
2026-02-18T02:30:00Z,341.6
2026-02-18T02:45:00Z,343.8
2026-02-18T03:00:00Z,307.3
2026-02-18T03:15:00Z,346.2
2026-02-18T03:30:00Z,314.2
2026-02-18T03:45:00Z,334.0
2026-02-18T04:00:00Z,328.8
2026-02-18T04:15:00Z,322.7
2026-02-18T04:30:00Z,325.9
2026-02-18T04:45:00Z,341.8
2026-02-18T05:00:00Z,832.6
2026-02-18T05:15:00Z,1079.8
2026-02-18T05:30:00Z,936.3
2026-02-18T05:45:00Z,997.2
2026-02-18T06:00:00Z,922.5
2026-02-18T06:15:00Z,902.4
2026-02-18T06:30:00Z,1142.3
2026-02-18T06:45:00Z,912.1
2026-02-18T07:00:00Z,825.3
2026-02-18T07:15:00Z,928.8
2026-02-18T07:30:00Z,720.4
2026-02-18T07:45:00Z,701.1
2026-02-18T08:00:00Z,743.0
2026-02-18T08:15:00Z,858.2
2026-02-18T08:30:00Z,902.4
2026-02-18T08:45:00Z,686.2
2026-02-18T09:00:00Z,744.0
2026-02-18T09:15:00Z,929.1
2026-02-18T09:30:00Z,778.2
2026-02-18T09:45:00Z,692.0
2026-02-18T10:00:00Z,757.6
2026-02-18T10:15:00Z,539.8
2026-02-18T10:30:00Z,839.3
2026-02-18T10:45:00Z,739.5
2026-02-18T11:00:00Z,598.8
2026-02-18T11:15:00Z,699.6
2026-02-18T11:30:00Z,642.8
2026-02-18T11:45:00Z,836.9
2026-02-18T12:00:00Z,729.9
2026-02-18T12:15:00Z,508.6
2026-02-18T12:30:00Z,789.8
2026-02-18T12:45:00Z,747.4
2026-02-18T13:00:00Z,707.4
2026-02-18T13:15:00Z,673.2
2026-02-18T13:30:00Z,763.1
2026-02-18T13:45:00Z,563.3
2026-02-18T14:00:00Z,924.0
2026-02-18T14:15:00Z,852.4
2026-02-18T14:30:00Z,724.3
2026-02-18T14:45:00Z,650.2
2026-02-18T15:00:00Z,739.1
2026-02-18T15:15:00Z,857.0
2026-02-18T15:30:00Z,757.4
2026-02-18T15:45:00Z,766.8
2026-02-18T16:00:00Z,962.5
2026-02-18T16:15:00Z,823.9
2026-02-18T16:30:00Z,735.4
2026-02-18T16:45:00Z,799.3
2026-02-18T17:00:00Z,747.9
2026-02-18T17:15:00Z,835.6
2026-02-18T17:30:00Z,889.4
2026-02-18T17:45:00Z,864.2
2026-02-18T18:00:00Z,1032.5
2026-02-18T18:15:00Z,794.2
2026-02-18T18:30:00Z,812.7
2026-02-18T18:45:00Z,877.7
2026-02-18T19:00:00Z,834.5
2026-02-18T19:15:00Z,1037.6
2026-02-18T19:30:00Z,909.7
2026-02-18T19:45:00Z,941.8
2026-02-18T20:00:00Z,810.3
2026-02-18T20:15:00Z,882.5
2026-02-18T20:30:00Z,939.2
2026-02-18T20:45:00Z,925.5
2026-02-18T21:00:00Z,346.3
2026-02-18T21:15:00Z,334.0
2026-02-18T21:30:00Z,318.6
2026-02-18T21:45:00Z,321.4
2026-02-18T22:00:00Z,334.9
2026-02-18T22:15:00Z,323.3
2026-02-18T22:30:00Z,321.6
2026-02-18T22:45:00Z,323.9
2026-02-18T23:00:00Z,332.7
2026-02-18T23:15:00Z,341.8
2026-02-18T23:30:00Z,320.4
2026-02-18T23:45:00Z,315.0
2026-02-19T00:00:00Z,337.0
2026-02-19T00:15:00Z,333.5
2026-02-19T00:30:00Z,331.1
2026-02-19T00:45:00Z,306.9
2026-02-19T01:00:00Z,340.9
2026-02-19T01:15:00Z,318.7
2026-02-19T01:30:00Z,333.4
2026-02-19T01:45:00Z,338.3
2026-02-19T02:00:00Z,312.7
2026-02-19T02:15:00Z,327.5
2026-02-19T02:30:00Z,329.6
2026-02-19T02:45:00Z,338.0
2026-02-19T03:00:00Z,347.1
2026-02-19T03:15:00Z,342.5
2026-02-19T03:30:00Z,350.8
2026-02-19T03:45:00Z,306.4
2026-02-19T04:00:00Z,357.8
2026-02-19T04:15:00Z,322.3
2026-02-19T04:30:00Z,328.3
2026-02-19T04:45:00Z,320.9
2026-02-19T05:00:00Z,1024.5
2026-02-19T05:15:00Z,1054.5
2026-02-19T05:30:00Z,1151.1
2026-02-19T05:45:00Z,1016.9
2026-02-19T06:00:00Z,1062.0
2026-02-19T06:15:00Z,991.1
2026-02-19T06:30:00Z,1062.3
2026-02-19T06:45:00Z,1050.0
2026-02-19T07:00:00Z,967.4
2026-02-19T07:15:00Z,750.1
2026-02-19T07:30:00Z,734.3
2026-02-19T07:45:00Z,669.7
2026-02-19T08:00:00Z,976.4
2026-02-19T08:15:00Z,899.1
2026-02-19T08:30:00Z,634.0
2026-02-19T08:45:00Z,873.6
2026-02-19T09:00:00Z,845.9
2026-02-19T09:15:00Z,841.4
2026-02-19T09:30:00Z,711.3
2026-02-19T09:45:00Z,710.1
2026-02-19T10:00:00Z,651.1
2026-02-19T10:15:00Z,559.9
2026-02-19T10:30:00Z,624.6
2026-02-19T10:45:00Z,754.5
2026-02-19T11:00:00Z,782.3
2026-02-19T11:15:00Z,740.1
2026-02-19T11:30:00Z,736.3
2026-02-19T11:45:00Z,583.8
2026-02-19T12:00:00Z,710.0
2026-02-19T12:15:00Z,611.9
2026-02-19T12:30:00Z,725.3
2026-02-19T12:45:00Z,587.7
2026-02-19T13:00:00Z,555.0
2026-02-19T13:15:00Z,495.4
2026-02-19T13:30:00Z,809.1
2026-02-19T13:45:00Z,561.0
2026-02-19T14:00:00Z,554.8
2026-02-19T14:15:00Z,719.4
2026-02-19T14:30:00Z,630.0
2026-02-19T14:45:00Z,745.5
2026-02-19T15:00:00Z,590.4
2026-02-19T15:15:00Z,979.3
2026-02-19T15:30:00Z,924.2
2026-02-19T15:45:00Z,762.5
2026-02-19T16:00:00Z,824.8
2026-02-19T16:15:00Z,748.1
2026-02-19T16:30:00Z,823.0
2026-02-19T16:45:00Z,663.8
2026-02-19T17:00:00Z,836.2
2026-02-19T17:15:00Z,1016.8
2026-02-19T17:30:00Z,833.6
2026-02-19T17:45:00Z,726.5
2026-02-19T18:00:00Z,839.9
2026-02-19T18:15:00Z,825.9
2026-02-19T18:30:00Z,1004.8
2026-02-19T18:45:00Z,1069.2
2026-02-19T19:00:00Z,847.6
2026-02-19T19:15:00Z,1053.1
2026-02-19T19:30:00Z,946.1
2026-02-19T19:45:00Z,1028.8
2026-02-19T20:00:00Z,1031.7
2026-02-19T20:15:00Z,802.4
2026-02-19T20:30:00Z,784.6
2026-02-19T20:45:00Z,1059.2
2026-02-19T21:00:00Z,305.6
2026-02-19T21:15:00Z,320.5
2026-02-19T21:30:00Z,317.5
2026-02-19T21:45:00Z,332.0
2026-02-19T22:00:00Z,320.3
2026-02-19T22:15:00Z,328.3
2026-02-19T22:30:00Z,321.5
2026-02-19T22:45:00Z,330.1
2026-02-19T23:00:00Z,341.6
2026-02-19T23:15:00Z,325.4
2026-02-19T23:30:00Z,337.7
2026-02-19T23:45:00Z,314.8
2026-02-20T00:00:00Z,339.9
2026-02-20T00:15:00Z,349.6
2026-02-20T00:30:00Z,374.8
2026-02-20T00:45:00Z,348.1
2026-02-20T01:00:00Z,344.2
2026-02-20T01:15:00Z,336.7
2026-02-20T01:30:00Z,338.6
2026-02-20T01:45:00Z,342.0
2026-02-20T02:00:00Z,324.2
2026-02-20T02:15:00Z,343.4
2026-02-20T02:30:00Z,306.4
2026-02-20T02:45:00Z,333.8
2026-02-20T03:00:00Z,331.9
2026-02-20T03:15:00Z,319.1
2026-02-20T03:30:00Z,329.6
2026-02-20T03:45:00Z,321.5
2026-02-20T04:00:00Z,336.2
2026-02-20T04:15:00Z,343.7
2026-02-20T04:30:00Z,305.6
2026-02-20T04:45:00Z,337.3
2026-02-20T05:00:00Z,1052.3
2026-02-20T05:15:00Z,1033.7
2026-02-20T05:30:00Z,961.8
2026-02-20T05:45:00Z,1182.9
2026-02-20T06:00:00Z,1026.2
2026-02-20T06:15:00Z,904.9
2026-02-20T06:30:00Z,978.2
2026-02-20T06:45:00Z,911.3
2026-02-20T07:00:00Z,785.6
2026-02-20T07:15:00Z,969.9
2026-02-20T07:30:00Z,844.8
2026-02-20T07:45:00Z,767.7
2026-02-20T08:00:00Z,946.0
2026-02-20T08:15:00Z,894.9
2026-02-20T08:30:00Z,806.8
2026-02-20T08:45:00Z,608.6
2026-02-20T09:00:00Z,682.7
2026-02-20T09:15:00Z,647.9
2026-02-20T09:30:00Z,843.2
2026-02-20T09:45:00Z,715.6
2026-02-20T10:00:00Z,850.2
2026-02-20T10:15:00Z,719.6
2026-02-20T10:30:00Z,764.1
2026-02-20T10:45:00Z,861.8
2026-02-20T11:00:00Z,712.4
2026-02-20T11:15:00Z,586.4
2026-02-20T11:30:00Z,553.6
2026-02-20T11:45:00Z,592.9
2026-02-20T12:00:00Z,689.3
2026-02-20T12:15:00Z,633.2
2026-02-20T12:30:00Z,630.8
2026-02-20T12:45:00Z,703.6
2026-02-20T13:00:00Z,697.0
2026-02-20T13:15:00Z,665.9
2026-02-20T13:30:00Z,453.4
2026-02-20T13:45:00Z,509.8
2026-02-20T14:00:00Z,590.1
2026-02-20T14:15:00Z,635.0
2026-02-20T14:30:00Z,953.2
2026-02-20T14:45:00Z,760.6
2026-02-20T15:00:00Z,818.6
2026-02-20T15:15:00Z,853.5
2026-02-20T15:30:00Z,707.0
2026-02-20T15:45:00Z,756.4
2026-02-20T16:00:00Z,718.9
2026-02-20T16:15:00Z,678.6
2026-02-20T16:30:00Z,859.6
2026-02-20T16:45:00Z,779.6
2026-02-20T17:00:00Z,874.0
2026-02-20T17:15:00Z,790.1
2026-02-20T17:30:00Z,709.7
2026-02-20T17:45:00Z,946.6
2026-02-20T18:00:00Z,774.5
2026-02-20T18:15:00Z,970.4
2026-02-20T18:30:00Z,797.8
2026-02-20T18:45:00Z,756.5
2026-02-20T19:00:00Z,883.5
2026-02-20T19:15:00Z,1063.7
2026-02-20T19:30:00Z,1047.5
2026-02-20T19:45:00Z,791.7
2026-02-20T20:00:00Z,1026.5
2026-02-20T20:15:00Z,967.0
2026-02-20T20:30:00Z,921.0
2026-02-20T20:45:00Z,911.3
2026-02-20T21:00:00Z,340.5
2026-02-20T21:15:00Z,342.1
2026-02-20T21:30:00Z,312.2
2026-02-20T21:45:00Z,334.2
2026-02-20T22:00:00Z,336.4
2026-02-20T22:15:00Z,336.4
2026-02-20T22:30:00Z,332.6
2026-02-20T22:45:00Z,330.6
2026-02-20T23:00:00Z,343.9
2026-02-20T23:15:00Z,323.9
2026-02-20T23:30:00Z,319.7
2026-02-20T23:45:00Z,351.1
2026-02-21T00:00:00Z,324.7
2026-02-21T00:15:00Z,313.2
2026-02-21T00:30:00Z,346.6
2026-02-21T00:45:00Z,322.9
2026-02-21T01:00:00Z,328.7
2026-02-21T01:15:00Z,324.0
2026-02-21T01:30:00Z,309.1
2026-02-21T01:45:00Z,349.7
2026-02-21T02:00:00Z,342.3
2026-02-21T02:15:00Z,335.4
2026-02-21T02:30:00Z,320.7
2026-02-21T02:45:00Z,326.2
2026-02-21T03:00:00Z,329.0
2026-02-21T03:15:00Z,330.4
2026-02-21T03:30:00Z,318.9
2026-02-21T03:45:00Z,345.4
2026-02-21T04:00:00Z,337.1
2026-02-21T04:15:00Z,331.4
2026-02-21T04:30:00Z,334.1
2026-02-21T04:45:00Z,331.5
2026-02-21T05:00:00Z,341.4
2026-02-21T05:15:00Z,313.1
2026-02-21T05:30:00Z,309.3
2026-02-21T05:45:00Z,306.9
2026-02-21T06:00:00Z,304.5
2026-02-21T06:15:00Z,295.9
2026-02-21T06:30:00Z,271.5
2026-02-21T06:45:00Z,251.0
2026-02-21T07:00:00Z,205.3
2026-02-21T07:15:00Z,252.0
2026-02-21T07:30:00Z,224.5
2026-02-21T07:45:00Z,178.1
2026-02-21T08:00:00Z,110.0
2026-02-21T08:15:00Z,107.5
2026-02-21T08:30:00Z,157.3
2026-02-21T08:45:00Z,210.8
2026-02-21T09:00:00Z,191.5
2026-02-21T09:15:00Z,146.8
2026-02-21T09:30:00Z,183.9
2026-02-21T09:45:00Z,80.0
2026-02-21T10:00:00Z,80.0
2026-02-21T10:15:00Z,80.0
2026-02-21T10:30:00Z,80.0
2026-02-21T10:45:00Z,112.8
2026-02-21T11:00:00Z,80.0
2026-02-21T11:15:00Z,181.3
2026-02-21T11:30:00Z,154.1
2026-02-21T11:45:00Z,80.0
2026-02-21T12:00:00Z,80.0
2026-02-21T12:15:00Z,222.0
2026-02-21T12:30:00Z,80.0
2026-02-21T12:45:00Z,123.5
2026-02-21T13:00:00Z,80.0
2026-02-21T13:15:00Z,80.0
2026-02-21T13:30:00Z,80.0
2026-02-21T13:45:00Z,89.5
2026-02-21T14:00:00Z,209.8
2026-02-21T14:15:00Z,170.6
2026-02-21T14:30:00Z,171.2
2026-02-21T14:45:00Z,123.0
2026-02-21T15:00:00Z,186.3
2026-02-21T15:15:00Z,164.0
2026-02-21T15:30:00Z,190.9
2026-02-21T15:45:00Z,155.9
2026-02-21T16:00:00Z,235.5
2026-02-21T16:15:00Z,198.0
2026-02-21T16:30:00Z,136.3
2026-02-21T16:45:00Z,242.9
2026-02-21T17:00:00Z,236.5
2026-02-21T17:15:00Z,200.3
2026-02-21T17:30:00Z,243.4
2026-02-21T17:45:00Z,276.2
2026-02-21T18:00:00Z,297.5
2026-02-21T18:15:00Z,267.9
2026-02-21T18:30:00Z,299.4
2026-02-21T18:45:00Z,330.6
2026-02-21T19:00:00Z,329.3
2026-02-21T19:15:00Z,326.9
2026-02-21T19:30:00Z,325.0
2026-02-21T19:45:00Z,329.9
2026-02-21T20:00:00Z,331.7
2026-02-21T20:15:00Z,345.8
2026-02-21T20:30:00Z,334.3
2026-02-21T20:45:00Z,316.5
2026-02-21T21:00:00Z,353.3
2026-02-21T21:15:00Z,319.7
2026-02-21T21:30:00Z,328.1
2026-02-21T21:45:00Z,318.6
2026-02-21T22:00:00Z,330.3
2026-02-21T22:15:00Z,337.9
2026-02-21T22:30:00Z,329.3
2026-02-21T22:45:00Z,318.7
2026-02-21T23:00:00Z,348.6
2026-02-21T23:15:00Z,348.3
2026-02-21T23:30:00Z,338.3
2026-02-21T23:45:00Z,330.5
2026-02-22T00:00:00Z,327.3
2026-02-22T00:15:00Z,343.6
2026-02-22T00:30:00Z,315.9
2026-02-22T00:45:00Z,338.6
2026-02-22T01:00:00Z,316.1
2026-02-22T01:15:00Z,318.1
2026-02-22T01:30:00Z,349.5
2026-02-22T01:45:00Z,336.8
2026-02-22T02:00:00Z,329.4
2026-02-22T02:15:00Z,317.3
2026-02-22T02:30:00Z,328.6
2026-02-22T02:45:00Z,330.1
2026-02-22T03:00:00Z,345.7
2026-02-22T03:15:00Z,306.1
2026-02-22T03:30:00Z,351.9
2026-02-22T03:45:00Z,326.1
2026-02-22T04:00:00Z,325.2
2026-02-22T04:15:00Z,326.5
2026-02-22T04:30:00Z,313.1
2026-02-22T04:45:00Z,343.6
2026-02-22T05:00:00Z,328.6
2026-02-22T05:15:00Z,315.6
2026-02-22T05:30:00Z,301.8
2026-02-22T05:45:00Z,273.6
2026-02-22T06:00:00Z,265.6
2026-02-22T06:15:00Z,249.3
2026-02-22T06:30:00Z,258.1
2026-02-22T06:45:00Z,269.5
2026-02-22T07:00:00Z,271.1
2026-02-22T07:15:00Z,150.5
2026-02-22T07:30:00Z,240.6
2026-02-22T07:45:00Z,223.3
2026-02-22T08:00:00Z,260.3
2026-02-22T08:15:00Z,164.2
2026-02-22T08:30:00Z,175.4
2026-02-22T08:45:00Z,82.3
2026-02-22T09:00:00Z,116.9
2026-02-22T09:15:00Z,82.2
2026-02-22T09:30:00Z,80.0
2026-02-22T09:45:00Z,124.5
2026-02-22T10:00:00Z,169.2
2026-02-22T10:15:00Z,211.7
2026-02-22T10:30:00Z,130.7
2026-02-22T10:45:00Z,238.1
2026-02-22T11:00:00Z,180.4
2026-02-22T11:15:00Z,131.4
2026-02-22T11:30:00Z,80.0
2026-02-22T11:45:00Z,117.3
2026-02-22T12:00:00Z,157.2
2026-02-22T12:15:00Z,80.0
2026-02-22T12:30:00Z,123.6
2026-02-22T12:45:00Z,141.3
2026-02-22T13:00:00Z,168.8
2026-02-22T13:15:00Z,213.5
2026-02-22T13:30:00Z,80.0
2026-02-22T13:45:00Z,107.5
2026-02-22T14:00:00Z,108.8
2026-02-22T14:15:00Z,80.0
2026-02-22T14:30:00Z,80.0
2026-02-22T14:45:00Z,125.9
2026-02-22T15:00:00Z,80.0
2026-02-22T15:15:00Z,158.9
2026-02-22T15:30:00Z,83.9
2026-02-22T15:45:00Z,154.9
2026-02-22T16:00:00Z,230.8
2026-02-22T16:15:00Z,174.2
2026-02-22T16:30:00Z,234.8
2026-02-22T16:45:00Z,201.0
2026-02-22T17:00:00Z,278.9
2026-02-22T17:15:00Z,241.9
2026-02-22T17:30:00Z,278.5
2026-02-22T17:45:00Z,279.1
2026-02-22T18:00:00Z,275.4
2026-02-22T18:15:00Z,268.2
2026-02-22T18:30:00Z,278.0
2026-02-22T18:45:00Z,313.8
2026-02-22T19:00:00Z,333.0
2026-02-22T19:15:00Z,326.4
2026-02-22T19:30:00Z,308.1
2026-02-22T19:45:00Z,332.1
2026-02-22T20:00:00Z,342.0
2026-02-22T20:15:00Z,317.2
2026-02-22T20:30:00Z,348.7
2026-02-22T20:45:00Z,340.2
2026-02-22T21:00:00Z,310.3
2026-02-22T21:15:00Z,311.0
2026-02-22T21:30:00Z,316.1
2026-02-22T21:45:00Z,323.7
2026-02-22T22:00:00Z,330.5
2026-02-22T22:15:00Z,327.3
2026-02-22T22:30:00Z,353.5
2026-02-22T22:45:00Z,354.9
2026-02-22T23:00:00Z,343.4
2026-02-22T23:15:00Z,345.1
2026-02-22T23:30:00Z,337.1
2026-02-22T23:45:00Z,347.4
2026-02-23T00:00:00Z,337.4
2026-02-23T00:15:00Z,327.2
2026-02-23T00:30:00Z,343.7
2026-02-23T00:45:00Z,333.2
2026-02-23T01:00:00Z,315.0
2026-02-23T01:15:00Z,313.9
2026-02-23T01:30:00Z,313.3
2026-02-23T01:45:00Z,322.7
2026-02-23T02:00:00Z,316.5
2026-02-23T02:15:00Z,320.8
2026-02-23T02:30:00Z,338.6
2026-02-23T02:45:00Z,351.7
2026-02-23T03:00:00Z,338.5
2026-02-23T03:15:00Z,351.5
2026-02-23T03:30:00Z,325.4
2026-02-23T03:45:00Z,328.9
2026-02-23T04:00:00Z,335.8
2026-02-23T04:15:00Z,317.6
2026-02-23T04:30:00Z,340.6
2026-02-23T04:45:00Z,344.0
2026-02-23T05:00:00Z,1120.2
2026-02-23T05:15:00Z,1074.8
2026-02-23T05:30:00Z,1142.8
2026-02-23T05:45:00Z,984.6
2026-02-23T06:00:00Z,802.9
2026-02-23T06:15:00Z,938.3
2026-02-23T06:30:00Z,939.2
2026-02-23T06:45:00Z,779.2
2026-02-23T07:00:00Z,892.4
2026-02-23T07:15:00Z,933.5
2026-02-23T07:30:00Z,762.1
2026-02-23T07:45:00Z,834.8
2026-02-23T08:00:00Z,595.9
2026-02-23T08:15:00Z,861.7
2026-02-23T08:30:00Z,913.1
2026-02-23T08:45:00Z,644.1
2026-02-23T09:00:00Z,810.3
2026-02-23T09:15:00Z,713.9
2026-02-23T09:30:00Z,660.5
2026-02-23T09:45:00Z,727.1
2026-02-23T10:00:00Z,589.4
2026-02-23T10:15:00Z,695.2
2026-02-23T10:30:00Z,561.6
2026-02-23T10:45:00Z,610.2
2026-02-23T11:00:00Z,665.2
2026-02-23T11:15:00Z,557.1
2026-02-23T11:30:00Z,480.7
2026-02-23T11:45:00Z,481.9
2026-02-23T12:00:00Z,560.0
2026-02-23T12:15:00Z,909.8
2026-02-23T12:30:00Z,787.9
2026-02-23T12:45:00Z,649.5
2026-02-23T13:00:00Z,781.9
2026-02-23T13:15:00Z,672.5
2026-02-23T13:30:00Z,671.9
2026-02-23T13:45:00Z,552.9
2026-02-23T14:00:00Z,741.6
2026-02-23T14:15:00Z,825.3
2026-02-23T14:30:00Z,959.3
2026-02-23T14:45:00Z,719.7
2026-02-23T15:00:00Z,666.6
2026-02-23T15:15:00Z,859.9
2026-02-23T15:30:00Z,943.8
2026-02-23T15:45:00Z,828.4
2026-02-23T16:00:00Z,707.5
2026-02-23T16:15:00Z,837.6
2026-02-23T16:30:00Z,774.2
2026-02-23T16:45:00Z,710.4
2026-02-23T17:00:00Z,827.2
2026-02-23T17:15:00Z,903.6
2026-02-23T17:30:00Z,866.7
2026-02-23T17:45:00Z,987.5
2026-02-23T18:00:00Z,762.0
2026-02-23T18:15:00Z,897.7
2026-02-23T18:30:00Z,921.1
2026-02-23T18:45:00Z,808.0
2026-02-23T19:00:00Z,1088.5
2026-02-23T19:15:00Z,815.7
2026-02-23T19:30:00Z,929.3
2026-02-23T19:45:00Z,969.5
2026-02-23T20:00:00Z,817.1
2026-02-23T20:15:00Z,842.0
2026-02-23T20:30:00Z,953.1
2026-02-23T20:45:00Z,941.4
2026-02-23T21:00:00Z,324.6
2026-02-23T21:15:00Z,341.8
2026-02-23T21:30:00Z,323.8
2026-02-23T21:45:00Z,308.8
2026-02-23T22:00:00Z,325.3
2026-02-23T22:15:00Z,336.9
2026-02-23T22:30:00Z,321.5
2026-02-23T22:45:00Z,323.0
2026-02-23T23:00:00Z,330.3
2026-02-23T23:15:00Z,325.9
2026-02-23T23:30:00Z,332.6
2026-02-23T23:45:00Z,331.2
2026-02-24T00:00:00Z,331.7
2026-02-24T00:15:00Z,333.9
2026-02-24T00:30:00Z,323.7
2026-02-24T00:45:00Z,332.5
2026-02-24T01:00:00Z,328.9
2026-02-24T01:15:00Z,329.2
2026-02-24T01:30:00Z,351.7
2026-02-24T01:45:00Z,349.2
2026-02-24T02:00:00Z,309.2
2026-02-24T02:15:00Z,332.6
2026-02-24T02:30:00Z,303.8
2026-02-24T02:45:00Z,330.7
2026-02-24T03:00:00Z,309.3
2026-02-24T03:15:00Z,337.4
2026-02-24T03:30:00Z,338.1
2026-02-24T03:45:00Z,325.2
2026-02-24T04:00:00Z,339.7
2026-02-24T04:15:00Z,331.0
2026-02-24T04:30:00Z,338.8
2026-02-24T04:45:00Z,325.4
2026-02-24T05:00:00Z,1129.2
2026-02-24T05:15:00Z,1022.3
2026-02-24T05:30:00Z,997.3
2026-02-24T05:45:00Z,1188.0
2026-02-24T06:00:00Z,1105.3
2026-02-24T06:15:00Z,1100.5
2026-02-24T06:30:00Z,885.1
2026-02-24T06:45:00Z,896.3
2026-02-24T07:00:00Z,871.2
2026-02-24T07:15:00Z,777.8
2026-02-24T07:30:00Z,735.5
2026-02-24T07:45:00Z,697.3
2026-02-24T08:00:00Z,821.2
2026-02-24T08:15:00Z,655.3
2026-02-24T08:30:00Z,739.2
2026-02-24T08:45:00Z,835.2
2026-02-24T09:00:00Z,608.0
2026-02-24T09:15:00Z,658.0
2026-02-24T09:30:00Z,715.8
2026-02-24T09:45:00Z,708.9
2026-02-24T10:00:00Z,824.2
2026-02-24T10:15:00Z,586.4
2026-02-24T10:30:00Z,634.3
2026-02-24T10:45:00Z,769.5
2026-02-24T11:00:00Z,939.8
2026-02-24T11:15:00Z,817.4
2026-02-24T11:30:00Z,647.2
2026-02-24T11:45:00Z,494.9
2026-02-24T12:00:00Z,620.4
2026-02-24T12:15:00Z,622.2
2026-02-24T12:30:00Z,592.2
2026-02-24T12:45:00Z,426.7
2026-02-24T13:00:00Z,684.4
2026-02-24T13:15:00Z,748.8
2026-02-24T13:30:00Z,709.7
2026-02-24T13:45:00Z,764.8
2026-02-24T14:00:00Z,922.9
2026-02-24T14:15:00Z,583.4
2026-02-24T14:30:00Z,912.0
2026-02-24T14:45:00Z,678.7
2026-02-24T15:00:00Z,928.7
2026-02-24T15:15:00Z,564.9
2026-02-24T15:30:00Z,785.7
2026-02-24T15:45:00Z,572.5
2026-02-24T16:00:00Z,861.7
2026-02-24T16:15:00Z,885.2
2026-02-24T16:30:00Z,624.4
2026-02-24T16:45:00Z,876.0
2026-02-24T17:00:00Z,764.7
2026-02-24T17:15:00Z,797.9
2026-02-24T17:30:00Z,729.3
2026-02-24T17:45:00Z,885.2
2026-02-24T18:00:00Z,718.8
2026-02-24T18:15:00Z,957.9
2026-02-24T18:30:00Z,800.3
2026-02-24T18:45:00Z,1021.0
2026-02-24T19:00:00Z,1047.3
2026-02-24T19:15:00Z,992.4
2026-02-24T19:30:00Z,854.3
2026-02-24T19:45:00Z,1037.6
2026-02-24T20:00:00Z,949.6
2026-02-24T20:15:00Z,827.3
2026-02-24T20:30:00Z,964.1
2026-02-24T20:45:00Z,1024.4
2026-02-24T21:00:00Z,324.9
2026-02-24T21:15:00Z,336.5
2026-02-24T21:30:00Z,311.2
2026-02-24T21:45:00Z,322.8
2026-02-24T22:00:00Z,333.3
2026-02-24T22:15:00Z,339.2
2026-02-24T22:30:00Z,319.3
2026-02-24T22:45:00Z,337.1
2026-02-24T23:00:00Z,314.3
2026-02-24T23:15:00Z,324.4
2026-02-24T23:30:00Z,348.5
2026-02-24T23:45:00Z,352.0
2026-02-25T00:00:00Z,323.6
2026-02-25T00:15:00Z,311.4
2026-02-25T00:30:00Z,330.5
2026-02-25T00:45:00Z,322.6
2026-02-25T01:00:00Z,315.9
2026-02-25T01:15:00Z,346.1
2026-02-25T01:30:00Z,300.9
2026-02-25T01:45:00Z,336.1
2026-02-25T02:00:00Z,313.9
2026-02-25T02:15:00Z,349.7
2026-02-25T02:30:00Z,304.5
2026-02-25T02:45:00Z,316.1
2026-02-25T03:00:00Z,328.5
2026-02-25T03:15:00Z,329.5
2026-02-25T03:30:00Z,323.3
2026-02-25T03:45:00Z,313.7
2026-02-25T04:00:00Z,332.0
2026-02-25T04:15:00Z,336.4
2026-02-25T04:30:00Z,325.3
2026-02-25T04:45:00Z,344.3
2026-02-25T05:00:00Z,1097.2
2026-02-25T05:15:00Z,1112.8
2026-02-25T05:30:00Z,1188.0
2026-02-25T05:45:00Z,982.8
2026-02-25T06:00:00Z,945.5
2026-02-25T06:15:00Z,719.2
2026-02-25T06:30:00Z,953.1
2026-02-25T06:45:00Z,1100.9
2026-02-25T07:00:00Z,788.7
2026-02-25T07:15:00Z,955.4
2026-02-25T07:30:00Z,841.8
2026-02-25T07:45:00Z,614.4
2026-02-25T08:00:00Z,753.1
2026-02-25T08:15:00Z,692.7
2026-02-25T08:30:00Z,678.9
2026-02-25T08:45:00Z,772.7
2026-02-25T09:00:00Z,917.0
2026-02-25T09:15:00Z,723.7
2026-02-25T09:30:00Z,736.5
2026-02-25T09:45:00Z,489.0
2026-02-25T10:00:00Z,618.8
2026-02-25T10:15:00Z,528.1
2026-02-25T10:30:00Z,527.8
2026-02-25T10:45:00Z,549.9
2026-02-25T11:00:00Z,651.2
2026-02-25T11:15:00Z,721.2
2026-02-25T11:30:00Z,688.1
2026-02-25T11:45:00Z,864.9
2026-02-25T12:00:00Z,659.6
2026-02-25T12:15:00Z,577.2
2026-02-25T12:30:00Z,566.8
2026-02-25T12:45:00Z,659.8
2026-02-25T13:00:00Z,807.8
2026-02-25T13:15:00Z,882.4
2026-02-25T13:30:00Z,844.3
2026-02-25T13:45:00Z,745.0
2026-02-25T14:00:00Z,583.9
2026-02-25T14:15:00Z,671.5
2026-02-25T14:30:00Z,693.3
2026-02-25T14:45:00Z,885.2
2026-02-25T15:00:00Z,690.7
2026-02-25T15:15:00Z,774.4
2026-02-25T15:30:00Z,658.4
2026-02-25T15:45:00Z,674.8
2026-02-25T16:00:00Z,890.1
2026-02-25T16:15:00Z,942.1
2026-02-25T16:30:00Z,836.6
2026-02-25T16:45:00Z,822.3
2026-02-25T17:00:00Z,824.9
2026-02-25T17:15:00Z,743.8
2026-02-25T17:30:00Z,905.5
2026-02-25T17:45:00Z,809.6
2026-02-25T18:00:00Z,929.7
2026-02-25T18:15:00Z,755.6
2026-02-25T18:30:00Z,900.3
2026-02-25T18:45:00Z,982.4
2026-02-25T19:00:00Z,797.2
2026-02-25T19:15:00Z,985.0
2026-02-25T19:30:00Z,798.9
2026-02-25T19:45:00Z,1011.9
2026-02-25T20:00:00Z,1067.7
2026-02-25T20:15:00Z,918.1
2026-02-25T20:30:00Z,1027.6
2026-02-25T20:45:00Z,947.0
2026-02-25T21:00:00Z,349.9
2026-02-25T21:15:00Z,328.3
2026-02-25T21:30:00Z,338.1
2026-02-25T21:45:00Z,318.8
2026-02-25T22:00:00Z,337.2
2026-02-25T22:15:00Z,312.9
2026-02-25T22:30:00Z,326.8
2026-02-25T22:45:00Z,324.0
2026-02-25T23:00:00Z,328.4
2026-02-25T23:15:00Z,322.6
2026-02-25T23:30:00Z,324.9
2026-02-25T23:45:00Z,309.1
2026-02-26T00:00:00Z,341.2
2026-02-26T00:15:00Z,315.6
2026-02-26T00:30:00Z,328.0
2026-02-26T00:45:00Z,324.7
2026-02-26T01:00:00Z,318.2
2026-02-26T01:15:00Z,329.4
2026-02-26T01:30:00Z,329.7
2026-02-26T01:45:00Z,309.0
2026-02-26T02:00:00Z,333.5
2026-02-26T02:15:00Z,334.0
2026-02-26T02:30:00Z,325.9
2026-02-26T02:45:00Z,336.8
2026-02-26T03:00:00Z,305.9
2026-02-26T03:15:00Z,335.3
2026-02-26T03:30:00Z,329.7
2026-02-26T03:45:00Z,320.1
2026-02-26T04:00:00Z,323.9
2026-02-26T04:15:00Z,347.3
2026-02-26T04:30:00Z,364.8
2026-02-26T04:45:00Z,325.1
2026-02-26T05:00:00Z,906.4
2026-02-26T05:15:00Z,1173.4
2026-02-26T05:30:00Z,869.0
2026-02-26T05:45:00Z,1017.7
2026-02-26T06:00:00Z,970.3
2026-02-26T06:15:00Z,968.4
2026-02-26T06:30:00Z,773.1
2026-02-26T06:45:00Z,945.9
2026-02-26T07:00:00Z,824.3
2026-02-26T07:15:00Z,810.8
2026-02-26T07:30:00Z,877.7
2026-02-26T07:45:00Z,688.1
2026-02-26T08:00:00Z,840.3
2026-02-26T08:15:00Z,720.3
2026-02-26T08:30:00Z,771.2
2026-02-26T08:45:00Z,626.7
2026-02-26T09:00:00Z,728.9
2026-02-26T09:15:00Z,700.1
2026-02-26T09:30:00Z,646.0
2026-02-26T09:45:00Z,517.5
2026-02-26T10:00:00Z,680.3
2026-02-26T10:15:00Z,906.5
2026-02-26T10:30:00Z,503.3
2026-02-26T10:45:00Z,557.8
2026-02-26T11:00:00Z,835.9
2026-02-26T11:15:00Z,810.1
2026-02-26T11:30:00Z,921.9
2026-02-26T11:45:00Z,654.5
2026-02-26T12:00:00Z,643.0
2026-02-26T12:15:00Z,587.2
2026-02-26T12:30:00Z,726.4
2026-02-26T12:45:00Z,650.5
2026-02-26T13:00:00Z,570.8
2026-02-26T13:15:00Z,742.5
2026-02-26T13:30:00Z,648.1
2026-02-26T13:45:00Z,601.7
2026-02-26T14:00:00Z,829.5
2026-02-26T14:15:00Z,456.4
2026-02-26T14:30:00Z,663.7
2026-02-26T14:45:00Z,802.8
2026-02-26T15:00:00Z,751.9
2026-02-26T15:15:00Z,859.1
2026-02-26T15:30:00Z,620.2
2026-02-26T15:45:00Z,876.2
2026-02-26T16:00:00Z,672.5
2026-02-26T16:15:00Z,572.7
2026-02-26T16:30:00Z,674.0
2026-02-26T16:45:00Z,717.2
2026-02-26T17:00:00Z,765.3
2026-02-26T17:15:00Z,887.9
2026-02-26T17:30:00Z,978.6
2026-02-26T17:45:00Z,690.3
2026-02-26T18:00:00Z,929.9
2026-02-26T18:15:00Z,763.0
2026-02-26T18:30:00Z,892.7
2026-02-26T18:45:00Z,842.7
2026-02-26T19:00:00Z,890.6
2026-02-26T19:15:00Z,835.0
2026-02-26T19:30:00Z,813.9
2026-02-26T19:45:00Z,869.2
2026-02-26T20:00:00Z,1039.6
2026-02-26T20:15:00Z,1013.5
2026-02-26T20:30:00Z,985.9
2026-02-26T20:45:00Z,891.8
2026-02-26T21:00:00Z,329.4
2026-02-26T21:15:00Z,338.0
2026-02-26T21:30:00Z,328.1
2026-02-26T21:45:00Z,328.2
2026-02-26T22:00:00Z,325.8
2026-02-26T22:15:00Z,356.0
2026-02-26T22:30:00Z,330.2
2026-02-26T22:45:00Z,323.0
2026-02-26T23:00:00Z,340.7
2026-02-26T23:15:00Z,331.3
2026-02-26T23:30:00Z,335.3
2026-02-26T23:45:00Z,323.4
2026-02-27T00:00:00Z,334.1
2026-02-27T00:15:00Z,318.9
2026-02-27T00:30:00Z,323.9
2026-02-27T00:45:00Z,322.5
2026-02-27T01:00:00Z,317.9
2026-02-27T01:15:00Z,334.4
2026-02-27T01:30:00Z,317.4
2026-02-27T01:45:00Z,340.0
2026-02-27T02:00:00Z,339.3
2026-02-27T02:15:00Z,317.8
2026-02-27T02:30:00Z,325.3
2026-02-27T02:45:00Z,328.5
2026-02-27T03:00:00Z,345.9
2026-02-27T03:15:00Z,330.1
2026-02-27T03:30:00Z,345.1
2026-02-27T03:45:00Z,337.9
2026-02-27T04:00:00Z,329.5
2026-02-27T04:15:00Z,356.0
2026-02-27T04:30:00Z,338.5
2026-02-27T04:45:00Z,325.6
2026-02-27T05:00:00Z,1188.0
2026-02-27T05:15:00Z,947.8
2026-02-27T05:30:00Z,1043.1
2026-02-27T05:45:00Z,870.8
2026-02-27T06:00:00Z,904.9
2026-02-27T06:15:00Z,1039.5
2026-02-27T06:30:00Z,1010.3
2026-02-27T06:45:00Z,1038.3
2026-02-27T07:00:00Z,851.2
2026-02-27T07:15:00Z,960.3
2026-02-27T07:30:00Z,815.7
2026-02-27T07:45:00Z,926.1
2026-02-27T08:00:00Z,844.2
2026-02-27T08:15:00Z,516.8
2026-02-27T08:30:00Z,913.3
2026-02-27T08:45:00Z,813.5
2026-02-27T09:00:00Z,827.0
2026-02-27T09:15:00Z,788.6
2026-02-27T09:30:00Z,735.6
2026-02-27T09:45:00Z,594.2
2026-02-27T10:00:00Z,473.3
2026-02-27T10:15:00Z,718.1
2026-02-27T10:30:00Z,626.6
2026-02-27T10:45:00Z,577.8
2026-02-27T11:00:00Z,726.5
2026-02-27T11:15:00Z,516.5
2026-02-27T11:30:00Z,484.4
2026-02-27T11:45:00Z,568.1
2026-02-27T12:00:00Z,675.0
2026-02-27T12:15:00Z,809.4
2026-02-27T12:30:00Z,524.3
2026-02-27T12:45:00Z,754.9
2026-02-27T13:00:00Z,686.8
2026-02-27T13:15:00Z,534.5
2026-02-27T13:30:00Z,526.7
2026-02-27T13:45:00Z,514.0
2026-02-27T14:00:00Z,770.2
2026-02-27T14:15:00Z,795.7
2026-02-27T14:30:00Z,753.4
2026-02-27T14:45:00Z,635.6
2026-02-27T15:00:00Z,707.6
2026-02-27T15:15:00Z,514.4
2026-02-27T15:30:00Z,839.3
2026-02-27T15:45:00Z,641.6
2026-02-27T16:00:00Z,892.9
2026-02-27T16:15:00Z,948.6
2026-02-27T16:30:00Z,788.7
2026-02-27T16:45:00Z,899.8
2026-02-27T17:00:00Z,882.9
2026-02-27T17:15:00Z,848.9
2026-02-27T17:30:00Z,801.7
2026-02-27T17:45:00Z,913.9
2026-02-27T18:00:00Z,852.2
2026-02-27T18:15:00Z,885.9
2026-02-27T18:30:00Z,968.8
2026-02-27T18:45:00Z,843.2
2026-02-27T19:00:00Z,972.3
2026-02-27T19:15:00Z,1011.6
2026-02-27T19:30:00Z,923.5
2026-02-27T19:45:00Z,1063.9
2026-02-27T20:00:00Z,903.4
2026-02-27T20:15:00Z,873.5
2026-02-27T20:30:00Z,1057.3
2026-02-27T20:45:00Z,787.4
2026-02-27T21:00:00Z,324.6
2026-02-27T21:15:00Z,339.4
2026-02-27T21:30:00Z,315.1
2026-02-27T21:45:00Z,312.5
2026-02-27T22:00:00Z,323.1
2026-02-27T22:15:00Z,315.3
2026-02-27T22:30:00Z,322.4
2026-02-27T22:45:00Z,329.6
2026-02-27T23:00:00Z,302.2
2026-02-27T23:15:00Z,334.6
2026-02-27T23:30:00Z,345.2
2026-02-27T23:45:00Z,336.5
2026-02-28T00:00:00Z,344.0
2026-02-28T00:15:00Z,305.3
2026-02-28T00:30:00Z,329.7
2026-02-28T00:45:00Z,301.0
2026-02-28T01:00:00Z,332.7
2026-02-28T01:15:00Z,326.5
2026-02-28T01:30:00Z,338.0
2026-02-28T01:45:00Z,329.7
2026-02-28T02:00:00Z,318.6
2026-02-28T02:15:00Z,332.3
2026-02-28T02:30:00Z,326.5
2026-02-28T02:45:00Z,319.7
2026-02-28T03:00:00Z,307.1
2026-02-28T03:15:00Z,339.9
2026-02-28T03:30:00Z,332.7
2026-02-28T03:45:00Z,344.7
2026-02-28T04:00:00Z,339.5
2026-02-28T04:15:00Z,330.3
2026-02-28T04:30:00Z,335.0
2026-02-28T04:45:00Z,297.8
2026-02-28T05:00:00Z,352.5
2026-02-28T05:15:00Z,317.3
2026-02-28T05:30:00Z,290.4
2026-02-28T05:45:00Z,298.8
2026-02-28T06:00:00Z,283.5
2026-02-28T06:15:00Z,254.3
2026-02-28T06:30:00Z,298.1
2026-02-28T06:45:00Z,219.5
2026-02-28T07:00:00Z,261.1
2026-02-28T07:15:00Z,194.8
2026-02-28T07:30:00Z,252.3
2026-02-28T07:45:00Z,150.0
2026-02-28T08:00:00Z,181.8
2026-02-28T08:15:00Z,160.4
2026-02-28T08:30:00Z,106.2
2026-02-28T08:45:00Z,153.6
2026-02-28T09:00:00Z,90.1
2026-02-28T09:15:00Z,80.0
2026-02-28T09:30:00Z,187.6
2026-02-28T09:45:00Z,150.1
2026-02-28T10:00:00Z,80.0
2026-02-28T10:15:00Z,176.5
2026-02-28T10:30:00Z,216.4
2026-02-28T10:45:00Z,80.0
2026-02-28T11:00:00Z,80.0
2026-02-28T11:15:00Z,191.8
2026-02-28T11:30:00Z,80.0
2026-02-28T11:45:00Z,80.0
2026-02-28T12:00:00Z,80.0
2026-02-28T12:15:00Z,80.0
2026-02-28T12:30:00Z,222.1
2026-02-28T12:45:00Z,151.3
2026-02-28T13:00:00Z,186.8
2026-02-28T13:15:00Z,80.0
2026-02-28T13:30:00Z,80.0
2026-02-28T13:45:00Z,80.0
2026-02-28T14:00:00Z,213.1
2026-02-28T14:15:00Z,102.8
2026-02-28T14:30:00Z,185.2
2026-02-28T14:45:00Z,247.8
2026-02-28T15:00:00Z,165.3
2026-02-28T15:15:00Z,80.0
2026-02-28T15:30:00Z,108.6
2026-02-28T15:45:00Z,80.0
2026-02-28T16:00:00Z,163.0
2026-02-28T16:15:00Z,241.6
2026-02-28T16:30:00Z,211.7
2026-02-28T16:45:00Z,259.6
2026-02-28T17:00:00Z,230.3
2026-02-28T17:15:00Z,221.2
2026-02-28T17:30:00Z,247.3
2026-02-28T17:45:00Z,204.5
2026-02-28T18:00:00Z,281.0
2026-02-28T18:15:00Z,322.2
2026-02-28T18:30:00Z,274.5
2026-02-28T18:45:00Z,339.0
2026-02-28T19:00:00Z,340.9
2026-02-28T19:15:00Z,330.6
2026-02-28T19:30:00Z,310.8
2026-02-28T19:45:00Z,310.4
2026-02-28T20:00:00Z,333.9
2026-02-28T20:15:00Z,312.6
2026-02-28T20:30:00Z,328.0
2026-02-28T20:45:00Z,350.3
2026-02-28T21:00:00Z,326.1
2026-02-28T21:15:00Z,339.0
2026-02-28T21:30:00Z,347.4
2026-02-28T21:45:00Z,335.8
2026-02-28T22:00:00Z,330.5
2026-02-28T22:15:00Z,326.3
2026-02-28T22:30:00Z,329.6
2026-02-28T22:45:00Z,326.9
2026-02-28T23:00:00Z,347.3
2026-02-28T23:15:00Z,334.0
2026-02-28T23:30:00Z,327.2
2026-02-28T23:45:00Z,323.9
2026-03-01T00:00:00Z,323.8
2026-03-01T00:15:00Z,347.6
2026-03-01T00:30:00Z,320.0
2026-03-01T00:45:00Z,340.7
2026-03-01T01:00:00Z,347.2
2026-03-01T01:15:00Z,345.1
2026-03-01T01:30:00Z,311.2
2026-03-01T01:45:00Z,336.4
2026-03-01T02:00:00Z,318.7
2026-03-01T02:15:00Z,331.7
2026-03-01T02:30:00Z,322.3
2026-03-01T02:45:00Z,344.0
2026-03-01T03:00:00Z,330.0
2026-03-01T03:15:00Z,334.3
2026-03-01T03:30:00Z,324.9
2026-03-01T03:45:00Z,347.4
2026-03-01T04:00:00Z,334.2
2026-03-01T04:15:00Z,319.4
2026-03-01T04:30:00Z,346.5
2026-03-01T04:45:00Z,355.2
2026-03-01T05:00:00Z,319.4
2026-03-01T05:15:00Z,316.3
2026-03-01T05:30:00Z,315.2
2026-03-01T05:45:00Z,317.0
2026-03-01T06:00:00Z,292.9
2026-03-01T06:15:00Z,284.8
2026-03-01T06:30:00Z,264.5
2026-03-01T06:45:00Z,178.9
2026-03-01T07:00:00Z,289.6
2026-03-01T07:15:00Z,262.3
2026-03-01T07:30:00Z,177.8
2026-03-01T07:45:00Z,128.5
2026-03-01T08:00:00Z,213.4
2026-03-01T08:15:00Z,241.3
2026-03-01T08:30:00Z,178.4
2026-03-01T08:45:00Z,87.0
2026-03-01T09:00:00Z,165.5
2026-03-01T09:15:00Z,128.0
2026-03-01T09:30:00Z,143.4
2026-03-01T09:45:00Z,80.0
2026-03-01T10:00:00Z,86.4
2026-03-01T10:15:00Z,119.8
2026-03-01T10:30:00Z,92.5
2026-03-01T10:45:00Z,181.0
2026-03-01T11:00:00Z,80.0
2026-03-01T11:15:00Z,167.6
2026-03-01T11:30:00Z,186.4
2026-03-01T11:45:00Z,93.4
2026-03-01T12:00:00Z,80.0
2026-03-01T12:15:00Z,80.0
2026-03-01T12:30:00Z,182.2
2026-03-01T12:45:00Z,80.0
2026-03-01T13:00:00Z,80.0
2026-03-01T13:15:00Z,80.0
2026-03-01T13:30:00Z,149.8
2026-03-01T13:45:00Z,204.4
2026-03-01T14:00:00Z,131.1
2026-03-01T14:15:00Z,184.2
2026-03-01T14:30:00Z,80.0
2026-03-01T14:45:00Z,83.5
2026-03-01T15:00:00Z,201.4
2026-03-01T15:15:00Z,80.0
2026-03-01T15:30:00Z,124.9
2026-03-01T15:45:00Z,245.4
2026-03-01T16:00:00Z,235.9
2026-03-01T16:15:00Z,241.4
2026-03-01T16:30:00Z,123.6
2026-03-01T16:45:00Z,155.3
2026-03-01T17:00:00Z,252.7
2026-03-01T17:15:00Z,188.8
2026-03-01T17:30:00Z,243.8
2026-03-01T17:45:00Z,219.3
2026-03-01T18:00:00Z,256.2
2026-03-01T18:15:00Z,329.5
2026-03-01T18:30:00Z,331.5
2026-03-01T18:45:00Z,309.6
2026-03-01T19:00:00Z,331.9
2026-03-01T19:15:00Z,352.4
2026-03-01T19:30:00Z,341.2
2026-03-01T19:45:00Z,318.5
2026-03-01T20:00:00Z,340.1
2026-03-01T20:15:00Z,316.1
2026-03-01T20:30:00Z,341.6
2026-03-01T20:45:00Z,347.9
2026-03-01T21:00:00Z,310.7
2026-03-01T21:15:00Z,311.6
2026-03-01T21:30:00Z,325.7
2026-03-01T21:45:00Z,341.9
2026-03-01T22:00:00Z,334.8
2026-03-01T22:15:00Z,317.9
2026-03-01T22:30:00Z,331.5
2026-03-01T22:45:00Z,348.0
2026-03-01T23:00:00Z,323.6
2026-03-01T23:15:00Z,343.5
2026-03-01T23:30:00Z,324.4
2026-03-01T23:45:00Z,320.6
2026-03-02T00:00:00Z,328.4
2026-03-02T00:15:00Z,317.8
2026-03-02T00:30:00Z,340.7
2026-03-02T00:45:00Z,326.9
2026-03-02T01:00:00Z,324.4
2026-03-02T01:15:00Z,311.0
2026-03-02T01:30:00Z,342.8
2026-03-02T01:45:00Z,334.8
2026-03-02T02:00:00Z,335.8
2026-03-02T02:15:00Z,333.8
2026-03-02T02:30:00Z,325.5
2026-03-02T02:45:00Z,338.2
2026-03-02T03:00:00Z,325.4
2026-03-02T03:15:00Z,338.4
2026-03-02T03:30:00Z,339.6
2026-03-02T03:45:00Z,339.1
2026-03-02T04:00:00Z,330.1
2026-03-02T04:15:00Z,313.1
2026-03-02T04:30:00Z,355.8
2026-03-02T04:45:00Z,320.9
2026-03-02T05:00:00Z,1042.3
2026-03-02T05:15:00Z,804.6
2026-03-02T05:30:00Z,852.9
2026-03-02T05:45:00Z,892.8
2026-03-02T06:00:00Z,918.8
2026-03-02T06:15:00Z,779.0
2026-03-02T06:30:00Z,1049.1
2026-03-02T06:45:00Z,935.7
2026-03-02T07:00:00Z,776.3
2026-03-02T07:15:00Z,790.4
2026-03-02T07:30:00Z,855.2
2026-03-02T07:45:00Z,589.1
2026-03-02T08:00:00Z,744.4
2026-03-02T08:15:00Z,741.4
2026-03-02T08:30:00Z,666.0
2026-03-02T08:45:00Z,650.1
2026-03-02T09:00:00Z,695.1
2026-03-02T09:15:00Z,816.8
2026-03-02T09:30:00Z,841.6
2026-03-02T09:45:00Z,671.7
2026-03-02T10:00:00Z,844.4
2026-03-02T10:15:00Z,615.9
2026-03-02T10:30:00Z,618.8
2026-03-02T10:45:00Z,719.8
2026-03-02T11:00:00Z,700.6
2026-03-02T11:15:00Z,798.2
2026-03-02T11:30:00Z,612.7
2026-03-02T11:45:00Z,655.0
2026-03-02T12:00:00Z,626.5
2026-03-02T12:15:00Z,832.3
2026-03-02T12:30:00Z,583.1
2026-03-02T12:45:00Z,537.4
2026-03-02T13:00:00Z,666.4
2026-03-02T13:15:00Z,890.4
2026-03-02T13:30:00Z,820.5
2026-03-02T13:45:00Z,651.2
2026-03-02T14:00:00Z,805.2
2026-03-02T14:15:00Z,675.3
2026-03-02T14:30:00Z,668.9
2026-03-02T14:45:00Z,706.4
2026-03-02T15:00:00Z,551.5
2026-03-02T15:15:00Z,689.7
2026-03-02T15:30:00Z,681.8
2026-03-02T15:45:00Z,617.6
2026-03-02T16:00:00Z,659.0
2026-03-02T16:15:00Z,804.6
2026-03-02T16:30:00Z,727.8
2026-03-02T16:45:00Z,753.1
2026-03-02T17:00:00Z,765.4
2026-03-02T17:15:00Z,763.9
2026-03-02T17:30:00Z,929.1
2026-03-02T17:45:00Z,837.5
2026-03-02T18:00:00Z,944.6
2026-03-02T18:15:00Z,901.4
2026-03-02T18:30:00Z,882.4
2026-03-02T18:45:00Z,944.3
2026-03-02T19:00:00Z,801.6
2026-03-02T19:15:00Z,1076.4
2026-03-02T19:30:00Z,911.0
2026-03-02T19:45:00Z,955.5
2026-03-02T20:00:00Z,810.3
2026-03-02T20:15:00Z,807.6
2026-03-02T20:30:00Z,1023.0
2026-03-02T20:45:00Z,1074.8
2026-03-02T21:00:00Z,321.3
2026-03-02T21:15:00Z,323.1
2026-03-02T21:30:00Z,337.2
2026-03-02T21:45:00Z,335.2
2026-03-02T22:00:00Z,357.5
2026-03-02T22:15:00Z,331.5
2026-03-02T22:30:00Z,321.3
2026-03-02T22:45:00Z,327.9
2026-03-02T23:00:00Z,351.0
2026-03-02T23:15:00Z,341.9
2026-03-02T23:30:00Z,327.4
2026-03-02T23:45:00Z,334.8
2026-03-03T00:00:00Z,339.4
2026-03-03T00:15:00Z,327.1
2026-03-03T00:30:00Z,328.5
2026-03-03T00:45:00Z,306.3
2026-03-03T01:00:00Z,328.5
2026-03-03T01:15:00Z,330.2
2026-03-03T01:30:00Z,321.2
2026-03-03T01:45:00Z,351.5
2026-03-03T02:00:00Z,342.2
2026-03-03T02:15:00Z,318.9
2026-03-03T02:30:00Z,313.4
2026-03-03T02:45:00Z,339.0
2026-03-03T03:00:00Z,326.6
2026-03-03T03:15:00Z,328.5
2026-03-03T03:30:00Z,330.8
2026-03-03T03:45:00Z,325.1
2026-03-03T04:00:00Z,318.1
2026-03-03T04:15:00Z,354.2
2026-03-03T04:30:00Z,326.6
2026-03-03T04:45:00Z,333.0
2026-03-03T05:00:00Z,1188.0
2026-03-03T05:15:00Z,1005.5
2026-03-03T05:30:00Z,916.5
2026-03-03T05:45:00Z,971.0
2026-03-03T06:00:00Z,1024.6
2026-03-03T06:15:00Z,997.7
2026-03-03T06:30:00Z,1024.4
2026-03-03T06:45:00Z,901.9
2026-03-03T07:00:00Z,786.5
2026-03-03T07:15:00Z,822.1
2026-03-03T07:30:00Z,939.1
2026-03-03T07:45:00Z,647.0
2026-03-03T08:00:00Z,730.6
2026-03-03T08:15:00Z,853.7
2026-03-03T08:30:00Z,874.4
2026-03-03T08:45:00Z,649.6
2026-03-03T09:00:00Z,495.1
2026-03-03T09:15:00Z,919.6
2026-03-03T09:30:00Z,586.0
2026-03-03T09:45:00Z,739.3
2026-03-03T10:00:00Z,859.4
2026-03-03T10:15:00Z,710.3
2026-03-03T10:30:00Z,728.4
2026-03-03T10:45:00Z,416.9
2026-03-03T11:00:00Z,611.1
2026-03-03T11:15:00Z,558.6
2026-03-03T11:30:00Z,635.1
2026-03-03T11:45:00Z,497.5
2026-03-03T12:00:00Z,583.4
2026-03-03T12:15:00Z,584.1
2026-03-03T12:30:00Z,611.5
2026-03-03T12:45:00Z,640.7
2026-03-03T13:00:00Z,927.1
2026-03-03T13:15:00Z,894.0
2026-03-03T13:30:00Z,698.6
2026-03-03T13:45:00Z,527.9
2026-03-03T14:00:00Z,940.9
2026-03-03T14:15:00Z,808.6
2026-03-03T14:30:00Z,786.7
2026-03-03T14:45:00Z,816.1
2026-03-03T15:00:00Z,804.3
2026-03-03T15:15:00Z,736.1
2026-03-03T15:30:00Z,582.7
2026-03-03T15:45:00Z,799.7
2026-03-03T16:00:00Z,762.7
2026-03-03T16:15:00Z,763.5
2026-03-03T16:30:00Z,772.5
2026-03-03T16:45:00Z,823.3
2026-03-03T17:00:00Z,802.3
2026-03-03T17:15:00Z,868.0
2026-03-03T17:30:00Z,973.9
2026-03-03T17:45:00Z,925.3
2026-03-03T18:00:00Z,936.1
2026-03-03T18:15:00Z,784.2
2026-03-03T18:30:00Z,775.4
2026-03-03T18:45:00Z,1041.5
2026-03-03T19:00:00Z,1033.8
2026-03-03T19:15:00Z,931.0
2026-03-03T19:30:00Z,865.4
2026-03-03T19:45:00Z,830.6
2026-03-03T20:00:00Z,898.2
2026-03-03T20:15:00Z,1003.3
2026-03-03T20:30:00Z,924.2
2026-03-03T20:45:00Z,852.2
2026-03-03T21:00:00Z,352.6
2026-03-03T21:15:00Z,313.0
2026-03-03T21:30:00Z,346.6
2026-03-03T21:45:00Z,339.1
2026-03-03T22:00:00Z,326.5
2026-03-03T22:15:00Z,322.4
2026-03-03T22:30:00Z,316.3
2026-03-03T22:45:00Z,323.3
2026-03-03T23:00:00Z,331.6
2026-03-03T23:15:00Z,317.5
2026-03-03T23:30:00Z,348.9
2026-03-03T23:45:00Z,325.7
2026-03-04T00:00:00Z,329.6
2026-03-04T00:15:00Z,318.4
2026-03-04T00:30:00Z,320.8
2026-03-04T00:45:00Z,340.2
2026-03-04T01:00:00Z,304.1
2026-03-04T01:15:00Z,334.9
2026-03-04T01:30:00Z,346.5
2026-03-04T01:45:00Z,339.3
2026-03-04T02:00:00Z,345.6
2026-03-04T02:15:00Z,320.6
2026-03-04T02:30:00Z,354.5
2026-03-04T02:45:00Z,336.0
2026-03-04T03:00:00Z,332.1
2026-03-04T03:15:00Z,321.8
2026-03-04T03:30:00Z,321.5
2026-03-04T03:45:00Z,329.3
2026-03-04T04:00:00Z,329.6
2026-03-04T04:15:00Z,343.0
2026-03-04T04:30:00Z,340.9
2026-03-04T04:45:00Z,332.2
2026-03-04T05:00:00Z,1022.4
2026-03-04T05:15:00Z,1045.8
2026-03-04T05:30:00Z,902.6
2026-03-04T05:45:00Z,830.6
2026-03-04T06:00:00Z,978.7
2026-03-04T06:15:00Z,1040.9
2026-03-04T06:30:00Z,907.3
2026-03-04T06:45:00Z,918.4
2026-03-04T07:00:00Z,816.5
2026-03-04T07:15:00Z,931.2
2026-03-04T07:30:00Z,881.3
2026-03-04T07:45:00Z,833.6
2026-03-04T08:00:00Z,820.0
2026-03-04T08:15:00Z,804.4
2026-03-04T08:30:00Z,749.5
2026-03-04T08:45:00Z,780.7
2026-03-04T09:00:00Z,677.2
2026-03-04T09:15:00Z,651.3
2026-03-04T09:30:00Z,488.4
2026-03-04T09:45:00Z,884.2
2026-03-04T10:00:00Z,740.5
2026-03-04T10:15:00Z,530.3
2026-03-04T10:30:00Z,659.3
2026-03-04T10:45:00Z,896.2
2026-03-04T11:00:00Z,562.2
2026-03-04T11:15:00Z,752.6
2026-03-04T11:30:00Z,851.8
2026-03-04T11:45:00Z,713.6
2026-03-04T12:00:00Z,741.5
2026-03-04T12:15:00Z,605.3
2026-03-04T12:30:00Z,487.0
2026-03-04T12:45:00Z,577.5
2026-03-04T13:00:00Z,659.8
2026-03-04T13:15:00Z,710.1
2026-03-04T13:30:00Z,670.0
2026-03-04T13:45:00Z,588.3
2026-03-04T14:00:00Z,729.9
2026-03-04T14:15:00Z,732.7
2026-03-04T14:30:00Z,466.5
2026-03-04T14:45:00Z,589.6
2026-03-04T15:00:00Z,856.7
2026-03-04T15:15:00Z,994.2
2026-03-04T15:30:00Z,768.8
2026-03-04T15:45:00Z,972.6
2026-03-04T16:00:00Z,732.4
2026-03-04T16:15:00Z,850.1
2026-03-04T16:30:00Z,845.0
2026-03-04T16:45:00Z,895.2
2026-03-04T17:00:00Z,699.1
2026-03-04T17:15:00Z,957.4
2026-03-04T17:30:00Z,856.5
2026-03-04T17:45:00Z,910.5
2026-03-04T18:00:00Z,913.6
2026-03-04T18:15:00Z,779.5
2026-03-04T18:30:00Z,974.1
2026-03-04T18:45:00Z,838.1
2026-03-04T19:00:00Z,957.9
2026-03-04T19:15:00Z,1017.8
2026-03-04T19:30:00Z,815.9
2026-03-04T19:45:00Z,1050.3
2026-03-04T20:00:00Z,1058.7
2026-03-04T20:15:00Z,950.5
2026-03-04T20:30:00Z,858.2
2026-03-04T20:45:00Z,942.2
2026-03-04T21:00:00Z,326.7
2026-03-04T21:15:00Z,334.2
2026-03-04T21:30:00Z,328.3
2026-03-04T21:45:00Z,336.9
2026-03-04T22:00:00Z,329.6
2026-03-04T22:15:00Z,329.5
2026-03-04T22:30:00Z,339.9
2026-03-04T22:45:00Z,341.9
2026-03-04T23:00:00Z,367.6
2026-03-04T23:15:00Z,333.8
2026-03-04T23:30:00Z,324.9
2026-03-04T23:45:00Z,315.1
2026-03-05T00:00:00Z,333.0
2026-03-05T00:15:00Z,342.0
2026-03-05T00:30:00Z,328.4
2026-03-05T00:45:00Z,329.6
2026-03-05T01:00:00Z,342.0
2026-03-05T01:15:00Z,290.5
2026-03-05T01:30:00Z,326.9
2026-03-05T01:45:00Z,330.8
2026-03-05T02:00:00Z,314.4
2026-03-05T02:15:00Z,324.8
2026-03-05T02:30:00Z,337.2
2026-03-05T02:45:00Z,330.5
2026-03-05T03:00:00Z,329.1
2026-03-05T03:15:00Z,328.6
2026-03-05T03:30:00Z,348.0
2026-03-05T03:45:00Z,307.7
2026-03-05T04:00:00Z,337.4
2026-03-05T04:15:00Z,340.6
2026-03-05T04:30:00Z,339.2
2026-03-05T04:45:00Z,337.8
2026-03-05T05:00:00Z,977.8
2026-03-05T05:15:00Z,1135.7
2026-03-05T05:30:00Z,869.1
2026-03-05T05:45:00Z,788.3
2026-03-05T06:00:00Z,892.5
2026-03-05T06:15:00Z,1032.8
2026-03-05T06:30:00Z,941.0
2026-03-05T06:45:00Z,876.0
2026-03-05T07:00:00Z,819.7
2026-03-05T07:15:00Z,799.1
2026-03-05T07:30:00Z,821.2
2026-03-05T07:45:00Z,638.0
2026-03-05T08:00:00Z,822.4
2026-03-05T08:15:00Z,750.3
2026-03-05T08:30:00Z,653.3
2026-03-05T08:45:00Z,881.0
2026-03-05T09:00:00Z,632.1
2026-03-05T09:15:00Z,929.2
2026-03-05T09:30:00Z,730.6
2026-03-05T09:45:00Z,556.5
2026-03-05T10:00:00Z,687.7
2026-03-05T10:15:00Z,753.2
2026-03-05T10:30:00Z,663.9
2026-03-05T10:45:00Z,560.9
2026-03-05T11:00:00Z,474.4
2026-03-05T11:15:00Z,574.1
2026-03-05T11:30:00Z,843.4
2026-03-05T11:45:00Z,583.6
2026-03-05T12:00:00Z,609.5
2026-03-05T12:15:00Z,595.6
2026-03-05T12:30:00Z,630.0
2026-03-05T12:45:00Z,585.4
2026-03-05T13:00:00Z,677.8
2026-03-05T13:15:00Z,598.9
2026-03-05T13:30:00Z,607.7
2026-03-05T13:45:00Z,617.9
2026-03-05T14:00:00Z,501.0
2026-03-05T14:15:00Z,795.1
2026-03-05T14:30:00Z,806.6
2026-03-05T14:45:00Z,589.3
2026-03-05T15:00:00Z,646.1
2026-03-05T15:15:00Z,657.6
2026-03-05T15:30:00Z,728.2
2026-03-05T15:45:00Z,542.0
2026-03-05T16:00:00Z,727.7
2026-03-05T16:15:00Z,752.9
2026-03-05T16:30:00Z,669.4
2026-03-05T16:45:00Z,800.0
2026-03-05T17:00:00Z,794.1
2026-03-05T17:15:00Z,756.7
2026-03-05T17:30:00Z,1000.8
2026-03-05T17:45:00Z,857.5
2026-03-05T18:00:00Z,939.1
2026-03-05T18:15:00Z,904.6
2026-03-05T18:30:00Z,1022.5
2026-03-05T18:45:00Z,803.6
2026-03-05T19:00:00Z,879.1
2026-03-05T19:15:00Z,823.9
2026-03-05T19:30:00Z,997.4
2026-03-05T19:45:00Z,971.8
2026-03-05T20:00:00Z,1067.1
2026-03-05T20:15:00Z,862.9
2026-03-05T20:30:00Z,848.7
2026-03-05T20:45:00Z,1002.3
2026-03-05T21:00:00Z,325.2
2026-03-05T21:15:00Z,328.7
2026-03-05T21:30:00Z,312.9
2026-03-05T21:45:00Z,307.4
2026-03-05T22:00:00Z,320.4
2026-03-05T22:15:00Z,328.6
2026-03-05T22:30:00Z,355.0
2026-03-05T22:45:00Z,340.2
2026-03-05T23:00:00Z,339.1
2026-03-05T23:15:00Z,336.2
2026-03-05T23:30:00Z,321.8
2026-03-05T23:45:00Z,327.5
2026-03-06T00:00:00Z,325.7
2026-03-06T00:15:00Z,329.5
2026-03-06T00:30:00Z,319.5
2026-03-06T00:45:00Z,340.3
2026-03-06T01:00:00Z,329.3
2026-03-06T01:15:00Z,326.1
2026-03-06T01:30:00Z,331.6
2026-03-06T01:45:00Z,347.4
2026-03-06T02:00:00Z,347.8
2026-03-06T02:15:00Z,330.2
2026-03-06T02:30:00Z,326.4
2026-03-06T02:45:00Z,337.8
2026-03-06T03:00:00Z,308.8
2026-03-06T03:15:00Z,313.9
2026-03-06T03:30:00Z,333.4
2026-03-06T03:45:00Z,341.4
2026-03-06T04:00:00Z,325.4
2026-03-06T04:15:00Z,334.5
2026-03-06T04:30:00Z,318.0
2026-03-06T04:45:00Z,324.4
2026-03-06T05:00:00Z,1188.0
2026-03-06T05:15:00Z,1027.7
2026-03-06T05:30:00Z,1133.0
2026-03-06T05:45:00Z,961.0
2026-03-06T06:00:00Z,966.4
2026-03-06T06:15:00Z,837.3
2026-03-06T06:30:00Z,1024.5
2026-03-06T06:45:00Z,933.7
2026-03-06T07:00:00Z,868.5
2026-03-06T07:15:00Z,791.7
2026-03-06T07:30:00Z,840.6
2026-03-06T07:45:00Z,603.8
2026-03-06T08:00:00Z,835.2
2026-03-06T08:15:00Z,711.6
2026-03-06T08:30:00Z,771.4
2026-03-06T08:45:00Z,545.3
2026-03-06T09:00:00Z,661.5
2026-03-06T09:15:00Z,872.2
2026-03-06T09:30:00Z,725.1
2026-03-06T09:45:00Z,636.9
2026-03-06T10:00:00Z,554.4
2026-03-06T10:15:00Z,728.9
2026-03-06T10:30:00Z,663.6
2026-03-06T10:45:00Z,533.5
2026-03-06T11:00:00Z,648.7
2026-03-06T11:15:00Z,685.7
2026-03-06T11:30:00Z,490.8
2026-03-06T11:45:00Z,805.1
2026-03-06T12:00:00Z,831.3
2026-03-06T12:15:00Z,642.5
2026-03-06T12:30:00Z,744.6
2026-03-06T12:45:00Z,690.3
2026-03-06T13:00:00Z,691.0
2026-03-06T13:15:00Z,725.3
2026-03-06T13:30:00Z,723.6
2026-03-06T13:45:00Z,881.6
2026-03-06T14:00:00Z,698.3
2026-03-06T14:15:00Z,665.3
2026-03-06T14:30:00Z,595.9
2026-03-06T14:45:00Z,748.2
2026-03-06T15:00:00Z,668.1
2026-03-06T15:15:00Z,741.5
2026-03-06T15:30:00Z,590.4
2026-03-06T15:45:00Z,873.0
2026-03-06T16:00:00Z,835.4
2026-03-06T16:15:00Z,816.3
2026-03-06T16:30:00Z,742.7
2026-03-06T16:45:00Z,715.6
2026-03-06T17:00:00Z,737.1
2026-03-06T17:15:00Z,760.7
2026-03-06T17:30:00Z,770.1
2026-03-06T17:45:00Z,1002.2
2026-03-06T18:00:00Z,786.3
2026-03-06T18:15:00Z,991.9
2026-03-06T18:30:00Z,801.3
2026-03-06T18:45:00Z,934.2
2026-03-06T19:00:00Z,1030.8
2026-03-06T19:15:00Z,1024.5
2026-03-06T19:30:00Z,900.8
2026-03-06T19:45:00Z,867.2
2026-03-06T20:00:00Z,1039.7
2026-03-06T20:15:00Z,818.4
2026-03-06T20:30:00Z,859.9
2026-03-06T20:45:00Z,805.3
2026-03-06T21:00:00Z,326.5
2026-03-06T21:15:00Z,312.5
2026-03-06T21:30:00Z,315.2
2026-03-06T21:45:00Z,326.1
2026-03-06T22:00:00Z,323.7
2026-03-06T22:15:00Z,340.6
2026-03-06T22:30:00Z,326.0
2026-03-06T22:45:00Z,335.6
2026-03-06T23:00:00Z,330.8
2026-03-06T23:15:00Z,323.8
2026-03-06T23:30:00Z,321.5
2026-03-06T23:45:00Z,344.8
2026-03-07T00:00:00Z,346.8
2026-03-07T00:15:00Z,353.7
2026-03-07T00:30:00Z,334.7
2026-03-07T00:45:00Z,343.2
2026-03-07T01:00:00Z,316.3
2026-03-07T01:15:00Z,350.2
2026-03-07T01:30:00Z,316.0
2026-03-07T01:45:00Z,346.0
2026-03-07T02:00:00Z,314.3
2026-03-07T02:15:00Z,334.2
2026-03-07T02:30:00Z,350.5
2026-03-07T02:45:00Z,331.5
2026-03-07T03:00:00Z,315.6
2026-03-07T03:15:00Z,329.4
2026-03-07T03:30:00Z,345.1
2026-03-07T03:45:00Z,328.2
2026-03-07T04:00:00Z,329.7
2026-03-07T04:15:00Z,332.8
2026-03-07T04:30:00Z,317.3
2026-03-07T04:45:00Z,358.9
2026-03-07T05:00:00Z,345.5
2026-03-07T05:15:00Z,300.7
2026-03-07T05:30:00Z,311.4
2026-03-07T05:45:00Z,310.5
2026-03-07T06:00:00Z,307.0
2026-03-07T06:15:00Z,240.0
2026-03-07T06:30:00Z,282.1
2026-03-07T06:45:00Z,197.6
2026-03-07T07:00:00Z,185.1
2026-03-07T07:15:00Z,241.7
2026-03-07T07:30:00Z,245.7
2026-03-07T07:45:00Z,181.0
2026-03-07T08:00:00Z,106.7
2026-03-07T08:15:00Z,210.3
2026-03-07T08:30:00Z,105.4
2026-03-07T08:45:00Z,159.6
2026-03-07T09:00:00Z,80.0
2026-03-07T09:15:00Z,157.5
2026-03-07T09:30:00Z,162.4
2026-03-07T09:45:00Z,80.0
2026-03-07T10:00:00Z,152.3
2026-03-07T10:15:00Z,80.0
2026-03-07T10:30:00Z,80.0
2026-03-07T10:45:00Z,80.0
2026-03-07T11:00:00Z,80.0
2026-03-07T11:15:00Z,80.0
2026-03-07T11:30:00Z,193.6
2026-03-07T11:45:00Z,100.4
2026-03-07T12:00:00Z,140.4
2026-03-07T12:15:00Z,158.4
2026-03-07T12:30:00Z,80.0
2026-03-07T12:45:00Z,191.4
2026-03-07T13:00:00Z,194.3
2026-03-07T13:15:00Z,80.0
2026-03-07T13:30:00Z,176.9
2026-03-07T13:45:00Z,80.0
2026-03-07T14:00:00Z,208.4
2026-03-07T14:15:00Z,208.4
2026-03-07T14:30:00Z,86.5
2026-03-07T14:45:00Z,80.0
2026-03-07T15:00:00Z,80.0
2026-03-07T15:15:00Z,80.0
2026-03-07T15:30:00Z,157.8
2026-03-07T15:45:00Z,190.1
2026-03-07T16:00:00Z,235.8
2026-03-07T16:15:00Z,89.4
2026-03-07T16:30:00Z,159.7
2026-03-07T16:45:00Z,129.8
2026-03-07T17:00:00Z,137.3
2026-03-07T17:15:00Z,222.6
2026-03-07T17:30:00Z,215.6
2026-03-07T17:45:00Z,281.6
2026-03-07T18:00:00Z,255.9
2026-03-07T18:15:00Z,265.6
2026-03-07T18:30:00Z,284.5
2026-03-07T18:45:00Z,298.3
2026-03-07T19:00:00Z,342.2
2026-03-07T19:15:00Z,346.6
2026-03-07T19:30:00Z,333.6
2026-03-07T19:45:00Z,341.2
2026-03-07T20:00:00Z,333.0
2026-03-07T20:15:00Z,325.8
2026-03-07T20:30:00Z,330.4
2026-03-07T20:45:00Z,334.8
2026-03-07T21:00:00Z,321.2
2026-03-07T21:15:00Z,323.4
2026-03-07T21:30:00Z,343.6
2026-03-07T21:45:00Z,315.6
2026-03-07T22:00:00Z,356.1
2026-03-07T22:15:00Z,306.8
2026-03-07T22:30:00Z,342.5
2026-03-07T22:45:00Z,323.3
2026-03-07T23:00:00Z,306.4
2026-03-07T23:15:00Z,343.5
2026-03-07T23:30:00Z,323.5
2026-03-07T23:45:00Z,345.2
2026-03-08T00:00:00Z,323.5
2026-03-08T00:15:00Z,346.5
2026-03-08T00:30:00Z,327.8
2026-03-08T00:45:00Z,338.8
2026-03-08T01:00:00Z,325.1
2026-03-08T01:15:00Z,340.4
2026-03-08T01:30:00Z,345.7
2026-03-08T01:45:00Z,331.0
2026-03-08T02:00:00Z,334.6
2026-03-08T02:15:00Z,342.1
2026-03-08T02:30:00Z,306.7
2026-03-08T02:45:00Z,333.2
2026-03-08T03:00:00Z,322.5
2026-03-08T03:15:00Z,332.4
2026-03-08T03:30:00Z,358.7
2026-03-08T03:45:00Z,326.4
2026-03-08T04:00:00Z,328.3
2026-03-08T04:15:00Z,320.8
2026-03-08T04:30:00Z,320.1
2026-03-08T04:45:00Z,349.2
2026-03-08T05:00:00Z,322.1
2026-03-08T05:15:00Z,304.5
2026-03-08T05:30:00Z,292.1
2026-03-08T05:45:00Z,276.0
2026-03-08T06:00:00Z,292.4
2026-03-08T06:15:00Z,283.4
2026-03-08T06:30:00Z,205.7
2026-03-08T06:45:00Z,248.6
2026-03-08T07:00:00Z,191.2
2026-03-08T07:15:00Z,228.0
2026-03-08T07:30:00Z,211.3
2026-03-08T07:45:00Z,206.7
2026-03-08T08:00:00Z,239.5
2026-03-08T08:15:00Z,211.5
2026-03-08T08:30:00Z,205.1
2026-03-08T08:45:00Z,80.0
2026-03-08T09:00:00Z,176.3
2026-03-08T09:15:00Z,133.9
2026-03-08T09:30:00Z,80.0
2026-03-08T09:45:00Z,80.0
2026-03-08T10:00:00Z,80.0
2026-03-08T10:15:00Z,80.0
2026-03-08T10:30:00Z,80.0
2026-03-08T10:45:00Z,102.9
2026-03-08T11:00:00Z,80.0
2026-03-08T11:15:00Z,80.0
2026-03-08T11:30:00Z,80.0
2026-03-08T11:45:00Z,80.0
2026-03-08T12:00:00Z,138.7
2026-03-08T12:15:00Z,80.0
2026-03-08T12:30:00Z,153.2
2026-03-08T12:45:00Z,80.0
2026-03-08T13:00:00Z,188.5
2026-03-08T13:15:00Z,80.0
2026-03-08T13:30:00Z,80.0
2026-03-08T13:45:00Z,97.2
2026-03-08T14:00:00Z,149.4
2026-03-08T14:15:00Z,100.3
2026-03-08T14:30:00Z,131.2
2026-03-08T14:45:00Z,134.5
2026-03-08T15:00:00Z,80.0
2026-03-08T15:15:00Z,174.1
2026-03-08T15:30:00Z,80.0
2026-03-08T15:45:00Z,134.0
2026-03-08T16:00:00Z,87.5
2026-03-08T16:15:00Z,112.6
2026-03-08T16:30:00Z,105.9
2026-03-08T16:45:00Z,140.3
2026-03-08T17:00:00Z,199.9
2026-03-08T17:15:00Z,180.3
2026-03-08T17:30:00Z,210.6
2026-03-08T17:45:00Z,220.7
2026-03-08T18:00:00Z,273.7
2026-03-08T18:15:00Z,297.0
2026-03-08T18:30:00Z,303.8
2026-03-08T18:45:00Z,319.1
2026-03-08T19:00:00Z,310.8
2026-03-08T19:15:00Z,326.6
2026-03-08T19:30:00Z,338.7
2026-03-08T19:45:00Z,326.0
2026-03-08T20:00:00Z,328.4
2026-03-08T20:15:00Z,328.5
2026-03-08T20:30:00Z,344.5
2026-03-08T20:45:00Z,319.3
2026-03-08T21:00:00Z,323.5
2026-03-08T21:15:00Z,331.1
2026-03-08T21:30:00Z,329.3
2026-03-08T21:45:00Z,333.3
2026-03-08T22:00:00Z,333.7
2026-03-08T22:15:00Z,335.9
2026-03-08T22:30:00Z,319.2
2026-03-08T22:45:00Z,329.0
2026-03-08T23:00:00Z,342.8
2026-03-08T23:15:00Z,312.6
2026-03-08T23:30:00Z,338.7
2026-03-08T23:45:00Z,319.5
2026-03-09T00:00:00Z,353.0
2026-03-09T00:15:00Z,315.9
2026-03-09T00:30:00Z,343.9
2026-03-09T00:45:00Z,312.6
2026-03-09T01:00:00Z,342.9
2026-03-09T01:15:00Z,340.8
2026-03-09T01:30:00Z,338.2
2026-03-09T01:45:00Z,321.3
2026-03-09T02:00:00Z,321.3
2026-03-09T02:15:00Z,328.2
2026-03-09T02:30:00Z,339.6
2026-03-09T02:45:00Z,348.8
2026-03-09T03:00:00Z,317.5
2026-03-09T03:15:00Z,337.8
2026-03-09T03:30:00Z,321.2
2026-03-09T03:45:00Z,328.7
2026-03-09T04:00:00Z,358.5
2026-03-09T04:15:00Z,332.1
2026-03-09T04:30:00Z,339.8
2026-03-09T04:45:00Z,334.9
2026-03-09T05:00:00Z,883.7
2026-03-09T05:15:00Z,854.9
2026-03-09T05:30:00Z,925.0
2026-03-09T05:45:00Z,977.2
2026-03-09T06:00:00Z,1055.5
2026-03-09T06:15:00Z,941.9
2026-03-09T06:30:00Z,941.2
2026-03-09T06:45:00Z,868.3
2026-03-09T07:00:00Z,637.7
2026-03-09T07:15:00Z,819.9
2026-03-09T07:30:00Z,834.5
2026-03-09T07:45:00Z,685.3
2026-03-09T08:00:00Z,662.9
2026-03-09T08:15:00Z,842.9
2026-03-09T08:30:00Z,712.3
2026-03-09T08:45:00Z,592.1
2026-03-09T09:00:00Z,869.5
2026-03-09T09:15:00Z,566.2
2026-03-09T09:30:00Z,831.9
2026-03-09T09:45:00Z,647.9
2026-03-09T10:00:00Z,713.1
2026-03-09T10:15:00Z,823.8
2026-03-09T10:30:00Z,839.6
2026-03-09T10:45:00Z,876.8
2026-03-09T11:00:00Z,817.8
2026-03-09T11:15:00Z,546.6
2026-03-09T11:30:00Z,626.7
2026-03-09T11:45:00Z,446.7
2026-03-09T12:00:00Z,430.3
2026-03-09T12:15:00Z,482.9
2026-03-09T12:30:00Z,461.1
2026-03-09T12:45:00Z,529.6
2026-03-09T13:00:00Z,555.3
2026-03-09T13:15:00Z,651.2
2026-03-09T13:30:00Z,504.6
2026-03-09T13:45:00Z,565.2
2026-03-09T14:00:00Z,619.7
2026-03-09T14:15:00Z,511.9
2026-03-09T14:30:00Z,701.9
2026-03-09T14:45:00Z,624.8
2026-03-09T15:00:00Z,736.9
2026-03-09T15:15:00Z,693.0
2026-03-09T15:30:00Z,950.5
2026-03-09T15:45:00Z,688.5
2026-03-09T16:00:00Z,651.4
2026-03-09T16:15:00Z,751.7
2026-03-09T16:30:00Z,779.0
2026-03-09T16:45:00Z,902.2
2026-03-09T17:00:00Z,917.7
2026-03-09T17:15:00Z,769.9
2026-03-09T17:30:00Z,996.0
2026-03-09T17:45:00Z,844.9
2026-03-09T18:00:00Z,896.9
2026-03-09T18:15:00Z,927.8
2026-03-09T18:30:00Z,1000.9
2026-03-09T18:45:00Z,832.3
2026-03-09T19:00:00Z,972.4
2026-03-09T19:15:00Z,792.1
2026-03-09T19:30:00Z,1009.2
2026-03-09T19:45:00Z,845.1
2026-03-09T20:00:00Z,878.8
2026-03-09T20:15:00Z,926.2
2026-03-09T20:30:00Z,923.1
2026-03-09T20:45:00Z,829.0
2026-03-09T21:00:00Z,336.3
2026-03-09T21:15:00Z,311.5
2026-03-09T21:30:00Z,332.1
2026-03-09T21:45:00Z,320.2
2026-03-09T22:00:00Z,331.3
2026-03-09T22:15:00Z,331.1
2026-03-09T22:30:00Z,342.6
2026-03-09T22:45:00Z,338.4
2026-03-09T23:00:00Z,332.0
2026-03-09T23:15:00Z,343.3
2026-03-09T23:30:00Z,325.6
2026-03-09T23:45:00Z,346.2
2026-03-10T00:00:00Z,333.0
2026-03-10T00:15:00Z,312.7
2026-03-10T00:30:00Z,332.4
2026-03-10T00:45:00Z,325.9
2026-03-10T01:00:00Z,326.1
2026-03-10T01:15:00Z,358.4
2026-03-10T01:30:00Z,351.1
2026-03-10T01:45:00Z,331.2
2026-03-10T02:00:00Z,333.3
2026-03-10T02:15:00Z,329.3
2026-03-10T02:30:00Z,320.5
2026-03-10T02:45:00Z,318.7
2026-03-10T03:00:00Z,329.2
2026-03-10T03:15:00Z,324.6
2026-03-10T03:30:00Z,328.6
2026-03-10T03:45:00Z,329.2
2026-03-10T04:00:00Z,328.4
2026-03-10T04:15:00Z,324.9
2026-03-10T04:30:00Z,339.1
2026-03-10T04:45:00Z,315.8
2026-03-10T05:00:00Z,922.3
2026-03-10T05:15:00Z,1109.1
2026-03-10T05:30:00Z,990.3
2026-03-10T05:45:00Z,856.3
2026-03-10T06:00:00Z,906.2
2026-03-10T06:15:00Z,825.8
2026-03-10T06:30:00Z,790.8
2026-03-10T06:45:00Z,774.7
2026-03-10T07:00:00Z,974.2
2026-03-10T07:15:00Z,911.9
2026-03-10T07:30:00Z,764.7
2026-03-10T07:45:00Z,705.2
2026-03-10T08:00:00Z,821.3
2026-03-10T08:15:00Z,835.0
2026-03-10T08:30:00Z,893.9
2026-03-10T08:45:00Z,648.6
2026-03-10T09:00:00Z,901.0
2026-03-10T09:15:00Z,683.7
2026-03-10T09:30:00Z,491.7
2026-03-10T09:45:00Z,675.4
2026-03-10T10:00:00Z,477.4
2026-03-10T10:15:00Z,570.7
2026-03-10T10:30:00Z,586.4
2026-03-10T10:45:00Z,686.5
2026-03-10T11:00:00Z,450.2
2026-03-10T11:15:00Z,633.9
2026-03-10T11:30:00Z,695.7
2026-03-10T11:45:00Z,543.7
2026-03-10T12:00:00Z,870.5
2026-03-10T12:15:00Z,657.9
2026-03-10T12:30:00Z,767.0
2026-03-10T12:45:00Z,884.2
2026-03-10T13:00:00Z,606.8
2026-03-10T13:15:00Z,695.1
2026-03-10T13:30:00Z,814.6
2026-03-10T13:45:00Z,607.7
2026-03-10T14:00:00Z,421.3
2026-03-10T14:15:00Z,674.2
2026-03-10T14:30:00Z,546.9
2026-03-10T14:45:00Z,565.0
2026-03-10T15:00:00Z,698.6
2026-03-10T15:15:00Z,616.9
2026-03-10T15:30:00Z,544.1
2026-03-10T15:45:00Z,684.7
2026-03-10T16:00:00Z,928.0
2026-03-10T16:15:00Z,757.9
2026-03-10T16:30:00Z,690.0
2026-03-10T16:45:00Z,971.9
2026-03-10T17:00:00Z,749.8
2026-03-10T17:15:00Z,850.4
2026-03-10T17:30:00Z,767.9
2026-03-10T17:45:00Z,854.2
2026-03-10T18:00:00Z,1002.0
2026-03-10T18:15:00Z,732.4
2026-03-10T18:30:00Z,883.6
2026-03-10T18:45:00Z,946.9
2026-03-10T19:00:00Z,1051.7
2026-03-10T19:15:00Z,877.9
2026-03-10T19:30:00Z,934.5
2026-03-10T19:45:00Z,943.4
2026-03-10T20:00:00Z,868.6
2026-03-10T20:15:00Z,1013.7
2026-03-10T20:30:00Z,984.2
2026-03-10T20:45:00Z,1070.7
2026-03-10T21:00:00Z,322.9
2026-03-10T21:15:00Z,354.6
2026-03-10T21:30:00Z,335.3
2026-03-10T21:45:00Z,312.8
2026-03-10T22:00:00Z,322.3
2026-03-10T22:15:00Z,329.8
2026-03-10T22:30:00Z,314.1
2026-03-10T22:45:00Z,344.7
2026-03-10T23:00:00Z,343.0
2026-03-10T23:15:00Z,347.0
2026-03-10T23:30:00Z,334.5
2026-03-10T23:45:00Z,366.7
2026-03-11T00:00:00Z,329.0
2026-03-11T00:15:00Z,333.7
2026-03-11T00:30:00Z,337.3
2026-03-11T00:45:00Z,322.6
2026-03-11T01:00:00Z,332.0
2026-03-11T01:15:00Z,314.0
2026-03-11T01:30:00Z,357.9
2026-03-11T01:45:00Z,325.3
2026-03-11T02:00:00Z,315.4
2026-03-11T02:15:00Z,335.6
2026-03-11T02:30:00Z,307.9
2026-03-11T02:45:00Z,316.3
2026-03-11T03:00:00Z,340.0
2026-03-11T03:15:00Z,332.6
2026-03-11T03:30:00Z,316.5
2026-03-11T03:45:00Z,328.0
2026-03-11T04:00:00Z,325.1
2026-03-11T04:15:00Z,333.4
2026-03-11T04:30:00Z,343.1
2026-03-11T04:45:00Z,325.8
2026-03-11T05:00:00Z,840.8
2026-03-11T05:15:00Z,922.0
2026-03-11T05:30:00Z,1040.6
2026-03-11T05:45:00Z,1027.6
2026-03-11T06:00:00Z,1001.2
2026-03-11T06:15:00Z,1108.4
2026-03-11T06:30:00Z,917.3
2026-03-11T06:45:00Z,897.2
2026-03-11T07:00:00Z,790.4
2026-03-11T07:15:00Z,694.3
2026-03-11T07:30:00Z,773.8
2026-03-11T07:45:00Z,633.5
2026-03-11T08:00:00Z,856.3
2026-03-11T08:15:00Z,540.9
2026-03-11T08:30:00Z,948.1
2026-03-11T08:45:00Z,733.7
2026-03-11T09:00:00Z,703.6
2026-03-11T09:15:00Z,800.7
2026-03-11T09:30:00Z,917.4
2026-03-11T09:45:00Z,890.8
2026-03-11T10:00:00Z,635.5
2026-03-11T10:15:00Z,770.8
2026-03-11T10:30:00Z,807.5
2026-03-11T10:45:00Z,612.8
2026-03-11T11:00:00Z,723.0
2026-03-11T11:15:00Z,780.9
2026-03-11T11:30:00Z,667.4
2026-03-11T11:45:00Z,717.2
2026-03-11T12:00:00Z,676.8
2026-03-11T12:15:00Z,685.4
2026-03-11T12:30:00Z,756.5
2026-03-11T12:45:00Z,590.8
2026-03-11T13:00:00Z,503.3
2026-03-11T13:15:00Z,673.6
2026-03-11T13:30:00Z,527.7
2026-03-11T13:45:00Z,556.0
2026-03-11T14:00:00Z,656.1
2026-03-11T14:15:00Z,784.2
2026-03-11T14:30:00Z,723.8
2026-03-11T14:45:00Z,807.1
2026-03-11T15:00:00Z,623.5
2026-03-11T15:15:00Z,630.6
2026-03-11T15:30:00Z,571.3
2026-03-11T15:45:00Z,648.3
2026-03-11T16:00:00Z,914.6
2026-03-11T16:15:00Z,535.0
2026-03-11T16:30:00Z,833.1
2026-03-11T16:45:00Z,768.3
2026-03-11T17:00:00Z,870.4
2026-03-11T17:15:00Z,836.7
2026-03-11T17:30:00Z,917.4
2026-03-11T17:45:00Z,719.0
2026-03-11T18:00:00Z,924.6
2026-03-11T18:15:00Z,886.9
2026-03-11T18:30:00Z,771.4
2026-03-11T18:45:00Z,1033.5
2026-03-11T19:00:00Z,1025.8
2026-03-11T19:15:00Z,1009.8
2026-03-11T19:30:00Z,989.1
2026-03-11T19:45:00Z,1046.1
2026-03-11T20:00:00Z,888.3
2026-03-11T20:15:00Z,939.8
2026-03-11T20:30:00Z,876.1
2026-03-11T20:45:00Z,825.0
2026-03-11T21:00:00Z,334.2
2026-03-11T21:15:00Z,317.9
2026-03-11T21:30:00Z,339.4
2026-03-11T21:45:00Z,313.5
2026-03-11T22:00:00Z,324.9
2026-03-11T22:15:00Z,305.6
2026-03-11T22:30:00Z,317.4
2026-03-11T22:45:00Z,324.4
2026-03-11T23:00:00Z,324.7
2026-03-11T23:15:00Z,300.6
2026-03-11T23:30:00Z,338.7
2026-03-11T23:45:00Z,338.7
2026-03-12T00:00:00Z,327.8
2026-03-12T00:15:00Z,327.5
2026-03-12T00:30:00Z,326.8
2026-03-12T00:45:00Z,334.7
2026-03-12T01:00:00Z,339.1
2026-03-12T01:15:00Z,335.1
2026-03-12T01:30:00Z,329.3
2026-03-12T01:45:00Z,340.8
2026-03-12T02:00:00Z,342.1
2026-03-12T02:15:00Z,328.6
2026-03-12T02:30:00Z,343.4
2026-03-12T02:45:00Z,337.1
2026-03-12T03:00:00Z,329.9
2026-03-12T03:15:00Z,330.4
2026-03-12T03:30:00Z,342.1
2026-03-12T03:45:00Z,343.1
2026-03-12T04:00:00Z,339.8
2026-03-12T04:15:00Z,321.9
2026-03-12T04:30:00Z,329.2
2026-03-12T04:45:00Z,328.0
2026-03-12T05:00:00Z,973.1
2026-03-12T05:15:00Z,1010.2
2026-03-12T05:30:00Z,1118.8
2026-03-12T05:45:00Z,1028.0
2026-03-12T06:00:00Z,1039.8
2026-03-12T06:15:00Z,1058.4
2026-03-12T06:30:00Z,808.5
2026-03-12T06:45:00Z,897.1
2026-03-12T07:00:00Z,854.4
2026-03-12T07:15:00Z,716.5
2026-03-12T07:30:00Z,806.4
2026-03-12T07:45:00Z,865.5
2026-03-12T08:00:00Z,661.4
2026-03-12T08:15:00Z,875.4
2026-03-12T08:30:00Z,732.5
2026-03-12T08:45:00Z,733.5
2026-03-12T09:00:00Z,593.6
2026-03-12T09:15:00Z,560.5
2026-03-12T09:30:00Z,813.5
2026-03-12T09:45:00Z,847.9
2026-03-12T10:00:00Z,819.1
2026-03-12T10:15:00Z,571.8
2026-03-12T10:30:00Z,677.4
2026-03-12T10:45:00Z,742.2
2026-03-12T11:00:00Z,641.3
2026-03-12T11:15:00Z,514.9
2026-03-12T11:30:00Z,668.3
2026-03-12T11:45:00Z,373.1
2026-03-12T12:00:00Z,409.1
2026-03-12T12:15:00Z,784.2
2026-03-12T12:30:00Z,726.3
2026-03-12T12:45:00Z,834.9
2026-03-12T13:00:00Z,577.1
2026-03-12T13:15:00Z,501.1
2026-03-12T13:30:00Z,535.4
2026-03-12T13:45:00Z,677.4
2026-03-12T14:00:00Z,698.0
2026-03-12T14:15:00Z,628.8
2026-03-12T14:30:00Z,527.2
2026-03-12T14:45:00Z,719.2
2026-03-12T15:00:00Z,756.9
2026-03-12T15:15:00Z,672.9
2026-03-12T15:30:00Z,724.4
2026-03-12T15:45:00Z,635.0
2026-03-12T16:00:00Z,626.4
2026-03-12T16:15:00Z,686.8
2026-03-12T16:30:00Z,605.2
2026-03-12T16:45:00Z,777.5
2026-03-12T17:00:00Z,780.6
2026-03-12T17:15:00Z,837.2
2026-03-12T17:30:00Z,902.4
2026-03-12T17:45:00Z,856.9
2026-03-12T18:00:00Z,789.4
2026-03-12T18:15:00Z,1011.2
2026-03-12T18:30:00Z,1008.1
2026-03-12T18:45:00Z,793.9
2026-03-12T19:00:00Z,1079.1
2026-03-12T19:15:00Z,939.5
2026-03-12T19:30:00Z,1074.8
2026-03-12T19:45:00Z,782.0
2026-03-12T20:00:00Z,1024.9
2026-03-12T20:15:00Z,970.5
2026-03-12T20:30:00Z,1065.7
2026-03-12T20:45:00Z,840.6
2026-03-12T21:00:00Z,333.4
2026-03-12T21:15:00Z,325.9
2026-03-12T21:30:00Z,331.4
2026-03-12T21:45:00Z,315.5
2026-03-12T22:00:00Z,328.6
2026-03-12T22:15:00Z,313.6
2026-03-12T22:30:00Z,316.9
2026-03-12T22:45:00Z,341.5
2026-03-12T23:00:00Z,351.5
2026-03-12T23:15:00Z,315.7
2026-03-12T23:30:00Z,348.1
2026-03-12T23:45:00Z,316.1
2026-03-13T00:00:00Z,326.3
2026-03-13T00:15:00Z,340.5
2026-03-13T00:30:00Z,341.3
2026-03-13T00:45:00Z,320.1
2026-03-13T01:00:00Z,335.1
2026-03-13T01:15:00Z,315.0
2026-03-13T01:30:00Z,316.4
2026-03-13T01:45:00Z,337.7
2026-03-13T02:00:00Z,333.4
2026-03-13T02:15:00Z,335.4
2026-03-13T02:30:00Z,344.3
2026-03-13T02:45:00Z,320.9
2026-03-13T03:00:00Z,333.0
2026-03-13T03:15:00Z,325.7
2026-03-13T03:30:00Z,328.7
2026-03-13T03:45:00Z,327.4
2026-03-13T04:00:00Z,328.2
2026-03-13T04:15:00Z,320.8
2026-03-13T04:30:00Z,318.6
2026-03-13T04:45:00Z,313.3
2026-03-13T05:00:00Z,1043.4
2026-03-13T05:15:00Z,1080.6
2026-03-13T05:30:00Z,1075.8
2026-03-13T05:45:00Z,904.4
2026-03-13T06:00:00Z,944.3
2026-03-13T06:15:00Z,776.3
2026-03-13T06:30:00Z,946.7
2026-03-13T06:45:00Z,875.1
2026-03-13T07:00:00Z,695.8
2026-03-13T07:15:00Z,862.8
2026-03-13T07:30:00Z,795.2
2026-03-13T07:45:00Z,664.6
2026-03-13T08:00:00Z,569.7
2026-03-13T08:15:00Z,849.6
2026-03-13T08:30:00Z,824.6
2026-03-13T08:45:00Z,840.0
2026-03-13T09:00:00Z,816.1
2026-03-13T09:15:00Z,864.0
2026-03-13T09:30:00Z,477.0
2026-03-13T09:45:00Z,732.3
2026-03-13T10:00:00Z,579.4
2026-03-13T10:15:00Z,565.6
2026-03-13T10:30:00Z,785.6
2026-03-13T10:45:00Z,738.9
2026-03-13T11:00:00Z,513.3
2026-03-13T11:15:00Z,790.3
2026-03-13T11:30:00Z,564.6
2026-03-13T11:45:00Z,567.1
2026-03-13T12:00:00Z,478.1
2026-03-13T12:15:00Z,533.7
2026-03-13T12:30:00Z,595.7
2026-03-13T12:45:00Z,713.5
2026-03-13T13:00:00Z,774.9
2026-03-13T13:15:00Z,819.7
2026-03-13T13:30:00Z,625.9
2026-03-13T13:45:00Z,640.8
2026-03-13T14:00:00Z,492.0
2026-03-13T14:15:00Z,789.1
2026-03-13T14:30:00Z,864.3
2026-03-13T14:45:00Z,496.2
2026-03-13T15:00:00Z,867.2
2026-03-13T15:15:00Z,865.4
2026-03-13T15:30:00Z,622.3
2026-03-13T15:45:00Z,729.1
2026-03-13T16:00:00Z,596.4
2026-03-13T16:15:00Z,719.3
2026-03-13T16:30:00Z,968.8
2026-03-13T16:45:00Z,630.3
2026-03-13T17:00:00Z,865.3
2026-03-13T17:15:00Z,923.7
2026-03-13T17:30:00Z,671.2
2026-03-13T17:45:00Z,918.5
2026-03-13T18:00:00Z,893.7
2026-03-13T18:15:00Z,769.3
2026-03-13T18:30:00Z,820.0
2026-03-13T18:45:00Z,863.8
2026-03-13T19:00:00Z,1020.4
2026-03-13T19:15:00Z,1021.2
2026-03-13T19:30:00Z,950.0
2026-03-13T19:45:00Z,932.1
2026-03-13T20:00:00Z,896.3
2026-03-13T20:15:00Z,920.5
2026-03-13T20:30:00Z,801.1
2026-03-13T20:45:00Z,1061.3
2026-03-13T21:00:00Z,337.7
2026-03-13T21:15:00Z,335.3
2026-03-13T21:30:00Z,344.0
2026-03-13T21:45:00Z,330.2
2026-03-13T22:00:00Z,334.9
2026-03-13T22:15:00Z,345.9
2026-03-13T22:30:00Z,335.6
2026-03-13T22:45:00Z,335.6
2026-03-13T23:00:00Z,318.5
2026-03-13T23:15:00Z,308.3
2026-03-13T23:30:00Z,332.9
2026-03-13T23:45:00Z,352.2
2026-03-14T00:00:00Z,341.0
2026-03-14T00:15:00Z,325.3
2026-03-14T00:30:00Z,338.7
2026-03-14T00:45:00Z,322.7
2026-03-14T01:00:00Z,320.4
2026-03-14T01:15:00Z,309.4
2026-03-14T01:30:00Z,318.3
2026-03-14T01:45:00Z,339.1
2026-03-14T02:00:00Z,328.8
2026-03-14T02:15:00Z,348.3
2026-03-14T02:30:00Z,308.3
2026-03-14T02:45:00Z,330.4
2026-03-14T03:00:00Z,334.0
2026-03-14T03:15:00Z,331.0
2026-03-14T03:30:00Z,324.5
2026-03-14T03:45:00Z,334.7
2026-03-14T04:00:00Z,334.7
2026-03-14T04:15:00Z,347.4
2026-03-14T04:30:00Z,327.4
2026-03-14T04:45:00Z,337.4
2026-03-14T05:00:00Z,326.3
2026-03-14T05:15:00Z,320.7
2026-03-14T05:30:00Z,274.4
2026-03-14T05:45:00Z,285.2
2026-03-14T06:00:00Z,218.5
2026-03-14T06:15:00Z,255.7
2026-03-14T06:30:00Z,208.9
2026-03-14T06:45:00Z,185.6
2026-03-14T07:00:00Z,178.5
2026-03-14T07:15:00Z,198.8
2026-03-14T07:30:00Z,139.0
2026-03-14T07:45:00Z,90.0
2026-03-14T08:00:00Z,80.0
2026-03-14T08:15:00Z,219.6
2026-03-14T08:30:00Z,121.0
2026-03-14T08:45:00Z,122.2
2026-03-14T09:00:00Z,80.0
2026-03-14T09:15:00Z,143.1
2026-03-14T09:30:00Z,144.4
2026-03-14T09:45:00Z,80.0
2026-03-14T10:00:00Z,80.0
2026-03-14T10:15:00Z,80.0
2026-03-14T10:30:00Z,188.1
2026-03-14T10:45:00Z,80.0
2026-03-14T11:00:00Z,92.5
2026-03-14T11:15:00Z,80.0
2026-03-14T11:30:00Z,80.0
2026-03-14T11:45:00Z,130.5
2026-03-14T12:00:00Z,187.7
2026-03-14T12:15:00Z,80.0
2026-03-14T12:30:00Z,80.0
2026-03-14T12:45:00Z,80.0
2026-03-14T13:00:00Z,80.0
2026-03-14T13:15:00Z,80.0
2026-03-14T13:30:00Z,109.4
2026-03-14T13:45:00Z,93.5
2026-03-14T14:00:00Z,80.0
2026-03-14T14:15:00Z,126.3
2026-03-14T14:30:00Z,80.0
2026-03-14T14:45:00Z,93.3
2026-03-14T15:00:00Z,98.5
2026-03-14T15:15:00Z,213.2
2026-03-14T15:30:00Z,80.0
2026-03-14T15:45:00Z,107.1
2026-03-14T16:00:00Z,80.0
2026-03-14T16:15:00Z,214.5
2026-03-14T16:30:00Z,165.6
2026-03-14T16:45:00Z,174.6
2026-03-14T17:00:00Z,172.2
2026-03-14T17:15:00Z,216.8
2026-03-14T17:30:00Z,231.0
2026-03-14T17:45:00Z,206.7
2026-03-14T18:00:00Z,263.3
2026-03-14T18:15:00Z,284.4
2026-03-14T18:30:00Z,306.7
2026-03-14T18:45:00Z,305.8
2026-03-14T19:00:00Z,319.3
2026-03-14T19:15:00Z,329.2
2026-03-14T19:30:00Z,307.4
2026-03-14T19:45:00Z,333.7
2026-03-14T20:00:00Z,319.4
2026-03-14T20:15:00Z,336.5
2026-03-14T20:30:00Z,336.4
2026-03-14T20:45:00Z,333.6
2026-03-14T21:00:00Z,350.2
2026-03-14T21:15:00Z,313.9
2026-03-14T21:30:00Z,339.7
2026-03-14T21:45:00Z,324.8
2026-03-14T22:00:00Z,336.5
2026-03-14T22:15:00Z,314.2
2026-03-14T22:30:00Z,345.1
2026-03-14T22:45:00Z,335.8
2026-03-14T23:00:00Z,331.9
2026-03-14T23:15:00Z,319.0
2026-03-14T23:30:00Z,335.7
2026-03-14T23:45:00Z,325.6
2026-03-15T00:00:00Z,323.1
2026-03-15T00:15:00Z,327.8
2026-03-15T00:30:00Z,343.6
2026-03-15T00:45:00Z,324.2
2026-03-15T01:00:00Z,338.5
2026-03-15T01:15:00Z,328.4
2026-03-15T01:30:00Z,324.4
2026-03-15T01:45:00Z,328.5
2026-03-15T02:00:00Z,328.0
2026-03-15T02:15:00Z,328.7
2026-03-15T02:30:00Z,322.1
2026-03-15T02:45:00Z,332.1
2026-03-15T03:00:00Z,337.7
2026-03-15T03:15:00Z,329.6
2026-03-15T03:30:00Z,313.2
2026-03-15T03:45:00Z,335.4
2026-03-15T04:00:00Z,348.7
2026-03-15T04:15:00Z,346.4
2026-03-15T04:30:00Z,333.9
2026-03-15T04:45:00Z,313.6
2026-03-15T05:00:00Z,339.4
2026-03-15T05:15:00Z,311.8
2026-03-15T05:30:00Z,292.2
2026-03-15T05:45:00Z,279.3
2026-03-15T06:00:00Z,251.0
2026-03-15T06:15:00Z,235.5
2026-03-15T06:30:00Z,218.9
2026-03-15T06:45:00Z,239.4
2026-03-15T07:00:00Z,198.5
2026-03-15T07:15:00Z,243.3
2026-03-15T07:30:00Z,212.5
2026-03-15T07:45:00Z,207.2
2026-03-15T08:00:00Z,248.7
2026-03-15T08:15:00Z,184.2
2026-03-15T08:30:00Z,128.9
2026-03-15T08:45:00Z,225.1
2026-03-15T09:00:00Z,80.0
2026-03-15T09:15:00Z,80.0
2026-03-15T09:30:00Z,80.0
2026-03-15T09:45:00Z,124.9
2026-03-15T10:00:00Z,80.0
2026-03-15T10:15:00Z,152.5
2026-03-15T10:30:00Z,80.0
2026-03-15T10:45:00Z,80.0
2026-03-15T11:00:00Z,80.0
2026-03-15T11:15:00Z,80.0
2026-03-15T11:30:00Z,80.0
2026-03-15T11:45:00Z,80.0
2026-03-15T12:00:00Z,80.0
2026-03-15T12:15:00Z,166.8
2026-03-15T12:30:00Z,154.6
2026-03-15T12:45:00Z,80.0
2026-03-15T13:00:00Z,85.9
2026-03-15T13:15:00Z,80.0
2026-03-15T13:30:00Z,80.0
2026-03-15T13:45:00Z,97.5
2026-03-15T14:00:00Z,80.0
2026-03-15T14:15:00Z,80.0
2026-03-15T14:30:00Z,175.4
2026-03-15T14:45:00Z,80.0
2026-03-15T15:00:00Z,80.0
2026-03-15T15:15:00Z,89.9
2026-03-15T15:30:00Z,189.5
2026-03-15T15:45:00Z,180.2
2026-03-15T16:00:00Z,80.0
2026-03-15T16:15:00Z,102.5
2026-03-15T16:30:00Z,217.3
2026-03-15T16:45:00Z,198.2
2026-03-15T17:00:00Z,232.7
2026-03-15T17:15:00Z,169.6
2026-03-15T17:30:00Z,277.3
2026-03-15T17:45:00Z,276.5
2026-03-15T18:00:00Z,231.5
2026-03-15T18:15:00Z,286.5
2026-03-15T18:30:00Z,309.4
2026-03-15T18:45:00Z,303.2
2026-03-15T19:00:00Z,307.5
2026-03-15T19:15:00Z,348.8
2026-03-15T19:30:00Z,346.6
2026-03-15T19:45:00Z,328.1
2026-03-15T20:00:00Z,323.1
2026-03-15T20:15:00Z,341.1
2026-03-15T20:30:00Z,341.7
2026-03-15T20:45:00Z,339.4
2026-03-15T21:00:00Z,315.5
2026-03-15T21:15:00Z,313.9
2026-03-15T21:30:00Z,320.9
2026-03-15T21:45:00Z,336.6
2026-03-15T22:00:00Z,340.2
2026-03-15T22:15:00Z,346.6
2026-03-15T22:30:00Z,321.0
2026-03-15T22:45:00Z,337.8
2026-03-15T23:00:00Z,328.5
2026-03-15T23:15:00Z,334.5
2026-03-15T23:30:00Z,333.3
2026-03-15T23:45:00Z,322.5
2026-03-16T00:00:00Z,338.5
2026-03-16T00:15:00Z,343.3
2026-03-16T00:30:00Z,350.4
2026-03-16T00:45:00Z,324.4
2026-03-16T01:00:00Z,329.5
2026-03-16T01:15:00Z,364.0
2026-03-16T01:30:00Z,322.8
2026-03-16T01:45:00Z,346.8
2026-03-16T02:00:00Z,338.6
2026-03-16T02:15:00Z,328.7
2026-03-16T02:30:00Z,348.0
2026-03-16T02:45:00Z,350.5
2026-03-16T03:00:00Z,339.5
2026-03-16T03:15:00Z,332.0
2026-03-16T03:30:00Z,319.5
2026-03-16T03:45:00Z,327.3
2026-03-16T04:00:00Z,321.7
2026-03-16T04:15:00Z,335.8
2026-03-16T04:30:00Z,331.0
2026-03-16T04:45:00Z,347.1
2026-03-16T05:00:00Z,928.2
2026-03-16T05:15:00Z,1043.2
2026-03-16T05:30:00Z,913.9
2026-03-16T05:45:00Z,998.3
2026-03-16T06:00:00Z,792.3
2026-03-16T06:15:00Z,720.2
2026-03-16T06:30:00Z,1102.0
2026-03-16T06:45:00Z,1063.5
2026-03-16T07:00:00Z,795.3
2026-03-16T07:15:00Z,870.1
2026-03-16T07:30:00Z,927.8
2026-03-16T07:45:00Z,843.9
2026-03-16T08:00:00Z,853.3
2026-03-16T08:15:00Z,801.2
2026-03-16T08:30:00Z,704.3
2026-03-16T08:45:00Z,658.7
2026-03-16T09:00:00Z,516.4
2026-03-16T09:15:00Z,638.6
2026-03-16T09:30:00Z,686.8
2026-03-16T09:45:00Z,698.5
2026-03-16T10:00:00Z,651.3
2026-03-16T10:15:00Z,494.0
2026-03-16T10:30:00Z,768.9
2026-03-16T10:45:00Z,686.4
2026-03-16T11:00:00Z,671.4
2026-03-16T11:15:00Z,638.4
2026-03-16T11:30:00Z,632.9
2026-03-16T11:45:00Z,633.4
2026-03-16T12:00:00Z,589.3
2026-03-16T12:15:00Z,556.4
2026-03-16T12:30:00Z,646.6
2026-03-16T12:45:00Z,761.1
2026-03-16T13:00:00Z,761.5
2026-03-16T13:15:00Z,530.4
2026-03-16T13:30:00Z,476.1
2026-03-16T13:45:00Z,903.7
2026-03-16T14:00:00Z,642.2
2026-03-16T14:15:00Z,691.7
2026-03-16T14:30:00Z,661.9
2026-03-16T14:45:00Z,809.6
2026-03-16T15:00:00Z,633.8
2026-03-16T15:15:00Z,701.3
2026-03-16T15:30:00Z,568.8
2026-03-16T15:45:00Z,586.8
2026-03-16T16:00:00Z,739.7
2026-03-16T16:15:00Z,592.7
2026-03-16T16:30:00Z,655.7
2026-03-16T16:45:00Z,586.3
2026-03-16T17:00:00Z,624.6
2026-03-16T17:15:00Z,898.5
2026-03-16T17:30:00Z,882.2
2026-03-16T17:45:00Z,824.9
2026-03-16T18:00:00Z,873.4
2026-03-16T18:15:00Z,830.6
2026-03-16T18:30:00Z,1023.8
2026-03-16T18:45:00Z,829.3
2026-03-16T19:00:00Z,981.2
2026-03-16T19:15:00Z,854.4
2026-03-16T19:30:00Z,795.7
2026-03-16T19:45:00Z,934.7
2026-03-16T20:00:00Z,889.8
2026-03-16T20:15:00Z,863.2
2026-03-16T20:30:00Z,936.6
2026-03-16T20:45:00Z,1068.9
2026-03-16T21:00:00Z,332.3
2026-03-16T21:15:00Z,340.0
2026-03-16T21:30:00Z,325.5
2026-03-16T21:45:00Z,306.9
2026-03-16T22:00:00Z,312.6
2026-03-16T22:15:00Z,316.0
2026-03-16T22:30:00Z,356.6
2026-03-16T22:45:00Z,330.5
2026-03-16T23:00:00Z,334.9
2026-03-16T23:15:00Z,325.1
2026-03-16T23:30:00Z,343.5
2026-03-16T23:45:00Z,321.4
2026-03-17T00:00:00Z,321.2
2026-03-17T00:15:00Z,341.4
2026-03-17T00:30:00Z,328.8
2026-03-17T00:45:00Z,333.3
2026-03-17T01:00:00Z,355.5
2026-03-17T01:15:00Z,344.7
2026-03-17T01:30:00Z,340.1
2026-03-17T01:45:00Z,320.0
2026-03-17T02:00:00Z,343.3
2026-03-17T02:15:00Z,331.5
2026-03-17T02:30:00Z,342.8
2026-03-17T02:45:00Z,337.4
2026-03-17T03:00:00Z,345.9
2026-03-17T03:15:00Z,337.6
2026-03-17T03:30:00Z,344.3
2026-03-17T03:45:00Z,320.1
2026-03-17T04:00:00Z,334.9
2026-03-17T04:15:00Z,330.8
2026-03-17T04:30:00Z,340.0
2026-03-17T04:45:00Z,347.8
2026-03-17T05:00:00Z,1118.5
2026-03-17T05:15:00Z,1138.8
2026-03-17T05:30:00Z,994.4
2026-03-17T05:45:00Z,872.4
2026-03-17T06:00:00Z,924.7
2026-03-17T06:15:00Z,901.3
2026-03-17T06:30:00Z,884.7
2026-03-17T06:45:00Z,755.8
2026-03-17T07:00:00Z,868.7
2026-03-17T07:15:00Z,676.8
2026-03-17T07:30:00Z,782.8
2026-03-17T07:45:00Z,631.4
2026-03-17T08:00:00Z,863.3
2026-03-17T08:15:00Z,644.5
2026-03-17T08:30:00Z,912.9
2026-03-17T08:45:00Z,684.8
2026-03-17T09:00:00Z,638.9
2026-03-17T09:15:00Z,652.8
2026-03-17T09:30:00Z,578.6
2026-03-17T09:45:00Z,648.3
2026-03-17T10:00:00Z,850.3
2026-03-17T10:15:00Z,521.2
2026-03-17T10:30:00Z,612.6
2026-03-17T10:45:00Z,466.5
2026-03-17T11:00:00Z,470.8
2026-03-17T11:15:00Z,602.1
2026-03-17T11:30:00Z,747.2
2026-03-17T11:45:00Z,421.7
2026-03-17T12:00:00Z,531.1
2026-03-17T12:15:00Z,754.2
2026-03-17T12:30:00Z,571.9
2026-03-17T12:45:00Z,586.0
2026-03-17T13:00:00Z,897.4
2026-03-17T13:15:00Z,824.7
2026-03-17T13:30:00Z,582.6
2026-03-17T13:45:00Z,576.1
2026-03-17T14:00:00Z,562.6
2026-03-17T14:15:00Z,624.4
2026-03-17T14:30:00Z,634.1
2026-03-17T14:45:00Z,698.1
2026-03-17T15:00:00Z,749.7
2026-03-17T15:15:00Z,585.3
2026-03-17T15:30:00Z,770.2
2026-03-17T15:45:00Z,779.2
2026-03-17T16:00:00Z,714.1
2026-03-17T16:15:00Z,666.3
2026-03-17T16:30:00Z,954.5
2026-03-17T16:45:00Z,920.5
2026-03-17T17:00:00Z,836.3
2026-03-17T17:15:00Z,699.6
2026-03-17T17:30:00Z,830.0
2026-03-17T17:45:00Z,854.6
2026-03-17T18:00:00Z,811.4
2026-03-17T18:15:00Z,868.4
2026-03-17T18:30:00Z,819.7
2026-03-17T18:45:00Z,940.5
2026-03-17T19:00:00Z,819.8
2026-03-17T19:15:00Z,978.3
2026-03-17T19:30:00Z,797.9
2026-03-17T19:45:00Z,951.8
2026-03-17T20:00:00Z,793.9
2026-03-17T20:15:00Z,1083.4
2026-03-17T20:30:00Z,1067.0
2026-03-17T20:45:00Z,995.2
2026-03-17T21:00:00Z,330.4
2026-03-17T21:15:00Z,328.6
2026-03-17T21:30:00Z,321.6
2026-03-17T21:45:00Z,322.5
2026-03-17T22:00:00Z,318.2
2026-03-17T22:15:00Z,325.1
2026-03-17T22:30:00Z,320.9
2026-03-17T22:45:00Z,304.3
2026-03-17T23:00:00Z,318.8
2026-03-17T23:15:00Z,338.8
2026-03-17T23:30:00Z,317.9
2026-03-17T23:45:00Z,322.5
2026-03-18T00:00:00Z,326.7
2026-03-18T00:15:00Z,338.2
2026-03-18T00:30:00Z,317.1
2026-03-18T00:45:00Z,324.3
2026-03-18T01:00:00Z,318.4
2026-03-18T01:15:00Z,330.3
2026-03-18T01:30:00Z,325.2
2026-03-18T01:45:00Z,305.4
2026-03-18T02:00:00Z,333.5
2026-03-18T02:15:00Z,337.8
2026-03-18T02:30:00Z,335.6
2026-03-18T02:45:00Z,328.3
2026-03-18T03:00:00Z,329.5
2026-03-18T03:15:00Z,311.3
2026-03-18T03:30:00Z,315.7
2026-03-18T03:45:00Z,338.0
2026-03-18T04:00:00Z,331.2
2026-03-18T04:15:00Z,325.3
2026-03-18T04:30:00Z,326.3
2026-03-18T04:45:00Z,340.1
2026-03-18T05:00:00Z,1142.2
2026-03-18T05:15:00Z,1029.3
2026-03-18T05:30:00Z,970.1
2026-03-18T05:45:00Z,1169.0
2026-03-18T06:00:00Z,931.8
2026-03-18T06:15:00Z,1124.8
2026-03-18T06:30:00Z,866.9
2026-03-18T06:45:00Z,668.5
2026-03-18T07:00:00Z,920.8
2026-03-18T07:15:00Z,873.3
2026-03-18T07:30:00Z,918.5
2026-03-18T07:45:00Z,556.0
2026-03-18T08:00:00Z,885.5
2026-03-18T08:15:00Z,696.7
2026-03-18T08:30:00Z,667.8
2026-03-18T08:45:00Z,471.4
2026-03-18T09:00:00Z,702.4
2026-03-18T09:15:00Z,712.9
2026-03-18T09:30:00Z,704.7
2026-03-18T09:45:00Z,567.0
2026-03-18T10:00:00Z,565.8
2026-03-18T10:15:00Z,858.2
2026-03-18T10:30:00Z,719.5
2026-03-18T10:45:00Z,704.8
2026-03-18T11:00:00Z,785.4
2026-03-18T11:15:00Z,696.2
2026-03-18T11:30:00Z,582.0
2026-03-18T11:45:00Z,483.5
2026-03-18T12:00:00Z,693.9
2026-03-18T12:15:00Z,665.7
2026-03-18T12:30:00Z,578.7
2026-03-18T12:45:00Z,431.3
2026-03-18T13:00:00Z,539.7
2026-03-18T13:15:00Z,767.4
2026-03-18T13:30:00Z,576.6
2026-03-18T13:45:00Z,602.4
2026-03-18T14:00:00Z,451.6
2026-03-18T14:15:00Z,631.3
2026-03-18T14:30:00Z,657.2
2026-03-18T14:45:00Z,778.2
2026-03-18T15:00:00Z,816.0
2026-03-18T15:15:00Z,944.2
2026-03-18T15:30:00Z,653.0
2026-03-18T15:45:00Z,857.9
2026-03-18T16:00:00Z,784.4
2026-03-18T16:15:00Z,746.4
2026-03-18T16:30:00Z,859.2
2026-03-18T16:45:00Z,641.7
2026-03-18T17:00:00Z,679.3
2026-03-18T17:15:00Z,920.2
2026-03-18T17:30:00Z,785.4
2026-03-18T17:45:00Z,796.4
2026-03-18T18:00:00Z,835.1
2026-03-18T18:15:00Z,855.4
2026-03-18T18:30:00Z,981.3
2026-03-18T18:45:00Z,800.8
2026-03-18T19:00:00Z,819.9
2026-03-18T19:15:00Z,896.7
2026-03-18T19:30:00Z,1044.8
2026-03-18T19:45:00Z,842.4
2026-03-18T20:00:00Z,1010.8
2026-03-18T20:15:00Z,795.3
2026-03-18T20:30:00Z,1000.0
2026-03-18T20:45:00Z,779.6
2026-03-18T21:00:00Z,332.4
2026-03-18T21:15:00Z,311.6
2026-03-18T21:30:00Z,326.0
2026-03-18T21:45:00Z,343.7
2026-03-18T22:00:00Z,360.6
2026-03-18T22:15:00Z,340.6
2026-03-18T22:30:00Z,349.6
2026-03-18T22:45:00Z,317.7
2026-03-18T23:00:00Z,337.7
2026-03-18T23:15:00Z,346.2
2026-03-18T23:30:00Z,327.7
2026-03-18T23:45:00Z,326.3
2026-03-19T00:00:00Z,313.1
2026-03-19T00:15:00Z,345.7
2026-03-19T00:30:00Z,319.0
2026-03-19T00:45:00Z,326.0
2026-03-19T01:00:00Z,327.2
2026-03-19T01:15:00Z,304.5
2026-03-19T01:30:00Z,329.7
2026-03-19T01:45:00Z,332.1
2026-03-19T02:00:00Z,315.9
2026-03-19T02:15:00Z,331.1
2026-03-19T02:30:00Z,334.5
2026-03-19T02:45:00Z,351.5
2026-03-19T03:00:00Z,321.8
2026-03-19T03:15:00Z,346.2
2026-03-19T03:30:00Z,338.6
2026-03-19T03:45:00Z,334.1
2026-03-19T04:00:00Z,331.8
2026-03-19T04:15:00Z,346.5
2026-03-19T04:30:00Z,333.5
2026-03-19T04:45:00Z,325.5
2026-03-19T05:00:00Z,883.7
2026-03-19T05:15:00Z,1020.7
2026-03-19T05:30:00Z,771.9
2026-03-19T05:45:00Z,856.6
2026-03-19T06:00:00Z,997.0
2026-03-19T06:15:00Z,1126.1
2026-03-19T06:30:00Z,826.1
2026-03-19T06:45:00Z,971.0
2026-03-19T07:00:00Z,653.9
2026-03-19T07:15:00Z,606.8
2026-03-19T07:30:00Z,743.5
2026-03-19T07:45:00Z,802.7
2026-03-19T08:00:00Z,872.7
2026-03-19T08:15:00Z,799.3
2026-03-19T08:30:00Z,690.3
2026-03-19T08:45:00Z,820.6
2026-03-19T09:00:00Z,867.6
2026-03-19T09:15:00Z,766.1
2026-03-19T09:30:00Z,435.0
2026-03-19T09:45:00Z,489.2
2026-03-19T10:00:00Z,517.1
2026-03-19T10:15:00Z,594.6
2026-03-19T10:30:00Z,654.1
2026-03-19T10:45:00Z,524.1
2026-03-19T11:00:00Z,526.2
2026-03-19T11:15:00Z,775.2
2026-03-19T11:30:00Z,566.1
2026-03-19T11:45:00Z,442.2
2026-03-19T12:00:00Z,779.7
2026-03-19T12:15:00Z,777.6
2026-03-19T12:30:00Z,587.4
2026-03-19T12:45:00Z,544.8
2026-03-19T13:00:00Z,786.3
2026-03-19T13:15:00Z,627.2
2026-03-19T13:30:00Z,675.9
2026-03-19T13:45:00Z,624.9
2026-03-19T14:00:00Z,742.5
2026-03-19T14:15:00Z,709.1
2026-03-19T14:30:00Z,517.4
2026-03-19T14:45:00Z,795.2
2026-03-19T15:00:00Z,541.4
2026-03-19T15:15:00Z,499.9
2026-03-19T15:30:00Z,624.8
2026-03-19T15:45:00Z,648.3
2026-03-19T16:00:00Z,645.7
2026-03-19T16:15:00Z,764.9
2026-03-19T16:30:00Z,712.8
2026-03-19T16:45:00Z,761.4
2026-03-19T17:00:00Z,617.3
2026-03-19T17:15:00Z,939.2
2026-03-19T17:30:00Z,997.0
2026-03-19T17:45:00Z,774.6
2026-03-19T18:00:00Z,929.8
2026-03-19T18:15:00Z,833.3
2026-03-19T18:30:00Z,948.9
2026-03-19T18:45:00Z,988.4
2026-03-19T19:00:00Z,792.7
2026-03-19T19:15:00Z,1002.2
2026-03-19T19:30:00Z,807.1
2026-03-19T19:45:00Z,839.7
2026-03-19T20:00:00Z,972.7
2026-03-19T20:15:00Z,956.0
2026-03-19T20:30:00Z,813.2
2026-03-19T20:45:00Z,1089.3
2026-03-19T21:00:00Z,318.7
2026-03-19T21:15:00Z,327.4
2026-03-19T21:30:00Z,322.5
2026-03-19T21:45:00Z,342.1
2026-03-19T22:00:00Z,342.2
2026-03-19T22:15:00Z,334.4
2026-03-19T22:30:00Z,340.6
2026-03-19T22:45:00Z,347.3
2026-03-19T23:00:00Z,359.2
2026-03-19T23:15:00Z,330.6
2026-03-19T23:30:00Z,322.1
2026-03-19T23:45:00Z,331.4
2026-03-20T00:00:00Z,336.8
2026-03-20T00:15:00Z,327.5
2026-03-20T00:30:00Z,327.3
2026-03-20T00:45:00Z,333.8
2026-03-20T01:00:00Z,325.6
2026-03-20T01:15:00Z,341.7
2026-03-20T01:30:00Z,324.8
2026-03-20T01:45:00Z,311.6
2026-03-20T02:00:00Z,329.2
2026-03-20T02:15:00Z,321.3
2026-03-20T02:30:00Z,329.6
2026-03-20T02:45:00Z,335.7
2026-03-20T03:00:00Z,341.6
2026-03-20T03:15:00Z,339.4
2026-03-20T03:30:00Z,338.0
2026-03-20T03:45:00Z,329.2
2026-03-20T04:00:00Z,333.4
2026-03-20T04:15:00Z,321.0
2026-03-20T04:30:00Z,338.6
2026-03-20T04:45:00Z,337.9
2026-03-20T05:00:00Z,869.5
2026-03-20T05:15:00Z,818.8
2026-03-20T05:30:00Z,1108.7
2026-03-20T05:45:00Z,973.7
2026-03-20T06:00:00Z,1000.1
2026-03-20T06:15:00Z,945.2
2026-03-20T06:30:00Z,1048.2
2026-03-20T06:45:00Z,632.4
2026-03-20T07:00:00Z,741.5
2026-03-20T07:15:00Z,783.5
2026-03-20T07:30:00Z,814.6
2026-03-20T07:45:00Z,682.0
2026-03-20T08:00:00Z,717.5
2026-03-20T08:15:00Z,920.3
2026-03-20T08:30:00Z,712.5
2026-03-20T08:45:00Z,769.9
2026-03-20T09:00:00Z,717.4
2026-03-20T09:15:00Z,683.0
2026-03-20T09:30:00Z,523.6
2026-03-20T09:45:00Z,486.2
2026-03-20T10:00:00Z,778.2
2026-03-20T10:15:00Z,717.5
2026-03-20T10:30:00Z,669.7
2026-03-20T10:45:00Z,716.3
2026-03-20T11:00:00Z,838.7
2026-03-20T11:15:00Z,531.0
2026-03-20T11:30:00Z,662.1
2026-03-20T11:45:00Z,651.3
2026-03-20T12:00:00Z,405.6
2026-03-20T12:15:00Z,573.1
2026-03-20T12:30:00Z,802.1
2026-03-20T12:45:00Z,496.4
2026-03-20T13:00:00Z,335.3
2026-03-20T13:15:00Z,332.7
2026-03-20T13:30:00Z,749.2
2026-03-20T13:45:00Z,683.9
2026-03-20T14:00:00Z,614.4
2026-03-20T14:15:00Z,732.8
2026-03-20T14:30:00Z,863.1
2026-03-20T14:45:00Z,451.3
2026-03-20T15:00:00Z,542.7
2026-03-20T15:15:00Z,665.8
2026-03-20T15:30:00Z,776.7
2026-03-20T15:45:00Z,805.2
2026-03-20T16:00:00Z,696.6
2026-03-20T16:15:00Z,722.8
2026-03-20T16:30:00Z,751.2
2026-03-20T16:45:00Z,920.5
2026-03-20T17:00:00Z,744.3
2026-03-20T17:15:00Z,962.6
2026-03-20T17:30:00Z,750.5
2026-03-20T17:45:00Z,987.8
2026-03-20T18:00:00Z,768.5
2026-03-20T18:15:00Z,816.4
2026-03-20T18:30:00Z,828.9
2026-03-20T18:45:00Z,1009.7
2026-03-20T19:00:00Z,904.3
2026-03-20T19:15:00Z,947.4
2026-03-20T19:30:00Z,998.9
2026-03-20T19:45:00Z,952.3
2026-03-20T20:00:00Z,895.5
2026-03-20T20:15:00Z,881.2
2026-03-20T20:30:00Z,909.6
2026-03-20T20:45:00Z,858.1
2026-03-20T21:00:00Z,339.9
2026-03-20T21:15:00Z,333.0
2026-03-20T21:30:00Z,324.4
2026-03-20T21:45:00Z,330.2
2026-03-20T22:00:00Z,320.5
2026-03-20T22:15:00Z,317.7
2026-03-20T22:30:00Z,314.4
2026-03-20T22:45:00Z,334.8
2026-03-20T23:00:00Z,317.9
2026-03-20T23:15:00Z,346.1
2026-03-20T23:30:00Z,337.0
2026-03-20T23:45:00Z,317.1
2026-03-21T00:00:00Z,349.3
2026-03-21T00:15:00Z,327.1
2026-03-21T00:30:00Z,353.5
2026-03-21T00:45:00Z,336.9
2026-03-21T01:00:00Z,347.9
2026-03-21T01:15:00Z,308.8
2026-03-21T01:30:00Z,329.2
2026-03-21T01:45:00Z,351.5
2026-03-21T02:00:00Z,341.0
2026-03-21T02:15:00Z,334.9
2026-03-21T02:30:00Z,331.8
2026-03-21T02:45:00Z,352.8
2026-03-21T03:00:00Z,326.0
2026-03-21T03:15:00Z,344.1
2026-03-21T03:30:00Z,327.4
2026-03-21T03:45:00Z,341.2
2026-03-21T04:00:00Z,341.1
2026-03-21T04:15:00Z,321.8
2026-03-21T04:30:00Z,318.0
2026-03-21T04:45:00Z,316.2
2026-03-21T05:00:00Z,323.3
2026-03-21T05:15:00Z,326.4
2026-03-21T05:30:00Z,312.7
2026-03-21T05:45:00Z,280.9
2026-03-21T06:00:00Z,232.0
2026-03-21T06:15:00Z,261.5
2026-03-21T06:30:00Z,242.1
2026-03-21T06:45:00Z,212.8
2026-03-21T07:00:00Z,166.0
2026-03-21T07:15:00Z,92.0
2026-03-21T07:30:00Z,120.8
2026-03-21T07:45:00Z,211.4
2026-03-21T08:00:00Z,235.2
2026-03-21T08:15:00Z,118.1
2026-03-21T08:30:00Z,200.3
2026-03-21T08:45:00Z,130.9
2026-03-21T09:00:00Z,80.0
2026-03-21T09:15:00Z,80.0
2026-03-21T09:30:00Z,105.2
2026-03-21T09:45:00Z,83.7
2026-03-21T10:00:00Z,80.0
2026-03-21T10:15:00Z,80.0
2026-03-21T10:30:00Z,123.4
2026-03-21T10:45:00Z,80.0
2026-03-21T11:00:00Z,80.0
2026-03-21T11:15:00Z,80.0
2026-03-21T11:30:00Z,80.0
2026-03-21T11:45:00Z,80.0
2026-03-21T12:00:00Z,80.0
2026-03-21T12:15:00Z,142.1
2026-03-21T12:30:00Z,186.4
2026-03-21T12:45:00Z,138.7
2026-03-21T13:00:00Z,146.2
2026-03-21T13:15:00Z,80.0
2026-03-21T13:30:00Z,182.5
2026-03-21T13:45:00Z,80.0
2026-03-21T14:00:00Z,80.0
2026-03-21T14:15:00Z,80.0
2026-03-21T14:30:00Z,105.7
2026-03-21T14:45:00Z,80.0
2026-03-21T15:00:00Z,80.0
2026-03-21T15:15:00Z,94.4
2026-03-21T15:30:00Z,144.3
2026-03-21T15:45:00Z,104.7
2026-03-21T16:00:00Z,80.0
2026-03-21T16:15:00Z,81.1
2026-03-21T16:30:00Z,115.7
2026-03-21T16:45:00Z,235.2
2026-03-21T17:00:00Z,268.9
2026-03-21T17:15:00Z,176.1
2026-03-21T17:30:00Z,197.1
2026-03-21T17:45:00Z,258.2
2026-03-21T18:00:00Z,274.2
2026-03-21T18:15:00Z,251.4
2026-03-21T18:30:00Z,291.3
2026-03-21T18:45:00Z,300.7
2026-03-21T19:00:00Z,333.1
2026-03-21T19:15:00Z,345.5
2026-03-21T19:30:00Z,329.0
2026-03-21T19:45:00Z,333.7
2026-03-21T20:00:00Z,327.5
2026-03-21T20:15:00Z,347.2
2026-03-21T20:30:00Z,320.2
2026-03-21T20:45:00Z,316.5
2026-03-21T21:00:00Z,311.6
2026-03-21T21:15:00Z,338.3
2026-03-21T21:30:00Z,345.9
2026-03-21T21:45:00Z,327.9
2026-03-21T22:00:00Z,341.2
2026-03-21T22:15:00Z,353.4
2026-03-21T22:30:00Z,329.8
2026-03-21T22:45:00Z,353.2
2026-03-21T23:00:00Z,327.9
2026-03-21T23:15:00Z,315.7
2026-03-21T23:30:00Z,310.8
2026-03-21T23:45:00Z,339.3
2026-03-22T00:00:00Z,334.7
2026-03-22T00:15:00Z,350.2
2026-03-22T00:30:00Z,355.5
2026-03-22T00:45:00Z,350.7
2026-03-22T01:00:00Z,311.5
2026-03-22T01:15:00Z,314.7
2026-03-22T01:30:00Z,326.5
2026-03-22T01:45:00Z,343.6
2026-03-22T02:00:00Z,339.0
2026-03-22T02:15:00Z,334.7
2026-03-22T02:30:00Z,329.3
2026-03-22T02:45:00Z,322.8
2026-03-22T03:00:00Z,352.7
2026-03-22T03:15:00Z,328.4
2026-03-22T03:30:00Z,317.6
2026-03-22T03:45:00Z,311.3
2026-03-22T04:00:00Z,336.1
2026-03-22T04:15:00Z,311.6
2026-03-22T04:30:00Z,317.6
2026-03-22T04:45:00Z,351.4
2026-03-22T05:00:00Z,335.4
2026-03-22T05:15:00Z,265.9
2026-03-22T05:30:00Z,282.8
2026-03-22T05:45:00Z,264.8
2026-03-22T06:00:00Z,228.4
2026-03-22T06:15:00Z,221.8
2026-03-22T06:30:00Z,196.2
2026-03-22T06:45:00Z,242.2
2026-03-22T07:00:00Z,262.6
2026-03-22T07:15:00Z,266.8
2026-03-22T07:30:00Z,84.1
2026-03-22T07:45:00Z,182.5
2026-03-22T08:00:00Z,80.0
2026-03-22T08:15:00Z,252.4
2026-03-22T08:30:00Z,117.1
2026-03-22T08:45:00Z,80.0
2026-03-22T09:00:00Z,199.5
2026-03-22T09:15:00Z,80.0
2026-03-22T09:30:00Z,80.0
2026-03-22T09:45:00Z,104.4
2026-03-22T10:00:00Z,80.0
2026-03-22T10:15:00Z,80.0
2026-03-22T10:30:00Z,109.3
2026-03-22T10:45:00Z,80.0
2026-03-22T11:00:00Z,84.7
2026-03-22T11:15:00Z,80.0
2026-03-22T11:30:00Z,80.0
2026-03-22T11:45:00Z,80.0
2026-03-22T12:00:00Z,80.0
2026-03-22T12:15:00Z,80.0
2026-03-22T12:30:00Z,124.6
2026-03-22T12:45:00Z,80.0
2026-03-22T13:00:00Z,144.9
2026-03-22T13:15:00Z,80.0
2026-03-22T13:30:00Z,80.0
2026-03-22T13:45:00Z,80.0
2026-03-22T14:00:00Z,80.0
2026-03-22T14:15:00Z,80.0
2026-03-22T14:30:00Z,80.0
2026-03-22T14:45:00Z,89.9
2026-03-22T15:00:00Z,201.6
2026-03-22T15:15:00Z,80.0
2026-03-22T15:30:00Z,185.7
2026-03-22T15:45:00Z,210.9
2026-03-22T16:00:00Z,181.4
2026-03-22T16:15:00Z,80.0
2026-03-22T16:30:00Z,102.3
2026-03-22T16:45:00Z,241.5
2026-03-22T17:00:00Z,162.0
2026-03-22T17:15:00Z,161.9
2026-03-22T17:30:00Z,173.2
2026-03-22T17:45:00Z,217.6
2026-03-22T18:00:00Z,230.2
2026-03-22T18:15:00Z,265.0
2026-03-22T18:30:00Z,298.0
2026-03-22T18:45:00Z,318.1
2026-03-22T19:00:00Z,319.8
2026-03-22T19:15:00Z,336.9
2026-03-22T19:30:00Z,323.7
2026-03-22T19:45:00Z,322.6
2026-03-22T20:00:00Z,313.9
2026-03-22T20:15:00Z,330.6
2026-03-22T20:30:00Z,329.9
2026-03-22T20:45:00Z,301.4
2026-03-22T21:00:00Z,345.9
2026-03-22T21:15:00Z,334.3
2026-03-22T21:30:00Z,300.3
2026-03-22T21:45:00Z,333.6
2026-03-22T22:00:00Z,329.6
2026-03-22T22:15:00Z,353.0
2026-03-22T22:30:00Z,335.3
2026-03-22T22:45:00Z,339.0
2026-03-22T23:00:00Z,330.6
2026-03-22T23:15:00Z,334.7
2026-03-22T23:30:00Z,333.7
2026-03-22T23:45:00Z,320.8
2026-03-23T00:00:00Z,321.7
2026-03-23T00:15:00Z,314.6
2026-03-23T00:30:00Z,338.0
2026-03-23T00:45:00Z,335.2
2026-03-23T01:00:00Z,324.6
2026-03-23T01:15:00Z,340.4
2026-03-23T01:30:00Z,331.7
2026-03-23T01:45:00Z,335.8
2026-03-23T02:00:00Z,338.4
2026-03-23T02:15:00Z,309.5
2026-03-23T02:30:00Z,315.3
2026-03-23T02:45:00Z,335.1
2026-03-23T03:00:00Z,329.5
2026-03-23T03:15:00Z,332.8
2026-03-23T03:30:00Z,348.4
2026-03-23T03:45:00Z,340.8
2026-03-23T04:00:00Z,330.4
2026-03-23T04:15:00Z,325.2
2026-03-23T04:30:00Z,351.5
2026-03-23T04:45:00Z,328.8
2026-03-23T05:00:00Z,908.0
2026-03-23T05:15:00Z,897.4
2026-03-23T05:30:00Z,888.4
2026-03-23T05:45:00Z,946.1
2026-03-23T06:00:00Z,925.6
2026-03-23T06:15:00Z,1043.8
2026-03-23T06:30:00Z,854.8
2026-03-23T06:45:00Z,965.1
2026-03-23T07:00:00Z,851.0
2026-03-23T07:15:00Z,556.8
2026-03-23T07:30:00Z,506.2
2026-03-23T07:45:00Z,693.1
2026-03-23T08:00:00Z,641.7
2026-03-23T08:15:00Z,714.2
2026-03-23T08:30:00Z,667.3
2026-03-23T08:45:00Z,608.6
2026-03-23T09:00:00Z,633.7
2026-03-23T09:15:00Z,630.9
2026-03-23T09:30:00Z,650.3
2026-03-23T09:45:00Z,487.6
2026-03-23T10:00:00Z,625.3
2026-03-23T10:15:00Z,383.4
2026-03-23T10:30:00Z,633.7
2026-03-23T10:45:00Z,514.0
2026-03-23T11:00:00Z,513.1
2026-03-23T11:15:00Z,703.3
2026-03-23T11:30:00Z,595.0
2026-03-23T11:45:00Z,619.8
2026-03-23T12:00:00Z,523.6
2026-03-23T12:15:00Z,608.6
2026-03-23T12:30:00Z,447.7
2026-03-23T12:45:00Z,561.9
2026-03-23T13:00:00Z,750.2
2026-03-23T13:15:00Z,793.1
2026-03-23T13:30:00Z,771.0
2026-03-23T13:45:00Z,556.4
2026-03-23T14:00:00Z,784.8
2026-03-23T14:15:00Z,802.5
2026-03-23T14:30:00Z,837.2
2026-03-23T14:45:00Z,592.7
2026-03-23T15:00:00Z,731.9
2026-03-23T15:15:00Z,814.3
2026-03-23T15:30:00Z,680.0
2026-03-23T15:45:00Z,781.5
2026-03-23T16:00:00Z,828.4
2026-03-23T16:15:00Z,762.3
2026-03-23T16:30:00Z,795.2
2026-03-23T16:45:00Z,827.5
2026-03-23T17:00:00Z,875.6
2026-03-23T17:15:00Z,820.5
2026-03-23T17:30:00Z,889.1
2026-03-23T17:45:00Z,913.1
2026-03-23T18:00:00Z,905.9
2026-03-23T18:15:00Z,840.1
2026-03-23T18:30:00Z,1049.3
2026-03-23T18:45:00Z,1056.3
2026-03-23T19:00:00Z,1018.9
2026-03-23T19:15:00Z,1059.3
2026-03-23T19:30:00Z,1034.4
2026-03-23T19:45:00Z,967.4
2026-03-23T20:00:00Z,1013.0
2026-03-23T20:15:00Z,880.7
2026-03-23T20:30:00Z,1040.5
2026-03-23T20:45:00Z,894.0
2026-03-23T21:00:00Z,341.9
2026-03-23T21:15:00Z,330.0
2026-03-23T21:30:00Z,319.8
2026-03-23T21:45:00Z,338.7
2026-03-23T22:00:00Z,332.6
2026-03-23T22:15:00Z,344.0
2026-03-23T22:30:00Z,352.0
2026-03-23T22:45:00Z,318.7
2026-03-23T23:00:00Z,322.5
2026-03-23T23:15:00Z,326.9
2026-03-23T23:30:00Z,322.3
2026-03-23T23:45:00Z,327.3
2026-03-24T00:00:00Z,321.7
2026-03-24T00:15:00Z,308.8
2026-03-24T00:30:00Z,320.5
2026-03-24T00:45:00Z,321.6
2026-03-24T01:00:00Z,321.0
2026-03-24T01:15:00Z,353.0
2026-03-24T01:30:00Z,331.6
2026-03-24T01:45:00Z,363.7
2026-03-24T02:00:00Z,336.4
2026-03-24T02:15:00Z,334.9
2026-03-24T02:30:00Z,329.8
2026-03-24T02:45:00Z,322.9
2026-03-24T03:00:00Z,318.2
2026-03-24T03:15:00Z,328.2
2026-03-24T03:30:00Z,346.7
2026-03-24T03:45:00Z,339.5
2026-03-24T04:00:00Z,353.7
2026-03-24T04:15:00Z,318.6
2026-03-24T04:30:00Z,339.8
2026-03-24T04:45:00Z,337.1
2026-03-24T05:00:00Z,1050.6
2026-03-24T05:15:00Z,1121.9
2026-03-24T05:30:00Z,993.5
2026-03-24T05:45:00Z,1018.4
2026-03-24T06:00:00Z,904.5
2026-03-24T06:15:00Z,1058.8
2026-03-24T06:30:00Z,962.9
2026-03-24T06:45:00Z,805.1
2026-03-24T07:00:00Z,686.8
2026-03-24T07:15:00Z,624.6
2026-03-24T07:30:00Z,816.7
2026-03-24T07:45:00Z,527.0
2026-03-24T08:00:00Z,567.9
2026-03-24T08:15:00Z,907.3
2026-03-24T08:30:00Z,583.2
2026-03-24T08:45:00Z,777.1
2026-03-24T09:00:00Z,601.9
2026-03-24T09:15:00Z,680.5
2026-03-24T09:30:00Z,594.3
2026-03-24T09:45:00Z,792.9
2026-03-24T10:00:00Z,532.0
2026-03-24T10:15:00Z,656.0
2026-03-24T10:30:00Z,519.6
2026-03-24T10:45:00Z,800.1
2026-03-24T11:00:00Z,763.9
2026-03-24T11:15:00Z,360.0
2026-03-24T11:30:00Z,789.4
2026-03-24T11:45:00Z,753.0
2026-03-24T12:00:00Z,413.9
2026-03-24T12:15:00Z,666.9
2026-03-24T12:30:00Z,527.2
2026-03-24T12:45:00Z,320.0
2026-03-24T13:00:00Z,733.4
2026-03-24T13:15:00Z,355.5
2026-03-24T13:30:00Z,692.6
2026-03-24T13:45:00Z,543.1
2026-03-24T14:00:00Z,663.6
2026-03-24T14:15:00Z,800.2
2026-03-24T14:30:00Z,822.9
2026-03-24T14:45:00Z,850.6
2026-03-24T15:00:00Z,467.2
2026-03-24T15:15:00Z,844.2
2026-03-24T15:30:00Z,785.9
2026-03-24T15:45:00Z,744.8
2026-03-24T16:00:00Z,713.9
2026-03-24T16:15:00Z,618.5
2026-03-24T16:30:00Z,561.4
2026-03-24T16:45:00Z,814.9
2026-03-24T17:00:00Z,874.4
2026-03-24T17:15:00Z,845.0
2026-03-24T17:30:00Z,874.2
2026-03-24T17:45:00Z,781.4
2026-03-24T18:00:00Z,884.8
2026-03-24T18:15:00Z,785.6
2026-03-24T18:30:00Z,923.2
2026-03-24T18:45:00Z,894.8
2026-03-24T19:00:00Z,885.6
2026-03-24T19:15:00Z,803.8
2026-03-24T19:30:00Z,1026.2
2026-03-24T19:45:00Z,931.4
2026-03-24T20:00:00Z,1062.7
2026-03-24T20:15:00Z,970.4
2026-03-24T20:30:00Z,1063.9
2026-03-24T20:45:00Z,867.3
2026-03-24T21:00:00Z,339.2
2026-03-24T21:15:00Z,328.4
2026-03-24T21:30:00Z,337.9
2026-03-24T21:45:00Z,322.7
2026-03-24T22:00:00Z,323.1
2026-03-24T22:15:00Z,313.5
2026-03-24T22:30:00Z,347.3
2026-03-24T22:45:00Z,345.9
2026-03-24T23:00:00Z,311.2
2026-03-24T23:15:00Z,330.6
2026-03-24T23:30:00Z,331.8
2026-03-24T23:45:00Z,331.8
2026-03-25T00:00:00Z,330.3
2026-03-25T00:15:00Z,354.2
2026-03-25T00:30:00Z,315.9
2026-03-25T00:45:00Z,357.7
2026-03-25T01:00:00Z,325.0
2026-03-25T01:15:00Z,321.8
2026-03-25T01:30:00Z,334.2
2026-03-25T01:45:00Z,322.2
2026-03-25T02:00:00Z,340.3
2026-03-25T02:15:00Z,334.4
2026-03-25T02:30:00Z,338.3
2026-03-25T02:45:00Z,334.6
2026-03-25T03:00:00Z,329.5
2026-03-25T03:15:00Z,324.6
2026-03-25T03:30:00Z,318.4
2026-03-25T03:45:00Z,328.0
2026-03-25T04:00:00Z,310.4
2026-03-25T04:15:00Z,331.1
2026-03-25T04:30:00Z,305.7
2026-03-25T04:45:00Z,326.6
2026-03-25T05:00:00Z,816.3
2026-03-25T05:15:00Z,1010.5
2026-03-25T05:30:00Z,1108.8
2026-03-25T05:45:00Z,783.2
2026-03-25T06:00:00Z,1184.5
2026-03-25T06:15:00Z,977.8
2026-03-25T06:30:00Z,937.8
2026-03-25T06:45:00Z,1117.9
2026-03-25T07:00:00Z,752.6
2026-03-25T07:15:00Z,616.9
2026-03-25T07:30:00Z,629.3
2026-03-25T07:45:00Z,571.2
2026-03-25T08:00:00Z,688.9
2026-03-25T08:15:00Z,727.1
2026-03-25T08:30:00Z,763.8
2026-03-25T08:45:00Z,772.1
2026-03-25T09:00:00Z,834.7
2026-03-25T09:15:00Z,611.1
2026-03-25T09:30:00Z,437.4
2026-03-25T09:45:00Z,830.9
2026-03-25T10:00:00Z,672.8
2026-03-25T10:15:00Z,504.2
2026-03-25T10:30:00Z,457.3
2026-03-25T10:45:00Z,542.4
2026-03-25T11:00:00Z,627.3
2026-03-25T11:15:00Z,650.5
2026-03-25T11:30:00Z,664.7
2026-03-25T11:45:00Z,755.2
2026-03-25T12:00:00Z,381.1
2026-03-25T12:15:00Z,529.9
2026-03-25T12:30:00Z,490.4
2026-03-25T12:45:00Z,473.3
2026-03-25T13:00:00Z,554.9
2026-03-25T13:15:00Z,695.0
2026-03-25T13:30:00Z,460.7
2026-03-25T13:45:00Z,688.9
2026-03-25T14:00:00Z,582.9
2026-03-25T14:15:00Z,711.6
2026-03-25T14:30:00Z,458.9
2026-03-25T14:45:00Z,780.1
2026-03-25T15:00:00Z,734.4
2026-03-25T15:15:00Z,696.4
2026-03-25T15:30:00Z,529.9
2026-03-25T15:45:00Z,756.0
2026-03-25T16:00:00Z,746.7
2026-03-25T16:15:00Z,546.7
2026-03-25T16:30:00Z,706.6
2026-03-25T16:45:00Z,639.0
2026-03-25T17:00:00Z,761.8
2026-03-25T17:15:00Z,968.0
2026-03-25T17:30:00Z,685.0
2026-03-25T17:45:00Z,815.7
2026-03-25T18:00:00Z,1037.1
2026-03-25T18:15:00Z,766.4
2026-03-25T18:30:00Z,790.0
2026-03-25T18:45:00Z,867.1
2026-03-25T19:00:00Z,994.7
2026-03-25T19:15:00Z,932.1
2026-03-25T19:30:00Z,955.2
2026-03-25T19:45:00Z,876.2
2026-03-25T20:00:00Z,831.0
2026-03-25T20:15:00Z,887.7
2026-03-25T20:30:00Z,1019.0
2026-03-25T20:45:00Z,936.5
2026-03-25T21:00:00Z,338.7
2026-03-25T21:15:00Z,329.9
2026-03-25T21:30:00Z,324.7
2026-03-25T21:45:00Z,340.5
2026-03-25T22:00:00Z,337.2
2026-03-25T22:15:00Z,331.0
2026-03-25T22:30:00Z,350.2
2026-03-25T22:45:00Z,320.8
2026-03-25T23:00:00Z,337.2
2026-03-25T23:15:00Z,312.8
2026-03-25T23:30:00Z,326.3
2026-03-25T23:45:00Z,346.5
2026-03-26T00:00:00Z,320.5
2026-03-26T00:15:00Z,317.5
2026-03-26T00:30:00Z,321.2
2026-03-26T00:45:00Z,343.3
2026-03-26T01:00:00Z,339.3
2026-03-26T01:15:00Z,328.4
2026-03-26T01:30:00Z,322.4
2026-03-26T01:45:00Z,327.4
2026-03-26T02:00:00Z,319.1
2026-03-26T02:15:00Z,329.5
2026-03-26T02:30:00Z,333.0
2026-03-26T02:45:00Z,323.0
2026-03-26T03:00:00Z,316.6
2026-03-26T03:15:00Z,354.9
2026-03-26T03:30:00Z,313.8
2026-03-26T03:45:00Z,307.6
2026-03-26T04:00:00Z,332.6
2026-03-26T04:15:00Z,326.8
2026-03-26T04:30:00Z,334.3
2026-03-26T04:45:00Z,358.8
2026-03-26T05:00:00Z,872.5
2026-03-26T05:15:00Z,978.4
2026-03-26T05:30:00Z,864.0
2026-03-26T05:45:00Z,1154.0
2026-03-26T06:00:00Z,1138.8
2026-03-26T06:15:00Z,1058.3
2026-03-26T06:30:00Z,833.2
2026-03-26T06:45:00Z,940.3
2026-03-26T07:00:00Z,937.4
2026-03-26T07:15:00Z,639.7
2026-03-26T07:30:00Z,760.7
2026-03-26T07:45:00Z,888.4
2026-03-26T08:00:00Z,769.7
2026-03-26T08:15:00Z,702.3
2026-03-26T08:30:00Z,577.4
2026-03-26T08:45:00Z,791.5
2026-03-26T09:00:00Z,891.2
2026-03-26T09:15:00Z,690.3
2026-03-26T09:30:00Z,731.9
2026-03-26T09:45:00Z,889.9
2026-03-26T10:00:00Z,589.6
2026-03-26T10:15:00Z,697.0
2026-03-26T10:30:00Z,728.7
2026-03-26T10:45:00Z,574.2
2026-03-26T11:00:00Z,614.9
2026-03-26T11:15:00Z,673.5
2026-03-26T11:30:00Z,330.5
2026-03-26T11:45:00Z,564.1
2026-03-26T12:00:00Z,694.1
2026-03-26T12:15:00Z,401.2
2026-03-26T12:30:00Z,643.0
2026-03-26T12:45:00Z,663.4
2026-03-26T13:00:00Z,764.2
2026-03-26T13:15:00Z,701.0
2026-03-26T13:30:00Z,335.5
2026-03-26T13:45:00Z,724.7
2026-03-26T14:00:00Z,400.2
2026-03-26T14:15:00Z,622.8
2026-03-26T14:30:00Z,608.3
2026-03-26T14:45:00Z,650.0
2026-03-26T15:00:00Z,509.2
2026-03-26T15:15:00Z,650.7
2026-03-26T15:30:00Z,757.0
2026-03-26T15:45:00Z,717.5
2026-03-26T16:00:00Z,514.6
2026-03-26T16:15:00Z,707.5
2026-03-26T16:30:00Z,802.8
2026-03-26T16:45:00Z,731.2
2026-03-26T17:00:00Z,871.8
2026-03-26T17:15:00Z,659.8
2026-03-26T17:30:00Z,842.7
2026-03-26T17:45:00Z,672.9
2026-03-26T18:00:00Z,872.2
2026-03-26T18:15:00Z,1022.6
2026-03-26T18:30:00Z,775.3
2026-03-26T18:45:00Z,956.2
2026-03-26T19:00:00Z,998.5
2026-03-26T19:15:00Z,1061.7
2026-03-26T19:30:00Z,1011.3
2026-03-26T19:45:00Z,892.1
2026-03-26T20:00:00Z,779.0
2026-03-26T20:15:00Z,869.1
2026-03-26T20:30:00Z,777.6
2026-03-26T20:45:00Z,779.1
2026-03-26T21:00:00Z,329.7
2026-03-26T21:15:00Z,348.8
2026-03-26T21:30:00Z,303.8
2026-03-26T21:45:00Z,339.8
2026-03-26T22:00:00Z,330.2
2026-03-26T22:15:00Z,315.8
2026-03-26T22:30:00Z,319.8
2026-03-26T22:45:00Z,333.5
2026-03-26T23:00:00Z,336.2
2026-03-26T23:15:00Z,324.6
2026-03-26T23:30:00Z,343.6
2026-03-26T23:45:00Z,336.9
2026-03-27T00:00:00Z,344.0
2026-03-27T00:15:00Z,328.3
2026-03-27T00:30:00Z,323.5
2026-03-27T00:45:00Z,310.3
2026-03-27T01:00:00Z,341.5
2026-03-27T01:15:00Z,330.6
2026-03-27T01:30:00Z,353.3
2026-03-27T01:45:00Z,348.6
2026-03-27T02:00:00Z,347.8
2026-03-27T02:15:00Z,332.2
2026-03-27T02:30:00Z,320.2
2026-03-27T02:45:00Z,341.5
2026-03-27T03:00:00Z,335.1
2026-03-27T03:15:00Z,323.7
2026-03-27T03:30:00Z,326.5
2026-03-27T03:45:00Z,318.0
2026-03-27T04:00:00Z,326.3
2026-03-27T04:15:00Z,313.9
2026-03-27T04:30:00Z,331.5
2026-03-27T04:45:00Z,328.7
2026-03-27T05:00:00Z,1188.0
2026-03-27T05:15:00Z,1034.5
2026-03-27T05:30:00Z,1069.6
2026-03-27T05:45:00Z,1034.0
2026-03-27T06:00:00Z,1078.7
2026-03-27T06:15:00Z,837.5
2026-03-27T06:30:00Z,893.1
2026-03-27T06:45:00Z,794.6
2026-03-27T07:00:00Z,839.5
2026-03-27T07:15:00Z,788.8
2026-03-27T07:30:00Z,736.5
2026-03-27T07:45:00Z,796.6
2026-03-27T08:00:00Z,824.7
2026-03-27T08:15:00Z,536.7
2026-03-27T08:30:00Z,674.3
2026-03-27T08:45:00Z,623.1
2026-03-27T09:00:00Z,470.0
2026-03-27T09:15:00Z,673.7
2026-03-27T09:30:00Z,457.3
2026-03-27T09:45:00Z,755.3
2026-03-27T10:00:00Z,804.9
2026-03-27T10:15:00Z,455.3
2026-03-27T10:30:00Z,303.6
2026-03-27T10:45:00Z,510.6
2026-03-27T11:00:00Z,759.0
2026-03-27T11:15:00Z,557.7
2026-03-27T11:30:00Z,282.0
2026-03-27T11:45:00Z,750.4
2026-03-27T12:00:00Z,622.4
2026-03-27T12:15:00Z,882.1
2026-03-27T12:30:00Z,660.4
2026-03-27T12:45:00Z,338.4
2026-03-27T13:00:00Z,497.6
2026-03-27T13:15:00Z,685.1
2026-03-27T13:30:00Z,857.9
2026-03-27T13:45:00Z,542.8
2026-03-27T14:00:00Z,375.2
2026-03-27T14:15:00Z,711.4
2026-03-27T14:30:00Z,752.0
2026-03-27T14:45:00Z,629.2
2026-03-27T15:00:00Z,757.3
2026-03-27T15:15:00Z,566.0
2026-03-27T15:30:00Z,863.8
2026-03-27T15:45:00Z,617.9
2026-03-27T16:00:00Z,660.7
2026-03-27T16:15:00Z,618.8
2026-03-27T16:30:00Z,711.5
2026-03-27T16:45:00Z,847.4
2026-03-27T17:00:00Z,824.0
2026-03-27T17:15:00Z,685.4
2026-03-27T17:30:00Z,823.8
2026-03-27T17:45:00Z,932.5
2026-03-27T18:00:00Z,872.0
2026-03-27T18:15:00Z,771.2
2026-03-27T18:30:00Z,855.4
2026-03-27T18:45:00Z,1051.7
2026-03-27T19:00:00Z,823.5
2026-03-27T19:15:00Z,1043.5
2026-03-27T19:30:00Z,788.5
2026-03-27T19:45:00Z,882.7
2026-03-27T20:00:00Z,912.3
2026-03-27T20:15:00Z,857.9
2026-03-27T20:30:00Z,898.8
2026-03-27T20:45:00Z,851.4
2026-03-27T21:00:00Z,329.5
2026-03-27T21:15:00Z,341.9
2026-03-27T21:30:00Z,320.0
2026-03-27T21:45:00Z,327.2
2026-03-27T22:00:00Z,321.0
2026-03-27T22:15:00Z,319.1
2026-03-27T22:30:00Z,304.9
2026-03-27T22:45:00Z,346.1
2026-03-27T23:00:00Z,320.4
2026-03-27T23:15:00Z,332.8
2026-03-27T23:30:00Z,335.2
2026-03-27T23:45:00Z,344.9
2026-03-28T00:00:00Z,318.7
2026-03-28T00:15:00Z,325.8
2026-03-28T00:30:00Z,320.2
2026-03-28T00:45:00Z,322.8
2026-03-28T01:00:00Z,307.9
2026-03-28T01:15:00Z,333.4
2026-03-28T01:30:00Z,326.3
2026-03-28T01:45:00Z,333.6
2026-03-28T02:00:00Z,338.4
2026-03-28T02:15:00Z,353.7
2026-03-28T02:30:00Z,340.8
2026-03-28T02:45:00Z,326.2
2026-03-28T03:00:00Z,321.0
2026-03-28T03:15:00Z,334.7
2026-03-28T03:30:00Z,324.6
2026-03-28T03:45:00Z,325.7
2026-03-28T04:00:00Z,333.1
2026-03-28T04:15:00Z,341.4
2026-03-28T04:30:00Z,314.7
2026-03-28T04:45:00Z,333.1
2026-03-28T05:00:00Z,329.5
2026-03-28T05:15:00Z,319.4
2026-03-28T05:30:00Z,301.7
2026-03-28T05:45:00Z,297.5
2026-03-28T06:00:00Z,207.6
2026-03-28T06:15:00Z,198.4
2026-03-28T06:30:00Z,285.0
2026-03-28T06:45:00Z,176.4
2026-03-28T07:00:00Z,101.0
2026-03-28T07:15:00Z,220.6
2026-03-28T07:30:00Z,161.5
2026-03-28T07:45:00Z,162.4
2026-03-28T08:00:00Z,80.0
2026-03-28T08:15:00Z,204.6
2026-03-28T08:30:00Z,189.5
2026-03-28T08:45:00Z,80.0
2026-03-28T09:00:00Z,80.0
2026-03-28T09:15:00Z,80.0
2026-03-28T09:30:00Z,80.0
2026-03-28T09:45:00Z,97.8
2026-03-28T10:00:00Z,80.0
2026-03-28T10:15:00Z,80.0
2026-03-28T10:30:00Z,80.0
2026-03-28T10:45:00Z,131.7
2026-03-28T11:00:00Z,80.0
2026-03-28T11:15:00Z,105.4
2026-03-28T11:30:00Z,80.0
2026-03-28T11:45:00Z,80.0
2026-03-28T12:00:00Z,80.0
2026-03-28T12:15:00Z,80.0
2026-03-28T12:30:00Z,80.0
2026-03-28T12:45:00Z,80.0
2026-03-28T13:00:00Z,80.0
2026-03-28T13:15:00Z,80.0
2026-03-28T13:30:00Z,80.0
2026-03-28T13:45:00Z,80.0
2026-03-28T14:00:00Z,80.0
2026-03-28T14:15:00Z,145.7
2026-03-28T14:30:00Z,80.0
2026-03-28T14:45:00Z,80.0
2026-03-28T15:00:00Z,141.5
2026-03-28T15:15:00Z,80.0
2026-03-28T15:30:00Z,86.3
2026-03-28T15:45:00Z,218.8
2026-03-28T16:00:00Z,194.0
2026-03-28T16:15:00Z,129.2
2026-03-28T16:30:00Z,203.3
2026-03-28T16:45:00Z,234.3
2026-03-28T17:00:00Z,214.5
2026-03-28T17:15:00Z,130.5
2026-03-28T17:30:00Z,249.3
2026-03-28T17:45:00Z,191.6
2026-03-28T18:00:00Z,275.1
2026-03-28T18:15:00Z,280.2
2026-03-28T18:30:00Z,289.2
2026-03-28T18:45:00Z,304.6
2026-03-28T19:00:00Z,327.1
2026-03-28T19:15:00Z,314.9
2026-03-28T19:30:00Z,313.4
2026-03-28T19:45:00Z,341.6
2026-03-28T20:00:00Z,327.7
2026-03-28T20:15:00Z,331.8
2026-03-28T20:30:00Z,338.5
2026-03-28T20:45:00Z,323.7
2026-03-28T21:00:00Z,320.7
2026-03-28T21:15:00Z,314.8
2026-03-28T21:30:00Z,322.0
2026-03-28T21:45:00Z,321.7
2026-03-28T22:00:00Z,321.0
2026-03-28T22:15:00Z,328.0
2026-03-28T22:30:00Z,330.9
2026-03-28T22:45:00Z,350.9
2026-03-28T23:00:00Z,317.4
2026-03-28T23:15:00Z,322.5
2026-03-28T23:30:00Z,349.9
2026-03-28T23:45:00Z,306.6
2026-03-29T00:00:00Z,317.2
2026-03-29T00:15:00Z,332.0
2026-03-29T00:30:00Z,342.3
2026-03-29T00:45:00Z,337.0
2026-03-29T01:00:00Z,320.2
2026-03-29T01:15:00Z,335.7
2026-03-29T01:30:00Z,335.9
2026-03-29T01:45:00Z,334.6
2026-03-29T02:00:00Z,334.1
2026-03-29T02:15:00Z,321.3
2026-03-29T02:30:00Z,324.0
2026-03-29T02:45:00Z,331.9
2026-03-29T03:00:00Z,327.3
2026-03-29T03:15:00Z,328.0
2026-03-29T03:30:00Z,338.7
2026-03-29T03:45:00Z,317.0
2026-03-29T04:00:00Z,351.8
2026-03-29T04:15:00Z,314.6
2026-03-29T04:30:00Z,280.4
2026-03-29T04:45:00Z,290.2
2026-03-29T05:00:00Z,209.4
2026-03-29T05:15:00Z,204.6
2026-03-29T05:30:00Z,267.3
2026-03-29T05:45:00Z,195.8
2026-03-29T06:00:00Z,215.1
2026-03-29T06:15:00Z,178.9
2026-03-29T06:30:00Z,90.6
2026-03-29T06:45:00Z,225.7
2026-03-29T07:00:00Z,80.0
2026-03-29T07:15:00Z,121.5
2026-03-29T07:30:00Z,181.2
2026-03-29T07:45:00Z,173.1
2026-03-29T08:00:00Z,80.0
2026-03-29T08:15:00Z,80.0
2026-03-29T08:30:00Z,100.5
2026-03-29T08:45:00Z,80.0
2026-03-29T09:00:00Z,167.5
2026-03-29T09:15:00Z,80.0
2026-03-29T09:30:00Z,80.0
2026-03-29T09:45:00Z,134.7
2026-03-29T10:00:00Z,80.0
2026-03-29T10:15:00Z,80.0
2026-03-29T10:30:00Z,80.0
2026-03-29T10:45:00Z,168.2
2026-03-29T11:00:00Z,80.0
2026-03-29T11:15:00Z,109.3
2026-03-29T11:30:00Z,155.7
2026-03-29T11:45:00Z,80.0
2026-03-29T12:00:00Z,80.0
2026-03-29T12:15:00Z,133.1
2026-03-29T12:30:00Z,80.0
2026-03-29T12:45:00Z,80.0
2026-03-29T13:00:00Z,96.7
2026-03-29T13:15:00Z,80.0
2026-03-29T13:30:00Z,141.8
2026-03-29T13:45:00Z,155.7
2026-03-29T14:00:00Z,80.0
2026-03-29T14:15:00Z,109.2
2026-03-29T14:30:00Z,80.0
2026-03-29T14:45:00Z,80.0
2026-03-29T15:00:00Z,80.0
2026-03-29T15:15:00Z,201.2
2026-03-29T15:30:00Z,144.3
2026-03-29T15:45:00Z,243.0
2026-03-29T16:00:00Z,127.8
2026-03-29T16:15:00Z,201.7
2026-03-29T16:30:00Z,200.0
2026-03-29T16:45:00Z,196.7
2026-03-29T17:00:00Z,231.7
2026-03-29T17:15:00Z,286.8
2026-03-29T17:30:00Z,311.1
2026-03-29T17:45:00Z,304.5
2026-03-29T18:00:00Z,362.3
2026-03-29T18:15:00Z,336.9
2026-03-29T18:30:00Z,328.2
2026-03-29T18:45:00Z,328.7
2026-03-29T19:00:00Z,337.2
2026-03-29T19:15:00Z,336.7
2026-03-29T19:30:00Z,325.9
2026-03-29T19:45:00Z,330.6
2026-03-29T20:00:00Z,328.0
2026-03-29T20:15:00Z,307.7
2026-03-29T20:30:00Z,328.8
2026-03-29T20:45:00Z,326.1
2026-03-29T21:00:00Z,339.0
2026-03-29T21:15:00Z,335.9
2026-03-29T21:30:00Z,322.1
2026-03-29T21:45:00Z,341.0
2026-03-29T22:00:00Z,315.1
2026-03-29T22:15:00Z,319.3
2026-03-29T22:30:00Z,330.1
2026-03-29T22:45:00Z,319.0
2026-03-29T23:00:00Z,326.6
2026-03-29T23:15:00Z,333.4
2026-03-29T23:30:00Z,323.4
2026-03-29T23:45:00Z,333.9
2026-03-30T00:00:00Z,334.8
2026-03-30T00:15:00Z,331.9
2026-03-30T00:30:00Z,339.2
2026-03-30T00:45:00Z,330.3
2026-03-30T01:00:00Z,325.7
2026-03-30T01:15:00Z,308.2
2026-03-30T01:30:00Z,335.2
2026-03-30T01:45:00Z,321.9
2026-03-30T02:00:00Z,335.8
2026-03-30T02:15:00Z,342.3
2026-03-30T02:30:00Z,332.1
2026-03-30T02:45:00Z,338.3
2026-03-30T03:00:00Z,336.5
2026-03-30T03:15:00Z,322.7
2026-03-30T03:30:00Z,345.6
2026-03-30T03:45:00Z,324.4
2026-03-30T04:00:00Z,1069.4
2026-03-30T04:15:00Z,843.8
2026-03-30T04:30:00Z,1065.4
2026-03-30T04:45:00Z,793.3
2026-03-30T05:00:00Z,916.2
2026-03-30T05:15:00Z,825.2
2026-03-30T05:30:00Z,1073.4
2026-03-30T05:45:00Z,712.8
2026-03-30T06:00:00Z,915.5
2026-03-30T06:15:00Z,632.9
2026-03-30T06:30:00Z,883.4
2026-03-30T06:45:00Z,690.8
2026-03-30T07:00:00Z,785.4
2026-03-30T07:15:00Z,793.4
2026-03-30T07:30:00Z,440.6
2026-03-30T07:45:00Z,571.1
2026-03-30T08:00:00Z,879.7
2026-03-30T08:15:00Z,683.9
2026-03-30T08:30:00Z,577.9
2026-03-30T08:45:00Z,853.9
2026-03-30T09:00:00Z,574.7
2026-03-30T09:15:00Z,549.0
2026-03-30T09:30:00Z,867.7
2026-03-30T09:45:00Z,724.2
2026-03-30T10:00:00Z,628.6
2026-03-30T10:15:00Z,705.2
2026-03-30T10:30:00Z,736.8
2026-03-30T10:45:00Z,724.2
2026-03-30T11:00:00Z,363.2
2026-03-30T11:15:00Z,848.6
2026-03-30T11:30:00Z,478.2
2026-03-30T11:45:00Z,879.4
2026-03-30T12:00:00Z,569.1
2026-03-30T12:15:00Z,808.9
2026-03-30T12:30:00Z,414.8
2026-03-30T12:45:00Z,693.7
2026-03-30T13:00:00Z,480.3
2026-03-30T13:15:00Z,375.4
2026-03-30T13:30:00Z,725.7
2026-03-30T13:45:00Z,597.9
2026-03-30T14:00:00Z,640.4
2026-03-30T14:15:00Z,726.4
2026-03-30T14:30:00Z,694.9
2026-03-30T14:45:00Z,659.9
2026-03-30T15:00:00Z,521.4
2026-03-30T15:15:00Z,805.1
2026-03-30T15:30:00Z,654.5
2026-03-30T15:45:00Z,684.4
2026-03-30T16:00:00Z,634.9
2026-03-30T16:15:00Z,907.6
2026-03-30T16:30:00Z,787.6
2026-03-30T16:45:00Z,893.0
2026-03-30T17:00:00Z,849.0
2026-03-30T17:15:00Z,997.7
2026-03-30T17:30:00Z,975.6
2026-03-30T17:45:00Z,966.4
2026-03-30T18:00:00Z,962.1
2026-03-30T18:15:00Z,788.7
2026-03-30T18:30:00Z,902.2
2026-03-30T18:45:00Z,838.4
2026-03-30T19:00:00Z,864.2
2026-03-30T19:15:00Z,1076.4
2026-03-30T19:30:00Z,1075.2
2026-03-30T19:45:00Z,838.2
2026-03-30T20:00:00Z,331.6
2026-03-30T20:15:00Z,351.0
2026-03-30T20:30:00Z,317.9
2026-03-30T20:45:00Z,325.1
2026-03-30T21:00:00Z,346.8
2026-03-30T21:15:00Z,319.8
2026-03-30T21:30:00Z,332.1
2026-03-30T21:45:00Z,348.2
2026-03-30T22:00:00Z,341.5
2026-03-30T22:15:00Z,334.2
2026-03-30T22:30:00Z,332.4
2026-03-30T22:45:00Z,324.2
2026-03-30T23:00:00Z,347.5
2026-03-30T23:15:00Z,325.2
2026-03-30T23:30:00Z,318.5
2026-03-30T23:45:00Z,316.2
2026-03-31T00:00:00Z,326.8
2026-03-31T00:15:00Z,325.0
2026-03-31T00:30:00Z,327.5
2026-03-31T00:45:00Z,306.5
2026-03-31T01:00:00Z,310.4
2026-03-31T01:15:00Z,328.5
2026-03-31T01:30:00Z,328.2
2026-03-31T01:45:00Z,347.0
2026-03-31T02:00:00Z,335.2
2026-03-31T02:15:00Z,323.7
2026-03-31T02:30:00Z,344.8
2026-03-31T02:45:00Z,312.0
2026-03-31T03:00:00Z,337.1
2026-03-31T03:15:00Z,338.6
2026-03-31T03:30:00Z,327.6
2026-03-31T03:45:00Z,325.5
2026-03-31T04:00:00Z,1065.8
2026-03-31T04:15:00Z,913.8
2026-03-31T04:30:00Z,1106.5
2026-03-31T04:45:00Z,1160.7
2026-03-31T05:00:00Z,841.3
2026-03-31T05:15:00Z,861.1
2026-03-31T05:30:00Z,959.1
2026-03-31T05:45:00Z,933.4
2026-03-31T06:00:00Z,675.8
2026-03-31T06:15:00Z,904.9
2026-03-31T06:30:00Z,748.2
2026-03-31T06:45:00Z,884.1
2026-03-31T07:00:00Z,658.5
2026-03-31T07:15:00Z,730.5
2026-03-31T07:30:00Z,599.3
2026-03-31T07:45:00Z,839.2
2026-03-31T08:00:00Z,768.5
2026-03-31T08:15:00Z,617.5
2026-03-31T08:30:00Z,667.2
2026-03-31T08:45:00Z,597.5
2026-03-31T09:00:00Z,434.5
2026-03-31T09:15:00Z,616.4
2026-03-31T09:30:00Z,874.7
2026-03-31T09:45:00Z,853.3
2026-03-31T10:00:00Z,650.7
2026-03-31T10:15:00Z,783.0
2026-03-31T10:30:00Z,413.5
2026-03-31T10:45:00Z,742.8
2026-03-31T11:00:00Z,605.5
2026-03-31T11:15:00Z,629.6
2026-03-31T11:30:00Z,304.3
2026-03-31T11:45:00Z,524.5
2026-03-31T12:00:00Z,659.8
2026-03-31T12:15:00Z,395.8
2026-03-31T12:30:00Z,411.5
2026-03-31T12:45:00Z,672.6
2026-03-31T13:00:00Z,694.0
2026-03-31T13:15:00Z,414.0
2026-03-31T13:30:00Z,645.3
2026-03-31T13:45:00Z,855.7
2026-03-31T14:00:00Z,702.6
2026-03-31T14:15:00Z,401.7
2026-03-31T14:30:00Z,523.6
2026-03-31T14:45:00Z,707.7
2026-03-31T15:00:00Z,749.4
2026-03-31T15:15:00Z,733.6
2026-03-31T15:30:00Z,704.4
2026-03-31T15:45:00Z,774.1
2026-03-31T16:00:00Z,841.3
2026-03-31T16:15:00Z,1025.2
2026-03-31T16:30:00Z,806.5
2026-03-31T16:45:00Z,878.2
2026-03-31T17:00:00Z,865.6
2026-03-31T17:15:00Z,794.2
2026-03-31T17:30:00Z,946.8
2026-03-31T17:45:00Z,754.6
2026-03-31T18:00:00Z,844.4
2026-03-31T18:15:00Z,954.4
2026-03-31T18:30:00Z,875.5
2026-03-31T18:45:00Z,1005.9
2026-03-31T19:00:00Z,781.9
2026-03-31T19:15:00Z,917.7
2026-03-31T19:30:00Z,1000.0
2026-03-31T19:45:00Z,1083.6
2026-03-31T20:00:00Z,322.7
2026-03-31T20:15:00Z,325.1
2026-03-31T20:30:00Z,343.1
2026-03-31T20:45:00Z,319.4
2026-03-31T21:00:00Z,349.8
2026-03-31T21:15:00Z,319.3
2026-03-31T21:30:00Z,333.0
2026-03-31T21:45:00Z,323.8
2026-03-31T22:00:00Z,322.1
2026-03-31T22:15:00Z,338.1
2026-03-31T22:30:00Z,333.0
2026-03-31T22:45:00Z,338.5
2026-03-31T23:00:00Z,328.8
2026-03-31T23:15:00Z,329.8
2026-03-31T23:30:00Z,350.4
2026-03-31T23:45:00Z,332.2
2026-04-01T00:00:00Z,327.1
2026-04-01T00:15:00Z,349.4
2026-04-01T00:30:00Z,324.7
2026-04-01T00:45:00Z,328.7
2026-04-01T01:00:00Z,324.3
2026-04-01T01:15:00Z,342.0
2026-04-01T01:30:00Z,326.0
2026-04-01T01:45:00Z,335.9
2026-04-01T02:00:00Z,307.9
2026-04-01T02:15:00Z,334.1
2026-04-01T02:30:00Z,326.5
2026-04-01T02:45:00Z,327.6
2026-04-01T03:00:00Z,336.0
2026-04-01T03:15:00Z,342.1
2026-04-01T03:30:00Z,336.6
2026-04-01T03:45:00Z,302.1
2026-04-01T04:00:00Z,1079.3
2026-04-01T04:15:00Z,1095.2
2026-04-01T04:30:00Z,766.6
2026-04-01T04:45:00Z,992.3
2026-04-01T05:00:00Z,1177.7
2026-04-01T05:15:00Z,981.4
2026-04-01T05:30:00Z,1045.4
2026-04-01T05:45:00Z,891.7
2026-04-01T06:00:00Z,834.8
2026-04-01T06:15:00Z,809.9
2026-04-01T06:30:00Z,656.1
2026-04-01T06:45:00Z,855.7
2026-04-01T07:00:00Z,727.3
2026-04-01T07:15:00Z,778.0
2026-04-01T07:30:00Z,536.1
2026-04-01T07:45:00Z,757.1
2026-04-01T08:00:00Z,685.5
2026-04-01T08:15:00Z,728.3
2026-04-01T08:30:00Z,555.3
2026-04-01T08:45:00Z,461.8
2026-04-01T09:00:00Z,531.4
2026-04-01T09:15:00Z,341.7
2026-04-01T09:30:00Z,356.4
2026-04-01T09:45:00Z,391.5
2026-04-01T10:00:00Z,553.5
2026-04-01T10:15:00Z,912.6
2026-04-01T10:30:00Z,311.0
2026-04-01T10:45:00Z,760.7
2026-04-01T11:00:00Z,584.8
2026-04-01T11:15:00Z,384.6
2026-04-01T11:30:00Z,774.7
2026-04-01T11:45:00Z,403.8
2026-04-01T12:00:00Z,363.0
2026-04-01T12:15:00Z,555.0
2026-04-01T12:30:00Z,520.2
2026-04-01T12:45:00Z,636.0
2026-04-01T13:00:00Z,655.7
2026-04-01T13:15:00Z,583.9
2026-04-01T13:30:00Z,450.9
2026-04-01T13:45:00Z,582.7
2026-04-01T14:00:00Z,456.5
2026-04-01T14:15:00Z,614.7
2026-04-01T14:30:00Z,758.5
2026-04-01T14:45:00Z,809.6
2026-04-01T15:00:00Z,650.7
2026-04-01T15:15:00Z,527.2
2026-04-01T15:30:00Z,632.1
2026-04-01T15:45:00Z,671.6
2026-04-01T16:00:00Z,827.0
2026-04-01T16:15:00Z,928.3
2026-04-01T16:30:00Z,793.6
2026-04-01T16:45:00Z,727.9
2026-04-01T17:00:00Z,739.1
2026-04-01T17:15:00Z,929.7
2026-04-01T17:30:00Z,973.8
2026-04-01T17:45:00Z,844.2
2026-04-01T18:00:00Z,966.2
2026-04-01T18:15:00Z,973.7
2026-04-01T18:30:00Z,896.8
2026-04-01T18:45:00Z,910.1
2026-04-01T19:00:00Z,833.0
2026-04-01T19:15:00Z,832.5
2026-04-01T19:30:00Z,993.5
2026-04-01T19:45:00Z,916.3
2026-04-01T20:00:00Z,326.2
2026-04-01T20:15:00Z,327.7
2026-04-01T20:30:00Z,319.7
2026-04-01T20:45:00Z,324.0
2026-04-01T21:00:00Z,311.3
2026-04-01T21:15:00Z,334.1
2026-04-01T21:30:00Z,325.6
2026-04-01T21:45:00Z,333.9
2026-04-01T22:00:00Z,315.7
2026-04-01T22:15:00Z,348.9
2026-04-01T22:30:00Z,316.2
2026-04-01T22:45:00Z,350.1
2026-04-01T23:00:00Z,319.8
2026-04-01T23:15:00Z,341.5
2026-04-01T23:30:00Z,338.6
2026-04-01T23:45:00Z,324.0
2026-04-02T00:00:00Z,326.7
2026-04-02T00:15:00Z,319.9
2026-04-02T00:30:00Z,319.0
2026-04-02T00:45:00Z,344.6
2026-04-02T01:00:00Z,319.1
2026-04-02T01:15:00Z,342.3
2026-04-02T01:30:00Z,334.2
2026-04-02T01:45:00Z,336.1
2026-04-02T02:00:00Z,335.9
2026-04-02T02:15:00Z,322.8
2026-04-02T02:30:00Z,346.8
2026-04-02T02:45:00Z,341.0
2026-04-02T03:00:00Z,354.8
2026-04-02T03:15:00Z,348.4
2026-04-02T03:30:00Z,317.0
2026-04-02T03:45:00Z,321.2
2026-04-02T04:00:00Z,1039.5
2026-04-02T04:15:00Z,883.3
2026-04-02T04:30:00Z,1039.3
2026-04-02T04:45:00Z,931.5
2026-04-02T05:00:00Z,968.7
2026-04-02T05:15:00Z,862.2
2026-04-02T05:30:00Z,1109.1
2026-04-02T05:45:00Z,811.5
2026-04-02T06:00:00Z,848.8
2026-04-02T06:15:00Z,682.8
2026-04-02T06:30:00Z,733.1
2026-04-02T06:45:00Z,949.1
2026-04-02T07:00:00Z,508.6
2026-04-02T07:15:00Z,677.3
2026-04-02T07:30:00Z,752.9
2026-04-02T07:45:00Z,790.9
2026-04-02T08:00:00Z,720.0
2026-04-02T08:15:00Z,836.7
2026-04-02T08:30:00Z,768.2
2026-04-02T08:45:00Z,600.2
2026-04-02T09:00:00Z,508.4
2026-04-02T09:15:00Z,516.4
2026-04-02T09:30:00Z,565.0
2026-04-02T09:45:00Z,643.0
2026-04-02T10:00:00Z,733.3
2026-04-02T10:15:00Z,644.1
2026-04-02T10:30:00Z,296.0
2026-04-02T10:45:00Z,401.6
2026-04-02T11:00:00Z,669.5
2026-04-02T11:15:00Z,356.6
2026-04-02T11:30:00Z,452.0
2026-04-02T11:45:00Z,534.5
2026-04-02T12:00:00Z,600.6
2026-04-02T12:15:00Z,394.9
2026-04-02T12:30:00Z,770.2
2026-04-02T12:45:00Z,682.4
2026-04-02T13:00:00Z,748.4
2026-04-02T13:15:00Z,678.8
2026-04-02T13:30:00Z,582.2
2026-04-02T13:45:00Z,704.2
2026-04-02T14:00:00Z,700.9
2026-04-02T14:15:00Z,551.3
2026-04-02T14:30:00Z,663.0
2026-04-02T14:45:00Z,794.6
2026-04-02T15:00:00Z,633.5
2026-04-02T15:15:00Z,672.7
2026-04-02T15:30:00Z,793.5
2026-04-02T15:45:00Z,829.0
2026-04-02T16:00:00Z,798.7
2026-04-02T16:15:00Z,933.1
2026-04-02T16:30:00Z,744.0
2026-04-02T16:45:00Z,688.7
2026-04-02T17:00:00Z,952.4
2026-04-02T17:15:00Z,735.8
2026-04-02T17:30:00Z,869.6
2026-04-02T17:45:00Z,1057.5
2026-04-02T18:00:00Z,845.6
2026-04-02T18:15:00Z,808.2
2026-04-02T18:30:00Z,1012.3
2026-04-02T18:45:00Z,1049.0
2026-04-02T19:00:00Z,943.2
2026-04-02T19:15:00Z,799.0
2026-04-02T19:30:00Z,1051.2
2026-04-02T19:45:00Z,1012.9
2026-04-02T20:00:00Z,319.1
2026-04-02T20:15:00Z,336.0
2026-04-02T20:30:00Z,307.4
2026-04-02T20:45:00Z,324.4
2026-04-02T21:00:00Z,322.2
2026-04-02T21:15:00Z,337.4
2026-04-02T21:30:00Z,322.2
2026-04-02T21:45:00Z,341.4
2026-04-02T22:00:00Z,339.9
2026-04-02T22:15:00Z,332.0
2026-04-02T22:30:00Z,338.6
2026-04-02T22:45:00Z,348.0
2026-04-02T23:00:00Z,321.8
2026-04-02T23:15:00Z,333.7
2026-04-02T23:30:00Z,321.7
2026-04-02T23:45:00Z,326.3
2026-04-03T00:00:00Z,332.1
2026-04-03T00:15:00Z,317.7
2026-04-03T00:30:00Z,343.9
2026-04-03T00:45:00Z,319.0
2026-04-03T01:00:00Z,301.2
2026-04-03T01:15:00Z,316.9
2026-04-03T01:30:00Z,325.3
2026-04-03T01:45:00Z,335.9
2026-04-03T02:00:00Z,335.6
2026-04-03T02:15:00Z,292.7
2026-04-03T02:30:00Z,333.4
2026-04-03T02:45:00Z,334.5
2026-04-03T03:00:00Z,326.0
2026-04-03T03:15:00Z,316.2
2026-04-03T03:30:00Z,329.3
2026-04-03T03:45:00Z,336.9
2026-04-03T04:00:00Z,1015.2
2026-04-03T04:15:00Z,1123.3
2026-04-03T04:30:00Z,954.5
2026-04-03T04:45:00Z,995.0
2026-04-03T05:00:00Z,975.8
2026-04-03T05:15:00Z,959.5
2026-04-03T05:30:00Z,777.7
2026-04-03T05:45:00Z,940.8
2026-04-03T06:00:00Z,844.0
2026-04-03T06:15:00Z,555.1
2026-04-03T06:30:00Z,662.1
2026-04-03T06:45:00Z,761.3
2026-04-03T07:00:00Z,772.3
2026-04-03T07:15:00Z,702.0
2026-04-03T07:30:00Z,678.4
2026-04-03T07:45:00Z,670.8
2026-04-03T08:00:00Z,551.2
2026-04-03T08:15:00Z,558.7
2026-04-03T08:30:00Z,651.4
2026-04-03T08:45:00Z,650.3
2026-04-03T09:00:00Z,779.6
2026-04-03T09:15:00Z,473.9
2026-04-03T09:30:00Z,735.6
2026-04-03T09:45:00Z,773.6
2026-04-03T10:00:00Z,556.7
2026-04-03T10:15:00Z,591.8
2026-04-03T10:30:00Z,862.4
2026-04-03T10:45:00Z,618.7
2026-04-03T11:00:00Z,724.7
2026-04-03T11:15:00Z,426.0
2026-04-03T11:30:00Z,257.1
2026-04-03T11:45:00Z,510.4
2026-04-03T12:00:00Z,584.4
2026-04-03T12:15:00Z,395.8
2026-04-03T12:30:00Z,907.2
2026-04-03T12:45:00Z,568.0
2026-04-03T13:00:00Z,425.2
2026-04-03T13:15:00Z,573.1
2026-04-03T13:30:00Z,560.6
2026-04-03T13:45:00Z,637.9
2026-04-03T14:00:00Z,928.5
2026-04-03T14:15:00Z,676.7
2026-04-03T14:30:00Z,564.8
2026-04-03T14:45:00Z,531.8
2026-04-03T15:00:00Z,818.7
2026-04-03T15:15:00Z,606.8
2026-04-03T15:30:00Z,770.9
2026-04-03T15:45:00Z,738.4
2026-04-03T16:00:00Z,860.3
2026-04-03T16:15:00Z,989.3
2026-04-03T16:30:00Z,709.6
2026-04-03T16:45:00Z,972.3
2026-04-03T17:00:00Z,762.2
2026-04-03T17:15:00Z,900.2
2026-04-03T17:30:00Z,880.6
2026-04-03T17:45:00Z,792.9
2026-04-03T18:00:00Z,813.2
2026-04-03T18:15:00Z,918.2
2026-04-03T18:30:00Z,981.5
2026-04-03T18:45:00Z,1032.2
2026-04-03T19:00:00Z,888.8
2026-04-03T19:15:00Z,803.8
2026-04-03T19:30:00Z,956.3
2026-04-03T19:45:00Z,982.1
2026-04-03T20:00:00Z,340.0
2026-04-03T20:15:00Z,342.6
2026-04-03T20:30:00Z,341.5
2026-04-03T20:45:00Z,325.6
2026-04-03T21:00:00Z,357.2
2026-04-03T21:15:00Z,333.3
2026-04-03T21:30:00Z,334.4
2026-04-03T21:45:00Z,330.9
2026-04-03T22:00:00Z,329.1
2026-04-03T22:15:00Z,317.9
2026-04-03T22:30:00Z,322.6
2026-04-03T22:45:00Z,327.1
2026-04-03T23:00:00Z,334.4
2026-04-03T23:15:00Z,327.8
2026-04-03T23:30:00Z,340.8
2026-04-03T23:45:00Z,326.6
2026-04-04T00:00:00Z,329.2
2026-04-04T00:15:00Z,336.6
2026-04-04T00:30:00Z,329.7
2026-04-04T00:45:00Z,320.5
2026-04-04T01:00:00Z,336.0
2026-04-04T01:15:00Z,316.6
2026-04-04T01:30:00Z,336.4
2026-04-04T01:45:00Z,325.7
2026-04-04T02:00:00Z,311.5
2026-04-04T02:15:00Z,336.9
2026-04-04T02:30:00Z,337.8
2026-04-04T02:45:00Z,324.6
2026-04-04T03:00:00Z,319.7
2026-04-04T03:15:00Z,339.8
2026-04-04T03:30:00Z,352.7
2026-04-04T03:45:00Z,329.2
2026-04-04T04:00:00Z,318.4
2026-04-04T04:15:00Z,320.7
2026-04-04T04:30:00Z,267.7
2026-04-04T04:45:00Z,279.1
2026-04-04T05:00:00Z,296.2
2026-04-04T05:15:00Z,289.4
2026-04-04T05:30:00Z,276.9
2026-04-04T05:45:00Z,255.4
2026-04-04T06:00:00Z,218.3
2026-04-04T06:15:00Z,197.7
2026-04-04T06:30:00Z,80.0
2026-04-04T06:45:00Z,192.2
2026-04-04T07:00:00Z,80.0
2026-04-04T07:15:00Z,80.0
2026-04-04T07:30:00Z,80.0
2026-04-04T07:45:00Z,130.6
2026-04-04T08:00:00Z,80.0
2026-04-04T08:15:00Z,161.0
2026-04-04T08:30:00Z,130.2
2026-04-04T08:45:00Z,80.0
2026-04-04T09:00:00Z,80.0
2026-04-04T09:15:00Z,80.0
2026-04-04T09:30:00Z,80.0
2026-04-04T09:45:00Z,80.0
2026-04-04T10:00:00Z,80.0
2026-04-04T10:15:00Z,80.0
2026-04-04T10:30:00Z,80.0
2026-04-04T10:45:00Z,95.4
2026-04-04T11:00:00Z,101.8
2026-04-04T11:15:00Z,80.0
2026-04-04T11:30:00Z,80.0
2026-04-04T11:45:00Z,80.0
2026-04-04T12:00:00Z,80.0
2026-04-04T12:15:00Z,80.0
2026-04-04T12:30:00Z,80.0
2026-04-04T12:45:00Z,80.0
2026-04-04T13:00:00Z,80.0
2026-04-04T13:15:00Z,80.0
2026-04-04T13:30:00Z,80.0
2026-04-04T13:45:00Z,80.0
2026-04-04T14:00:00Z,80.0
2026-04-04T14:15:00Z,185.2
2026-04-04T14:30:00Z,153.7
2026-04-04T14:45:00Z,214.0
2026-04-04T15:00:00Z,119.2
2026-04-04T15:15:00Z,80.0
2026-04-04T15:30:00Z,80.0
2026-04-04T15:45:00Z,167.4
2026-04-04T16:00:00Z,80.0
2026-04-04T16:15:00Z,240.5
2026-04-04T16:30:00Z,221.5
2026-04-04T16:45:00Z,183.4
2026-04-04T17:00:00Z,236.6
2026-04-04T17:15:00Z,266.6
2026-04-04T17:30:00Z,271.4
2026-04-04T17:45:00Z,305.4
2026-04-04T18:00:00Z,335.0
2026-04-04T18:15:00Z,325.9
2026-04-04T18:30:00Z,341.4
2026-04-04T18:45:00Z,333.8
2026-04-04T19:00:00Z,328.9
2026-04-04T19:15:00Z,338.7
2026-04-04T19:30:00Z,327.2
2026-04-04T19:45:00Z,322.3
2026-04-04T20:00:00Z,329.9
2026-04-04T20:15:00Z,315.8
2026-04-04T20:30:00Z,328.3
2026-04-04T20:45:00Z,317.6
2026-04-04T21:00:00Z,310.0
2026-04-04T21:15:00Z,341.3
2026-04-04T21:30:00Z,327.5
2026-04-04T21:45:00Z,312.7
2026-04-04T22:00:00Z,339.3
2026-04-04T22:15:00Z,322.3
2026-04-04T22:30:00Z,343.7
2026-04-04T22:45:00Z,312.8
2026-04-04T23:00:00Z,340.8
2026-04-04T23:15:00Z,350.1
2026-04-04T23:30:00Z,341.0
2026-04-04T23:45:00Z,336.4
2026-04-05T00:00:00Z,308.6
2026-04-05T00:15:00Z,319.2
2026-04-05T00:30:00Z,358.8
2026-04-05T00:45:00Z,345.2
2026-04-05T01:00:00Z,360.9
2026-04-05T01:15:00Z,334.6
2026-04-05T01:30:00Z,326.4
2026-04-05T01:45:00Z,335.8
2026-04-05T02:00:00Z,307.3
2026-04-05T02:15:00Z,329.5
2026-04-05T02:30:00Z,321.2
2026-04-05T02:45:00Z,331.6
2026-04-05T03:00:00Z,319.4
2026-04-05T03:15:00Z,323.0
2026-04-05T03:30:00Z,333.8
2026-04-05T03:45:00Z,335.5
2026-04-05T04:00:00Z,327.1
2026-04-05T04:15:00Z,312.3
2026-04-05T04:30:00Z,301.0
2026-04-05T04:45:00Z,247.2
2026-04-05T05:00:00Z,297.3
2026-04-05T05:15:00Z,185.5
2026-04-05T05:30:00Z,259.1
2026-04-05T05:45:00Z,219.0
2026-04-05T06:00:00Z,255.2
2026-04-05T06:15:00Z,211.2
2026-04-05T06:30:00Z,153.1
2026-04-05T06:45:00Z,135.1
2026-04-05T07:00:00Z,168.7
2026-04-05T07:15:00Z,156.2
2026-04-05T07:30:00Z,96.1
2026-04-05T07:45:00Z,199.6
2026-04-05T08:00:00Z,80.0
2026-04-05T08:15:00Z,80.0
2026-04-05T08:30:00Z,167.9
2026-04-05T08:45:00Z,80.0
2026-04-05T09:00:00Z,80.0
2026-04-05T09:15:00Z,80.0
2026-04-05T09:30:00Z,80.0
2026-04-05T09:45:00Z,155.3
2026-04-05T10:00:00Z,80.0
2026-04-05T10:15:00Z,155.0
2026-04-05T10:30:00Z,141.3
2026-04-05T10:45:00Z,80.0
2026-04-05T11:00:00Z,84.7
2026-04-05T11:15:00Z,86.1
2026-04-05T11:30:00Z,80.0
2026-04-05T11:45:00Z,80.0
2026-04-05T12:00:00Z,80.0
2026-04-05T12:15:00Z,137.4
2026-04-05T12:30:00Z,80.0
2026-04-05T12:45:00Z,157.9
2026-04-05T13:00:00Z,80.0
2026-04-05T13:15:00Z,80.0
2026-04-05T13:30:00Z,80.0
2026-04-05T13:45:00Z,80.0
2026-04-05T14:00:00Z,80.0
2026-04-05T14:15:00Z,147.9
2026-04-05T14:30:00Z,80.0
2026-04-05T14:45:00Z,80.0
2026-04-05T15:00:00Z,80.0
2026-04-05T15:15:00Z,205.0
2026-04-05T15:30:00Z,80.0
2026-04-05T15:45:00Z,80.0
2026-04-05T16:00:00Z,106.6
2026-04-05T16:15:00Z,250.2
2026-04-05T16:30:00Z,253.5
2026-04-05T16:45:00Z,239.5
2026-04-05T17:00:00Z,262.1
2026-04-05T17:15:00Z,299.9
2026-04-05T17:30:00Z,276.7
2026-04-05T17:45:00Z,325.5
2026-04-05T18:00:00Z,329.0
2026-04-05T18:15:00Z,327.4
2026-04-05T18:30:00Z,329.4
2026-04-05T18:45:00Z,322.9
2026-04-05T19:00:00Z,343.0
2026-04-05T19:15:00Z,305.5
2026-04-05T19:30:00Z,316.9
2026-04-05T19:45:00Z,334.5
2026-04-05T20:00:00Z,346.9
2026-04-05T20:15:00Z,334.3
2026-04-05T20:30:00Z,325.4
2026-04-05T20:45:00Z,337.0
2026-04-05T21:00:00Z,331.3
2026-04-05T21:15:00Z,298.8
2026-04-05T21:30:00Z,341.6
2026-04-05T21:45:00Z,326.3
2026-04-05T22:00:00Z,341.0
2026-04-05T22:15:00Z,325.3
2026-04-05T22:30:00Z,338.3
2026-04-05T22:45:00Z,339.2
2026-04-05T23:00:00Z,335.8
2026-04-05T23:15:00Z,317.5
2026-04-05T23:30:00Z,341.4
2026-04-05T23:45:00Z,326.1
2026-04-06T00:00:00Z,316.1
2026-04-06T00:15:00Z,334.1
2026-04-06T00:30:00Z,327.5
2026-04-06T00:45:00Z,321.7
2026-04-06T01:00:00Z,330.7
2026-04-06T01:15:00Z,345.7
2026-04-06T01:30:00Z,372.2
2026-04-06T01:45:00Z,320.9
2026-04-06T02:00:00Z,328.1
2026-04-06T02:15:00Z,328.9
2026-04-06T02:30:00Z,330.3
2026-04-06T02:45:00Z,346.5
2026-04-06T03:00:00Z,309.8
2026-04-06T03:15:00Z,337.9
2026-04-06T03:30:00Z,331.5
2026-04-06T03:45:00Z,319.4
2026-04-06T04:00:00Z,836.8
2026-04-06T04:15:00Z,847.5
2026-04-06T04:30:00Z,1027.7
2026-04-06T04:45:00Z,1089.5
2026-04-06T05:00:00Z,964.6
2026-04-06T05:15:00Z,1071.1
2026-04-06T05:30:00Z,937.7
2026-04-06T05:45:00Z,924.3
2026-04-06T06:00:00Z,879.2
2026-04-06T06:15:00Z,694.8
2026-04-06T06:30:00Z,641.7
2026-04-06T06:45:00Z,724.8
2026-04-06T07:00:00Z,839.8
2026-04-06T07:15:00Z,582.5
2026-04-06T07:30:00Z,903.2
2026-04-06T07:45:00Z,571.1
2026-04-06T08:00:00Z,374.5
2026-04-06T08:15:00Z,481.9
2026-04-06T08:30:00Z,842.5
2026-04-06T08:45:00Z,558.4
2026-04-06T09:00:00Z,688.5
2026-04-06T09:15:00Z,712.5
2026-04-06T09:30:00Z,401.1
2026-04-06T09:45:00Z,650.0
2026-04-06T10:00:00Z,422.3
2026-04-06T10:15:00Z,356.1
2026-04-06T10:30:00Z,611.6
2026-04-06T10:45:00Z,886.9
2026-04-06T11:00:00Z,405.7
2026-04-06T11:15:00Z,661.7
2026-04-06T11:30:00Z,739.8
2026-04-06T11:45:00Z,500.3
2026-04-06T12:00:00Z,733.1
2026-04-06T12:15:00Z,742.1
2026-04-06T12:30:00Z,549.0
2026-04-06T12:45:00Z,538.3
2026-04-06T13:00:00Z,749.8
2026-04-06T13:15:00Z,739.1
2026-04-06T13:30:00Z,758.5
2026-04-06T13:45:00Z,730.2
2026-04-06T14:00:00Z,502.8
2026-04-06T14:15:00Z,620.2
2026-04-06T14:30:00Z,586.5
2026-04-06T14:45:00Z,593.1
2026-04-06T15:00:00Z,714.2
2026-04-06T15:15:00Z,879.5
2026-04-06T15:30:00Z,785.9
2026-04-06T15:45:00Z,833.8
2026-04-06T16:00:00Z,576.9
2026-04-06T16:15:00Z,765.8
2026-04-06T16:30:00Z,780.1
2026-04-06T16:45:00Z,792.6
2026-04-06T17:00:00Z,834.8
2026-04-06T17:15:00Z,995.9
2026-04-06T17:30:00Z,970.5
2026-04-06T17:45:00Z,834.0
2026-04-06T18:00:00Z,837.4
2026-04-06T18:15:00Z,1000.4
2026-04-06T18:30:00Z,1061.0
2026-04-06T18:45:00Z,823.2
2026-04-06T19:00:00Z,806.5
2026-04-06T19:15:00Z,982.1
2026-04-06T19:30:00Z,1014.7
2026-04-06T19:45:00Z,784.8
2026-04-06T20:00:00Z,337.1
2026-04-06T20:15:00Z,331.4
2026-04-06T20:30:00Z,333.1
2026-04-06T20:45:00Z,339.3
2026-04-06T21:00:00Z,337.2
2026-04-06T21:15:00Z,326.4
2026-04-06T21:30:00Z,317.8
2026-04-06T21:45:00Z,313.4
2026-04-06T22:00:00Z,335.9
2026-04-06T22:15:00Z,327.5
2026-04-06T22:30:00Z,326.9
2026-04-06T22:45:00Z,323.6
2026-04-06T23:00:00Z,333.9
2026-04-06T23:15:00Z,322.6
2026-04-06T23:30:00Z,341.3
2026-04-06T23:45:00Z,337.2
2026-04-07T00:00:00Z,332.0
2026-04-07T00:15:00Z,343.7
2026-04-07T00:30:00Z,332.4
2026-04-07T00:45:00Z,321.1
2026-04-07T01:00:00Z,338.5
2026-04-07T01:15:00Z,328.8
2026-04-07T01:30:00Z,336.2
2026-04-07T01:45:00Z,320.1
2026-04-07T02:00:00Z,327.2
2026-04-07T02:15:00Z,322.9
2026-04-07T02:30:00Z,339.2
2026-04-07T02:45:00Z,334.4
2026-04-07T03:00:00Z,339.0
2026-04-07T03:15:00Z,336.9
2026-04-07T03:30:00Z,325.5
2026-04-07T03:45:00Z,330.4
2026-04-07T04:00:00Z,1005.2
2026-04-07T04:15:00Z,1052.3
2026-04-07T04:30:00Z,923.5
2026-04-07T04:45:00Z,908.3
2026-04-07T05:00:00Z,1084.8
2026-04-07T05:15:00Z,742.5
2026-04-07T05:30:00Z,1027.7
2026-04-07T05:45:00Z,958.6
2026-04-07T06:00:00Z,775.9
2026-04-07T06:15:00Z,705.2
2026-04-07T06:30:00Z,911.7
2026-04-07T06:45:00Z,664.0
2026-04-07T07:00:00Z,776.0
2026-04-07T07:15:00Z,605.4
2026-04-07T07:30:00Z,566.8
2026-04-07T07:45:00Z,735.2
2026-04-07T08:00:00Z,514.8
2026-04-07T08:15:00Z,437.6
2026-04-07T08:30:00Z,456.2
2026-04-07T08:45:00Z,581.9
2026-04-07T09:00:00Z,674.9
2026-04-07T09:15:00Z,597.0
2026-04-07T09:30:00Z,691.4
2026-04-07T09:45:00Z,689.5
2026-04-07T10:00:00Z,395.0
2026-04-07T10:15:00Z,362.1
2026-04-07T10:30:00Z,436.9
2026-04-07T10:45:00Z,540.7
2026-04-07T11:00:00Z,571.4
2026-04-07T11:15:00Z,488.9
2026-04-07T11:30:00Z,531.3
2026-04-07T11:45:00Z,500.6
2026-04-07T12:00:00Z,694.9
2026-04-07T12:15:00Z,601.7
2026-04-07T12:30:00Z,681.1
2026-04-07T12:45:00Z,729.0
2026-04-07T13:00:00Z,526.6
2026-04-07T13:15:00Z,708.1
2026-04-07T13:30:00Z,453.8
2026-04-07T13:45:00Z,506.4
2026-04-07T14:00:00Z,677.9
2026-04-07T14:15:00Z,421.4
2026-04-07T14:30:00Z,647.4
2026-04-07T14:45:00Z,691.2
2026-04-07T15:00:00Z,954.8
2026-04-07T15:15:00Z,777.0
2026-04-07T15:30:00Z,664.1
2026-04-07T15:45:00Z,780.6
2026-04-07T16:00:00Z,717.6
2026-04-07T16:15:00Z,755.1
2026-04-07T16:30:00Z,843.4
2026-04-07T16:45:00Z,936.1
2026-04-07T17:00:00Z,752.6
2026-04-07T17:15:00Z,1018.0
2026-04-07T17:30:00Z,838.9
2026-04-07T17:45:00Z,974.9
2026-04-07T18:00:00Z,1036.0
2026-04-07T18:15:00Z,1058.6
2026-04-07T18:30:00Z,891.4
2026-04-07T18:45:00Z,825.8
2026-04-07T19:00:00Z,818.4
2026-04-07T19:15:00Z,1049.2
2026-04-07T19:30:00Z,1035.5
2026-04-07T19:45:00Z,986.4
2026-04-07T20:00:00Z,324.6
2026-04-07T20:15:00Z,327.8
2026-04-07T20:30:00Z,349.1
2026-04-07T20:45:00Z,340.2
2026-04-07T21:00:00Z,362.8
2026-04-07T21:15:00Z,346.9
2026-04-07T21:30:00Z,319.0
2026-04-07T21:45:00Z,327.4
2026-04-07T22:00:00Z,327.4
2026-04-07T22:15:00Z,322.3
2026-04-07T22:30:00Z,339.2
2026-04-07T22:45:00Z,312.9
2026-04-07T23:00:00Z,322.4
2026-04-07T23:15:00Z,332.4
2026-04-07T23:30:00Z,326.3
2026-04-07T23:45:00Z,321.5
2026-04-08T00:00:00Z,329.8
2026-04-08T00:15:00Z,326.8
2026-04-08T00:30:00Z,340.5
2026-04-08T00:45:00Z,327.2
2026-04-08T01:00:00Z,336.2
2026-04-08T01:15:00Z,324.6
2026-04-08T01:30:00Z,330.9
2026-04-08T01:45:00Z,333.2
2026-04-08T02:00:00Z,324.7
2026-04-08T02:15:00Z,325.2
2026-04-08T02:30:00Z,328.7
2026-04-08T02:45:00Z,337.1
2026-04-08T03:00:00Z,343.8
2026-04-08T03:15:00Z,322.4
2026-04-08T03:30:00Z,340.4
2026-04-08T03:45:00Z,353.6
2026-04-08T04:00:00Z,1188.0
2026-04-08T04:15:00Z,1163.7
2026-04-08T04:30:00Z,1106.9
2026-04-08T04:45:00Z,791.2
2026-04-08T05:00:00Z,1000.7
2026-04-08T05:15:00Z,1083.7
2026-04-08T05:30:00Z,949.7
2026-04-08T05:45:00Z,719.9
2026-04-08T06:00:00Z,604.5
2026-04-08T06:15:00Z,887.3
2026-04-08T06:30:00Z,526.7
2026-04-08T06:45:00Z,877.6
2026-04-08T07:00:00Z,587.0
2026-04-08T07:15:00Z,588.6
2026-04-08T07:30:00Z,647.8
2026-04-08T07:45:00Z,746.1
2026-04-08T08:00:00Z,502.7
2026-04-08T08:15:00Z,632.1
2026-04-08T08:30:00Z,676.5
2026-04-08T08:45:00Z,376.8
2026-04-08T09:00:00Z,390.9
2026-04-08T09:15:00Z,396.0
2026-04-08T09:30:00Z,301.4
2026-04-08T09:45:00Z,637.0
2026-04-08T10:00:00Z,314.6
2026-04-08T10:15:00Z,606.5
2026-04-08T10:30:00Z,460.1
2026-04-08T10:45:00Z,625.8
2026-04-08T11:00:00Z,556.8
2026-04-08T11:15:00Z,443.5
2026-04-08T11:30:00Z,737.0
2026-04-08T11:45:00Z,284.8
2026-04-08T12:00:00Z,450.6
2026-04-08T12:15:00Z,517.5
2026-04-08T12:30:00Z,589.6
2026-04-08T12:45:00Z,596.0
2026-04-08T13:00:00Z,618.1
2026-04-08T13:15:00Z,495.9
2026-04-08T13:30:00Z,477.2
2026-04-08T13:45:00Z,393.9
2026-04-08T14:00:00Z,704.1
2026-04-08T14:15:00Z,765.1
2026-04-08T14:30:00Z,442.8
2026-04-08T14:45:00Z,540.2
2026-04-08T15:00:00Z,792.0
2026-04-08T15:15:00Z,877.8
2026-04-08T15:30:00Z,737.0
2026-04-08T15:45:00Z,677.8
2026-04-08T16:00:00Z,893.6
2026-04-08T16:15:00Z,777.1
2026-04-08T16:30:00Z,826.8
2026-04-08T16:45:00Z,910.7
2026-04-08T17:00:00Z,793.4
2026-04-08T17:15:00Z,947.1
2026-04-08T17:30:00Z,1030.2
2026-04-08T17:45:00Z,897.3
2026-04-08T18:00:00Z,928.2
2026-04-08T18:15:00Z,850.0
2026-04-08T18:30:00Z,836.8
2026-04-08T18:45:00Z,806.5
2026-04-08T19:00:00Z,962.5
2026-04-08T19:15:00Z,1036.0
2026-04-08T19:30:00Z,957.6
2026-04-08T19:45:00Z,826.2
2026-04-08T20:00:00Z,348.6
2026-04-08T20:15:00Z,346.0
2026-04-08T20:30:00Z,331.3
2026-04-08T20:45:00Z,326.6
2026-04-08T21:00:00Z,333.6
2026-04-08T21:15:00Z,319.5
2026-04-08T21:30:00Z,340.7
2026-04-08T21:45:00Z,333.5
2026-04-08T22:00:00Z,336.8
2026-04-08T22:15:00Z,335.9
2026-04-08T22:30:00Z,314.8
2026-04-08T22:45:00Z,321.2
2026-04-08T23:00:00Z,335.0
2026-04-08T23:15:00Z,317.2
2026-04-08T23:30:00Z,341.9
2026-04-08T23:45:00Z,347.6
2026-04-09T00:00:00Z,330.6
2026-04-09T00:15:00Z,321.7
2026-04-09T00:30:00Z,345.1
2026-04-09T00:45:00Z,321.7
2026-04-09T01:00:00Z,329.3
2026-04-09T01:15:00Z,347.0
2026-04-09T01:30:00Z,340.5
2026-04-09T01:45:00Z,322.5
2026-04-09T02:00:00Z,343.6
2026-04-09T02:15:00Z,341.9
2026-04-09T02:30:00Z,335.1
2026-04-09T02:45:00Z,345.6
2026-04-09T03:00:00Z,321.6
2026-04-09T03:15:00Z,333.2
2026-04-09T03:30:00Z,348.3
2026-04-09T03:45:00Z,322.9
2026-04-09T04:00:00Z,1188.0
2026-04-09T04:15:00Z,1020.4
2026-04-09T04:30:00Z,1040.0
2026-04-09T04:45:00Z,982.9
2026-04-09T05:00:00Z,1066.9
2026-04-09T05:15:00Z,815.9
2026-04-09T05:30:00Z,839.8
2026-04-09T05:45:00Z,890.5
2026-04-09T06:00:00Z,626.4
2026-04-09T06:15:00Z,655.8
2026-04-09T06:30:00Z,938.8
2026-04-09T06:45:00Z,798.2
2026-04-09T07:00:00Z,806.9
2026-04-09T07:15:00Z,626.2
2026-04-09T07:30:00Z,446.6
2026-04-09T07:45:00Z,680.6
2026-04-09T08:00:00Z,618.4
2026-04-09T08:15:00Z,757.4
2026-04-09T08:30:00Z,609.7
2026-04-09T08:45:00Z,654.7
2026-04-09T09:00:00Z,550.7
2026-04-09T09:15:00Z,564.9
2026-04-09T09:30:00Z,825.2
2026-04-09T09:45:00Z,603.2
2026-04-09T10:00:00Z,579.1
2026-04-09T10:15:00Z,627.2
2026-04-09T10:30:00Z,360.2
2026-04-09T10:45:00Z,621.8
2026-04-09T11:00:00Z,538.9
2026-04-09T11:15:00Z,659.2
2026-04-09T11:30:00Z,497.9
2026-04-09T11:45:00Z,528.7
2026-04-09T12:00:00Z,780.9
2026-04-09T12:15:00Z,736.5
2026-04-09T12:30:00Z,370.5
2026-04-09T12:45:00Z,428.5
2026-04-09T13:00:00Z,671.1
2026-04-09T13:15:00Z,525.0
2026-04-09T13:30:00Z,554.9
2026-04-09T13:45:00Z,322.7
2026-04-09T14:00:00Z,791.9
2026-04-09T14:15:00Z,748.4
2026-04-09T14:30:00Z,525.3
2026-04-09T14:45:00Z,791.4
2026-04-09T15:00:00Z,775.3
2026-04-09T15:15:00Z,721.8
2026-04-09T15:30:00Z,567.1
2026-04-09T15:45:00Z,756.4
2026-04-09T16:00:00Z,811.6
2026-04-09T16:15:00Z,796.9
2026-04-09T16:30:00Z,913.9
2026-04-09T16:45:00Z,834.7
2026-04-09T17:00:00Z,801.6
2026-04-09T17:15:00Z,879.2
2026-04-09T17:30:00Z,978.7
2026-04-09T17:45:00Z,861.3
2026-04-09T18:00:00Z,936.7
2026-04-09T18:15:00Z,1024.1
2026-04-09T18:30:00Z,1042.8
2026-04-09T18:45:00Z,911.3
2026-04-09T19:00:00Z,941.3
2026-04-09T19:15:00Z,1039.8
2026-04-09T19:30:00Z,931.0
2026-04-09T19:45:00Z,844.9
2026-04-09T20:00:00Z,323.4
2026-04-09T20:15:00Z,332.6
2026-04-09T20:30:00Z,330.3
2026-04-09T20:45:00Z,339.9
2026-04-09T21:00:00Z,337.9
2026-04-09T21:15:00Z,340.2
2026-04-09T21:30:00Z,322.4
2026-04-09T21:45:00Z,339.7
2026-04-09T22:00:00Z,324.4
2026-04-09T22:15:00Z,328.2
2026-04-09T22:30:00Z,334.3
2026-04-09T22:45:00Z,330.4
2026-04-09T23:00:00Z,318.1
2026-04-09T23:15:00Z,336.9
2026-04-09T23:30:00Z,334.3
2026-04-09T23:45:00Z,317.1
2026-04-10T00:00:00Z,330.0
2026-04-10T00:15:00Z,366.9
2026-04-10T00:30:00Z,340.7
2026-04-10T00:45:00Z,323.7
2026-04-10T01:00:00Z,328.7
2026-04-10T01:15:00Z,327.9
2026-04-10T01:30:00Z,335.8
2026-04-10T01:45:00Z,325.3
2026-04-10T02:00:00Z,322.8
2026-04-10T02:15:00Z,342.2
2026-04-10T02:30:00Z,327.9
2026-04-10T02:45:00Z,347.2
2026-04-10T03:00:00Z,344.3
2026-04-10T03:15:00Z,309.7
2026-04-10T03:30:00Z,334.0
2026-04-10T03:45:00Z,339.4
2026-04-10T04:00:00Z,1039.7
2026-04-10T04:15:00Z,871.6
2026-04-10T04:30:00Z,912.8
2026-04-10T04:45:00Z,967.1
2026-04-10T05:00:00Z,767.9
2026-04-10T05:15:00Z,860.7
2026-04-10T05:30:00Z,792.1
2026-04-10T05:45:00Z,665.0
2026-04-10T06:00:00Z,910.1
2026-04-10T06:15:00Z,722.4
2026-04-10T06:30:00Z,534.6
2026-04-10T06:45:00Z,805.4
2026-04-10T07:00:00Z,638.6
2026-04-10T07:15:00Z,448.2
2026-04-10T07:30:00Z,739.6
2026-04-10T07:45:00Z,574.2
2026-04-10T08:00:00Z,583.5
2026-04-10T08:15:00Z,404.6
2026-04-10T08:30:00Z,732.7
2026-04-10T08:45:00Z,570.2
2026-04-10T09:00:00Z,531.8
2026-04-10T09:15:00Z,237.6
2026-04-10T09:30:00Z,760.9
2026-04-10T09:45:00Z,214.3
2026-04-10T10:00:00Z,509.0
2026-04-10T10:15:00Z,252.3
2026-04-10T10:30:00Z,717.7
2026-04-10T10:45:00Z,460.2
2026-04-10T11:00:00Z,779.9
2026-04-10T11:15:00Z,600.7
2026-04-10T11:30:00Z,722.2
2026-04-10T11:45:00Z,550.1
2026-04-10T12:00:00Z,271.2
2026-04-10T12:15:00Z,650.8
2026-04-10T12:30:00Z,624.4
2026-04-10T12:45:00Z,682.4
2026-04-10T13:00:00Z,388.7
2026-04-10T13:15:00Z,423.5
2026-04-10T13:30:00Z,766.0
2026-04-10T13:45:00Z,735.3
2026-04-10T14:00:00Z,420.7
2026-04-10T14:15:00Z,620.1
2026-04-10T14:30:00Z,601.8
2026-04-10T14:45:00Z,738.3
2026-04-10T15:00:00Z,769.6
2026-04-10T15:15:00Z,574.0
2026-04-10T15:30:00Z,963.4
2026-04-10T15:45:00Z,618.3
2026-04-10T16:00:00Z,663.2
2026-04-10T16:15:00Z,922.8
2026-04-10T16:30:00Z,987.9
2026-04-10T16:45:00Z,913.1
2026-04-10T17:00:00Z,869.0
2026-04-10T17:15:00Z,918.0
2026-04-10T17:30:00Z,923.5
2026-04-10T17:45:00Z,954.9
2026-04-10T18:00:00Z,897.5
2026-04-10T18:15:00Z,856.3
2026-04-10T18:30:00Z,992.8
2026-04-10T18:45:00Z,949.5
2026-04-10T19:00:00Z,791.6
2026-04-10T19:15:00Z,1015.1
2026-04-10T19:30:00Z,1020.1
2026-04-10T19:45:00Z,961.8
2026-04-10T20:00:00Z,339.9
2026-04-10T20:15:00Z,344.9
2026-04-10T20:30:00Z,340.6
2026-04-10T20:45:00Z,335.9
2026-04-10T21:00:00Z,326.3
2026-04-10T21:15:00Z,324.7
2026-04-10T21:30:00Z,344.4
2026-04-10T21:45:00Z,309.1
2026-04-10T22:00:00Z,355.1
2026-04-10T22:15:00Z,349.9
2026-04-10T22:30:00Z,329.2
2026-04-10T22:45:00Z,330.7
2026-04-10T23:00:00Z,309.0
2026-04-10T23:15:00Z,306.7
2026-04-10T23:30:00Z,335.2
2026-04-10T23:45:00Z,331.7
2026-04-11T00:00:00Z,338.7
2026-04-11T00:15:00Z,312.3
2026-04-11T00:30:00Z,329.3
2026-04-11T00:45:00Z,327.7
2026-04-11T01:00:00Z,333.3
2026-04-11T01:15:00Z,320.7
2026-04-11T01:30:00Z,327.2
2026-04-11T01:45:00Z,328.1
2026-04-11T02:00:00Z,337.0
2026-04-11T02:15:00Z,344.3
2026-04-11T02:30:00Z,322.8
2026-04-11T02:45:00Z,322.8
2026-04-11T03:00:00Z,325.8
2026-04-11T03:15:00Z,329.4
2026-04-11T03:30:00Z,326.2
2026-04-11T03:45:00Z,339.1
2026-04-11T04:00:00Z,313.2
2026-04-11T04:15:00Z,300.2
2026-04-11T04:30:00Z,313.0
2026-04-11T04:45:00Z,287.9
2026-04-11T05:00:00Z,273.4
2026-04-11T05:15:00Z,188.1
2026-04-11T05:30:00Z,233.8
2026-04-11T05:45:00Z,235.2
2026-04-11T06:00:00Z,242.1
2026-04-11T06:15:00Z,80.0
2026-04-11T06:30:00Z,201.4
2026-04-11T06:45:00Z,195.4
2026-04-11T07:00:00Z,178.2
2026-04-11T07:15:00Z,80.0
2026-04-11T07:30:00Z,145.7
2026-04-11T07:45:00Z,80.0
2026-04-11T08:00:00Z,80.0
2026-04-11T08:15:00Z,80.0
2026-04-11T08:30:00Z,80.0
2026-04-11T08:45:00Z,80.0
2026-04-11T09:00:00Z,80.0
2026-04-11T09:15:00Z,80.0
2026-04-11T09:30:00Z,80.0
2026-04-11T09:45:00Z,88.2
2026-04-11T10:00:00Z,80.0
2026-04-11T10:15:00Z,80.0
2026-04-11T10:30:00Z,80.0
2026-04-11T10:45:00Z,80.0
2026-04-11T11:00:00Z,80.0
2026-04-11T11:15:00Z,80.0
2026-04-11T11:30:00Z,80.0
2026-04-11T11:45:00Z,80.0
2026-04-11T12:00:00Z,80.0
2026-04-11T12:15:00Z,80.0
2026-04-11T12:30:00Z,80.0
2026-04-11T12:45:00Z,80.0
2026-04-11T13:00:00Z,80.0
2026-04-11T13:15:00Z,155.7
2026-04-11T13:30:00Z,80.0
2026-04-11T13:45:00Z,80.0
2026-04-11T14:00:00Z,80.0
2026-04-11T14:15:00Z,227.7
2026-04-11T14:30:00Z,80.0
2026-04-11T14:45:00Z,201.6
2026-04-11T15:00:00Z,80.0
2026-04-11T15:15:00Z,80.0
2026-04-11T15:30:00Z,100.5
2026-04-11T15:45:00Z,206.3
2026-04-11T16:00:00Z,112.6
2026-04-11T16:15:00Z,113.9
2026-04-11T16:30:00Z,184.0
2026-04-11T16:45:00Z,188.8
2026-04-11T17:00:00Z,239.8
2026-04-11T17:15:00Z,273.6
2026-04-11T17:30:00Z,292.0
2026-04-11T17:45:00Z,287.3
2026-04-11T18:00:00Z,311.2
2026-04-11T18:15:00Z,326.6
2026-04-11T18:30:00Z,337.6
2026-04-11T18:45:00Z,331.6
2026-04-11T19:00:00Z,346.1
2026-04-11T19:15:00Z,327.8
2026-04-11T19:30:00Z,334.0
2026-04-11T19:45:00Z,342.1
2026-04-11T20:00:00Z,327.7
2026-04-11T20:15:00Z,339.8
2026-04-11T20:30:00Z,327.7
2026-04-11T20:45:00Z,339.1
2026-04-11T21:00:00Z,339.3
2026-04-11T21:15:00Z,325.9
2026-04-11T21:30:00Z,349.2
2026-04-11T21:45:00Z,319.4
2026-04-11T22:00:00Z,349.5
2026-04-11T22:15:00Z,328.0
2026-04-11T22:30:00Z,340.9
2026-04-11T22:45:00Z,309.9
2026-04-11T23:00:00Z,307.0
2026-04-11T23:15:00Z,325.2
2026-04-11T23:30:00Z,336.5
2026-04-11T23:45:00Z,324.4
2026-04-12T00:00:00Z,316.6
2026-04-12T00:15:00Z,333.9
2026-04-12T00:30:00Z,351.1
2026-04-12T00:45:00Z,339.8
2026-04-12T01:00:00Z,328.1
2026-04-12T01:15:00Z,337.2
2026-04-12T01:30:00Z,326.2
2026-04-12T01:45:00Z,340.4
2026-04-12T02:00:00Z,309.6
2026-04-12T02:15:00Z,318.4
2026-04-12T02:30:00Z,333.8
2026-04-12T02:45:00Z,324.8
2026-04-12T03:00:00Z,339.4
2026-04-12T03:15:00Z,321.0
2026-04-12T03:30:00Z,328.4
2026-04-12T03:45:00Z,325.1
2026-04-12T04:00:00Z,324.8
2026-04-12T04:15:00Z,302.1
2026-04-12T04:30:00Z,291.4
2026-04-12T04:45:00Z,297.8
2026-04-12T05:00:00Z,213.6
2026-04-12T05:15:00Z,266.7
2026-04-12T05:30:00Z,195.1
2026-04-12T05:45:00Z,184.7
2026-04-12T06:00:00Z,80.0
2026-04-12T06:15:00Z,145.7
2026-04-12T06:30:00Z,204.8
2026-04-12T06:45:00Z,133.2
2026-04-12T07:00:00Z,93.2
2026-04-12T07:15:00Z,180.0
2026-04-12T07:30:00Z,137.8
2026-04-12T07:45:00Z,117.9
2026-04-12T08:00:00Z,117.2
2026-04-12T08:15:00Z,80.0
2026-04-12T08:30:00Z,80.0
2026-04-12T08:45:00Z,80.0
2026-04-12T09:00:00Z,155.3
2026-04-12T09:15:00Z,80.0
2026-04-12T09:30:00Z,80.0
2026-04-12T09:45:00Z,80.0
2026-04-12T10:00:00Z,126.5
2026-04-12T10:15:00Z,80.0
2026-04-12T10:30:00Z,80.0
2026-04-12T10:45:00Z,80.0
2026-04-12T11:00:00Z,138.1
2026-04-12T11:15:00Z,80.0
2026-04-12T11:30:00Z,80.0
2026-04-12T11:45:00Z,92.1
2026-04-12T12:00:00Z,80.0
2026-04-12T12:15:00Z,80.0
2026-04-12T12:30:00Z,80.0
2026-04-12T12:45:00Z,80.0
2026-04-12T13:00:00Z,80.0
2026-04-12T13:15:00Z,80.0
2026-04-12T13:30:00Z,80.0
2026-04-12T13:45:00Z,80.0
2026-04-12T14:00:00Z,80.0
2026-04-12T14:15:00Z,80.0
2026-04-12T14:30:00Z,80.0
2026-04-12T14:45:00Z,80.0
2026-04-12T15:00:00Z,102.9
2026-04-12T15:15:00Z,180.6
2026-04-12T15:30:00Z,160.4
2026-04-12T15:45:00Z,241.3
2026-04-12T16:00:00Z,218.6
2026-04-12T16:15:00Z,171.6
2026-04-12T16:30:00Z,132.2
2026-04-12T16:45:00Z,153.5
2026-04-12T17:00:00Z,230.8
2026-04-12T17:15:00Z,225.1
2026-04-12T17:30:00Z,296.0
2026-04-12T17:45:00Z,311.2
2026-04-12T18:00:00Z,324.4
2026-04-12T18:15:00Z,319.8
2026-04-12T18:30:00Z,324.3
2026-04-12T18:45:00Z,318.2
2026-04-12T19:00:00Z,325.8
2026-04-12T19:15:00Z,329.7
2026-04-12T19:30:00Z,320.9
2026-04-12T19:45:00Z,333.4
2026-04-12T20:00:00Z,330.3
2026-04-12T20:15:00Z,335.6
2026-04-12T20:30:00Z,315.8
2026-04-12T20:45:00Z,313.1
2026-04-12T21:00:00Z,333.6
2026-04-12T21:15:00Z,333.4
2026-04-12T21:30:00Z,327.1
2026-04-12T21:45:00Z,331.8
2026-04-12T22:00:00Z,322.3
2026-04-12T22:15:00Z,306.4
2026-04-12T22:30:00Z,327.5
2026-04-12T22:45:00Z,310.1
2026-04-12T23:00:00Z,331.1
2026-04-12T23:15:00Z,338.8
2026-04-12T23:30:00Z,337.9
2026-04-12T23:45:00Z,347.4
2026-04-13T00:00:00Z,318.4
2026-04-13T00:15:00Z,320.6
2026-04-13T00:30:00Z,326.5
2026-04-13T00:45:00Z,308.3
2026-04-13T01:00:00Z,327.1
2026-04-13T01:15:00Z,349.3
2026-04-13T01:30:00Z,325.8
2026-04-13T01:45:00Z,339.7
2026-04-13T02:00:00Z,337.4
2026-04-13T02:15:00Z,331.5
2026-04-13T02:30:00Z,338.9
2026-04-13T02:45:00Z,296.4
2026-04-13T03:00:00Z,312.4
2026-04-13T03:15:00Z,312.2
2026-04-13T03:30:00Z,331.5
2026-04-13T03:45:00Z,321.8
2026-04-13T04:00:00Z,1149.5
2026-04-13T04:15:00Z,1082.2
2026-04-13T04:30:00Z,880.5
2026-04-13T04:45:00Z,905.7
2026-04-13T05:00:00Z,945.5
2026-04-13T05:15:00Z,864.1
2026-04-13T05:30:00Z,717.7
2026-04-13T05:45:00Z,873.7
2026-04-13T06:00:00Z,834.9
2026-04-13T06:15:00Z,821.8
2026-04-13T06:30:00Z,728.9
2026-04-13T06:45:00Z,534.8
2026-04-13T07:00:00Z,783.1
2026-04-13T07:15:00Z,838.1
2026-04-13T07:30:00Z,734.7
2026-04-13T07:45:00Z,546.6
2026-04-13T08:00:00Z,555.8
2026-04-13T08:15:00Z,638.8
2026-04-13T08:30:00Z,549.1
2026-04-13T08:45:00Z,625.6
2026-04-13T09:00:00Z,608.6
2026-04-13T09:15:00Z,437.6
2026-04-13T09:30:00Z,492.6
2026-04-13T09:45:00Z,536.8
2026-04-13T10:00:00Z,345.1
2026-04-13T10:15:00Z,369.4
2026-04-13T10:30:00Z,352.5
2026-04-13T10:45:00Z,802.9
2026-04-13T11:00:00Z,501.6
2026-04-13T11:15:00Z,711.1
2026-04-13T11:30:00Z,433.4
2026-04-13T11:45:00Z,797.8
2026-04-13T12:00:00Z,794.3
2026-04-13T12:15:00Z,598.0
2026-04-13T12:30:00Z,456.2
2026-04-13T12:45:00Z,554.8
2026-04-13T13:00:00Z,491.2
2026-04-13T13:15:00Z,487.6
2026-04-13T13:30:00Z,586.2
2026-04-13T13:45:00Z,721.6
2026-04-13T14:00:00Z,793.4
2026-04-13T14:15:00Z,391.4
2026-04-13T14:30:00Z,445.6
2026-04-13T14:45:00Z,715.1
2026-04-13T15:00:00Z,426.7
2026-04-13T15:15:00Z,625.1
2026-04-13T15:30:00Z,779.9
2026-04-13T15:45:00Z,969.5
2026-04-13T16:00:00Z,745.3
2026-04-13T16:15:00Z,753.4
2026-04-13T16:30:00Z,818.2
2026-04-13T16:45:00Z,779.4
2026-04-13T17:00:00Z,993.6
2026-04-13T17:15:00Z,957.9
2026-04-13T17:30:00Z,840.2
2026-04-13T17:45:00Z,794.9
2026-04-13T18:00:00Z,1059.5
2026-04-13T18:15:00Z,875.0
2026-04-13T18:30:00Z,795.9
2026-04-13T18:45:00Z,837.9
2026-04-13T19:00:00Z,777.0
2026-04-13T19:15:00Z,938.1
2026-04-13T19:30:00Z,926.6
2026-04-13T19:45:00Z,997.5
2026-04-13T20:00:00Z,316.6
2026-04-13T20:15:00Z,333.4
2026-04-13T20:30:00Z,329.1
2026-04-13T20:45:00Z,330.8
2026-04-13T21:00:00Z,323.9
2026-04-13T21:15:00Z,335.9
2026-04-13T21:30:00Z,333.6
2026-04-13T21:45:00Z,331.8
2026-04-13T22:00:00Z,331.0
2026-04-13T22:15:00Z,325.7
2026-04-13T22:30:00Z,317.2
2026-04-13T22:45:00Z,335.8
2026-04-13T23:00:00Z,333.8
2026-04-13T23:15:00Z,327.3
2026-04-13T23:30:00Z,343.5
2026-04-13T23:45:00Z,339.3
2026-04-14T00:00:00Z,306.5
2026-04-14T00:15:00Z,323.1
2026-04-14T00:30:00Z,305.0
2026-04-14T00:45:00Z,342.8
2026-04-14T01:00:00Z,318.1
2026-04-14T01:15:00Z,330.3
2026-04-14T01:30:00Z,328.2
2026-04-14T01:45:00Z,319.3
2026-04-14T02:00:00Z,335.4
2026-04-14T02:15:00Z,320.8
2026-04-14T02:30:00Z,326.9
2026-04-14T02:45:00Z,342.7
2026-04-14T03:00:00Z,342.8
2026-04-14T03:15:00Z,331.7
2026-04-14T03:30:00Z,340.6
2026-04-14T03:45:00Z,331.8
2026-04-14T04:00:00Z,979.1
2026-04-14T04:15:00Z,1143.4
2026-04-14T04:30:00Z,919.0
2026-04-14T04:45:00Z,924.9
2026-04-14T05:00:00Z,885.5
2026-04-14T05:15:00Z,1027.3
2026-04-14T05:30:00Z,914.3
2026-04-14T05:45:00Z,743.4
2026-04-14T06:00:00Z,637.2
2026-04-14T06:15:00Z,807.3
2026-04-14T06:30:00Z,556.5
2026-04-14T06:45:00Z,745.4
2026-04-14T07:00:00Z,524.8
2026-04-14T07:15:00Z,860.4
2026-04-14T07:30:00Z,475.6
2026-04-14T07:45:00Z,748.9
2026-04-14T08:00:00Z,587.9
2026-04-14T08:15:00Z,537.4
2026-04-14T08:30:00Z,729.6
2026-04-14T08:45:00Z,577.3
2026-04-14T09:00:00Z,646.9
2026-04-14T09:15:00Z,764.9
2026-04-14T09:30:00Z,276.9
2026-04-14T09:45:00Z,608.7
2026-04-14T10:00:00Z,485.4
2026-04-14T10:15:00Z,540.3
2026-04-14T10:30:00Z,436.4
2026-04-14T10:45:00Z,560.8
2026-04-14T11:00:00Z,518.4
2026-04-14T11:15:00Z,648.4
2026-04-14T11:30:00Z,342.2
2026-04-14T11:45:00Z,186.7
2026-04-14T12:00:00Z,605.3
2026-04-14T12:15:00Z,710.9
2026-04-14T12:30:00Z,405.0
2026-04-14T12:45:00Z,506.9
2026-04-14T13:00:00Z,635.4
2026-04-14T13:15:00Z,897.8
2026-04-14T13:30:00Z,653.7
2026-04-14T13:45:00Z,650.0
2026-04-14T14:00:00Z,610.7
2026-04-14T14:15:00Z,595.9
2026-04-14T14:30:00Z,475.9
2026-04-14T14:45:00Z,802.3
2026-04-14T15:00:00Z,593.1
2026-04-14T15:15:00Z,818.0
2026-04-14T15:30:00Z,853.9
2026-04-14T15:45:00Z,912.3
2026-04-14T16:00:00Z,843.4
2026-04-14T16:15:00Z,857.7
2026-04-14T16:30:00Z,849.2
2026-04-14T16:45:00Z,831.7
2026-04-14T17:00:00Z,825.4
2026-04-14T17:15:00Z,766.4
2026-04-14T17:30:00Z,785.9
2026-04-14T17:45:00Z,832.4
2026-04-14T18:00:00Z,1063.3
2026-04-14T18:15:00Z,1037.7
2026-04-14T18:30:00Z,906.3
2026-04-14T18:45:00Z,1026.4
2026-04-14T19:00:00Z,856.8
2026-04-14T19:15:00Z,766.4
2026-04-14T19:30:00Z,917.7
2026-04-14T19:45:00Z,1004.4
2026-04-14T20:00:00Z,339.5
2026-04-14T20:15:00Z,336.3
2026-04-14T20:30:00Z,336.7
2026-04-14T20:45:00Z,316.1
2026-04-14T21:00:00Z,335.1
2026-04-14T21:15:00Z,344.0
2026-04-14T21:30:00Z,334.1
2026-04-14T21:45:00Z,326.1
2026-04-14T22:00:00Z,332.2
2026-04-14T22:15:00Z,319.1
2026-04-14T22:30:00Z,324.0
2026-04-14T22:45:00Z,336.1
2026-04-14T23:00:00Z,327.9
2026-04-14T23:15:00Z,319.8
2026-04-14T23:30:00Z,316.4
2026-04-14T23:45:00Z,305.4
2026-04-15T00:00:00Z,331.9
2026-04-15T00:15:00Z,334.7
2026-04-15T00:30:00Z,331.0
2026-04-15T00:45:00Z,350.6
2026-04-15T01:00:00Z,329.3
2026-04-15T01:15:00Z,341.4
2026-04-15T01:30:00Z,348.4
2026-04-15T01:45:00Z,298.4
2026-04-15T02:00:00Z,310.5
2026-04-15T02:15:00Z,327.0
2026-04-15T02:30:00Z,303.2
2026-04-15T02:45:00Z,319.4
2026-04-15T03:00:00Z,326.8
2026-04-15T03:15:00Z,329.4
2026-04-15T03:30:00Z,336.2
2026-04-15T03:45:00Z,313.6
2026-04-15T04:00:00Z,864.7
2026-04-15T04:15:00Z,849.1
2026-04-15T04:30:00Z,892.2
2026-04-15T04:45:00Z,908.8
2026-04-15T05:00:00Z,945.5
2026-04-15T05:15:00Z,910.6
2026-04-15T05:30:00Z,840.4
2026-04-15T05:45:00Z,661.9
2026-04-15T06:00:00Z,953.2
2026-04-15T06:15:00Z,541.1
2026-04-15T06:30:00Z,903.7
2026-04-15T06:45:00Z,553.7
2026-04-15T07:00:00Z,935.4
2026-04-15T07:15:00Z,624.9
2026-04-15T07:30:00Z,839.0
2026-04-15T07:45:00Z,526.2
2026-04-15T08:00:00Z,452.5
2026-04-15T08:15:00Z,606.5
2026-04-15T08:30:00Z,338.2
2026-04-15T08:45:00Z,602.3
2026-04-15T09:00:00Z,441.8
2026-04-15T09:15:00Z,682.6
2026-04-15T09:30:00Z,630.0
2026-04-15T09:45:00Z,751.5
2026-04-15T10:00:00Z,686.5
2026-04-15T10:15:00Z,639.3
2026-04-15T10:30:00Z,745.7
2026-04-15T10:45:00Z,673.5
2026-04-15T11:00:00Z,706.1
2026-04-15T11:15:00Z,416.2
2026-04-15T11:30:00Z,431.6
2026-04-15T11:45:00Z,457.2
2026-04-15T12:00:00Z,546.3
2026-04-15T12:15:00Z,686.7
2026-04-15T12:30:00Z,503.0
2026-04-15T12:45:00Z,494.9
2026-04-15T13:00:00Z,557.3
2026-04-15T13:15:00Z,422.0
2026-04-15T13:30:00Z,684.9
2026-04-15T13:45:00Z,588.8
2026-04-15T14:00:00Z,610.5
2026-04-15T14:15:00Z,546.5
2026-04-15T14:30:00Z,533.3
2026-04-15T14:45:00Z,600.2
2026-04-15T15:00:00Z,451.7
2026-04-15T15:15:00Z,759.6
2026-04-15T15:30:00Z,780.9
2026-04-15T15:45:00Z,677.9
2026-04-15T16:00:00Z,748.5
2026-04-15T16:15:00Z,870.1
2026-04-15T16:30:00Z,876.0
2026-04-15T16:45:00Z,942.0
2026-04-15T17:00:00Z,672.8
2026-04-15T17:15:00Z,972.0
2026-04-15T17:30:00Z,1009.9
2026-04-15T17:45:00Z,1000.3
2026-04-15T18:00:00Z,958.8
2026-04-15T18:15:00Z,1003.6
2026-04-15T18:30:00Z,975.2
2026-04-15T18:45:00Z,793.3
2026-04-15T19:00:00Z,1030.6
2026-04-15T19:15:00Z,826.6
2026-04-15T19:30:00Z,805.0
2026-04-15T19:45:00Z,957.8
2026-04-15T20:00:00Z,351.2
2026-04-15T20:15:00Z,329.5
2026-04-15T20:30:00Z,322.6
2026-04-15T20:45:00Z,323.2
2026-04-15T21:00:00Z,329.6
2026-04-15T21:15:00Z,320.8
2026-04-15T21:30:00Z,305.5
2026-04-15T21:45:00Z,336.9
2026-04-15T22:00:00Z,316.8
2026-04-15T22:15:00Z,337.3
2026-04-15T22:30:00Z,345.9
2026-04-15T22:45:00Z,335.2
2026-04-15T23:00:00Z,332.8
2026-04-15T23:15:00Z,346.5
2026-04-15T23:30:00Z,326.1
2026-04-15T23:45:00Z,357.2
2026-04-16T00:00:00Z,322.1
2026-04-16T00:15:00Z,333.1
2026-04-16T00:30:00Z,331.6
2026-04-16T00:45:00Z,319.6
2026-04-16T01:00:00Z,306.4
2026-04-16T01:15:00Z,301.0
2026-04-16T01:30:00Z,340.4
2026-04-16T01:45:00Z,316.2
2026-04-16T02:00:00Z,350.0
2026-04-16T02:15:00Z,332.2
2026-04-16T02:30:00Z,329.1
2026-04-16T02:45:00Z,311.1
2026-04-16T03:00:00Z,337.0
2026-04-16T03:15:00Z,322.9
2026-04-16T03:30:00Z,353.8
2026-04-16T03:45:00Z,323.9
2026-04-16T04:00:00Z,1175.3
2026-04-16T04:15:00Z,1050.9
2026-04-16T04:30:00Z,997.9
2026-04-16T04:45:00Z,963.4
2026-04-16T05:00:00Z,969.8
2026-04-16T05:15:00Z,862.5
2026-04-16T05:30:00Z,999.3
2026-04-16T05:45:00Z,828.5
2026-04-16T06:00:00Z,661.4
2026-04-16T06:15:00Z,601.5
2026-04-16T06:30:00Z,815.9
2026-04-16T06:45:00Z,769.6
2026-04-16T07:00:00Z,582.9
2026-04-16T07:15:00Z,680.1
2026-04-16T07:30:00Z,661.4
2026-04-16T07:45:00Z,552.1
2026-04-16T08:00:00Z,876.8
2026-04-16T08:15:00Z,646.2
2026-04-16T08:30:00Z,543.4
2026-04-16T08:45:00Z,381.8
2026-04-16T09:00:00Z,536.5
2026-04-16T09:15:00Z,646.6
2026-04-16T09:30:00Z,449.8
2026-04-16T09:45:00Z,606.6
2026-04-16T10:00:00Z,710.0
2026-04-16T10:15:00Z,750.0
2026-04-16T10:30:00Z,592.3
2026-04-16T10:45:00Z,332.0
2026-04-16T11:00:00Z,629.8
2026-04-16T11:15:00Z,500.9
2026-04-16T11:30:00Z,517.9
2026-04-16T11:45:00Z,757.0
2026-04-16T12:00:00Z,597.3
2026-04-16T12:15:00Z,598.4
2026-04-16T12:30:00Z,516.5
2026-04-16T12:45:00Z,494.3
2026-04-16T13:00:00Z,506.0
2026-04-16T13:15:00Z,391.7
2026-04-16T13:30:00Z,555.9
2026-04-16T13:45:00Z,530.9
2026-04-16T14:00:00Z,612.1
2026-04-16T14:15:00Z,385.0
2026-04-16T14:30:00Z,475.3
2026-04-16T14:45:00Z,628.2
2026-04-16T15:00:00Z,612.3
2026-04-16T15:15:00Z,496.2
2026-04-16T15:30:00Z,670.3
2026-04-16T15:45:00Z,582.8
2026-04-16T16:00:00Z,825.5
2026-04-16T16:15:00Z,865.3
2026-04-16T16:30:00Z,859.5
2026-04-16T16:45:00Z,734.8
2026-04-16T17:00:00Z,878.5
2026-04-16T17:15:00Z,906.0
2026-04-16T17:30:00Z,792.7
2026-04-16T17:45:00Z,1050.8
2026-04-16T18:00:00Z,1042.1
2026-04-16T18:15:00Z,952.6
2026-04-16T18:30:00Z,988.1
2026-04-16T18:45:00Z,923.2
2026-04-16T19:00:00Z,863.9
2026-04-16T19:15:00Z,879.8
2026-04-16T19:30:00Z,793.6
2026-04-16T19:45:00Z,1019.4
2026-04-16T20:00:00Z,316.7
2026-04-16T20:15:00Z,326.4
2026-04-16T20:30:00Z,321.0
2026-04-16T20:45:00Z,333.3
2026-04-16T21:00:00Z,344.6
2026-04-16T21:15:00Z,335.6
2026-04-16T21:30:00Z,334.2
2026-04-16T21:45:00Z,355.5
2026-04-16T22:00:00Z,324.2
2026-04-16T22:15:00Z,338.9
2026-04-16T22:30:00Z,345.1
2026-04-16T22:45:00Z,353.3
2026-04-16T23:00:00Z,315.4
2026-04-16T23:15:00Z,328.4
2026-04-16T23:30:00Z,319.3
2026-04-16T23:45:00Z,331.6
2026-04-17T00:00:00Z,325.5
2026-04-17T00:15:00Z,342.2
2026-04-17T00:30:00Z,343.6
2026-04-17T00:45:00Z,339.0
2026-04-17T01:00:00Z,333.1
2026-04-17T01:15:00Z,341.2
2026-04-17T01:30:00Z,345.0
2026-04-17T01:45:00Z,337.2
2026-04-17T02:00:00Z,330.6
2026-04-17T02:15:00Z,349.5
2026-04-17T02:30:00Z,323.5
2026-04-17T02:45:00Z,292.5
2026-04-17T03:00:00Z,323.8
2026-04-17T03:15:00Z,339.8
2026-04-17T03:30:00Z,311.2
2026-04-17T03:45:00Z,306.3
2026-04-17T04:00:00Z,976.7
2026-04-17T04:15:00Z,1108.6
2026-04-17T04:30:00Z,932.7
2026-04-17T04:45:00Z,905.4
2026-04-17T05:00:00Z,931.7
2026-04-17T05:15:00Z,835.7
2026-04-17T05:30:00Z,767.8
2026-04-17T05:45:00Z,752.7
2026-04-17T06:00:00Z,657.1
2026-04-17T06:15:00Z,557.5
2026-04-17T06:30:00Z,736.7
2026-04-17T06:45:00Z,713.9
2026-04-17T07:00:00Z,656.4
2026-04-17T07:15:00Z,855.9
2026-04-17T07:30:00Z,498.8
2026-04-17T07:45:00Z,751.0
2026-04-17T08:00:00Z,529.2
2026-04-17T08:15:00Z,821.3
2026-04-17T08:30:00Z,551.8
2026-04-17T08:45:00Z,508.9
2026-04-17T09:00:00Z,354.5
2026-04-17T09:15:00Z,357.5
2026-04-17T09:30:00Z,545.6
2026-04-17T09:45:00Z,466.7
2026-04-17T10:00:00Z,712.9
2026-04-17T10:15:00Z,464.3
2026-04-17T10:30:00Z,489.6
2026-04-17T10:45:00Z,709.6
2026-04-17T11:00:00Z,417.9
2026-04-17T11:15:00Z,418.6
2026-04-17T11:30:00Z,701.3
2026-04-17T11:45:00Z,472.3
2026-04-17T12:00:00Z,733.4
2026-04-17T12:15:00Z,739.1
2026-04-17T12:30:00Z,529.6
2026-04-17T12:45:00Z,444.5
2026-04-17T13:00:00Z,457.4
2026-04-17T13:15:00Z,556.0
2026-04-17T13:30:00Z,273.4
2026-04-17T13:45:00Z,629.1
2026-04-17T14:00:00Z,804.6
2026-04-17T14:15:00Z,619.9
2026-04-17T14:30:00Z,548.4
2026-04-17T14:45:00Z,797.5
2026-04-17T15:00:00Z,719.9
2026-04-17T15:15:00Z,667.0
2026-04-17T15:30:00Z,553.0
2026-04-17T15:45:00Z,581.0
2026-04-17T16:00:00Z,704.2
2026-04-17T16:15:00Z,585.2
2026-04-17T16:30:00Z,747.5
2026-04-17T16:45:00Z,795.7
2026-04-17T17:00:00Z,879.4
2026-04-17T17:15:00Z,756.9
2026-04-17T17:30:00Z,810.2
2026-04-17T17:45:00Z,928.4
2026-04-17T18:00:00Z,837.2
2026-04-17T18:15:00Z,994.0
2026-04-17T18:30:00Z,866.6
2026-04-17T18:45:00Z,828.4
2026-04-17T19:00:00Z,835.3
2026-04-17T19:15:00Z,1043.7
2026-04-17T19:30:00Z,832.6
2026-04-17T19:45:00Z,914.7
2026-04-17T20:00:00Z,324.3
2026-04-17T20:15:00Z,315.7
2026-04-17T20:30:00Z,325.9
2026-04-17T20:45:00Z,316.5
2026-04-17T21:00:00Z,317.9
2026-04-17T21:15:00Z,314.5
2026-04-17T21:30:00Z,328.0
2026-04-17T21:45:00Z,300.0
2026-04-17T22:00:00Z,322.2
2026-04-17T22:15:00Z,336.1
2026-04-17T22:30:00Z,321.2
2026-04-17T22:45:00Z,333.1
2026-04-17T23:00:00Z,316.8
2026-04-17T23:15:00Z,326.9
2026-04-17T23:30:00Z,324.6
2026-04-17T23:45:00Z,323.6
2026-04-18T00:00:00Z,335.2
2026-04-18T00:15:00Z,325.5
2026-04-18T00:30:00Z,335.9
2026-04-18T00:45:00Z,309.7
2026-04-18T01:00:00Z,339.7
2026-04-18T01:15:00Z,318.1
2026-04-18T01:30:00Z,341.2
2026-04-18T01:45:00Z,352.6
2026-04-18T02:00:00Z,328.8
2026-04-18T02:15:00Z,321.8
2026-04-18T02:30:00Z,314.7
2026-04-18T02:45:00Z,324.7
2026-04-18T03:00:00Z,319.4
2026-04-18T03:15:00Z,344.4
2026-04-18T03:30:00Z,327.1
2026-04-18T03:45:00Z,319.7
2026-04-18T04:00:00Z,325.4
2026-04-18T04:15:00Z,327.9
2026-04-18T04:30:00Z,277.0
2026-04-18T04:45:00Z,262.8
2026-04-18T05:00:00Z,205.9
2026-04-18T05:15:00Z,236.4
2026-04-18T05:30:00Z,208.7
2026-04-18T05:45:00Z,102.3
2026-04-18T06:00:00Z,159.4
2026-04-18T06:15:00Z,80.0
2026-04-18T06:30:00Z,157.1
2026-04-18T06:45:00Z,173.9
2026-04-18T07:00:00Z,80.0
2026-04-18T07:15:00Z,107.7
2026-04-18T07:30:00Z,80.0
2026-04-18T07:45:00Z,125.0
2026-04-18T08:00:00Z,80.0
2026-04-18T08:15:00Z,80.0
2026-04-18T08:30:00Z,80.0
2026-04-18T08:45:00Z,164.7
2026-04-18T09:00:00Z,83.6
2026-04-18T09:15:00Z,80.0
2026-04-18T09:30:00Z,80.0
2026-04-18T09:45:00Z,80.0
2026-04-18T10:00:00Z,80.0
2026-04-18T10:15:00Z,80.0
2026-04-18T10:30:00Z,80.0
2026-04-18T10:45:00Z,80.0
2026-04-18T11:00:00Z,80.0
2026-04-18T11:15:00Z,80.0
2026-04-18T11:30:00Z,80.0
2026-04-18T11:45:00Z,80.0
2026-04-18T12:00:00Z,106.4
2026-04-18T12:15:00Z,80.0
2026-04-18T12:30:00Z,80.0
2026-04-18T12:45:00Z,80.0
2026-04-18T13:00:00Z,154.2
2026-04-18T13:15:00Z,80.0
2026-04-18T13:30:00Z,80.0
2026-04-18T13:45:00Z,103.2
2026-04-18T14:00:00Z,123.8
2026-04-18T14:15:00Z,80.0
2026-04-18T14:30:00Z,80.0
2026-04-18T14:45:00Z,80.0
2026-04-18T15:00:00Z,80.0
2026-04-18T15:15:00Z,80.0
2026-04-18T15:30:00Z,99.2
2026-04-18T15:45:00Z,80.0
2026-04-18T16:00:00Z,147.1
2026-04-18T16:15:00Z,157.0
2026-04-18T16:30:00Z,133.0
2026-04-18T16:45:00Z,125.7
2026-04-18T17:00:00Z,219.5
2026-04-18T17:15:00Z,291.5
2026-04-18T17:30:00Z,291.6
2026-04-18T17:45:00Z,298.8
2026-04-18T18:00:00Z,326.8
2026-04-18T18:15:00Z,339.6
2026-04-18T18:30:00Z,343.5
2026-04-18T18:45:00Z,305.6
2026-04-18T19:00:00Z,320.3
2026-04-18T19:15:00Z,337.2
2026-04-18T19:30:00Z,322.9
2026-04-18T19:45:00Z,345.6
2026-04-18T20:00:00Z,314.3
2026-04-18T20:15:00Z,339.3
2026-04-18T20:30:00Z,336.4
2026-04-18T20:45:00Z,319.6
2026-04-18T21:00:00Z,323.1
2026-04-18T21:15:00Z,323.1
2026-04-18T21:30:00Z,331.5
2026-04-18T21:45:00Z,313.9
2026-04-18T22:00:00Z,322.3
2026-04-18T22:15:00Z,315.9
2026-04-18T22:30:00Z,316.1
2026-04-18T22:45:00Z,332.7
2026-04-18T23:00:00Z,330.2
2026-04-18T23:15:00Z,314.3
2026-04-18T23:30:00Z,351.6
2026-04-18T23:45:00Z,311.3
2026-04-19T00:00:00Z,316.9
2026-04-19T00:15:00Z,338.5
2026-04-19T00:30:00Z,330.5
2026-04-19T00:45:00Z,322.6
2026-04-19T01:00:00Z,338.2
2026-04-19T01:15:00Z,337.5
2026-04-19T01:30:00Z,349.6
2026-04-19T01:45:00Z,344.0
2026-04-19T02:00:00Z,325.8
2026-04-19T02:15:00Z,316.2
2026-04-19T02:30:00Z,320.1
2026-04-19T02:45:00Z,338.5
2026-04-19T03:00:00Z,319.4
2026-04-19T03:15:00Z,331.2
2026-04-19T03:30:00Z,323.6
2026-04-19T03:45:00Z,313.5
2026-04-19T04:00:00Z,328.3
2026-04-19T04:15:00Z,309.8
2026-04-19T04:30:00Z,301.3
2026-04-19T04:45:00Z,262.5
2026-04-19T05:00:00Z,258.5
2026-04-19T05:15:00Z,167.0
2026-04-19T05:30:00Z,234.1
2026-04-19T05:45:00Z,122.1
2026-04-19T06:00:00Z,169.3
2026-04-19T06:15:00Z,80.0
2026-04-19T06:30:00Z,153.3
2026-04-19T06:45:00Z,168.1
2026-04-19T07:00:00Z,213.4
2026-04-19T07:15:00Z,149.8
2026-04-19T07:30:00Z,80.0
2026-04-19T07:45:00Z,80.0
2026-04-19T08:00:00Z,125.1
2026-04-19T08:15:00Z,80.0
2026-04-19T08:30:00Z,80.0
2026-04-19T08:45:00Z,80.0
2026-04-19T09:00:00Z,80.0
2026-04-19T09:15:00Z,80.0
2026-04-19T09:30:00Z,127.0
2026-04-19T09:45:00Z,80.0
2026-04-19T10:00:00Z,80.0
2026-04-19T10:15:00Z,80.0
2026-04-19T10:30:00Z,80.0
2026-04-19T10:45:00Z,80.0
2026-04-19T11:00:00Z,80.0
2026-04-19T11:15:00Z,80.0
2026-04-19T11:30:00Z,80.0
2026-04-19T11:45:00Z,80.0
2026-04-19T12:00:00Z,80.0
2026-04-19T12:15:00Z,80.0
2026-04-19T12:30:00Z,80.0
2026-04-19T12:45:00Z,80.0
2026-04-19T13:00:00Z,123.2
2026-04-19T13:15:00Z,80.0
2026-04-19T13:30:00Z,80.0
2026-04-19T13:45:00Z,80.0
2026-04-19T14:00:00Z,80.0
2026-04-19T14:15:00Z,165.4
2026-04-19T14:30:00Z,80.0
2026-04-19T14:45:00Z,80.0
2026-04-19T15:00:00Z,123.4
2026-04-19T15:15:00Z,80.0
2026-04-19T15:30:00Z,234.9
2026-04-19T15:45:00Z,124.0
2026-04-19T16:00:00Z,111.4
2026-04-19T16:15:00Z,231.4
2026-04-19T16:30:00Z,147.7
2026-04-19T16:45:00Z,156.8
2026-04-19T17:00:00Z,192.3
2026-04-19T17:15:00Z,218.4
2026-04-19T17:30:00Z,308.6
2026-04-19T17:45:00Z,316.8
2026-04-19T18:00:00Z,321.8
2026-04-19T18:15:00Z,316.1
2026-04-19T18:30:00Z,322.4
2026-04-19T18:45:00Z,338.8
2026-04-19T19:00:00Z,337.9
2026-04-19T19:15:00Z,315.8
2026-04-19T19:30:00Z,338.1
2026-04-19T19:45:00Z,344.1
2026-04-19T20:00:00Z,330.1
2026-04-19T20:15:00Z,327.1
2026-04-19T20:30:00Z,333.3
2026-04-19T20:45:00Z,327.5
2026-04-19T21:00:00Z,338.8
2026-04-19T21:15:00Z,363.4
2026-04-19T21:30:00Z,336.8
2026-04-19T21:45:00Z,324.3
2026-04-19T22:00:00Z,335.0
2026-04-19T22:15:00Z,328.2
2026-04-19T22:30:00Z,334.3
2026-04-19T22:45:00Z,337.6
2026-04-19T23:00:00Z,327.6
2026-04-19T23:15:00Z,313.5
2026-04-19T23:30:00Z,335.5
2026-04-19T23:45:00Z,323.1
2026-04-20T00:00:00Z,333.1
2026-04-20T00:15:00Z,328.2
2026-04-20T00:30:00Z,322.9
2026-04-20T00:45:00Z,352.7
2026-04-20T01:00:00Z,334.8
2026-04-20T01:15:00Z,319.3
2026-04-20T01:30:00Z,351.9
2026-04-20T01:45:00Z,335.9
2026-04-20T02:00:00Z,340.9
2026-04-20T02:15:00Z,350.0
2026-04-20T02:30:00Z,315.4
2026-04-20T02:45:00Z,321.8
2026-04-20T03:00:00Z,331.7
2026-04-20T03:15:00Z,325.6
2026-04-20T03:30:00Z,313.0
2026-04-20T03:45:00Z,318.5
2026-04-20T04:00:00Z,1155.9
2026-04-20T04:15:00Z,860.6
2026-04-20T04:30:00Z,1023.3
2026-04-20T04:45:00Z,802.7
2026-04-20T05:00:00Z,967.5
2026-04-20T05:15:00Z,818.0
2026-04-20T05:30:00Z,846.4
2026-04-20T05:45:00Z,789.8
2026-04-20T06:00:00Z,938.4
2026-04-20T06:15:00Z,867.6
2026-04-20T06:30:00Z,613.6
2026-04-20T06:45:00Z,579.7
2026-04-20T07:00:00Z,480.8
2026-04-20T07:15:00Z,602.7
2026-04-20T07:30:00Z,686.7
2026-04-20T07:45:00Z,645.6
2026-04-20T08:00:00Z,767.6
2026-04-20T08:15:00Z,677.5
2026-04-20T08:30:00Z,618.0
2026-04-20T08:45:00Z,436.3
2026-04-20T09:00:00Z,257.7
2026-04-20T09:15:00Z,689.6
2026-04-20T09:30:00Z,481.9
2026-04-20T09:45:00Z,611.6
2026-04-20T10:00:00Z,395.4
2026-04-20T10:15:00Z,517.0
2026-04-20T10:30:00Z,535.6
2026-04-20T10:45:00Z,347.5
2026-04-20T11:00:00Z,463.6
2026-04-20T11:15:00Z,241.8
2026-04-20T11:30:00Z,347.5
2026-04-20T11:45:00Z,549.1
2026-04-20T12:00:00Z,631.3
2026-04-20T12:15:00Z,429.0
2026-04-20T12:30:00Z,384.5
2026-04-20T12:45:00Z,487.1
2026-04-20T13:00:00Z,604.6
2026-04-20T13:15:00Z,580.4
2026-04-20T13:30:00Z,733.2
2026-04-20T13:45:00Z,498.4
2026-04-20T14:00:00Z,558.7
2026-04-20T14:15:00Z,414.6
2026-04-20T14:30:00Z,352.3
2026-04-20T14:45:00Z,489.0
2026-04-20T15:00:00Z,604.0
2026-04-20T15:15:00Z,609.6
2026-04-20T15:30:00Z,738.6
2026-04-20T15:45:00Z,714.6
2026-04-20T16:00:00Z,762.7
2026-04-20T16:15:00Z,745.8
2026-04-20T16:30:00Z,942.1
2026-04-20T16:45:00Z,712.0
2026-04-20T17:00:00Z,876.1
2026-04-20T17:15:00Z,719.3
2026-04-20T17:30:00Z,960.0
2026-04-20T17:45:00Z,1030.2
2026-04-20T18:00:00Z,997.9
2026-04-20T18:15:00Z,984.8
2026-04-20T18:30:00Z,862.5
2026-04-20T18:45:00Z,1002.9
2026-04-20T19:00:00Z,881.2
2026-04-20T19:15:00Z,831.6
2026-04-20T19:30:00Z,1022.7
2026-04-20T19:45:00Z,786.9
2026-04-20T20:00:00Z,342.7
2026-04-20T20:15:00Z,324.7
2026-04-20T20:30:00Z,330.7
2026-04-20T20:45:00Z,338.3
2026-04-20T21:00:00Z,313.5
2026-04-20T21:15:00Z,341.5
2026-04-20T21:30:00Z,350.5
2026-04-20T21:45:00Z,334.0
2026-04-20T22:00:00Z,351.7
2026-04-20T22:15:00Z,325.9
2026-04-20T22:30:00Z,340.4
2026-04-20T22:45:00Z,340.6
2026-04-20T23:00:00Z,324.0
2026-04-20T23:15:00Z,334.8
2026-04-20T23:30:00Z,315.6
2026-04-20T23:45:00Z,325.3
2026-04-21T00:00:00Z,314.0
2026-04-21T00:15:00Z,301.7
2026-04-21T00:30:00Z,335.8
2026-04-21T00:45:00Z,323.3
2026-04-21T01:00:00Z,328.3
2026-04-21T01:15:00Z,316.0
2026-04-21T01:30:00Z,335.8
2026-04-21T01:45:00Z,321.4
2026-04-21T02:00:00Z,340.4
2026-04-21T02:15:00Z,343.6
2026-04-21T02:30:00Z,332.6
2026-04-21T02:45:00Z,340.9
2026-04-21T03:00:00Z,332.4
2026-04-21T03:15:00Z,348.9
2026-04-21T03:30:00Z,324.7
2026-04-21T03:45:00Z,325.6
2026-04-21T04:00:00Z,941.6
2026-04-21T04:15:00Z,1012.8
2026-04-21T04:30:00Z,934.1
2026-04-21T04:45:00Z,1007.5
2026-04-21T05:00:00Z,960.3
2026-04-21T05:15:00Z,877.2
2026-04-21T05:30:00Z,937.3
2026-04-21T05:45:00Z,744.4
2026-04-21T06:00:00Z,778.0
2026-04-21T06:15:00Z,711.9
2026-04-21T06:30:00Z,854.7
2026-04-21T06:45:00Z,863.8
2026-04-21T07:00:00Z,838.2
2026-04-21T07:15:00Z,514.9
2026-04-21T07:30:00Z,829.4
2026-04-21T07:45:00Z,670.0
2026-04-21T08:00:00Z,435.2
2026-04-21T08:15:00Z,796.7
2026-04-21T08:30:00Z,580.6
2026-04-21T08:45:00Z,708.5
2026-04-21T09:00:00Z,587.1
2026-04-21T09:15:00Z,280.4
2026-04-21T09:30:00Z,519.3
2026-04-21T09:45:00Z,479.2
2026-04-21T10:00:00Z,624.9
2026-04-21T10:15:00Z,456.7
2026-04-21T10:30:00Z,535.1
2026-04-21T10:45:00Z,696.0
2026-04-21T11:00:00Z,387.6
2026-04-21T11:15:00Z,751.3
2026-04-21T11:30:00Z,631.8
2026-04-21T11:45:00Z,479.1
2026-04-21T12:00:00Z,421.5
2026-04-21T12:15:00Z,504.2
2026-04-21T12:30:00Z,553.2
2026-04-21T12:45:00Z,761.7
2026-04-21T13:00:00Z,485.6
2026-04-21T13:15:00Z,688.8
2026-04-21T13:30:00Z,509.7
2026-04-21T13:45:00Z,785.6
2026-04-21T14:00:00Z,556.0
2026-04-21T14:15:00Z,555.8
2026-04-21T14:30:00Z,642.2
2026-04-21T14:45:00Z,661.6
2026-04-21T15:00:00Z,854.3
2026-04-21T15:15:00Z,726.6
2026-04-21T15:30:00Z,607.9
2026-04-21T15:45:00Z,667.5
2026-04-21T16:00:00Z,831.8
2026-04-21T16:15:00Z,798.3
2026-04-21T16:30:00Z,926.0
2026-04-21T16:45:00Z,915.1
2026-04-21T17:00:00Z,762.6
2026-04-21T17:15:00Z,686.1
2026-04-21T17:30:00Z,1023.9
2026-04-21T17:45:00Z,895.3
2026-04-21T18:00:00Z,792.1
2026-04-21T18:15:00Z,1069.0
2026-04-21T18:30:00Z,928.3
2026-04-21T18:45:00Z,859.2
2026-04-21T19:00:00Z,813.9
2026-04-21T19:15:00Z,883.8
2026-04-21T19:30:00Z,1046.1
2026-04-21T19:45:00Z,1000.1
2026-04-21T20:00:00Z,336.8
2026-04-21T20:15:00Z,331.5
2026-04-21T20:30:00Z,320.6
2026-04-21T20:45:00Z,306.7
2026-04-21T21:00:00Z,331.0
2026-04-21T21:15:00Z,350.9
2026-04-21T21:30:00Z,335.0
2026-04-21T21:45:00Z,333.6
2026-04-21T22:00:00Z,329.7
2026-04-21T22:15:00Z,338.6
2026-04-21T22:30:00Z,329.1
2026-04-21T22:45:00Z,343.1
2026-04-21T23:00:00Z,335.9
2026-04-21T23:15:00Z,326.9
2026-04-21T23:30:00Z,326.2
2026-04-21T23:45:00Z,325.3
2026-04-22T00:00:00Z,329.1
2026-04-22T00:15:00Z,325.9
2026-04-22T00:30:00Z,336.8
2026-04-22T00:45:00Z,336.5
2026-04-22T01:00:00Z,328.3
2026-04-22T01:15:00Z,331.7
2026-04-22T01:30:00Z,305.7
2026-04-22T01:45:00Z,344.5
2026-04-22T02:00:00Z,322.0
2026-04-22T02:15:00Z,317.6
2026-04-22T02:30:00Z,332.4
2026-04-22T02:45:00Z,312.6
2026-04-22T03:00:00Z,340.7
2026-04-22T03:15:00Z,348.5
2026-04-22T03:30:00Z,322.1
2026-04-22T03:45:00Z,328.9
2026-04-22T04:00:00Z,937.9
2026-04-22T04:15:00Z,961.6
2026-04-22T04:30:00Z,913.1
2026-04-22T04:45:00Z,844.4
2026-04-22T05:00:00Z,1039.8
2026-04-22T05:15:00Z,850.5
2026-04-22T05:30:00Z,952.0
2026-04-22T05:45:00Z,844.1
2026-04-22T06:00:00Z,773.9
2026-04-22T06:15:00Z,765.9
2026-04-22T06:30:00Z,739.1
2026-04-22T06:45:00Z,614.1
2026-04-22T07:00:00Z,469.5
2026-04-22T07:15:00Z,717.2
2026-04-22T07:30:00Z,662.9
2026-04-22T07:45:00Z,623.7
2026-04-22T08:00:00Z,315.4
2026-04-22T08:15:00Z,668.1
2026-04-22T08:30:00Z,240.1
2026-04-22T08:45:00Z,729.2
2026-04-22T09:00:00Z,796.6
2026-04-22T09:15:00Z,585.5
2026-04-22T09:30:00Z,765.5
2026-04-22T09:45:00Z,428.8
2026-04-22T10:00:00Z,208.1
2026-04-22T10:15:00Z,463.4
2026-04-22T10:30:00Z,700.7
2026-04-22T10:45:00Z,399.6
2026-04-22T11:00:00Z,668.0
2026-04-22T11:15:00Z,605.0
2026-04-22T11:30:00Z,322.2
2026-04-22T11:45:00Z,418.7
2026-04-22T12:00:00Z,382.1
2026-04-22T12:15:00Z,481.5
2026-04-22T12:30:00Z,487.3
2026-04-22T12:45:00Z,182.7
2026-04-22T13:00:00Z,645.4
2026-04-22T13:15:00Z,535.1
2026-04-22T13:30:00Z,422.2
2026-04-22T13:45:00Z,776.0
2026-04-22T14:00:00Z,556.5
2026-04-22T14:15:00Z,485.8
2026-04-22T14:30:00Z,596.6
2026-04-22T14:45:00Z,602.7
2026-04-22T15:00:00Z,679.6
2026-04-22T15:15:00Z,862.6
2026-04-22T15:30:00Z,813.5
2026-04-22T15:45:00Z,952.1
2026-04-22T16:00:00Z,637.7
2026-04-22T16:15:00Z,671.0
2026-04-22T16:30:00Z,894.4
2026-04-22T16:45:00Z,936.9
2026-04-22T17:00:00Z,932.1
2026-04-22T17:15:00Z,932.1
2026-04-22T17:30:00Z,859.8
2026-04-22T17:45:00Z,1016.5
2026-04-22T18:00:00Z,996.8
2026-04-22T18:15:00Z,925.0
2026-04-22T18:30:00Z,973.3
2026-04-22T18:45:00Z,817.7
2026-04-22T19:00:00Z,974.1
2026-04-22T19:15:00Z,1080.7
2026-04-22T19:30:00Z,990.5
2026-04-22T19:45:00Z,824.8
2026-04-22T20:00:00Z,311.5
2026-04-22T20:15:00Z,321.5
2026-04-22T20:30:00Z,316.9
2026-04-22T20:45:00Z,331.6
2026-04-22T21:00:00Z,351.4
2026-04-22T21:15:00Z,335.2
2026-04-22T21:30:00Z,324.7
2026-04-22T21:45:00Z,342.0
2026-04-22T22:00:00Z,344.9
2026-04-22T22:15:00Z,334.2
2026-04-22T22:30:00Z,320.0
2026-04-22T22:45:00Z,345.3
2026-04-22T23:00:00Z,332.9
2026-04-22T23:15:00Z,330.8
2026-04-22T23:30:00Z,309.2
2026-04-22T23:45:00Z,324.0
2026-04-23T00:00:00Z,339.4
2026-04-23T00:15:00Z,335.9
2026-04-23T00:30:00Z,332.8
2026-04-23T00:45:00Z,329.2
2026-04-23T01:00:00Z,332.7
2026-04-23T01:15:00Z,338.9
2026-04-23T01:30:00Z,331.9
2026-04-23T01:45:00Z,338.1
2026-04-23T02:00:00Z,334.5
2026-04-23T02:15:00Z,324.4
2026-04-23T02:30:00Z,328.4
2026-04-23T02:45:00Z,347.5
2026-04-23T03:00:00Z,350.7
2026-04-23T03:15:00Z,330.2
2026-04-23T03:30:00Z,313.8
2026-04-23T03:45:00Z,299.7
2026-04-23T04:00:00Z,1072.9
2026-04-23T04:15:00Z,1048.8
2026-04-23T04:30:00Z,938.6
2026-04-23T04:45:00Z,970.7
2026-04-23T05:00:00Z,1051.8
2026-04-23T05:15:00Z,858.4
2026-04-23T05:30:00Z,990.2
2026-04-23T05:45:00Z,950.7
2026-04-23T06:00:00Z,848.4
2026-04-23T06:15:00Z,757.8
2026-04-23T06:30:00Z,618.4
2026-04-23T06:45:00Z,520.9
2026-04-23T07:00:00Z,509.0
2026-04-23T07:15:00Z,646.5
2026-04-23T07:30:00Z,359.2
2026-04-23T07:45:00Z,727.4
2026-04-23T08:00:00Z,625.1
2026-04-23T08:15:00Z,692.7
2026-04-23T08:30:00Z,665.2
2026-04-23T08:45:00Z,571.1
2026-04-23T09:00:00Z,439.0
2026-04-23T09:15:00Z,500.9
2026-04-23T09:30:00Z,462.6
2026-04-23T09:45:00Z,773.0
2026-04-23T10:00:00Z,391.3
2026-04-23T10:15:00Z,801.0
2026-04-23T10:30:00Z,498.7
2026-04-23T10:45:00Z,413.8
2026-04-23T11:00:00Z,566.1
2026-04-23T11:15:00Z,696.0
2026-04-23T11:30:00Z,686.7
2026-04-23T11:45:00Z,622.7
2026-04-23T12:00:00Z,772.5
2026-04-23T12:15:00Z,396.4
2026-04-23T12:30:00Z,592.8
2026-04-23T12:45:00Z,615.4
2026-04-23T13:00:00Z,844.6
2026-04-23T13:15:00Z,466.7
2026-04-23T13:30:00Z,401.2
2026-04-23T13:45:00Z,679.7
2026-04-23T14:00:00Z,715.7
2026-04-23T14:15:00Z,748.4
2026-04-23T14:30:00Z,785.0
2026-04-23T14:45:00Z,753.8
2026-04-23T15:00:00Z,424.4
2026-04-23T15:15:00Z,664.5
2026-04-23T15:30:00Z,735.9
2026-04-23T15:45:00Z,864.2
2026-04-23T16:00:00Z,631.6
2026-04-23T16:15:00Z,771.4
2026-04-23T16:30:00Z,744.5
2026-04-23T16:45:00Z,825.4
2026-04-23T17:00:00Z,860.6
2026-04-23T17:15:00Z,730.3
2026-04-23T17:30:00Z,1017.5
2026-04-23T17:45:00Z,1017.7
2026-04-23T18:00:00Z,898.4
2026-04-23T18:15:00Z,867.5
2026-04-23T18:30:00Z,1043.6
2026-04-23T18:45:00Z,804.9
2026-04-23T19:00:00Z,970.0
2026-04-23T19:15:00Z,1000.1
2026-04-23T19:30:00Z,1076.7
2026-04-23T19:45:00Z,876.6
2026-04-23T20:00:00Z,344.0
2026-04-23T20:15:00Z,312.5
2026-04-23T20:30:00Z,311.7
2026-04-23T20:45:00Z,332.0
2026-04-23T21:00:00Z,325.5
2026-04-23T21:15:00Z,342.5
2026-04-23T21:30:00Z,337.1
2026-04-23T21:45:00Z,332.6
2026-04-23T22:00:00Z,353.2
2026-04-23T22:15:00Z,330.5
2026-04-23T22:30:00Z,316.8
2026-04-23T22:45:00Z,336.6
2026-04-23T23:00:00Z,323.0
2026-04-23T23:15:00Z,341.4
2026-04-23T23:30:00Z,308.2
2026-04-23T23:45:00Z,350.9
2026-04-24T00:00:00Z,341.4
2026-04-24T00:15:00Z,307.5
2026-04-24T00:30:00Z,329.7
2026-04-24T00:45:00Z,323.0
2026-04-24T01:00:00Z,323.2
2026-04-24T01:15:00Z,308.9
2026-04-24T01:30:00Z,307.7
2026-04-24T01:45:00Z,342.5
2026-04-24T02:00:00Z,334.6
2026-04-24T02:15:00Z,318.2
2026-04-24T02:30:00Z,322.6
2026-04-24T02:45:00Z,335.5
2026-04-24T03:00:00Z,323.3
2026-04-24T03:15:00Z,330.4
2026-04-24T03:30:00Z,320.6
2026-04-24T03:45:00Z,324.8
2026-04-24T04:00:00Z,1019.0
2026-04-24T04:15:00Z,919.4
2026-04-24T04:30:00Z,878.2
2026-04-24T04:45:00Z,987.3
2026-04-24T05:00:00Z,1083.3
2026-04-24T05:15:00Z,824.7
2026-04-24T05:30:00Z,964.8
2026-04-24T05:45:00Z,938.3
2026-04-24T06:00:00Z,688.5
2026-04-24T06:15:00Z,833.2
2026-04-24T06:30:00Z,585.0
2026-04-24T06:45:00Z,723.3
2026-04-24T07:00:00Z,656.6
2026-04-24T07:15:00Z,463.8
2026-04-24T07:30:00Z,618.7
2026-04-24T07:45:00Z,337.3
2026-04-24T08:00:00Z,379.2
2026-04-24T08:15:00Z,783.4
2026-04-24T08:30:00Z,580.3
2026-04-24T08:45:00Z,830.3
2026-04-24T09:00:00Z,352.2
2026-04-24T09:15:00Z,670.7
2026-04-24T09:30:00Z,367.8
2026-04-24T09:45:00Z,647.8
2026-04-24T10:00:00Z,288.8
2026-04-24T10:15:00Z,846.6
2026-04-24T10:30:00Z,181.8
2026-04-24T10:45:00Z,398.3
2026-04-24T11:00:00Z,450.9
2026-04-24T11:15:00Z,384.7
2026-04-24T11:30:00Z,508.8
2026-04-24T11:45:00Z,243.0
2026-04-24T12:00:00Z,699.3
2026-04-24T12:15:00Z,564.5
2026-04-24T12:30:00Z,481.5
2026-04-24T12:45:00Z,714.6
2026-04-24T13:00:00Z,608.4
2026-04-24T13:15:00Z,592.4
2026-04-24T13:30:00Z,883.2
2026-04-24T13:45:00Z,517.0
2026-04-24T14:00:00Z,788.1
2026-04-24T14:15:00Z,745.5
2026-04-24T14:30:00Z,501.2
2026-04-24T14:45:00Z,358.8
2026-04-24T15:00:00Z,628.7
2026-04-24T15:15:00Z,655.3
2026-04-24T15:30:00Z,480.5
2026-04-24T15:45:00Z,624.9
2026-04-24T16:00:00Z,713.3
2026-04-24T16:15:00Z,878.5
2026-04-24T16:30:00Z,811.1
2026-04-24T16:45:00Z,720.9
2026-04-24T17:00:00Z,672.0
2026-04-24T17:15:00Z,971.9
2026-04-24T17:30:00Z,797.9
2026-04-24T17:45:00Z,1006.6
2026-04-24T18:00:00Z,932.7
2026-04-24T18:15:00Z,789.2
2026-04-24T18:30:00Z,778.0
2026-04-24T18:45:00Z,1010.0
2026-04-24T19:00:00Z,800.0
2026-04-24T19:15:00Z,1072.6
2026-04-24T19:30:00Z,873.4
2026-04-24T19:45:00Z,1032.2
2026-04-24T20:00:00Z,324.1
2026-04-24T20:15:00Z,324.8
2026-04-24T20:30:00Z,343.9
2026-04-24T20:45:00Z,326.5
2026-04-24T21:00:00Z,342.5
2026-04-24T21:15:00Z,327.5
2026-04-24T21:30:00Z,321.3
2026-04-24T21:45:00Z,348.0
2026-04-24T22:00:00Z,344.7
2026-04-24T22:15:00Z,329.8
2026-04-24T22:30:00Z,347.7
2026-04-24T22:45:00Z,336.7
2026-04-24T23:00:00Z,322.2
2026-04-24T23:15:00Z,342.1
2026-04-24T23:30:00Z,330.2
2026-04-24T23:45:00Z,342.3
2026-04-25T00:00:00Z,330.8
2026-04-25T00:15:00Z,334.2
2026-04-25T00:30:00Z,322.7
2026-04-25T00:45:00Z,327.8
2026-04-25T01:00:00Z,332.1
2026-04-25T01:15:00Z,328.9
2026-04-25T01:30:00Z,311.1
2026-04-25T01:45:00Z,334.0
2026-04-25T02:00:00Z,309.1
2026-04-25T02:15:00Z,340.9
2026-04-25T02:30:00Z,317.9
2026-04-25T02:45:00Z,316.5
2026-04-25T03:00:00Z,331.6
2026-04-25T03:15:00Z,325.6
2026-04-25T03:30:00Z,334.7
2026-04-25T03:45:00Z,305.6
2026-04-25T04:00:00Z,333.8
2026-04-25T04:15:00Z,312.0
2026-04-25T04:30:00Z,286.3
2026-04-25T04:45:00Z,267.4
2026-04-25T05:00:00Z,252.9
2026-04-25T05:15:00Z,175.6
2026-04-25T05:30:00Z,141.6
2026-04-25T05:45:00Z,92.6
2026-04-25T06:00:00Z,80.0
2026-04-25T06:15:00Z,80.0
2026-04-25T06:30:00Z,80.0
2026-04-25T06:45:00Z,80.0
2026-04-25T07:00:00Z,80.0
2026-04-25T07:15:00Z,80.0
2026-04-25T07:30:00Z,80.0
2026-04-25T07:45:00Z,80.0
2026-04-25T08:00:00Z,80.0
2026-04-25T08:15:00Z,80.0
2026-04-25T08:30:00Z,80.0
2026-04-25T08:45:00Z,80.0
2026-04-25T09:00:00Z,80.0
2026-04-25T09:15:00Z,80.0
2026-04-25T09:30:00Z,80.0
2026-04-25T09:45:00Z,80.0
2026-04-25T10:00:00Z,80.0
2026-04-25T10:15:00Z,80.0
2026-04-25T10:30:00Z,80.0
2026-04-25T10:45:00Z,80.0
2026-04-25T11:00:00Z,80.0
2026-04-25T11:15:00Z,80.0
2026-04-25T11:30:00Z,80.0
2026-04-25T11:45:00Z,80.0
2026-04-25T12:00:00Z,113.0
2026-04-25T12:15:00Z,81.4
2026-04-25T12:30:00Z,80.0
2026-04-25T12:45:00Z,80.0
2026-04-25T13:00:00Z,87.5
2026-04-25T13:15:00Z,80.0
2026-04-25T13:30:00Z,80.0
2026-04-25T13:45:00Z,80.0
2026-04-25T14:00:00Z,80.0
2026-04-25T14:15:00Z,80.0
2026-04-25T14:30:00Z,80.0
2026-04-25T14:45:00Z,123.7
2026-04-25T15:00:00Z,131.5
2026-04-25T15:15:00Z,109.9
2026-04-25T15:30:00Z,80.0
2026-04-25T15:45:00Z,162.4
2026-04-25T16:00:00Z,85.4
2026-04-25T16:15:00Z,166.1
2026-04-25T16:30:00Z,143.8
2026-04-25T16:45:00Z,233.2
2026-04-25T17:00:00Z,256.8
2026-04-25T17:15:00Z,280.2
2026-04-25T17:30:00Z,295.1
2026-04-25T17:45:00Z,316.4
2026-04-25T18:00:00Z,334.9
2026-04-25T18:15:00Z,328.0
2026-04-25T18:30:00Z,339.6
2026-04-25T18:45:00Z,324.4
2026-04-25T19:00:00Z,355.7
2026-04-25T19:15:00Z,334.5
2026-04-25T19:30:00Z,328.2
2026-04-25T19:45:00Z,338.5
2026-04-25T20:00:00Z,332.8
2026-04-25T20:15:00Z,326.1
2026-04-25T20:30:00Z,313.2
2026-04-25T20:45:00Z,345.5
2026-04-25T21:00:00Z,337.4
2026-04-25T21:15:00Z,330.6
2026-04-25T21:30:00Z,359.3
2026-04-25T21:45:00Z,332.7
2026-04-25T22:00:00Z,340.8
2026-04-25T22:15:00Z,324.3
2026-04-25T22:30:00Z,324.6
2026-04-25T22:45:00Z,334.6
2026-04-25T23:00:00Z,324.4
2026-04-25T23:15:00Z,318.1
2026-04-25T23:30:00Z,324.9
2026-04-25T23:45:00Z,310.2
2026-04-26T00:00:00Z,353.4
2026-04-26T00:15:00Z,337.1
2026-04-26T00:30:00Z,340.8
2026-04-26T00:45:00Z,309.8
2026-04-26T01:00:00Z,321.7
2026-04-26T01:15:00Z,311.1
2026-04-26T01:30:00Z,341.1
2026-04-26T01:45:00Z,335.3
2026-04-26T02:00:00Z,306.8
2026-04-26T02:15:00Z,355.4
2026-04-26T02:30:00Z,330.7
2026-04-26T02:45:00Z,337.1
2026-04-26T03:00:00Z,341.6
2026-04-26T03:15:00Z,325.0
2026-04-26T03:30:00Z,319.9
2026-04-26T03:45:00Z,317.3
2026-04-26T04:00:00Z,323.0
2026-04-26T04:15:00Z,294.7
2026-04-26T04:30:00Z,288.3
2026-04-26T04:45:00Z,233.2
2026-04-26T05:00:00Z,290.8
2026-04-26T05:15:00Z,211.3
2026-04-26T05:30:00Z,134.6
2026-04-26T05:45:00Z,123.2
2026-04-26T06:00:00Z,92.5
2026-04-26T06:15:00Z,80.0
2026-04-26T06:30:00Z,164.7
2026-04-26T06:45:00Z,80.0
2026-04-26T07:00:00Z,80.0
2026-04-26T07:15:00Z,122.5
2026-04-26T07:30:00Z,107.5
2026-04-26T07:45:00Z,103.3
2026-04-26T08:00:00Z,80.0
2026-04-26T08:15:00Z,147.4
2026-04-26T08:30:00Z,80.0
2026-04-26T08:45:00Z,80.0
2026-04-26T09:00:00Z,80.0
2026-04-26T09:15:00Z,80.0
2026-04-26T09:30:00Z,80.0
2026-04-26T09:45:00Z,80.0
2026-04-26T10:00:00Z,80.0
2026-04-26T10:15:00Z,80.0
2026-04-26T10:30:00Z,80.0
2026-04-26T10:45:00Z,80.0
2026-04-26T11:00:00Z,80.0
2026-04-26T11:15:00Z,80.0
2026-04-26T11:30:00Z,80.0
2026-04-26T11:45:00Z,80.0
2026-04-26T12:00:00Z,80.0
2026-04-26T12:15:00Z,80.0
2026-04-26T12:30:00Z,80.0
2026-04-26T12:45:00Z,91.4
2026-04-26T13:00:00Z,80.0
2026-04-26T13:15:00Z,80.0
2026-04-26T13:30:00Z,80.0
2026-04-26T13:45:00Z,80.0
2026-04-26T14:00:00Z,80.0
2026-04-26T14:15:00Z,80.0
2026-04-26T14:30:00Z,80.0
2026-04-26T14:45:00Z,88.2
2026-04-26T15:00:00Z,80.0
2026-04-26T15:15:00Z,86.7
2026-04-26T15:30:00Z,80.0
2026-04-26T15:45:00Z,184.9
2026-04-26T16:00:00Z,178.6
2026-04-26T16:15:00Z,100.8
2026-04-26T16:30:00Z,128.3
2026-04-26T16:45:00Z,232.2
2026-04-26T17:00:00Z,252.5
2026-04-26T17:15:00Z,276.6
2026-04-26T17:30:00Z,279.9
2026-04-26T17:45:00Z,295.7
2026-04-26T18:00:00Z,331.2
2026-04-26T18:15:00Z,318.9
2026-04-26T18:30:00Z,332.0
2026-04-26T18:45:00Z,319.7
2026-04-26T19:00:00Z,330.0
2026-04-26T19:15:00Z,331.8
2026-04-26T19:30:00Z,328.4
2026-04-26T19:45:00Z,358.0
2026-04-26T20:00:00Z,319.4
2026-04-26T20:15:00Z,327.1
2026-04-26T20:30:00Z,314.6
2026-04-26T20:45:00Z,347.1
2026-04-26T21:00:00Z,310.9
2026-04-26T21:15:00Z,355.6
2026-04-26T21:30:00Z,328.8
2026-04-26T21:45:00Z,315.3
2026-04-26T22:00:00Z,337.0
2026-04-26T22:15:00Z,322.4
2026-04-26T22:30:00Z,316.7
2026-04-26T22:45:00Z,333.7
2026-04-26T23:00:00Z,343.7
2026-04-26T23:15:00Z,314.1
2026-04-26T23:30:00Z,325.3
2026-04-26T23:45:00Z,315.0
2026-04-27T00:00:00Z,336.3
2026-04-27T00:15:00Z,318.8
2026-04-27T00:30:00Z,307.7
2026-04-27T00:45:00Z,331.4
2026-04-27T01:00:00Z,308.9
2026-04-27T01:15:00Z,342.7
2026-04-27T01:30:00Z,321.8
2026-04-27T01:45:00Z,323.7
2026-04-27T02:00:00Z,325.6
2026-04-27T02:15:00Z,335.5
2026-04-27T02:30:00Z,312.5
2026-04-27T02:45:00Z,328.8
2026-04-27T03:00:00Z,331.3
2026-04-27T03:15:00Z,313.2
2026-04-27T03:30:00Z,327.9
2026-04-27T03:45:00Z,328.8
2026-04-27T04:00:00Z,942.2
2026-04-27T04:15:00Z,1030.7
2026-04-27T04:30:00Z,987.3
2026-04-27T04:45:00Z,932.4
2026-04-27T05:00:00Z,888.2
2026-04-27T05:15:00Z,948.7
2026-04-27T05:30:00Z,668.0
2026-04-27T05:45:00Z,795.5
2026-04-27T06:00:00Z,655.4
2026-04-27T06:15:00Z,831.4
2026-04-27T06:30:00Z,686.0
2026-04-27T06:45:00Z,582.7
2026-04-27T07:00:00Z,367.5
2026-04-27T07:15:00Z,666.2
2026-04-27T07:30:00Z,605.0
2026-04-27T07:45:00Z,414.8
2026-04-27T08:00:00Z,705.4
2026-04-27T08:15:00Z,880.5
2026-04-27T08:30:00Z,473.5
2026-04-27T08:45:00Z,273.0
2026-04-27T09:00:00Z,585.5
2026-04-27T09:15:00Z,356.2
2026-04-27T09:30:00Z,704.9
2026-04-27T09:45:00Z,483.0
2026-04-27T10:00:00Z,466.4
2026-04-27T10:15:00Z,495.8
2026-04-27T10:30:00Z,643.4
2026-04-27T10:45:00Z,530.5
2026-04-27T11:00:00Z,148.1
2026-04-27T11:15:00Z,275.5
2026-04-27T11:30:00Z,498.4
2026-04-27T11:45:00Z,548.9
2026-04-27T12:00:00Z,511.0
2026-04-27T12:15:00Z,476.9
2026-04-27T12:30:00Z,367.3
2026-04-27T12:45:00Z,393.1
2026-04-27T13:00:00Z,766.6
2026-04-27T13:15:00Z,508.3
2026-04-27T13:30:00Z,437.0
2026-04-27T13:45:00Z,481.8
2026-04-27T14:00:00Z,750.7
2026-04-27T14:15:00Z,748.7
2026-04-27T14:30:00Z,749.4
2026-04-27T14:45:00Z,444.4
2026-04-27T15:00:00Z,530.3
2026-04-27T15:15:00Z,649.8
2026-04-27T15:30:00Z,620.0
2026-04-27T15:45:00Z,640.7
2026-04-27T16:00:00Z,708.4
2026-04-27T16:15:00Z,765.5
2026-04-27T16:30:00Z,932.8
2026-04-27T16:45:00Z,756.3
2026-04-27T17:00:00Z,850.4
2026-04-27T17:15:00Z,777.4
2026-04-27T17:30:00Z,751.8
2026-04-27T17:45:00Z,886.2
2026-04-27T18:00:00Z,848.4
2026-04-27T18:15:00Z,855.9
2026-04-27T18:30:00Z,1070.7
2026-04-27T18:45:00Z,974.5
2026-04-27T19:00:00Z,1068.9
2026-04-27T19:15:00Z,857.0
2026-04-27T19:30:00Z,890.0
2026-04-27T19:45:00Z,809.9
2026-04-27T20:00:00Z,317.6
2026-04-27T20:15:00Z,328.4
2026-04-27T20:30:00Z,341.3
2026-04-27T20:45:00Z,336.4
2026-04-27T21:00:00Z,313.2
2026-04-27T21:15:00Z,330.7
2026-04-27T21:30:00Z,304.7
2026-04-27T21:45:00Z,332.9
2026-04-27T22:00:00Z,333.9
2026-04-27T22:15:00Z,351.0
2026-04-27T22:30:00Z,317.6
2026-04-27T22:45:00Z,322.0
2026-04-27T23:00:00Z,319.1
2026-04-27T23:15:00Z,324.7
2026-04-27T23:30:00Z,340.3
2026-04-27T23:45:00Z,329.7
2026-04-28T00:00:00Z,328.5
2026-04-28T00:15:00Z,332.2
2026-04-28T00:30:00Z,317.6
2026-04-28T00:45:00Z,341.0
2026-04-28T01:00:00Z,309.5
2026-04-28T01:15:00Z,327.5
2026-04-28T01:30:00Z,330.3
2026-04-28T01:45:00Z,326.2
2026-04-28T02:00:00Z,335.4
2026-04-28T02:15:00Z,326.7
2026-04-28T02:30:00Z,331.7
2026-04-28T02:45:00Z,313.6
2026-04-28T03:00:00Z,321.3
2026-04-28T03:15:00Z,336.7
2026-04-28T03:30:00Z,333.4
2026-04-28T03:45:00Z,333.3
2026-04-28T04:00:00Z,841.8
2026-04-28T04:15:00Z,907.6
2026-04-28T04:30:00Z,1085.7
2026-04-28T04:45:00Z,881.8
2026-04-28T05:00:00Z,806.5
2026-04-28T05:15:00Z,1028.6
2026-04-28T05:30:00Z,852.3
2026-04-28T05:45:00Z,758.0
2026-04-28T06:00:00Z,742.4
2026-04-28T06:15:00Z,831.6
2026-04-28T06:30:00Z,594.9
2026-04-28T06:45:00Z,642.0
2026-04-28T07:00:00Z,613.8
2026-04-28T07:15:00Z,783.7
2026-04-28T07:30:00Z,840.9
2026-04-28T07:45:00Z,774.6
2026-04-28T08:00:00Z,555.9
2026-04-28T08:15:00Z,507.5
2026-04-28T08:30:00Z,420.7
2026-04-28T08:45:00Z,686.1
2026-04-28T09:00:00Z,612.7
2026-04-28T09:15:00Z,384.9
2026-04-28T09:30:00Z,496.9
2026-04-28T09:45:00Z,397.7
2026-04-28T10:00:00Z,234.3
2026-04-28T10:15:00Z,408.1
2026-04-28T10:30:00Z,666.2
2026-04-28T10:45:00Z,386.2
2026-04-28T11:00:00Z,796.3
2026-04-28T11:15:00Z,534.9
2026-04-28T11:30:00Z,556.9
2026-04-28T11:45:00Z,275.8
2026-04-28T12:00:00Z,534.3
2026-04-28T12:15:00Z,656.6
2026-04-28T12:30:00Z,484.7
2026-04-28T12:45:00Z,289.2
2026-04-28T13:00:00Z,352.3
2026-04-28T13:15:00Z,500.7
2026-04-28T13:30:00Z,442.3
2026-04-28T13:45:00Z,635.4
2026-04-28T14:00:00Z,662.9
2026-04-28T14:15:00Z,651.1
2026-04-28T14:30:00Z,569.3
2026-04-28T14:45:00Z,641.5
2026-04-28T15:00:00Z,558.6
2026-04-28T15:15:00Z,472.6
2026-04-28T15:30:00Z,844.6
2026-04-28T15:45:00Z,646.4
2026-04-28T16:00:00Z,752.4
2026-04-28T16:15:00Z,795.4
2026-04-28T16:30:00Z,558.9
2026-04-28T16:45:00Z,597.1
2026-04-28T17:00:00Z,766.9
2026-04-28T17:15:00Z,907.3
2026-04-28T17:30:00Z,846.3
2026-04-28T17:45:00Z,944.2
2026-04-28T18:00:00Z,833.6
2026-04-28T18:15:00Z,965.4
2026-04-28T18:30:00Z,1048.3
2026-04-28T18:45:00Z,974.5
2026-04-28T19:00:00Z,824.3
2026-04-28T19:15:00Z,869.5
2026-04-28T19:30:00Z,1014.0
2026-04-28T19:45:00Z,886.0
2026-04-28T20:00:00Z,323.2
2026-04-28T20:15:00Z,332.5
2026-04-28T20:30:00Z,326.1
2026-04-28T20:45:00Z,325.5
2026-04-28T21:00:00Z,337.8
2026-04-28T21:15:00Z,328.9
2026-04-28T21:30:00Z,333.2
2026-04-28T21:45:00Z,311.7
2026-04-28T22:00:00Z,344.1
2026-04-28T22:15:00Z,340.9
2026-04-28T22:30:00Z,330.9
2026-04-28T22:45:00Z,347.5
2026-04-28T23:00:00Z,341.1
2026-04-28T23:15:00Z,328.1
2026-04-28T23:30:00Z,340.4
2026-04-28T23:45:00Z,339.3
2026-04-29T00:00:00Z,312.0
2026-04-29T00:15:00Z,329.1
2026-04-29T00:30:00Z,313.0
2026-04-29T00:45:00Z,333.7
2026-04-29T01:00:00Z,326.2
2026-04-29T01:15:00Z,307.8
2026-04-29T01:30:00Z,326.6
2026-04-29T01:45:00Z,326.2
2026-04-29T02:00:00Z,347.4
2026-04-29T02:15:00Z,338.3
2026-04-29T02:30:00Z,324.2
2026-04-29T02:45:00Z,357.4
2026-04-29T03:00:00Z,314.2
2026-04-29T03:15:00Z,334.4
2026-04-29T03:30:00Z,326.0
2026-04-29T03:45:00Z,323.9
2026-04-29T04:00:00Z,902.4
2026-04-29T04:15:00Z,1017.6
2026-04-29T04:30:00Z,930.5
2026-04-29T04:45:00Z,977.1
2026-04-29T05:00:00Z,1057.2
2026-04-29T05:15:00Z,818.2
2026-04-29T05:30:00Z,773.0
2026-04-29T05:45:00Z,783.1
2026-04-29T06:00:00Z,584.1
2026-04-29T06:15:00Z,701.0
2026-04-29T06:30:00Z,769.3
2026-04-29T06:45:00Z,444.6
2026-04-29T07:00:00Z,513.9
2026-04-29T07:15:00Z,718.9
2026-04-29T07:30:00Z,617.9
2026-04-29T07:45:00Z,812.5
2026-04-29T08:00:00Z,569.1
2026-04-29T08:15:00Z,488.3
2026-04-29T08:30:00Z,635.7
2026-04-29T08:45:00Z,455.9
2026-04-29T09:00:00Z,434.4
2026-04-29T09:15:00Z,585.9
2026-04-29T09:30:00Z,579.3
2026-04-29T09:45:00Z,250.3
2026-04-29T10:00:00Z,458.5
2026-04-29T10:15:00Z,423.5
2026-04-29T10:30:00Z,414.4
2026-04-29T10:45:00Z,556.6
2026-04-29T11:00:00Z,735.6
2026-04-29T11:15:00Z,558.7
2026-04-29T11:30:00Z,275.9
2026-04-29T11:45:00Z,307.5
2026-04-29T12:00:00Z,730.5
2026-04-29T12:15:00Z,339.4
2026-04-29T12:30:00Z,757.9
2026-04-29T12:45:00Z,293.4
2026-04-29T13:00:00Z,658.6
2026-04-29T13:15:00Z,203.5
2026-04-29T13:30:00Z,351.1
2026-04-29T13:45:00Z,258.2
2026-04-29T14:00:00Z,400.4
2026-04-29T14:15:00Z,521.3
2026-04-29T14:30:00Z,801.5
2026-04-29T14:45:00Z,710.0
2026-04-29T15:00:00Z,786.0
2026-04-29T15:15:00Z,909.3
2026-04-29T15:30:00Z,750.6
2026-04-29T15:45:00Z,702.8
2026-04-29T16:00:00Z,561.1
2026-04-29T16:15:00Z,690.4
2026-04-29T16:30:00Z,751.6
2026-04-29T16:45:00Z,619.2
2026-04-29T17:00:00Z,743.3
2026-04-29T17:15:00Z,699.1
2026-04-29T17:30:00Z,768.1
2026-04-29T17:45:00Z,839.0
2026-04-29T18:00:00Z,1080.7
2026-04-29T18:15:00Z,860.6
2026-04-29T18:30:00Z,989.9
2026-04-29T18:45:00Z,898.6
2026-04-29T19:00:00Z,791.6
2026-04-29T19:15:00Z,971.0
2026-04-29T19:30:00Z,1002.4
2026-04-29T19:45:00Z,1005.1
2026-04-29T20:00:00Z,339.0
2026-04-29T20:15:00Z,327.5
2026-04-29T20:30:00Z,335.4
2026-04-29T20:45:00Z,308.3
2026-04-29T21:00:00Z,328.0
2026-04-29T21:15:00Z,322.4
2026-04-29T21:30:00Z,308.9
2026-04-29T21:45:00Z,351.0
2026-04-29T22:00:00Z,335.5
2026-04-29T22:15:00Z,312.6
2026-04-29T22:30:00Z,345.7
2026-04-29T22:45:00Z,321.3
2026-04-29T23:00:00Z,324.0
2026-04-29T23:15:00Z,344.1
2026-04-29T23:30:00Z,343.2
2026-04-29T23:45:00Z,332.0
2026-04-30T00:00:00Z,354.8
2026-04-30T00:15:00Z,328.2
2026-04-30T00:30:00Z,319.4
2026-04-30T00:45:00Z,331.0
2026-04-30T01:00:00Z,323.3
2026-04-30T01:15:00Z,336.5
2026-04-30T01:30:00Z,362.2
2026-04-30T01:45:00Z,337.7
2026-04-30T02:00:00Z,332.8
2026-04-30T02:15:00Z,322.0
2026-04-30T02:30:00Z,316.6
2026-04-30T02:45:00Z,309.1
2026-04-30T03:00:00Z,331.4
2026-04-30T03:15:00Z,324.1
2026-04-30T03:30:00Z,333.1
2026-04-30T03:45:00Z,338.3
2026-04-30T04:00:00Z,939.1
2026-04-30T04:15:00Z,886.2
2026-04-30T04:30:00Z,1074.0
2026-04-30T04:45:00Z,947.4
2026-04-30T05:00:00Z,1084.4
2026-04-30T05:15:00Z,796.4
2026-04-30T05:30:00Z,910.6
2026-04-30T05:45:00Z,944.6
2026-04-30T06:00:00Z,718.9
2026-04-30T06:15:00Z,758.3
2026-04-30T06:30:00Z,702.8
2026-04-30T06:45:00Z,635.1
2026-04-30T07:00:00Z,492.4
2026-04-30T07:15:00Z,664.7
2026-04-30T07:30:00Z,540.5
2026-04-30T07:45:00Z,355.8
2026-04-30T08:00:00Z,553.3
2026-04-30T08:15:00Z,470.2
2026-04-30T08:30:00Z,561.7
2026-04-30T08:45:00Z,590.4
2026-04-30T09:00:00Z,504.3
2026-04-30T09:15:00Z,454.7
2026-04-30T09:30:00Z,553.2
2026-04-30T09:45:00Z,115.2
2026-04-30T10:00:00Z,647.2
2026-04-30T10:15:00Z,427.3
2026-04-30T10:30:00Z,445.0
2026-04-30T10:45:00Z,755.1
2026-04-30T11:00:00Z,498.5
2026-04-30T11:15:00Z,315.4
2026-04-30T11:30:00Z,215.6
2026-04-30T11:45:00Z,306.6
2026-04-30T12:00:00Z,338.1
2026-04-30T12:15:00Z,444.0
2026-04-30T12:30:00Z,396.6
2026-04-30T12:45:00Z,543.8
2026-04-30T13:00:00Z,682.6
2026-04-30T13:15:00Z,579.8
2026-04-30T13:30:00Z,633.3
2026-04-30T13:45:00Z,724.9
2026-04-30T14:00:00Z,713.9
2026-04-30T14:15:00Z,480.8
2026-04-30T14:30:00Z,543.6
2026-04-30T14:45:00Z,433.9
2026-04-30T15:00:00Z,536.1
2026-04-30T15:15:00Z,613.2
2026-04-30T15:30:00Z,632.0
2026-04-30T15:45:00Z,789.2
2026-04-30T16:00:00Z,487.2
2026-04-30T16:15:00Z,709.2
2026-04-30T16:30:00Z,881.4
2026-04-30T16:45:00Z,689.1
2026-04-30T17:00:00Z,848.3
2026-04-30T17:15:00Z,833.3
2026-04-30T17:30:00Z,1032.0
2026-04-30T17:45:00Z,814.6
2026-04-30T18:00:00Z,976.8
2026-04-30T18:15:00Z,1040.0
2026-04-30T18:30:00Z,973.0
2026-04-30T18:45:00Z,803.8
2026-04-30T19:00:00Z,1018.1
2026-04-30T19:15:00Z,901.7
2026-04-30T19:30:00Z,1026.6
2026-04-30T19:45:00Z,937.7
2026-04-30T20:00:00Z,312.3
2026-04-30T20:15:00Z,321.6
2026-04-30T20:30:00Z,307.6
2026-04-30T20:45:00Z,320.1
2026-04-30T21:00:00Z,347.7
2026-04-30T21:15:00Z,306.0
2026-04-30T21:30:00Z,324.7
2026-04-30T21:45:00Z,341.7
2026-04-30T22:00:00Z,347.2
2026-04-30T22:15:00Z,326.7
2026-04-30T22:30:00Z,324.3
2026-04-30T22:45:00Z,331.6
2026-04-30T23:00:00Z,355.1
2026-04-30T23:15:00Z,337.6
2026-04-30T23:30:00Z,336.9
2026-04-30T23:45:00Z,338.2
2026-05-01T00:00:00Z,337.9
2026-05-01T00:15:00Z,333.4
2026-05-01T00:30:00Z,326.0
2026-05-01T00:45:00Z,334.2
2026-05-01T01:00:00Z,324.8
2026-05-01T01:15:00Z,351.7
2026-05-01T01:30:00Z,325.3
2026-05-01T01:45:00Z,322.6
2026-05-01T02:00:00Z,321.2
2026-05-01T02:15:00Z,328.2
2026-05-01T02:30:00Z,335.1
2026-05-01T02:45:00Z,337.3
2026-05-01T03:00:00Z,307.2
2026-05-01T03:15:00Z,339.3
2026-05-01T03:30:00Z,338.6
2026-05-01T03:45:00Z,334.7
2026-05-01T04:00:00Z,1188.0
2026-05-01T04:15:00Z,1044.6
2026-05-01T04:30:00Z,1059.3
2026-05-01T04:45:00Z,963.1
2026-05-01T05:00:00Z,926.6
2026-05-01T05:15:00Z,878.6
2026-05-01T05:30:00Z,818.5
2026-05-01T05:45:00Z,871.8
2026-05-01T06:00:00Z,818.4
2026-05-01T06:15:00Z,733.7
2026-05-01T06:30:00Z,653.7
2026-05-01T06:45:00Z,680.1
2026-05-01T07:00:00Z,660.6
2026-05-01T07:15:00Z,847.3
2026-05-01T07:30:00Z,608.2
2026-05-01T07:45:00Z,496.0
2026-05-01T08:00:00Z,766.4
2026-05-01T08:15:00Z,721.8
2026-05-01T08:30:00Z,601.6
2026-05-01T08:45:00Z,720.3
2026-05-01T09:00:00Z,427.2
2026-05-01T09:15:00Z,394.6
2026-05-01T09:30:00Z,408.5
2026-05-01T09:45:00Z,536.0
2026-05-01T10:00:00Z,488.6
2026-05-01T10:15:00Z,502.9
2026-05-01T10:30:00Z,451.6
2026-05-01T10:45:00Z,679.2
2026-05-01T11:00:00Z,454.3
2026-05-01T11:15:00Z,552.1
2026-05-01T11:30:00Z,435.2
2026-05-01T11:45:00Z,204.7
2026-05-01T12:00:00Z,651.8
2026-05-01T12:15:00Z,470.9
2026-05-01T12:30:00Z,678.7
2026-05-01T12:45:00Z,231.1
2026-05-01T13:00:00Z,404.0
2026-05-01T13:15:00Z,440.4
2026-05-01T13:30:00Z,723.5
2026-05-01T13:45:00Z,529.6
2026-05-01T14:00:00Z,364.8
2026-05-01T14:15:00Z,394.2
2026-05-01T14:30:00Z,337.6
2026-05-01T14:45:00Z,779.5
2026-05-01T15:00:00Z,822.6
2026-05-01T15:15:00Z,754.9
2026-05-01T15:30:00Z,493.2
2026-05-01T15:45:00Z,594.3
2026-05-01T16:00:00Z,892.9
2026-05-01T16:15:00Z,797.4
2026-05-01T16:30:00Z,759.8
2026-05-01T16:45:00Z,817.9
2026-05-01T17:00:00Z,868.3
2026-05-01T17:15:00Z,773.9
2026-05-01T17:30:00Z,972.6
2026-05-01T17:45:00Z,998.9
2026-05-01T18:00:00Z,1068.6
2026-05-01T18:15:00Z,819.7
2026-05-01T18:30:00Z,979.2
2026-05-01T18:45:00Z,969.5
2026-05-01T19:00:00Z,836.4
2026-05-01T19:15:00Z,836.8
2026-05-01T19:30:00Z,893.7
2026-05-01T19:45:00Z,951.5
2026-05-01T20:00:00Z,325.9
2026-05-01T20:15:00Z,336.4
2026-05-01T20:30:00Z,321.8
2026-05-01T20:45:00Z,329.7
2026-05-01T21:00:00Z,300.6
2026-05-01T21:15:00Z,347.7
2026-05-01T21:30:00Z,336.9
2026-05-01T21:45:00Z,337.2
2026-05-01T22:00:00Z,302.5
2026-05-01T22:15:00Z,329.1
2026-05-01T22:30:00Z,341.3
2026-05-01T22:45:00Z,312.4
2026-05-01T23:00:00Z,338.2
2026-05-01T23:15:00Z,345.2
2026-05-01T23:30:00Z,330.5
2026-05-01T23:45:00Z,311.2
2026-05-02T00:00:00Z,320.5
2026-05-02T00:15:00Z,311.1
2026-05-02T00:30:00Z,342.3
2026-05-02T00:45:00Z,333.7
2026-05-02T01:00:00Z,323.9
2026-05-02T01:15:00Z,325.9
2026-05-02T01:30:00Z,352.5
2026-05-02T01:45:00Z,323.4
2026-05-02T02:00:00Z,336.9
2026-05-02T02:15:00Z,319.0
2026-05-02T02:30:00Z,331.6
2026-05-02T02:45:00Z,325.3
2026-05-02T03:00:00Z,314.9
2026-05-02T03:15:00Z,312.0
2026-05-02T03:30:00Z,329.5
2026-05-02T03:45:00Z,345.0
2026-05-02T04:00:00Z,318.4
2026-05-02T04:15:00Z,295.1
2026-05-02T04:30:00Z,304.4
2026-05-02T04:45:00Z,309.9
2026-05-02T05:00:00Z,214.9
2026-05-02T05:15:00Z,187.1
2026-05-02T05:30:00Z,215.9
2026-05-02T05:45:00Z,155.0
2026-05-02T06:00:00Z,80.0
2026-05-02T06:15:00Z,80.0
2026-05-02T06:30:00Z,162.0
2026-05-02T06:45:00Z,80.0
2026-05-02T07:00:00Z,80.0
2026-05-02T07:15:00Z,80.0
2026-05-02T07:30:00Z,128.7
2026-05-02T07:45:00Z,93.9
2026-05-02T08:00:00Z,118.9
2026-05-02T08:15:00Z,80.0
2026-05-02T08:30:00Z,80.0
2026-05-02T08:45:00Z,80.0
2026-05-02T09:00:00Z,80.0
2026-05-02T09:15:00Z,80.0
2026-05-02T09:30:00Z,82.3
2026-05-02T09:45:00Z,80.0
2026-05-02T10:00:00Z,80.0
2026-05-02T10:15:00Z,80.0
2026-05-02T10:30:00Z,80.0
2026-05-02T10:45:00Z,80.0
2026-05-02T11:00:00Z,80.0
2026-05-02T11:15:00Z,80.0
2026-05-02T11:30:00Z,80.0
2026-05-02T11:45:00Z,80.0
2026-05-02T12:00:00Z,80.0
2026-05-02T12:15:00Z,80.0
2026-05-02T12:30:00Z,80.0
2026-05-02T12:45:00Z,80.0
2026-05-02T13:00:00Z,80.0
2026-05-02T13:15:00Z,129.4
2026-05-02T13:30:00Z,80.0
2026-05-02T13:45:00Z,80.0
2026-05-02T14:00:00Z,80.0
2026-05-02T14:15:00Z,80.0
2026-05-02T14:30:00Z,113.9
2026-05-02T14:45:00Z,80.0
2026-05-02T15:00:00Z,158.1
2026-05-02T15:15:00Z,80.0
2026-05-02T15:30:00Z,205.6
2026-05-02T15:45:00Z,91.6
2026-05-02T16:00:00Z,161.9
2026-05-02T16:15:00Z,91.7
2026-05-02T16:30:00Z,98.5
2026-05-02T16:45:00Z,175.8
2026-05-02T17:00:00Z,237.7
2026-05-02T17:15:00Z,224.7
2026-05-02T17:30:00Z,272.2
2026-05-02T17:45:00Z,320.5
2026-05-02T18:00:00Z,343.3
2026-05-02T18:15:00Z,337.5
2026-05-02T18:30:00Z,310.6
2026-05-02T18:45:00Z,309.3
2026-05-02T19:00:00Z,322.2
2026-05-02T19:15:00Z,318.2
2026-05-02T19:30:00Z,341.8
2026-05-02T19:45:00Z,321.2
2026-05-02T20:00:00Z,326.9
2026-05-02T20:15:00Z,331.0
2026-05-02T20:30:00Z,322.1
2026-05-02T20:45:00Z,335.4
2026-05-02T21:00:00Z,326.0
2026-05-02T21:15:00Z,313.5
2026-05-02T21:30:00Z,338.1
2026-05-02T21:45:00Z,337.3
2026-05-02T22:00:00Z,324.5
2026-05-02T22:15:00Z,347.7
2026-05-02T22:30:00Z,306.9
2026-05-02T22:45:00Z,324.8
2026-05-02T23:00:00Z,318.0
2026-05-02T23:15:00Z,313.9
2026-05-02T23:30:00Z,313.3
2026-05-02T23:45:00Z,338.3
2026-05-03T00:00:00Z,339.2
2026-05-03T00:15:00Z,329.2
2026-05-03T00:30:00Z,337.7
2026-05-03T00:45:00Z,345.1
2026-05-03T01:00:00Z,335.7
2026-05-03T01:15:00Z,337.3
2026-05-03T01:30:00Z,308.2
2026-05-03T01:45:00Z,323.4
2026-05-03T02:00:00Z,313.8
2026-05-03T02:15:00Z,323.6
2026-05-03T02:30:00Z,330.6
2026-05-03T02:45:00Z,337.9
2026-05-03T03:00:00Z,341.0
2026-05-03T03:15:00Z,328.5
2026-05-03T03:30:00Z,325.8
2026-05-03T03:45:00Z,329.3
2026-05-03T04:00:00Z,325.5
2026-05-03T04:15:00Z,289.1
2026-05-03T04:30:00Z,259.6
2026-05-03T04:45:00Z,243.2
2026-05-03T05:00:00Z,164.7
2026-05-03T05:15:00Z,244.6
2026-05-03T05:30:00Z,157.4
2026-05-03T05:45:00Z,225.1
2026-05-03T06:00:00Z,203.1
2026-05-03T06:15:00Z,186.8
2026-05-03T06:30:00Z,161.5
2026-05-03T06:45:00Z,157.4
2026-05-03T07:00:00Z,80.0
2026-05-03T07:15:00Z,80.0
2026-05-03T07:30:00Z,106.2
2026-05-03T07:45:00Z,80.0
2026-05-03T08:00:00Z,80.0
2026-05-03T08:15:00Z,117.6
2026-05-03T08:30:00Z,80.0
2026-05-03T08:45:00Z,80.0
2026-05-03T09:00:00Z,80.0
2026-05-03T09:15:00Z,80.0
2026-05-03T09:30:00Z,80.0
2026-05-03T09:45:00Z,80.0
2026-05-03T10:00:00Z,80.0
2026-05-03T10:15:00Z,80.0
2026-05-03T10:30:00Z,80.0
2026-05-03T10:45:00Z,80.0
2026-05-03T11:00:00Z,80.0
2026-05-03T11:15:00Z,80.0
2026-05-03T11:30:00Z,80.0
2026-05-03T11:45:00Z,80.0
2026-05-03T12:00:00Z,80.0
2026-05-03T12:15:00Z,80.0
2026-05-03T12:30:00Z,125.3
2026-05-03T12:45:00Z,80.0
2026-05-03T13:00:00Z,111.5
2026-05-03T13:15:00Z,80.0
2026-05-03T13:30:00Z,80.0
2026-05-03T13:45:00Z,80.0
2026-05-03T14:00:00Z,80.0
2026-05-03T14:15:00Z,80.0
2026-05-03T14:30:00Z,80.0
2026-05-03T14:45:00Z,80.0
2026-05-03T15:00:00Z,80.0
2026-05-03T15:15:00Z,137.5
2026-05-03T15:30:00Z,178.4
2026-05-03T15:45:00Z,212.3
2026-05-03T16:00:00Z,80.0
2026-05-03T16:15:00Z,169.4
2026-05-03T16:30:00Z,185.0
2026-05-03T16:45:00Z,181.8
2026-05-03T17:00:00Z,273.1
2026-05-03T17:15:00Z,248.7
2026-05-03T17:30:00Z,293.1
2026-05-03T17:45:00Z,305.2
2026-05-03T18:00:00Z,321.2
2026-05-03T18:15:00Z,331.3
2026-05-03T18:30:00Z,324.1
2026-05-03T18:45:00Z,324.5
2026-05-03T19:00:00Z,340.5
2026-05-03T19:15:00Z,342.8
2026-05-03T19:30:00Z,326.2
2026-05-03T19:45:00Z,343.2
2026-05-03T20:00:00Z,329.6
2026-05-03T20:15:00Z,335.8
2026-05-03T20:30:00Z,320.3
2026-05-03T20:45:00Z,329.7
2026-05-03T21:00:00Z,334.0
2026-05-03T21:15:00Z,317.1
2026-05-03T21:30:00Z,332.8
2026-05-03T21:45:00Z,330.9
2026-05-03T22:00:00Z,339.5
2026-05-03T22:15:00Z,357.1
2026-05-03T22:30:00Z,317.7
2026-05-03T22:45:00Z,319.8
2026-05-03T23:00:00Z,311.2
2026-05-03T23:15:00Z,303.3
2026-05-03T23:30:00Z,349.6
2026-05-03T23:45:00Z,336.9
2026-05-04T00:00:00Z,348.3
2026-05-04T00:15:00Z,330.0
2026-05-04T00:30:00Z,316.9
2026-05-04T00:45:00Z,341.0
2026-05-04T01:00:00Z,321.6
2026-05-04T01:15:00Z,313.6
2026-05-04T01:30:00Z,317.2
2026-05-04T01:45:00Z,365.8
2026-05-04T02:00:00Z,334.3
2026-05-04T02:15:00Z,336.9
2026-05-04T02:30:00Z,319.1
2026-05-04T02:45:00Z,331.2
2026-05-04T03:00:00Z,334.9
2026-05-04T03:15:00Z,334.0
2026-05-04T03:30:00Z,332.7
2026-05-04T03:45:00Z,315.7
2026-05-04T04:00:00Z,931.0
2026-05-04T04:15:00Z,1175.6
2026-05-04T04:30:00Z,1165.6
2026-05-04T04:45:00Z,900.5
2026-05-04T05:00:00Z,804.6
2026-05-04T05:15:00Z,861.8
2026-05-04T05:30:00Z,934.3
2026-05-04T05:45:00Z,806.1
2026-05-04T06:00:00Z,693.0
2026-05-04T06:15:00Z,584.6
2026-05-04T06:30:00Z,870.8
2026-05-04T06:45:00Z,723.6
2026-05-04T07:00:00Z,634.9
2026-05-04T07:15:00Z,425.3
2026-05-04T07:30:00Z,464.1
2026-05-04T07:45:00Z,578.1
2026-05-04T08:00:00Z,446.6
2026-05-04T08:15:00Z,513.4
2026-05-04T08:30:00Z,587.3
2026-05-04T08:45:00Z,346.1
2026-05-04T09:00:00Z,503.6
2026-05-04T09:15:00Z,773.2
2026-05-04T09:30:00Z,541.5
2026-05-04T09:45:00Z,248.6
2026-05-04T10:00:00Z,149.1
2026-05-04T10:15:00Z,599.6
2026-05-04T10:30:00Z,350.1
2026-05-04T10:45:00Z,732.8
2026-05-04T11:00:00Z,554.9
2026-05-04T11:15:00Z,339.7
2026-05-04T11:30:00Z,424.6
2026-05-04T11:45:00Z,284.7
2026-05-04T12:00:00Z,300.5
2026-05-04T12:15:00Z,80.0
2026-05-04T12:30:00Z,104.6
2026-05-04T12:45:00Z,589.1
2026-05-04T13:00:00Z,482.0
2026-05-04T13:15:00Z,251.4
2026-05-04T13:30:00Z,484.7
2026-05-04T13:45:00Z,332.0
2026-05-04T14:00:00Z,569.8
2026-05-04T14:15:00Z,620.6
2026-05-04T14:30:00Z,536.6
2026-05-04T14:45:00Z,555.6
2026-05-04T15:00:00Z,755.3
2026-05-04T15:15:00Z,835.9
2026-05-04T15:30:00Z,598.0
2026-05-04T15:45:00Z,813.8
2026-05-04T16:00:00Z,842.9
2026-05-04T16:15:00Z,800.0
2026-05-04T16:30:00Z,665.5
2026-05-04T16:45:00Z,724.9
2026-05-04T17:00:00Z,783.2
2026-05-04T17:15:00Z,779.9
2026-05-04T17:30:00Z,918.8
2026-05-04T17:45:00Z,781.2
2026-05-04T18:00:00Z,895.1
2026-05-04T18:15:00Z,1069.0
2026-05-04T18:30:00Z,911.8
2026-05-04T18:45:00Z,1056.3
2026-05-04T19:00:00Z,1097.8
2026-05-04T19:15:00Z,865.4
2026-05-04T19:30:00Z,1056.5
2026-05-04T19:45:00Z,918.8
2026-05-04T20:00:00Z,314.5
2026-05-04T20:15:00Z,324.7
2026-05-04T20:30:00Z,339.4
2026-05-04T20:45:00Z,307.3
2026-05-04T21:00:00Z,312.4
2026-05-04T21:15:00Z,322.0
2026-05-04T21:30:00Z,317.6
2026-05-04T21:45:00Z,307.8
2026-05-04T22:00:00Z,328.1
2026-05-04T22:15:00Z,329.3
2026-05-04T22:30:00Z,310.5
2026-05-04T22:45:00Z,304.3
2026-05-04T23:00:00Z,342.5
2026-05-04T23:15:00Z,339.0
2026-05-04T23:30:00Z,329.1
2026-05-04T23:45:00Z,323.1
2026-05-05T00:00:00Z,335.0
2026-05-05T00:15:00Z,322.0
2026-05-05T00:30:00Z,335.3
2026-05-05T00:45:00Z,356.5
2026-05-05T01:00:00Z,309.2
2026-05-05T01:15:00Z,344.2
2026-05-05T01:30:00Z,329.9
2026-05-05T01:45:00Z,341.8
2026-05-05T02:00:00Z,334.5
2026-05-05T02:15:00Z,345.1
2026-05-05T02:30:00Z,328.1
2026-05-05T02:45:00Z,334.2
2026-05-05T03:00:00Z,328.8
2026-05-05T03:15:00Z,332.2
2026-05-05T03:30:00Z,320.7
2026-05-05T03:45:00Z,317.9
2026-05-05T04:00:00Z,875.8
2026-05-05T04:15:00Z,1135.7
2026-05-05T04:30:00Z,1069.2
2026-05-05T04:45:00Z,892.5
2026-05-05T05:00:00Z,934.7
2026-05-05T05:15:00Z,955.7
2026-05-05T05:30:00Z,742.0
2026-05-05T05:45:00Z,1003.4
2026-05-05T06:00:00Z,549.1
2026-05-05T06:15:00Z,765.3
2026-05-05T06:30:00Z,692.0
2026-05-05T06:45:00Z,449.4
2026-05-05T07:00:00Z,425.8
2026-05-05T07:15:00Z,447.8
2026-05-05T07:30:00Z,442.1
2026-05-05T07:45:00Z,616.1
2026-05-05T08:00:00Z,549.5
2026-05-05T08:15:00Z,522.1
2026-05-05T08:30:00Z,802.6
2026-05-05T08:45:00Z,447.8
2026-05-05T09:00:00Z,234.8
2026-05-05T09:15:00Z,277.3
2026-05-05T09:30:00Z,776.2
2026-05-05T09:45:00Z,269.4
2026-05-05T10:00:00Z,632.6
2026-05-05T10:15:00Z,443.8
2026-05-05T10:30:00Z,120.9
2026-05-05T10:45:00Z,284.2
2026-05-05T11:00:00Z,532.6
2026-05-05T11:15:00Z,649.2
2026-05-05T11:30:00Z,572.1
2026-05-05T11:45:00Z,573.2
2026-05-05T12:00:00Z,560.2
2026-05-05T12:15:00Z,615.8
2026-05-05T12:30:00Z,226.5
2026-05-05T12:45:00Z,506.9
2026-05-05T13:00:00Z,351.3
2026-05-05T13:15:00Z,589.0
2026-05-05T13:30:00Z,674.7
2026-05-05T13:45:00Z,301.3
2026-05-05T14:00:00Z,648.3
2026-05-05T14:15:00Z,536.7
2026-05-05T14:30:00Z,599.3
2026-05-05T14:45:00Z,610.9
2026-05-05T15:00:00Z,444.4
2026-05-05T15:15:00Z,762.3
2026-05-05T15:30:00Z,895.0
2026-05-05T15:45:00Z,695.7
2026-05-05T16:00:00Z,554.5
2026-05-05T16:15:00Z,731.1
2026-05-05T16:30:00Z,666.6
2026-05-05T16:45:00Z,883.4
2026-05-05T17:00:00Z,831.3
2026-05-05T17:15:00Z,913.0
2026-05-05T17:30:00Z,827.3
2026-05-05T17:45:00Z,881.0
2026-05-05T18:00:00Z,958.9
2026-05-05T18:15:00Z,920.9
2026-05-05T18:30:00Z,1011.1
2026-05-05T18:45:00Z,901.4
2026-05-05T19:00:00Z,1011.9
2026-05-05T19:15:00Z,891.2
2026-05-05T19:30:00Z,1060.3
2026-05-05T19:45:00Z,909.2
2026-05-05T20:00:00Z,338.6
2026-05-05T20:15:00Z,305.1
2026-05-05T20:30:00Z,314.1
2026-05-05T20:45:00Z,323.2
2026-05-05T21:00:00Z,342.8
2026-05-05T21:15:00Z,331.2
2026-05-05T21:30:00Z,313.7
2026-05-05T21:45:00Z,322.9
2026-05-05T22:00:00Z,313.3
2026-05-05T22:15:00Z,327.9
2026-05-05T22:30:00Z,312.6
2026-05-05T22:45:00Z,299.7
2026-05-05T23:00:00Z,344.7
2026-05-05T23:15:00Z,332.2
2026-05-05T23:30:00Z,330.0
2026-05-05T23:45:00Z,352.6
2026-05-06T00:00:00Z,364.8
2026-05-06T00:15:00Z,339.0
2026-05-06T00:30:00Z,312.7
2026-05-06T00:45:00Z,355.6
2026-05-06T01:00:00Z,349.8
2026-05-06T01:15:00Z,347.8
2026-05-06T01:30:00Z,334.4
2026-05-06T01:45:00Z,331.4
2026-05-06T02:00:00Z,313.6
2026-05-06T02:15:00Z,328.5
2026-05-06T02:30:00Z,315.1
2026-05-06T02:45:00Z,319.7
2026-05-06T03:00:00Z,327.2
2026-05-06T03:15:00Z,334.2
2026-05-06T03:30:00Z,341.4
2026-05-06T03:45:00Z,322.2
2026-05-06T04:00:00Z,1125.1
2026-05-06T04:15:00Z,959.5
2026-05-06T04:30:00Z,1040.1
2026-05-06T04:45:00Z,1076.8
2026-05-06T05:00:00Z,963.9
2026-05-06T05:15:00Z,914.5
2026-05-06T05:30:00Z,857.6
2026-05-06T05:45:00Z,1016.1
2026-05-06T06:00:00Z,723.2
2026-05-06T06:15:00Z,802.1
2026-05-06T06:30:00Z,569.8
2026-05-06T06:45:00Z,564.5
2026-05-06T07:00:00Z,513.2
2026-05-06T07:15:00Z,732.7
2026-05-06T07:30:00Z,727.3
2026-05-06T07:45:00Z,517.4
2026-05-06T08:00:00Z,575.7
2026-05-06T08:15:00Z,442.8
2026-05-06T08:30:00Z,505.4
2026-05-06T08:45:00Z,467.6
2026-05-06T09:00:00Z,545.6
2026-05-06T09:15:00Z,598.4
2026-05-06T09:30:00Z,489.7
2026-05-06T09:45:00Z,225.9
2026-05-06T10:00:00Z,250.6
2026-05-06T10:15:00Z,348.7
2026-05-06T10:30:00Z,208.9
2026-05-06T10:45:00Z,403.1
2026-05-06T11:00:00Z,615.4
2026-05-06T11:15:00Z,428.4
2026-05-06T11:30:00Z,368.6
2026-05-06T11:45:00Z,741.2
2026-05-06T12:00:00Z,585.3
2026-05-06T12:15:00Z,432.8
2026-05-06T12:30:00Z,599.5
2026-05-06T12:45:00Z,338.9
2026-05-06T13:00:00Z,709.7
2026-05-06T13:15:00Z,573.9
2026-05-06T13:30:00Z,812.4
2026-05-06T13:45:00Z,416.2
2026-05-06T14:00:00Z,523.0
2026-05-06T14:15:00Z,675.5
2026-05-06T14:30:00Z,449.9
2026-05-06T14:45:00Z,814.7
2026-05-06T15:00:00Z,833.9
2026-05-06T15:15:00Z,456.7
2026-05-06T15:30:00Z,600.8
2026-05-06T15:45:00Z,800.2
2026-05-06T16:00:00Z,724.2
2026-05-06T16:15:00Z,748.4
2026-05-06T16:30:00Z,819.9
2026-05-06T16:45:00Z,938.1
2026-05-06T17:00:00Z,947.8
2026-05-06T17:15:00Z,684.7
2026-05-06T17:30:00Z,799.7
2026-05-06T17:45:00Z,873.3
2026-05-06T18:00:00Z,934.2
2026-05-06T18:15:00Z,921.1
2026-05-06T18:30:00Z,904.7
2026-05-06T18:45:00Z,942.9
2026-05-06T19:00:00Z,965.3
2026-05-06T19:15:00Z,910.0
2026-05-06T19:30:00Z,926.6
2026-05-06T19:45:00Z,820.5
2026-05-06T20:00:00Z,318.5
2026-05-06T20:15:00Z,329.8
2026-05-06T20:30:00Z,300.3
2026-05-06T20:45:00Z,341.9
2026-05-06T21:00:00Z,312.3
2026-05-06T21:15:00Z,327.4
2026-05-06T21:30:00Z,350.0
2026-05-06T21:45:00Z,321.3
2026-05-06T22:00:00Z,327.8
2026-05-06T22:15:00Z,327.8
2026-05-06T22:30:00Z,308.2
2026-05-06T22:45:00Z,327.3
2026-05-06T23:00:00Z,321.6
2026-05-06T23:15:00Z,326.0
2026-05-06T23:30:00Z,337.2
2026-05-06T23:45:00Z,336.5
2026-05-07T00:00:00Z,322.0
2026-05-07T00:15:00Z,312.8
2026-05-07T00:30:00Z,339.3
2026-05-07T00:45:00Z,328.2
2026-05-07T01:00:00Z,336.5
2026-05-07T01:15:00Z,333.5
2026-05-07T01:30:00Z,320.0
2026-05-07T01:45:00Z,308.5
2026-05-07T02:00:00Z,340.5
2026-05-07T02:15:00Z,325.3
2026-05-07T02:30:00Z,331.1
2026-05-07T02:45:00Z,335.5
2026-05-07T03:00:00Z,295.4
2026-05-07T03:15:00Z,323.6
2026-05-07T03:30:00Z,315.6
2026-05-07T03:45:00Z,301.1
2026-05-07T04:00:00Z,905.9
2026-05-07T04:15:00Z,1103.6
2026-05-07T04:30:00Z,1100.2
2026-05-07T04:45:00Z,820.3
2026-05-07T05:00:00Z,830.1
2026-05-07T05:15:00Z,901.3
2026-05-07T05:30:00Z,747.8
2026-05-07T05:45:00Z,754.2
2026-05-07T06:00:00Z,738.6
2026-05-07T06:15:00Z,696.5
2026-05-07T06:30:00Z,795.2
2026-05-07T06:45:00Z,431.7
2026-05-07T07:00:00Z,833.0
2026-05-07T07:15:00Z,821.6
2026-05-07T07:30:00Z,390.3
2026-05-07T07:45:00Z,577.6
2026-05-07T08:00:00Z,503.5
2026-05-07T08:15:00Z,581.2
2026-05-07T08:30:00Z,821.3
2026-05-07T08:45:00Z,772.1
2026-05-07T09:00:00Z,586.0
2026-05-07T09:15:00Z,319.7
2026-05-07T09:30:00Z,415.2
2026-05-07T09:45:00Z,531.6
2026-05-07T10:00:00Z,228.9
2026-05-07T10:15:00Z,558.3
2026-05-07T10:30:00Z,422.9
2026-05-07T10:45:00Z,293.4
2026-05-07T11:00:00Z,352.8
2026-05-07T11:15:00Z,148.3
2026-05-07T11:30:00Z,420.3
2026-05-07T11:45:00Z,657.8
2026-05-07T12:00:00Z,375.6
2026-05-07T12:15:00Z,369.3
2026-05-07T12:30:00Z,758.5
2026-05-07T12:45:00Z,397.8
2026-05-07T13:00:00Z,244.0
2026-05-07T13:15:00Z,519.4
2026-05-07T13:30:00Z,249.6
2026-05-07T13:45:00Z,430.5
2026-05-07T14:00:00Z,314.5
2026-05-07T14:15:00Z,572.5
2026-05-07T14:30:00Z,493.2
2026-05-07T14:45:00Z,819.1
2026-05-07T15:00:00Z,632.3
2026-05-07T15:15:00Z,495.4
2026-05-07T15:30:00Z,731.1
2026-05-07T15:45:00Z,886.0
2026-05-07T16:00:00Z,825.9
2026-05-07T16:15:00Z,766.2
2026-05-07T16:30:00Z,794.4
2026-05-07T16:45:00Z,634.4
2026-05-07T17:00:00Z,929.9
2026-05-07T17:15:00Z,764.9
2026-05-07T17:30:00Z,1000.2
2026-05-07T17:45:00Z,944.0
2026-05-07T18:00:00Z,926.6
2026-05-07T18:15:00Z,785.4
2026-05-07T18:30:00Z,941.4
2026-05-07T18:45:00Z,1030.5
2026-05-07T19:00:00Z,1023.0
2026-05-07T19:15:00Z,1000.7
2026-05-07T19:30:00Z,927.6
2026-05-07T19:45:00Z,812.9
2026-05-07T20:00:00Z,335.7
2026-05-07T20:15:00Z,333.8
2026-05-07T20:30:00Z,337.6
2026-05-07T20:45:00Z,327.8
2026-05-07T21:00:00Z,343.9
2026-05-07T21:15:00Z,350.1
2026-05-07T21:30:00Z,321.2
2026-05-07T21:45:00Z,312.7
2026-05-07T22:00:00Z,305.7
2026-05-07T22:15:00Z,336.1
2026-05-07T22:30:00Z,334.8
2026-05-07T22:45:00Z,339.5
2026-05-07T23:00:00Z,336.0
2026-05-07T23:15:00Z,337.9
2026-05-07T23:30:00Z,348.2
2026-05-07T23:45:00Z,309.5
2026-05-08T00:00:00Z,322.2
2026-05-08T00:15:00Z,328.0
2026-05-08T00:30:00Z,346.2
2026-05-08T00:45:00Z,332.0
2026-05-08T01:00:00Z,350.9
2026-05-08T01:15:00Z,330.0
2026-05-08T01:30:00Z,322.6
2026-05-08T01:45:00Z,344.9
2026-05-08T02:00:00Z,324.8
2026-05-08T02:15:00Z,347.2
2026-05-08T02:30:00Z,330.6
2026-05-08T02:45:00Z,331.8
2026-05-08T03:00:00Z,327.5
2026-05-08T03:15:00Z,318.5
2026-05-08T03:30:00Z,363.1
2026-05-08T03:45:00Z,325.0
2026-05-08T04:00:00Z,1150.3
2026-05-08T04:15:00Z,1067.8
2026-05-08T04:30:00Z,1109.8
2026-05-08T04:45:00Z,989.7
2026-05-08T05:00:00Z,894.5
2026-05-08T05:15:00Z,861.3
2026-05-08T05:30:00Z,888.6
2026-05-08T05:45:00Z,758.4
2026-05-08T06:00:00Z,500.4
2026-05-08T06:15:00Z,652.9
2026-05-08T06:30:00Z,606.4
2026-05-08T06:45:00Z,718.2
2026-05-08T07:00:00Z,515.7
2026-05-08T07:15:00Z,615.7
2026-05-08T07:30:00Z,648.7
2026-05-08T07:45:00Z,656.7
2026-05-08T08:00:00Z,364.9
2026-05-08T08:15:00Z,495.8
2026-05-08T08:30:00Z,493.1
2026-05-08T08:45:00Z,539.2
2026-05-08T09:00:00Z,367.4
2026-05-08T09:15:00Z,558.8
2026-05-08T09:30:00Z,583.1
2026-05-08T09:45:00Z,716.7
2026-05-08T10:00:00Z,199.2
2026-05-08T10:15:00Z,364.0
2026-05-08T10:30:00Z,687.8
2026-05-08T10:45:00Z,389.2
2026-05-08T11:00:00Z,540.0
2026-05-08T11:15:00Z,370.2
2026-05-08T11:30:00Z,259.2
2026-05-08T11:45:00Z,539.7
2026-05-08T12:00:00Z,353.0
2026-05-08T12:15:00Z,535.2
2026-05-08T12:30:00Z,234.8
2026-05-08T12:45:00Z,443.9
2026-05-08T13:00:00Z,432.7
2026-05-08T13:15:00Z,511.0
2026-05-08T13:30:00Z,329.7
2026-05-08T13:45:00Z,319.3
2026-05-08T14:00:00Z,457.9
2026-05-08T14:15:00Z,537.3
2026-05-08T14:30:00Z,568.1
2026-05-08T14:45:00Z,607.9
2026-05-08T15:00:00Z,668.1
2026-05-08T15:15:00Z,660.4
2026-05-08T15:30:00Z,649.5
2026-05-08T15:45:00Z,749.1
2026-05-08T16:00:00Z,874.9
2026-05-08T16:15:00Z,775.7
2026-05-08T16:30:00Z,770.8
2026-05-08T16:45:00Z,882.2
2026-05-08T17:00:00Z,891.4
2026-05-08T17:15:00Z,751.0
2026-05-08T17:30:00Z,842.9
2026-05-08T17:45:00Z,779.8
2026-05-08T18:00:00Z,806.2
2026-05-08T18:15:00Z,831.8
2026-05-08T18:30:00Z,1018.2
2026-05-08T18:45:00Z,1012.7
2026-05-08T19:00:00Z,1078.1
2026-05-08T19:15:00Z,796.8
2026-05-08T19:30:00Z,940.2
2026-05-08T19:45:00Z,1043.4
2026-05-08T20:00:00Z,347.2
2026-05-08T20:15:00Z,335.7
2026-05-08T20:30:00Z,356.6
2026-05-08T20:45:00Z,346.7
2026-05-08T21:00:00Z,335.5
2026-05-08T21:15:00Z,357.1
2026-05-08T21:30:00Z,311.1
2026-05-08T21:45:00Z,320.1
2026-05-08T22:00:00Z,324.7
2026-05-08T22:15:00Z,332.0
2026-05-08T22:30:00Z,340.3
2026-05-08T22:45:00Z,318.2
2026-05-08T23:00:00Z,318.2
2026-05-08T23:15:00Z,321.4
2026-05-08T23:30:00Z,323.4
2026-05-08T23:45:00Z,321.6
2026-05-09T00:00:00Z,315.0
2026-05-09T00:15:00Z,309.6
2026-05-09T00:30:00Z,319.9
2026-05-09T00:45:00Z,333.2
2026-05-09T01:00:00Z,295.3
2026-05-09T01:15:00Z,332.8
2026-05-09T01:30:00Z,320.1
2026-05-09T01:45:00Z,332.3
2026-05-09T02:00:00Z,341.1
2026-05-09T02:15:00Z,349.3
2026-05-09T02:30:00Z,331.4
2026-05-09T02:45:00Z,320.2
2026-05-09T03:00:00Z,318.0
2026-05-09T03:15:00Z,327.4
2026-05-09T03:30:00Z,311.8
2026-05-09T03:45:00Z,328.0
2026-05-09T04:00:00Z,353.0
2026-05-09T04:15:00Z,313.8
2026-05-09T04:30:00Z,239.1
2026-05-09T04:45:00Z,231.1
2026-05-09T05:00:00Z,209.0
2026-05-09T05:15:00Z,113.1
2026-05-09T05:30:00Z,155.9
2026-05-09T05:45:00Z,124.4
2026-05-09T06:00:00Z,80.2
2026-05-09T06:15:00Z,203.7
2026-05-09T06:30:00Z,80.0
2026-05-09T06:45:00Z,80.0
2026-05-09T07:00:00Z,80.0
2026-05-09T07:15:00Z,80.0
2026-05-09T07:30:00Z,80.0
2026-05-09T07:45:00Z,80.0
2026-05-09T08:00:00Z,103.5
2026-05-09T08:15:00Z,80.0
2026-05-09T08:30:00Z,80.0
2026-05-09T08:45:00Z,80.0
2026-05-09T09:00:00Z,80.0
2026-05-09T09:15:00Z,108.9
2026-05-09T09:30:00Z,80.0
2026-05-09T09:45:00Z,80.0
2026-05-09T10:00:00Z,80.0
2026-05-09T10:15:00Z,80.0
2026-05-09T10:30:00Z,80.0
2026-05-09T10:45:00Z,106.0
2026-05-09T11:00:00Z,80.0
2026-05-09T11:15:00Z,80.0
2026-05-09T11:30:00Z,80.0
2026-05-09T11:45:00Z,80.0
2026-05-09T12:00:00Z,80.0
2026-05-09T12:15:00Z,80.0
2026-05-09T12:30:00Z,80.0
2026-05-09T12:45:00Z,80.0
2026-05-09T13:00:00Z,80.0
2026-05-09T13:15:00Z,80.0
2026-05-09T13:30:00Z,80.0
2026-05-09T13:45:00Z,80.0
2026-05-09T14:00:00Z,80.0
2026-05-09T14:15:00Z,80.0
2026-05-09T14:30:00Z,80.0
2026-05-09T14:45:00Z,80.0
2026-05-09T15:00:00Z,80.0
2026-05-09T15:15:00Z,80.0
2026-05-09T15:30:00Z,193.5
2026-05-09T15:45:00Z,80.0
2026-05-09T16:00:00Z,80.0
2026-05-09T16:15:00Z,195.7
2026-05-09T16:30:00Z,126.7
2026-05-09T16:45:00Z,218.1
2026-05-09T17:00:00Z,279.9
2026-05-09T17:15:00Z,205.4
2026-05-09T17:30:00Z,244.0
2026-05-09T17:45:00Z,321.1
2026-05-09T18:00:00Z,326.4
2026-05-09T18:15:00Z,328.4
2026-05-09T18:30:00Z,329.9
2026-05-09T18:45:00Z,348.1
2026-05-09T19:00:00Z,351.3
2026-05-09T19:15:00Z,327.9
2026-05-09T19:30:00Z,339.8
2026-05-09T19:45:00Z,330.1
2026-05-09T20:00:00Z,328.3
2026-05-09T20:15:00Z,355.4
2026-05-09T20:30:00Z,303.2
2026-05-09T20:45:00Z,313.8
2026-05-09T21:00:00Z,329.4
2026-05-09T21:15:00Z,320.5
2026-05-09T21:30:00Z,323.5
2026-05-09T21:45:00Z,336.0
2026-05-09T22:00:00Z,330.2
2026-05-09T22:15:00Z,293.4
2026-05-09T22:30:00Z,317.0
2026-05-09T22:45:00Z,330.9
2026-05-09T23:00:00Z,330.3
2026-05-09T23:15:00Z,325.6
2026-05-09T23:30:00Z,341.0
2026-05-09T23:45:00Z,319.6
2026-05-10T00:00:00Z,317.8
2026-05-10T00:15:00Z,342.1
2026-05-10T00:30:00Z,315.5
2026-05-10T00:45:00Z,324.7
2026-05-10T01:00:00Z,313.3
2026-05-10T01:15:00Z,327.2
2026-05-10T01:30:00Z,334.0
2026-05-10T01:45:00Z,338.2
2026-05-10T02:00:00Z,330.1
2026-05-10T02:15:00Z,313.8
2026-05-10T02:30:00Z,330.3
2026-05-10T02:45:00Z,336.5
2026-05-10T03:00:00Z,348.8
2026-05-10T03:15:00Z,339.7
2026-05-10T03:30:00Z,312.3
2026-05-10T03:45:00Z,336.0
2026-05-10T04:00:00Z,343.1
2026-05-10T04:15:00Z,293.5
2026-05-10T04:30:00Z,261.5
2026-05-10T04:45:00Z,206.6
2026-05-10T05:00:00Z,252.9
2026-05-10T05:15:00Z,174.1
2026-05-10T05:30:00Z,115.7
2026-05-10T05:45:00Z,146.6
2026-05-10T06:00:00Z,134.4
2026-05-10T06:15:00Z,80.0
2026-05-10T06:30:00Z,80.0
2026-05-10T06:45:00Z,115.0
2026-05-10T07:00:00Z,116.9
2026-05-10T07:15:00Z,120.9
2026-05-10T07:30:00Z,129.5
2026-05-10T07:45:00Z,98.5
2026-05-10T08:00:00Z,80.0
2026-05-10T08:15:00Z,80.0
2026-05-10T08:30:00Z,99.8
2026-05-10T08:45:00Z,80.0
2026-05-10T09:00:00Z,80.0
2026-05-10T09:15:00Z,80.0
2026-05-10T09:30:00Z,80.0
2026-05-10T09:45:00Z,80.0
2026-05-10T10:00:00Z,80.0
2026-05-10T10:15:00Z,80.0
2026-05-10T10:30:00Z,80.0
2026-05-10T10:45:00Z,80.0
2026-05-10T11:00:00Z,80.0
2026-05-10T11:15:00Z,80.0
2026-05-10T11:30:00Z,80.0
2026-05-10T11:45:00Z,80.0
2026-05-10T12:00:00Z,80.0
2026-05-10T12:15:00Z,80.0
2026-05-10T12:30:00Z,80.0
2026-05-10T12:45:00Z,80.0
2026-05-10T13:00:00Z,80.0
2026-05-10T13:15:00Z,80.0
2026-05-10T13:30:00Z,80.0
2026-05-10T13:45:00Z,126.7
2026-05-10T14:00:00Z,80.0
2026-05-10T14:15:00Z,80.0
2026-05-10T14:30:00Z,80.0
2026-05-10T14:45:00Z,80.0
2026-05-10T15:00:00Z,80.0
2026-05-10T15:15:00Z,123.2
2026-05-10T15:30:00Z,80.0
2026-05-10T15:45:00Z,80.0
2026-05-10T16:00:00Z,80.0
2026-05-10T16:15:00Z,80.0
2026-05-10T16:30:00Z,130.4
2026-05-10T16:45:00Z,146.7
2026-05-10T17:00:00Z,229.3
2026-05-10T17:15:00Z,290.5
2026-05-10T17:30:00Z,328.5
2026-05-10T17:45:00Z,285.4
2026-05-10T18:00:00Z,339.3
2026-05-10T18:15:00Z,339.1
2026-05-10T18:30:00Z,317.5
2026-05-10T18:45:00Z,345.1
2026-05-10T19:00:00Z,346.4
2026-05-10T19:15:00Z,325.3
2026-05-10T19:30:00Z,310.1
2026-05-10T19:45:00Z,314.1
2026-05-10T20:00:00Z,338.9
2026-05-10T20:15:00Z,329.3
2026-05-10T20:30:00Z,336.7
2026-05-10T20:45:00Z,335.6
2026-05-10T21:00:00Z,340.0
2026-05-10T21:15:00Z,328.0
2026-05-10T21:30:00Z,336.4
2026-05-10T21:45:00Z,347.2
2026-05-10T22:00:00Z,345.3
2026-05-10T22:15:00Z,345.8
2026-05-10T22:30:00Z,307.0
2026-05-10T22:45:00Z,332.0
2026-05-10T23:00:00Z,297.3
2026-05-10T23:15:00Z,348.1
2026-05-10T23:30:00Z,319.9
2026-05-10T23:45:00Z,339.6
2026-05-11T00:00:00Z,317.7
2026-05-11T00:15:00Z,326.7
2026-05-11T00:30:00Z,302.8
2026-05-11T00:45:00Z,344.2
2026-05-11T01:00:00Z,358.3
2026-05-11T01:15:00Z,317.0
2026-05-11T01:30:00Z,323.9
2026-05-11T01:45:00Z,343.3
2026-05-11T02:00:00Z,311.2
2026-05-11T02:15:00Z,336.8
2026-05-11T02:30:00Z,324.1
2026-05-11T02:45:00Z,305.9
2026-05-11T03:00:00Z,336.9
2026-05-11T03:15:00Z,332.8
2026-05-11T03:30:00Z,358.3
2026-05-11T03:45:00Z,307.9
2026-05-11T04:00:00Z,920.8
2026-05-11T04:15:00Z,1022.1
2026-05-11T04:30:00Z,958.0
2026-05-11T04:45:00Z,908.5
2026-05-11T05:00:00Z,735.0
2026-05-11T05:15:00Z,965.8
2026-05-11T05:30:00Z,831.6
2026-05-11T05:45:00Z,794.9
2026-05-11T06:00:00Z,762.7
2026-05-11T06:15:00Z,554.1
2026-05-11T06:30:00Z,424.4
2026-05-11T06:45:00Z,552.0
2026-05-11T07:00:00Z,731.8
2026-05-11T07:15:00Z,642.7
2026-05-11T07:30:00Z,801.1
2026-05-11T07:45:00Z,579.2
2026-05-11T08:00:00Z,348.0
2026-05-11T08:15:00Z,568.5
2026-05-11T08:30:00Z,752.9
2026-05-11T08:45:00Z,540.8
2026-05-11T09:00:00Z,219.1
2026-05-11T09:15:00Z,286.2
2026-05-11T09:30:00Z,573.8
2026-05-11T09:45:00Z,474.0
2026-05-11T10:00:00Z,556.3
2026-05-11T10:15:00Z,536.9
2026-05-11T10:30:00Z,364.2
2026-05-11T10:45:00Z,382.8
2026-05-11T11:00:00Z,684.1
2026-05-11T11:15:00Z,404.1
2026-05-11T11:30:00Z,198.3
2026-05-11T11:45:00Z,412.6
2026-05-11T12:00:00Z,418.8
2026-05-11T12:15:00Z,700.0
2026-05-11T12:30:00Z,418.8
2026-05-11T12:45:00Z,307.2
2026-05-11T13:00:00Z,638.5
2026-05-11T13:15:00Z,278.4
2026-05-11T13:30:00Z,820.6
2026-05-11T13:45:00Z,771.5
2026-05-11T14:00:00Z,514.4
2026-05-11T14:15:00Z,484.1
2026-05-11T14:30:00Z,509.3
2026-05-11T14:45:00Z,395.7
2026-05-11T15:00:00Z,715.0
2026-05-11T15:15:00Z,795.2
2026-05-11T15:30:00Z,644.0
2026-05-11T15:45:00Z,790.1
2026-05-11T16:00:00Z,555.4
2026-05-11T16:15:00Z,793.3
2026-05-11T16:30:00Z,648.4
2026-05-11T16:45:00Z,717.2
2026-05-11T17:00:00Z,688.3
2026-05-11T17:15:00Z,809.7
2026-05-11T17:30:00Z,869.9
2026-05-11T17:45:00Z,816.9
2026-05-11T18:00:00Z,1019.6
2026-05-11T18:15:00Z,839.2
2026-05-11T18:30:00Z,936.2
2026-05-11T18:45:00Z,864.7
2026-05-11T19:00:00Z,1066.7
2026-05-11T19:15:00Z,978.6
2026-05-11T19:30:00Z,986.6
2026-05-11T19:45:00Z,1072.7
2026-05-11T20:00:00Z,318.7
2026-05-11T20:15:00Z,349.4
2026-05-11T20:30:00Z,309.4
2026-05-11T20:45:00Z,331.3
2026-05-11T21:00:00Z,320.5
2026-05-11T21:15:00Z,336.6
2026-05-11T21:30:00Z,334.2
2026-05-11T21:45:00Z,334.3
2026-05-11T22:00:00Z,324.2
2026-05-11T22:15:00Z,325.0
2026-05-11T22:30:00Z,330.0
2026-05-11T22:45:00Z,328.1
2026-05-11T23:00:00Z,329.6
2026-05-11T23:15:00Z,326.5
2026-05-11T23:30:00Z,325.0
2026-05-11T23:45:00Z,301.2
2026-05-12T00:00:00Z,336.4
2026-05-12T00:15:00Z,334.9
2026-05-12T00:30:00Z,335.2
2026-05-12T00:45:00Z,325.1
2026-05-12T01:00:00Z,326.5
2026-05-12T01:15:00Z,320.0
2026-05-12T01:30:00Z,320.0
2026-05-12T01:45:00Z,315.2
2026-05-12T02:00:00Z,327.0
2026-05-12T02:15:00Z,320.7
2026-05-12T02:30:00Z,340.5
2026-05-12T02:45:00Z,294.6
2026-05-12T03:00:00Z,351.9
2026-05-12T03:15:00Z,333.9
2026-05-12T03:30:00Z,318.4
2026-05-12T03:45:00Z,354.8
2026-05-12T04:00:00Z,980.6
2026-05-12T04:15:00Z,778.8
2026-05-12T04:30:00Z,930.0
2026-05-12T04:45:00Z,1108.9
2026-05-12T05:00:00Z,1028.8
2026-05-12T05:15:00Z,661.1
2026-05-12T05:30:00Z,889.7
2026-05-12T05:45:00Z,719.2
2026-05-12T06:00:00Z,575.3
2026-05-12T06:15:00Z,488.3
2026-05-12T06:30:00Z,692.0
2026-05-12T06:45:00Z,705.1
2026-05-12T07:00:00Z,683.6
2026-05-12T07:15:00Z,619.5
2026-05-12T07:30:00Z,794.7
2026-05-12T07:45:00Z,575.7
2026-05-12T08:00:00Z,410.6
2026-05-12T08:15:00Z,317.5
2026-05-12T08:30:00Z,506.6
2026-05-12T08:45:00Z,485.2
2026-05-12T09:00:00Z,489.6
2026-05-12T09:15:00Z,272.3
2026-05-12T09:30:00Z,754.1
2026-05-12T09:45:00Z,309.3
2026-05-12T10:00:00Z,252.4
2026-05-12T10:15:00Z,720.5
2026-05-12T10:30:00Z,150.9
2026-05-12T10:45:00Z,92.2
2026-05-12T11:00:00Z,483.7
2026-05-12T11:15:00Z,424.0
2026-05-12T11:30:00Z,602.5
2026-05-12T11:45:00Z,739.3
2026-05-12T12:00:00Z,442.7
2026-05-12T12:15:00Z,453.6
2026-05-12T12:30:00Z,122.0
2026-05-12T12:45:00Z,613.9
2026-05-12T13:00:00Z,487.5
2026-05-12T13:15:00Z,315.5
2026-05-12T13:30:00Z,807.5
2026-05-12T13:45:00Z,404.9
2026-05-12T14:00:00Z,565.6
2026-05-12T14:15:00Z,314.3
2026-05-12T14:30:00Z,761.2
2026-05-12T14:45:00Z,670.9
2026-05-12T15:00:00Z,501.3
2026-05-12T15:15:00Z,531.5
2026-05-12T15:30:00Z,535.7
2026-05-12T15:45:00Z,749.9
2026-05-12T16:00:00Z,769.1
2026-05-12T16:15:00Z,608.5
2026-05-12T16:30:00Z,919.1
2026-05-12T16:45:00Z,710.3
2026-05-12T17:00:00Z,854.9
2026-05-12T17:15:00Z,959.1
2026-05-12T17:30:00Z,998.8
2026-05-12T17:45:00Z,910.8
2026-05-12T18:00:00Z,893.0
2026-05-12T18:15:00Z,909.8
2026-05-12T18:30:00Z,1044.4
2026-05-12T18:45:00Z,1050.1
2026-05-12T19:00:00Z,849.8
2026-05-12T19:15:00Z,1002.6
2026-05-12T19:30:00Z,797.5
2026-05-12T19:45:00Z,1056.6
2026-05-12T20:00:00Z,311.9
2026-05-12T20:15:00Z,325.5
2026-05-12T20:30:00Z,325.0
2026-05-12T20:45:00Z,305.8
2026-05-12T21:00:00Z,323.6
2026-05-12T21:15:00Z,311.8
2026-05-12T21:30:00Z,322.4
2026-05-12T21:45:00Z,330.7
2026-05-12T22:00:00Z,351.5
2026-05-12T22:15:00Z,324.0
2026-05-12T22:30:00Z,334.8
2026-05-12T22:45:00Z,352.9
2026-05-12T23:00:00Z,304.6
2026-05-12T23:15:00Z,317.1
2026-05-12T23:30:00Z,326.3
2026-05-12T23:45:00Z,331.6
2026-05-13T00:00:00Z,320.8
2026-05-13T00:15:00Z,351.7
2026-05-13T00:30:00Z,320.5
2026-05-13T00:45:00Z,337.8
2026-05-13T01:00:00Z,342.0
2026-05-13T01:15:00Z,348.9
2026-05-13T01:30:00Z,325.7
2026-05-13T01:45:00Z,324.1
2026-05-13T02:00:00Z,335.9
2026-05-13T02:15:00Z,338.8
2026-05-13T02:30:00Z,332.8
2026-05-13T02:45:00Z,347.8
2026-05-13T03:00:00Z,324.1
2026-05-13T03:15:00Z,319.7
2026-05-13T03:30:00Z,340.0
2026-05-13T03:45:00Z,315.4
2026-05-13T04:00:00Z,1137.9
2026-05-13T04:15:00Z,971.8
2026-05-13T04:30:00Z,1082.8
2026-05-13T04:45:00Z,968.3
2026-05-13T05:00:00Z,821.7
2026-05-13T05:15:00Z,653.3
2026-05-13T05:30:00Z,964.1
2026-05-13T05:45:00Z,888.7
2026-05-13T06:00:00Z,714.7
2026-05-13T06:15:00Z,634.7
2026-05-13T06:30:00Z,726.8
2026-05-13T06:45:00Z,516.9
2026-05-13T07:00:00Z,747.9
2026-05-13T07:15:00Z,533.5
2026-05-13T07:30:00Z,386.5
2026-05-13T07:45:00Z,604.7
2026-05-13T08:00:00Z,681.0
2026-05-13T08:15:00Z,507.7
2026-05-13T08:30:00Z,404.6
2026-05-13T08:45:00Z,324.7
2026-05-13T09:00:00Z,114.3
2026-05-13T09:15:00Z,740.6
2026-05-13T09:30:00Z,181.8
2026-05-13T09:45:00Z,497.2
2026-05-13T10:00:00Z,303.2
2026-05-13T10:15:00Z,407.5
2026-05-13T10:30:00Z,527.8
2026-05-13T10:45:00Z,540.1
2026-05-13T11:00:00Z,192.4
2026-05-13T11:15:00Z,250.0
2026-05-13T11:30:00Z,80.0
2026-05-13T11:45:00Z,431.5
2026-05-13T12:00:00Z,82.4
2026-05-13T12:15:00Z,80.0
2026-05-13T12:30:00Z,426.0
2026-05-13T12:45:00Z,522.5
2026-05-13T13:00:00Z,398.7
2026-05-13T13:15:00Z,789.1
2026-05-13T13:30:00Z,494.3
2026-05-13T13:45:00Z,664.9
2026-05-13T14:00:00Z,758.7
2026-05-13T14:15:00Z,758.1
2026-05-13T14:30:00Z,608.7
2026-05-13T14:45:00Z,297.2
2026-05-13T15:00:00Z,705.5
2026-05-13T15:15:00Z,751.3
2026-05-13T15:30:00Z,836.6
2026-05-13T15:45:00Z,460.7
2026-05-13T16:00:00Z,716.0
2026-05-13T16:15:00Z,703.1
2026-05-13T16:30:00Z,609.1
2026-05-13T16:45:00Z,818.4
2026-05-13T17:00:00Z,811.6
2026-05-13T17:15:00Z,829.0
2026-05-13T17:30:00Z,966.3
2026-05-13T17:45:00Z,922.5
2026-05-13T18:00:00Z,1079.8
2026-05-13T18:15:00Z,818.8
2026-05-13T18:30:00Z,958.0
2026-05-13T18:45:00Z,1035.6
2026-05-13T19:00:00Z,904.5
2026-05-13T19:15:00Z,939.1
2026-05-13T19:30:00Z,1059.3
2026-05-13T19:45:00Z,994.2
2026-05-13T20:00:00Z,338.0
2026-05-13T20:15:00Z,338.2
2026-05-13T20:30:00Z,330.2
2026-05-13T20:45:00Z,333.5
2026-05-13T21:00:00Z,323.6
2026-05-13T21:15:00Z,327.8
2026-05-13T21:30:00Z,330.2
2026-05-13T21:45:00Z,346.7
2026-05-13T22:00:00Z,340.4
2026-05-13T22:15:00Z,330.3
2026-05-13T22:30:00Z,335.9
2026-05-13T22:45:00Z,321.7
2026-05-13T23:00:00Z,341.6
2026-05-13T23:15:00Z,345.3
2026-05-13T23:30:00Z,310.4
2026-05-13T23:45:00Z,311.0
2026-05-14T00:00:00Z,348.0
2026-05-14T00:15:00Z,343.3
2026-05-14T00:30:00Z,326.8
2026-05-14T00:45:00Z,329.3
2026-05-14T01:00:00Z,299.4
2026-05-14T01:15:00Z,338.1
2026-05-14T01:30:00Z,342.7
2026-05-14T01:45:00Z,321.8
2026-05-14T02:00:00Z,315.4
2026-05-14T02:15:00Z,316.4
2026-05-14T02:30:00Z,330.5
2026-05-14T02:45:00Z,348.0
2026-05-14T03:00:00Z,323.6
2026-05-14T03:15:00Z,319.8
2026-05-14T03:30:00Z,336.2
2026-05-14T03:45:00Z,328.0
2026-05-14T04:00:00Z,1075.6
2026-05-14T04:15:00Z,842.1
2026-05-14T04:30:00Z,811.4
2026-05-14T04:45:00Z,784.8
2026-05-14T05:00:00Z,1012.5
2026-05-14T05:15:00Z,801.9
2026-05-14T05:30:00Z,970.6
2026-05-14T05:45:00Z,717.6
2026-05-14T06:00:00Z,618.8
2026-05-14T06:15:00Z,632.2
2026-05-14T06:30:00Z,725.1
2026-05-14T06:45:00Z,693.7
2026-05-14T07:00:00Z,877.5
2026-05-14T07:15:00Z,470.3
2026-05-14T07:30:00Z,370.2
2026-05-14T07:45:00Z,438.0
2026-05-14T08:00:00Z,621.0
2026-05-14T08:15:00Z,551.1
2026-05-14T08:30:00Z,531.4
2026-05-14T08:45:00Z,456.4
2026-05-14T09:00:00Z,532.2
2026-05-14T09:15:00Z,391.5
2026-05-14T09:30:00Z,609.6
2026-05-14T09:45:00Z,542.1
2026-05-14T10:00:00Z,549.4
2026-05-14T10:15:00Z,815.8
2026-05-14T10:30:00Z,351.1
2026-05-14T10:45:00Z,719.9
2026-05-14T11:00:00Z,454.8
2026-05-14T11:15:00Z,210.2
2026-05-14T11:30:00Z,252.7
2026-05-14T11:45:00Z,228.3
2026-05-14T12:00:00Z,676.5
2026-05-14T12:15:00Z,263.1
2026-05-14T12:30:00Z,118.1
2026-05-14T12:45:00Z,670.9
2026-05-14T13:00:00Z,478.3
2026-05-14T13:15:00Z,367.0
2026-05-14T13:30:00Z,714.8
2026-05-14T13:45:00Z,500.2
2026-05-14T14:00:00Z,476.7
2026-05-14T14:15:00Z,278.0
2026-05-14T14:30:00Z,477.4
2026-05-14T14:45:00Z,531.5
2026-05-14T15:00:00Z,297.0
2026-05-14T15:15:00Z,773.1
2026-05-14T15:30:00Z,607.0
2026-05-14T15:45:00Z,645.0
2026-05-14T16:00:00Z,721.3
2026-05-14T16:15:00Z,689.1
2026-05-14T16:30:00Z,757.0
2026-05-14T16:45:00Z,873.6
2026-05-14T17:00:00Z,948.2
2026-05-14T17:15:00Z,997.0
2026-05-14T17:30:00Z,997.3
2026-05-14T17:45:00Z,752.3
2026-05-14T18:00:00Z,931.1
2026-05-14T18:15:00Z,973.8
2026-05-14T18:30:00Z,1052.7
2026-05-14T18:45:00Z,813.3
2026-05-14T19:00:00Z,917.3
2026-05-14T19:15:00Z,807.9
2026-05-14T19:30:00Z,875.8
2026-05-14T19:45:00Z,897.1
2026-05-14T20:00:00Z,334.6
2026-05-14T20:15:00Z,346.4
2026-05-14T20:30:00Z,324.3
2026-05-14T20:45:00Z,309.0
2026-05-14T21:00:00Z,327.7
2026-05-14T21:15:00Z,339.1
2026-05-14T21:30:00Z,338.3
2026-05-14T21:45:00Z,346.6
2026-05-14T22:00:00Z,328.2
2026-05-14T22:15:00Z,329.9
2026-05-14T22:30:00Z,328.9
2026-05-14T22:45:00Z,344.9
2026-05-14T23:00:00Z,328.2
2026-05-14T23:15:00Z,323.5
2026-05-14T23:30:00Z,336.1
2026-05-14T23:45:00Z,324.7
2026-05-15T00:00:00Z,336.8
2026-05-15T00:15:00Z,312.9
2026-05-15T00:30:00Z,349.4
2026-05-15T00:45:00Z,324.4
2026-05-15T01:00:00Z,321.5
2026-05-15T01:15:00Z,325.7
2026-05-15T01:30:00Z,333.7
2026-05-15T01:45:00Z,309.3
2026-05-15T02:00:00Z,332.2
2026-05-15T02:15:00Z,324.7
2026-05-15T02:30:00Z,320.4
2026-05-15T02:45:00Z,324.2
2026-05-15T03:00:00Z,332.3
2026-05-15T03:15:00Z,318.6
2026-05-15T03:30:00Z,331.9
2026-05-15T03:45:00Z,327.5
2026-05-15T04:00:00Z,930.7
2026-05-15T04:15:00Z,801.2
2026-05-15T04:30:00Z,921.6
2026-05-15T04:45:00Z,895.7
2026-05-15T05:00:00Z,876.2
2026-05-15T05:15:00Z,876.4
2026-05-15T05:30:00Z,805.6
2026-05-15T05:45:00Z,783.0
2026-05-15T06:00:00Z,904.7
2026-05-15T06:15:00Z,497.2
2026-05-15T06:30:00Z,492.3
2026-05-15T06:45:00Z,387.0
2026-05-15T07:00:00Z,295.0
2026-05-15T07:15:00Z,694.0
2026-05-15T07:30:00Z,399.7
2026-05-15T07:45:00Z,348.3
2026-05-15T08:00:00Z,401.6
2026-05-15T08:15:00Z,174.5
2026-05-15T08:30:00Z,526.8
2026-05-15T08:45:00Z,645.2
2026-05-15T09:00:00Z,528.5
2026-05-15T09:15:00Z,599.6
2026-05-15T09:30:00Z,758.3
2026-05-15T09:45:00Z,103.9
2026-05-15T10:00:00Z,415.5
2026-05-15T10:15:00Z,213.9
2026-05-15T10:30:00Z,308.2
2026-05-15T10:45:00Z,285.1
2026-05-15T11:00:00Z,391.2
2026-05-15T11:15:00Z,583.4
2026-05-15T11:30:00Z,613.7
2026-05-15T11:45:00Z,473.1
2026-05-15T12:00:00Z,537.8
2026-05-15T12:15:00Z,459.9
2026-05-15T12:30:00Z,698.2
2026-05-15T12:45:00Z,699.7
2026-05-15T13:00:00Z,385.9
2026-05-15T13:15:00Z,224.3
2026-05-15T13:30:00Z,564.2
2026-05-15T13:45:00Z,348.3
2026-05-15T14:00:00Z,783.6
2026-05-15T14:15:00Z,504.2
2026-05-15T14:30:00Z,516.8
2026-05-15T14:45:00Z,632.6
2026-05-15T15:00:00Z,539.9
2026-05-15T15:15:00Z,764.1
2026-05-15T15:30:00Z,694.3
2026-05-15T15:45:00Z,668.2
2026-05-15T16:00:00Z,500.8
2026-05-15T16:15:00Z,741.9
2026-05-15T16:30:00Z,614.0
2026-05-15T16:45:00Z,648.3
2026-05-15T17:00:00Z,898.2
2026-05-15T17:15:00Z,716.8
2026-05-15T17:30:00Z,951.5
2026-05-15T17:45:00Z,869.4
2026-05-15T18:00:00Z,982.5
2026-05-15T18:15:00Z,918.2
2026-05-15T18:30:00Z,835.1
2026-05-15T18:45:00Z,836.2
2026-05-15T19:00:00Z,986.4
2026-05-15T19:15:00Z,814.4
2026-05-15T19:30:00Z,1000.2
2026-05-15T19:45:00Z,1056.3
2026-05-15T20:00:00Z,328.5
2026-05-15T20:15:00Z,343.4
2026-05-15T20:30:00Z,330.0
2026-05-15T20:45:00Z,315.3
2026-05-15T21:00:00Z,335.5
2026-05-15T21:15:00Z,330.3
2026-05-15T21:30:00Z,325.2
2026-05-15T21:45:00Z,349.0
2026-05-15T22:00:00Z,333.9
2026-05-15T22:15:00Z,322.5
2026-05-15T22:30:00Z,316.4
2026-05-15T22:45:00Z,329.5
2026-05-15T23:00:00Z,321.1
2026-05-15T23:15:00Z,329.7
2026-05-15T23:30:00Z,333.3
2026-05-15T23:45:00Z,334.4
2026-05-16T00:00:00Z,308.4
2026-05-16T00:15:00Z,330.9
2026-05-16T00:30:00Z,322.0
2026-05-16T00:45:00Z,327.2
2026-05-16T01:00:00Z,318.3
2026-05-16T01:15:00Z,312.5
2026-05-16T01:30:00Z,307.9
2026-05-16T01:45:00Z,343.4
2026-05-16T02:00:00Z,310.9
2026-05-16T02:15:00Z,329.6
2026-05-16T02:30:00Z,352.1
2026-05-16T02:45:00Z,314.9
2026-05-16T03:00:00Z,325.2
2026-05-16T03:15:00Z,324.8
2026-05-16T03:30:00Z,329.1
2026-05-16T03:45:00Z,341.9
2026-05-16T04:00:00Z,308.7
2026-05-16T04:15:00Z,295.2
2026-05-16T04:30:00Z,241.6
2026-05-16T04:45:00Z,289.1
2026-05-16T05:00:00Z,213.5
2026-05-16T05:15:00Z,153.6
2026-05-16T05:30:00Z,119.3
2026-05-16T05:45:00Z,80.0
2026-05-16T06:00:00Z,170.5
2026-05-16T06:15:00Z,87.8
2026-05-16T06:30:00Z,117.5
2026-05-16T06:45:00Z,190.2
2026-05-16T07:00:00Z,80.0
2026-05-16T07:15:00Z,80.0
2026-05-16T07:30:00Z,80.0
2026-05-16T07:45:00Z,80.0
2026-05-16T08:00:00Z,80.0
2026-05-16T08:15:00Z,80.0
2026-05-16T08:30:00Z,80.0
2026-05-16T08:45:00Z,80.0
2026-05-16T09:00:00Z,80.0
2026-05-16T09:15:00Z,80.0
2026-05-16T09:30:00Z,80.0
2026-05-16T09:45:00Z,80.0
2026-05-16T10:00:00Z,80.0
2026-05-16T10:15:00Z,80.0
2026-05-16T10:30:00Z,80.0
2026-05-16T10:45:00Z,80.0
2026-05-16T11:00:00Z,80.0
2026-05-16T11:15:00Z,80.0
2026-05-16T11:30:00Z,80.0
2026-05-16T11:45:00Z,80.0
2026-05-16T12:00:00Z,80.0
2026-05-16T12:15:00Z,80.0
2026-05-16T12:30:00Z,80.0
2026-05-16T12:45:00Z,80.0
2026-05-16T13:00:00Z,80.0
2026-05-16T13:15:00Z,80.0
2026-05-16T13:30:00Z,80.0
2026-05-16T13:45:00Z,80.0
2026-05-16T14:00:00Z,80.0
2026-05-16T14:15:00Z,80.0
2026-05-16T14:30:00Z,80.0
2026-05-16T14:45:00Z,80.0
2026-05-16T15:00:00Z,80.0
2026-05-16T15:15:00Z,80.0
2026-05-16T15:30:00Z,80.0
2026-05-16T15:45:00Z,80.0
2026-05-16T16:00:00Z,90.6
2026-05-16T16:15:00Z,80.0
2026-05-16T16:30:00Z,176.5
2026-05-16T16:45:00Z,239.3
2026-05-16T17:00:00Z,271.9
2026-05-16T17:15:00Z,239.1
2026-05-16T17:30:00Z,273.9
2026-05-16T17:45:00Z,286.0
2026-05-16T18:00:00Z,320.2
2026-05-16T18:15:00Z,324.7
2026-05-16T18:30:00Z,336.9
2026-05-16T18:45:00Z,324.0
2026-05-16T19:00:00Z,322.3
2026-05-16T19:15:00Z,337.0
2026-05-16T19:30:00Z,354.3
2026-05-16T19:45:00Z,340.7
2026-05-16T20:00:00Z,327.8
2026-05-16T20:15:00Z,343.6
2026-05-16T20:30:00Z,337.0
2026-05-16T20:45:00Z,325.8
2026-05-16T21:00:00Z,319.3
2026-05-16T21:15:00Z,345.8
2026-05-16T21:30:00Z,336.8
2026-05-16T21:45:00Z,331.7
2026-05-16T22:00:00Z,323.5
2026-05-16T22:15:00Z,357.9
2026-05-16T22:30:00Z,332.6
2026-05-16T22:45:00Z,310.1
2026-05-16T23:00:00Z,331.0
2026-05-16T23:15:00Z,318.9
2026-05-16T23:30:00Z,302.4
2026-05-16T23:45:00Z,348.9
2026-05-17T00:00:00Z,317.5
2026-05-17T00:15:00Z,338.6
2026-05-17T00:30:00Z,332.5
2026-05-17T00:45:00Z,344.1
2026-05-17T01:00:00Z,317.3
2026-05-17T01:15:00Z,322.7
2026-05-17T01:30:00Z,319.9
2026-05-17T01:45:00Z,331.7
2026-05-17T02:00:00Z,330.3
2026-05-17T02:15:00Z,316.6
2026-05-17T02:30:00Z,329.0
2026-05-17T02:45:00Z,315.4
2026-05-17T03:00:00Z,318.7
2026-05-17T03:15:00Z,323.4
2026-05-17T03:30:00Z,319.5
2026-05-17T03:45:00Z,348.2
2026-05-17T04:00:00Z,339.3
2026-05-17T04:15:00Z,324.7
2026-05-17T04:30:00Z,290.7
2026-05-17T04:45:00Z,281.5
2026-05-17T05:00:00Z,233.2
2026-05-17T05:15:00Z,161.7
2026-05-17T05:30:00Z,110.4
2026-05-17T05:45:00Z,154.8
2026-05-17T06:00:00Z,80.0
2026-05-17T06:15:00Z,80.0
2026-05-17T06:30:00Z,80.0
2026-05-17T06:45:00Z,104.0
2026-05-17T07:00:00Z,87.6
2026-05-17T07:15:00Z,120.7
2026-05-17T07:30:00Z,85.7
2026-05-17T07:45:00Z,80.0
2026-05-17T08:00:00Z,80.0
2026-05-17T08:15:00Z,80.0
2026-05-17T08:30:00Z,80.0
2026-05-17T08:45:00Z,80.0
2026-05-17T09:00:00Z,80.0
2026-05-17T09:15:00Z,90.5
2026-05-17T09:30:00Z,80.0
2026-05-17T09:45:00Z,80.0
2026-05-17T10:00:00Z,80.0
2026-05-17T10:15:00Z,80.0
2026-05-17T10:30:00Z,80.0
2026-05-17T10:45:00Z,80.0
2026-05-17T11:00:00Z,80.0
2026-05-17T11:15:00Z,80.0
2026-05-17T11:30:00Z,80.0
2026-05-17T11:45:00Z,80.0
2026-05-17T12:00:00Z,80.0
2026-05-17T12:15:00Z,80.0
2026-05-17T12:30:00Z,80.0
2026-05-17T12:45:00Z,80.0
2026-05-17T13:00:00Z,80.0
2026-05-17T13:15:00Z,80.0
2026-05-17T13:30:00Z,80.0
2026-05-17T13:45:00Z,80.0
2026-05-17T14:00:00Z,80.0
2026-05-17T14:15:00Z,80.0
2026-05-17T14:30:00Z,80.0
2026-05-17T14:45:00Z,117.9
2026-05-17T15:00:00Z,103.6
2026-05-17T15:15:00Z,80.0
2026-05-17T15:30:00Z,80.0
2026-05-17T15:45:00Z,119.8
2026-05-17T16:00:00Z,80.0
2026-05-17T16:15:00Z,164.7
2026-05-17T16:30:00Z,228.5
2026-05-17T16:45:00Z,195.1
2026-05-17T17:00:00Z,170.9
2026-05-17T17:15:00Z,203.7
2026-05-17T17:30:00Z,293.6
2026-05-17T17:45:00Z,280.1
2026-05-17T18:00:00Z,329.5
2026-05-17T18:15:00Z,336.4
2026-05-17T18:30:00Z,308.7
2026-05-17T18:45:00Z,330.4
2026-05-17T19:00:00Z,319.4
2026-05-17T19:15:00Z,340.8
2026-05-17T19:30:00Z,336.4
2026-05-17T19:45:00Z,350.7
2026-05-17T20:00:00Z,321.1
2026-05-17T20:15:00Z,323.9
2026-05-17T20:30:00Z,338.1
2026-05-17T20:45:00Z,340.5
2026-05-17T21:00:00Z,321.4
2026-05-17T21:15:00Z,349.9
2026-05-17T21:30:00Z,336.2
2026-05-17T21:45:00Z,329.5
2026-05-17T22:00:00Z,347.3
2026-05-17T22:15:00Z,334.9
2026-05-17T22:30:00Z,325.3
2026-05-17T22:45:00Z,338.6
2026-05-17T23:00:00Z,319.1
2026-05-17T23:15:00Z,336.4
2026-05-17T23:30:00Z,327.8
2026-05-17T23:45:00Z,336.3
2026-05-18T00:00:00Z,317.3
2026-05-18T00:15:00Z,322.7
2026-05-18T00:30:00Z,333.3
2026-05-18T00:45:00Z,323.4
2026-05-18T01:00:00Z,310.1
2026-05-18T01:15:00Z,333.9
2026-05-18T01:30:00Z,333.9
2026-05-18T01:45:00Z,322.5
2026-05-18T02:00:00Z,339.0
2026-05-18T02:15:00Z,329.9
2026-05-18T02:30:00Z,316.8
2026-05-18T02:45:00Z,335.1
2026-05-18T03:00:00Z,318.5
2026-05-18T03:15:00Z,331.0
2026-05-18T03:30:00Z,345.1
2026-05-18T03:45:00Z,313.8
2026-05-18T04:00:00Z,962.7
2026-05-18T04:15:00Z,853.9
2026-05-18T04:30:00Z,949.1
2026-05-18T04:45:00Z,925.4
2026-05-18T05:00:00Z,837.8
2026-05-18T05:15:00Z,999.8
2026-05-18T05:30:00Z,897.8
2026-05-18T05:45:00Z,919.7
2026-05-18T06:00:00Z,674.6
2026-05-18T06:15:00Z,860.4
2026-05-18T06:30:00Z,787.0
2026-05-18T06:45:00Z,573.7
2026-05-18T07:00:00Z,520.6
2026-05-18T07:15:00Z,577.2
2026-05-18T07:30:00Z,448.1
2026-05-18T07:45:00Z,499.2
2026-05-18T08:00:00Z,256.4
2026-05-18T08:15:00Z,258.8
2026-05-18T08:30:00Z,584.6
2026-05-18T08:45:00Z,697.9
2026-05-18T09:00:00Z,272.1
2026-05-18T09:15:00Z,819.4
2026-05-18T09:30:00Z,179.2
2026-05-18T09:45:00Z,390.7
2026-05-18T10:00:00Z,371.0
2026-05-18T10:15:00Z,262.9
2026-05-18T10:30:00Z,499.4
2026-05-18T10:45:00Z,232.8
2026-05-18T11:00:00Z,415.7
2026-05-18T11:15:00Z,455.0
2026-05-18T11:30:00Z,559.2
2026-05-18T11:45:00Z,659.3
2026-05-18T12:00:00Z,371.0
2026-05-18T12:15:00Z,167.0
2026-05-18T12:30:00Z,122.4
2026-05-18T12:45:00Z,253.3
2026-05-18T13:00:00Z,104.2
2026-05-18T13:15:00Z,605.8
2026-05-18T13:30:00Z,297.0
2026-05-18T13:45:00Z,589.2
2026-05-18T14:00:00Z,206.4
2026-05-18T14:15:00Z,600.3
2026-05-18T14:30:00Z,463.0
2026-05-18T14:45:00Z,684.7
2026-05-18T15:00:00Z,580.1
2026-05-18T15:15:00Z,630.6
2026-05-18T15:30:00Z,507.9
2026-05-18T15:45:00Z,706.6
2026-05-18T16:00:00Z,727.6
2026-05-18T16:15:00Z,804.6
2026-05-18T16:30:00Z,744.8
2026-05-18T16:45:00Z,732.5
2026-05-18T17:00:00Z,727.8
2026-05-18T17:15:00Z,867.6
2026-05-18T17:30:00Z,800.7
2026-05-18T17:45:00Z,886.3
2026-05-18T18:00:00Z,1066.9
2026-05-18T18:15:00Z,959.3
2026-05-18T18:30:00Z,816.8
2026-05-18T18:45:00Z,972.9
2026-05-18T19:00:00Z,952.5
2026-05-18T19:15:00Z,799.6
2026-05-18T19:30:00Z,1061.8
2026-05-18T19:45:00Z,869.6
2026-05-18T20:00:00Z,322.3
2026-05-18T20:15:00Z,316.9
2026-05-18T20:30:00Z,332.2
2026-05-18T20:45:00Z,326.6
2026-05-18T21:00:00Z,320.7
2026-05-18T21:15:00Z,333.8
2026-05-18T21:30:00Z,344.5
2026-05-18T21:45:00Z,332.4
2026-05-18T22:00:00Z,342.7
2026-05-18T22:15:00Z,328.0
2026-05-18T22:30:00Z,342.8
2026-05-18T22:45:00Z,336.3
2026-05-18T23:00:00Z,325.4
2026-05-18T23:15:00Z,314.2
2026-05-18T23:30:00Z,335.4
2026-05-18T23:45:00Z,346.4
2026-05-19T00:00:00Z,350.0
2026-05-19T00:15:00Z,332.5
2026-05-19T00:30:00Z,336.8
2026-05-19T00:45:00Z,334.5
2026-05-19T01:00:00Z,333.9
2026-05-19T01:15:00Z,338.3
2026-05-19T01:30:00Z,329.4
2026-05-19T01:45:00Z,347.2
2026-05-19T02:00:00Z,338.6
2026-05-19T02:15:00Z,325.1
2026-05-19T02:30:00Z,338.6
2026-05-19T02:45:00Z,334.0
2026-05-19T03:00:00Z,342.5
2026-05-19T03:15:00Z,317.5
2026-05-19T03:30:00Z,333.5
2026-05-19T03:45:00Z,340.3
2026-05-19T04:00:00Z,948.6
2026-05-19T04:15:00Z,925.3
2026-05-19T04:30:00Z,1051.9
2026-05-19T04:45:00Z,1064.6
2026-05-19T05:00:00Z,806.4
2026-05-19T05:15:00Z,912.6
2026-05-19T05:30:00Z,813.4
2026-05-19T05:45:00Z,877.5
2026-05-19T06:00:00Z,580.9
2026-05-19T06:15:00Z,675.1
2026-05-19T06:30:00Z,783.4
2026-05-19T06:45:00Z,568.8
2026-05-19T07:00:00Z,827.6
2026-05-19T07:15:00Z,300.8
2026-05-19T07:30:00Z,410.6
2026-05-19T07:45:00Z,590.4
2026-05-19T08:00:00Z,573.2
2026-05-19T08:15:00Z,589.9
2026-05-19T08:30:00Z,528.8
2026-05-19T08:45:00Z,197.5
2026-05-19T09:00:00Z,635.3
2026-05-19T09:15:00Z,138.8
2026-05-19T09:30:00Z,159.8
2026-05-19T09:45:00Z,234.3
2026-05-19T10:00:00Z,229.7
2026-05-19T10:15:00Z,337.2
2026-05-19T10:30:00Z,208.5
2026-05-19T10:45:00Z,258.8
2026-05-19T11:00:00Z,525.6
2026-05-19T11:15:00Z,510.3
2026-05-19T11:30:00Z,769.2
2026-05-19T11:45:00Z,613.4
2026-05-19T12:00:00Z,493.0
2026-05-19T12:15:00Z,482.3
2026-05-19T12:30:00Z,402.2
2026-05-19T12:45:00Z,472.1
2026-05-19T13:00:00Z,656.2
2026-05-19T13:15:00Z,290.3
2026-05-19T13:30:00Z,323.2
2026-05-19T13:45:00Z,465.7
2026-05-19T14:00:00Z,433.3
2026-05-19T14:15:00Z,388.9
2026-05-19T14:30:00Z,549.2
2026-05-19T14:45:00Z,731.9
2026-05-19T15:00:00Z,866.0
2026-05-19T15:15:00Z,728.4
2026-05-19T15:30:00Z,861.7
2026-05-19T15:45:00Z,559.0
2026-05-19T16:00:00Z,668.6
2026-05-19T16:15:00Z,546.0
2026-05-19T16:30:00Z,847.2
2026-05-19T16:45:00Z,571.9
2026-05-19T17:00:00Z,782.0
2026-05-19T17:15:00Z,921.1
2026-05-19T17:30:00Z,874.8
2026-05-19T17:45:00Z,946.2
2026-05-19T18:00:00Z,1036.8
2026-05-19T18:15:00Z,889.6
2026-05-19T18:30:00Z,765.2
2026-05-19T18:45:00Z,837.2
2026-05-19T19:00:00Z,986.9
2026-05-19T19:15:00Z,819.2
2026-05-19T19:30:00Z,988.7
2026-05-19T19:45:00Z,788.2
2026-05-19T20:00:00Z,343.4
2026-05-19T20:15:00Z,322.8
2026-05-19T20:30:00Z,335.4
2026-05-19T20:45:00Z,333.9
2026-05-19T21:00:00Z,336.8
2026-05-19T21:15:00Z,321.6
2026-05-19T21:30:00Z,332.5
2026-05-19T21:45:00Z,342.6
2026-05-19T22:00:00Z,335.3
2026-05-19T22:15:00Z,327.1
2026-05-19T22:30:00Z,321.7
2026-05-19T22:45:00Z,316.6
2026-05-19T23:00:00Z,329.3
2026-05-19T23:15:00Z,334.6
2026-05-19T23:30:00Z,341.9
2026-05-19T23:45:00Z,328.5
2026-05-20T00:00:00Z,318.9
2026-05-20T00:15:00Z,327.2
2026-05-20T00:30:00Z,319.1
2026-05-20T00:45:00Z,328.6
2026-05-20T01:00:00Z,320.5
2026-05-20T01:15:00Z,333.2
2026-05-20T01:30:00Z,357.4
2026-05-20T01:45:00Z,340.1
2026-05-20T02:00:00Z,327.9
2026-05-20T02:15:00Z,322.5
2026-05-20T02:30:00Z,350.5
2026-05-20T02:45:00Z,326.3
2026-05-20T03:00:00Z,302.6
2026-05-20T03:15:00Z,322.0
2026-05-20T03:30:00Z,323.5
2026-05-20T03:45:00Z,328.0
2026-05-20T04:00:00Z,992.3
2026-05-20T04:15:00Z,928.2
2026-05-20T04:30:00Z,877.6
2026-05-20T04:45:00Z,948.8
2026-05-20T05:00:00Z,1001.2
2026-05-20T05:15:00Z,904.7
2026-05-20T05:30:00Z,945.8
2026-05-20T05:45:00Z,719.2
2026-05-20T06:00:00Z,835.1
2026-05-20T06:15:00Z,859.2
2026-05-20T06:30:00Z,607.8
2026-05-20T06:45:00Z,419.1
2026-05-20T07:00:00Z,629.9
2026-05-20T07:15:00Z,642.2
2026-05-20T07:30:00Z,390.7
2026-05-20T07:45:00Z,337.1
2026-05-20T08:00:00Z,503.5
2026-05-20T08:15:00Z,491.9
2026-05-20T08:30:00Z,622.0
2026-05-20T08:45:00Z,205.2
2026-05-20T09:00:00Z,589.6
2026-05-20T09:15:00Z,510.2
2026-05-20T09:30:00Z,499.8
2026-05-20T09:45:00Z,394.6
2026-05-20T10:00:00Z,701.8
2026-05-20T10:15:00Z,386.5
2026-05-20T10:30:00Z,248.2
2026-05-20T10:45:00Z,333.5
2026-05-20T11:00:00Z,641.0
2026-05-20T11:15:00Z,681.7
2026-05-20T11:30:00Z,206.3
2026-05-20T11:45:00Z,80.0
2026-05-20T12:00:00Z,309.6
2026-05-20T12:15:00Z,465.7
2026-05-20T12:30:00Z,348.7
2026-05-20T12:45:00Z,392.6
2026-05-20T13:00:00Z,400.2
2026-05-20T13:15:00Z,596.9
2026-05-20T13:30:00Z,607.6
2026-05-20T13:45:00Z,640.1
2026-05-20T14:00:00Z,396.1
2026-05-20T14:15:00Z,321.6
2026-05-20T14:30:00Z,295.3
2026-05-20T14:45:00Z,655.4
2026-05-20T15:00:00Z,656.6
2026-05-20T15:15:00Z,433.3
2026-05-20T15:30:00Z,572.7
2026-05-20T15:45:00Z,809.5
2026-05-20T16:00:00Z,795.2
2026-05-20T16:15:00Z,810.8
2026-05-20T16:30:00Z,649.9
2026-05-20T16:45:00Z,750.5
2026-05-20T17:00:00Z,714.9
2026-05-20T17:15:00Z,686.4
2026-05-20T17:30:00Z,721.7
2026-05-20T17:45:00Z,854.2
2026-05-20T18:00:00Z,838.0
2026-05-20T18:15:00Z,1011.4
2026-05-20T18:30:00Z,957.6
2026-05-20T18:45:00Z,802.0
2026-05-20T19:00:00Z,1015.4
2026-05-20T19:15:00Z,799.2
2026-05-20T19:30:00Z,952.2
2026-05-20T19:45:00Z,986.0
2026-05-20T20:00:00Z,334.3
2026-05-20T20:15:00Z,327.5
2026-05-20T20:30:00Z,346.4
2026-05-20T20:45:00Z,343.5
2026-05-20T21:00:00Z,335.6
2026-05-20T21:15:00Z,323.1
2026-05-20T21:30:00Z,336.6
2026-05-20T21:45:00Z,338.7
2026-05-20T22:00:00Z,332.7
2026-05-20T22:15:00Z,326.3
2026-05-20T22:30:00Z,325.6
2026-05-20T22:45:00Z,313.5
2026-05-20T23:00:00Z,317.7
2026-05-20T23:15:00Z,331.5
2026-05-20T23:30:00Z,338.9
2026-05-20T23:45:00Z,308.4
2026-05-21T00:00:00Z,334.5
2026-05-21T00:15:00Z,323.5
2026-05-21T00:30:00Z,314.6
2026-05-21T00:45:00Z,316.1
2026-05-21T01:00:00Z,319.7
2026-05-21T01:15:00Z,327.0
2026-05-21T01:30:00Z,338.9
2026-05-21T01:45:00Z,345.4
2026-05-21T02:00:00Z,350.5
2026-05-21T02:15:00Z,338.3
2026-05-21T02:30:00Z,331.0
2026-05-21T02:45:00Z,339.1
2026-05-21T03:00:00Z,327.3
2026-05-21T03:15:00Z,361.5
2026-05-21T03:30:00Z,336.4
2026-05-21T03:45:00Z,313.2
2026-05-21T04:00:00Z,913.5
2026-05-21T04:15:00Z,1184.0
2026-05-21T04:30:00Z,909.1
2026-05-21T04:45:00Z,893.4
2026-05-21T05:00:00Z,837.4
2026-05-21T05:15:00Z,1099.0
2026-05-21T05:30:00Z,699.9
2026-05-21T05:45:00Z,805.9
2026-05-21T06:00:00Z,706.4
2026-05-21T06:15:00Z,800.6
2026-05-21T06:30:00Z,698.1
2026-05-21T06:45:00Z,533.8
2026-05-21T07:00:00Z,534.5
2026-05-21T07:15:00Z,499.9
2026-05-21T07:30:00Z,604.1
2026-05-21T07:45:00Z,469.4
2026-05-21T08:00:00Z,426.8
2026-05-21T08:15:00Z,613.7
2026-05-21T08:30:00Z,264.9
2026-05-21T08:45:00Z,501.3
2026-05-21T09:00:00Z,111.0
2026-05-21T09:15:00Z,194.2
2026-05-21T09:30:00Z,774.1
2026-05-21T09:45:00Z,345.8
2026-05-21T10:00:00Z,113.9
2026-05-21T10:15:00Z,500.9
2026-05-21T10:30:00Z,389.0
2026-05-21T10:45:00Z,550.0
2026-05-21T11:00:00Z,492.1
2026-05-21T11:15:00Z,643.5
2026-05-21T11:30:00Z,360.0
2026-05-21T11:45:00Z,775.0
2026-05-21T12:00:00Z,434.2
2026-05-21T12:15:00Z,345.0
2026-05-21T12:30:00Z,430.2
2026-05-21T12:45:00Z,357.4
2026-05-21T13:00:00Z,301.8
2026-05-21T13:15:00Z,658.5
2026-05-21T13:30:00Z,289.8
2026-05-21T13:45:00Z,608.5
2026-05-21T14:00:00Z,563.1
2026-05-21T14:15:00Z,424.3
2026-05-21T14:30:00Z,329.2
2026-05-21T14:45:00Z,373.3
2026-05-21T15:00:00Z,385.5
2026-05-21T15:15:00Z,518.2
2026-05-21T15:30:00Z,687.2
2026-05-21T15:45:00Z,575.5
2026-05-21T16:00:00Z,778.8
2026-05-21T16:15:00Z,964.4
2026-05-21T16:30:00Z,939.3
2026-05-21T16:45:00Z,824.2
2026-05-21T17:00:00Z,659.1
2026-05-21T17:15:00Z,782.2
2026-05-21T17:30:00Z,938.2
2026-05-21T17:45:00Z,791.0
2026-05-21T18:00:00Z,1061.4
2026-05-21T18:15:00Z,1065.2
2026-05-21T18:30:00Z,919.8
2026-05-21T18:45:00Z,1054.0
2026-05-21T19:00:00Z,881.7
2026-05-21T19:15:00Z,1082.9
2026-05-21T19:30:00Z,825.9
2026-05-21T19:45:00Z,1011.6
2026-05-21T20:00:00Z,339.6
2026-05-21T20:15:00Z,317.9
2026-05-21T20:30:00Z,357.8
2026-05-21T20:45:00Z,326.2
2026-05-21T21:00:00Z,318.1
2026-05-21T21:15:00Z,326.9
2026-05-21T21:30:00Z,343.9
2026-05-21T21:45:00Z,317.1
2026-05-21T22:00:00Z,333.4
2026-05-21T22:15:00Z,338.1
2026-05-21T22:30:00Z,333.1
2026-05-21T22:45:00Z,327.1
2026-05-21T23:00:00Z,344.9
2026-05-21T23:15:00Z,336.6
2026-05-21T23:30:00Z,334.3
2026-05-21T23:45:00Z,326.2
2026-05-22T00:00:00Z,322.5
2026-05-22T00:15:00Z,326.0
2026-05-22T00:30:00Z,335.6
2026-05-22T00:45:00Z,330.1
2026-05-22T01:00:00Z,336.1
2026-05-22T01:15:00Z,329.3
2026-05-22T01:30:00Z,320.1
2026-05-22T01:45:00Z,337.7
2026-05-22T02:00:00Z,340.9
2026-05-22T02:15:00Z,300.2
2026-05-22T02:30:00Z,347.8
2026-05-22T02:45:00Z,334.3
2026-05-22T03:00:00Z,301.9
2026-05-22T03:15:00Z,316.2
2026-05-22T03:30:00Z,316.6
2026-05-22T03:45:00Z,323.3
2026-05-22T04:00:00Z,1098.4
2026-05-22T04:15:00Z,1081.3
2026-05-22T04:30:00Z,803.8
2026-05-22T04:45:00Z,1088.2
2026-05-22T05:00:00Z,1023.1
2026-05-22T05:15:00Z,822.7
2026-05-22T05:30:00Z,978.2
2026-05-22T05:45:00Z,684.8
2026-05-22T06:00:00Z,677.4
2026-05-22T06:15:00Z,952.1
2026-05-22T06:30:00Z,680.5
2026-05-22T06:45:00Z,638.7
2026-05-22T07:00:00Z,737.2
2026-05-22T07:15:00Z,494.3
2026-05-22T07:30:00Z,431.6
2026-05-22T07:45:00Z,732.6
2026-05-22T08:00:00Z,683.9
2026-05-22T08:15:00Z,289.0
2026-05-22T08:30:00Z,717.1
2026-05-22T08:45:00Z,386.3
2026-05-22T09:00:00Z,717.5
2026-05-22T09:15:00Z,549.8
2026-05-22T09:30:00Z,616.5
2026-05-22T09:45:00Z,80.0
2026-05-22T10:00:00Z,553.7
2026-05-22T10:15:00Z,488.2
2026-05-22T10:30:00Z,316.3
2026-05-22T10:45:00Z,600.3
2026-05-22T11:00:00Z,270.9
2026-05-22T11:15:00Z,181.1
2026-05-22T11:30:00Z,634.0
2026-05-22T11:45:00Z,268.2
2026-05-22T12:00:00Z,204.9
2026-05-22T12:15:00Z,415.3
2026-05-22T12:30:00Z,291.4
2026-05-22T12:45:00Z,401.8
2026-05-22T13:00:00Z,729.8
2026-05-22T13:15:00Z,414.4
2026-05-22T13:30:00Z,520.8
2026-05-22T13:45:00Z,380.0
2026-05-22T14:00:00Z,557.6
2026-05-22T14:15:00Z,507.3
2026-05-22T14:30:00Z,644.5
2026-05-22T14:45:00Z,469.7
2026-05-22T15:00:00Z,674.0
2026-05-22T15:15:00Z,752.2
2026-05-22T15:30:00Z,630.1
2026-05-22T15:45:00Z,685.5
2026-05-22T16:00:00Z,842.4
2026-05-22T16:15:00Z,733.5
2026-05-22T16:30:00Z,804.5
2026-05-22T16:45:00Z,676.4
2026-05-22T17:00:00Z,767.9
2026-05-22T17:15:00Z,781.8
2026-05-22T17:30:00Z,880.5
2026-05-22T17:45:00Z,944.6
2026-05-22T18:00:00Z,1023.3
2026-05-22T18:15:00Z,943.5
2026-05-22T18:30:00Z,867.3
2026-05-22T18:45:00Z,782.7
2026-05-22T19:00:00Z,878.1
2026-05-22T19:15:00Z,852.0
2026-05-22T19:30:00Z,846.5
2026-05-22T19:45:00Z,830.2
2026-05-22T20:00:00Z,317.6
2026-05-22T20:15:00Z,321.6
2026-05-22T20:30:00Z,316.1
2026-05-22T20:45:00Z,332.7
2026-05-22T21:00:00Z,329.5
2026-05-22T21:15:00Z,322.4
2026-05-22T21:30:00Z,346.9
2026-05-22T21:45:00Z,325.7
2026-05-22T22:00:00Z,327.8
2026-05-22T22:15:00Z,319.4
2026-05-22T22:30:00Z,323.3
2026-05-22T22:45:00Z,319.9
2026-05-22T23:00:00Z,327.6
2026-05-22T23:15:00Z,335.7
2026-05-22T23:30:00Z,327.6
2026-05-22T23:45:00Z,337.0
2026-05-23T00:00:00Z,318.4
2026-05-23T00:15:00Z,322.1
2026-05-23T00:30:00Z,318.6
2026-05-23T00:45:00Z,319.0
2026-05-23T01:00:00Z,337.7
2026-05-23T01:15:00Z,328.9
2026-05-23T01:30:00Z,322.5
2026-05-23T01:45:00Z,334.4
2026-05-23T02:00:00Z,341.8
2026-05-23T02:15:00Z,325.2
2026-05-23T02:30:00Z,336.3
2026-05-23T02:45:00Z,319.2
2026-05-23T03:00:00Z,334.6
2026-05-23T03:15:00Z,319.4
2026-05-23T03:30:00Z,308.8
2026-05-23T03:45:00Z,315.7
2026-05-23T04:00:00Z,361.0
2026-05-23T04:15:00Z,281.1
2026-05-23T04:30:00Z,234.2
2026-05-23T04:45:00Z,210.5
2026-05-23T05:00:00Z,189.0
2026-05-23T05:15:00Z,183.3
2026-05-23T05:30:00Z,80.0
2026-05-23T05:45:00Z,80.0
2026-05-23T06:00:00Z,111.8
2026-05-23T06:15:00Z,192.1
2026-05-23T06:30:00Z,80.0
2026-05-23T06:45:00Z,80.0
2026-05-23T07:00:00Z,80.0
2026-05-23T07:15:00Z,163.2
2026-05-23T07:30:00Z,80.0
2026-05-23T07:45:00Z,80.0
2026-05-23T08:00:00Z,80.0
2026-05-23T08:15:00Z,80.0
2026-05-23T08:30:00Z,80.0
2026-05-23T08:45:00Z,80.0
2026-05-23T09:00:00Z,80.0
2026-05-23T09:15:00Z,80.0
2026-05-23T09:30:00Z,80.0
2026-05-23T09:45:00Z,80.0
2026-05-23T10:00:00Z,80.0
2026-05-23T10:15:00Z,80.0
2026-05-23T10:30:00Z,80.0
2026-05-23T10:45:00Z,80.0
2026-05-23T11:00:00Z,80.0
2026-05-23T11:15:00Z,80.0
2026-05-23T11:30:00Z,80.0
2026-05-23T11:45:00Z,80.0
2026-05-23T12:00:00Z,80.0
2026-05-23T12:15:00Z,80.0
2026-05-23T12:30:00Z,80.0
2026-05-23T12:45:00Z,80.0
2026-05-23T13:00:00Z,80.0
2026-05-23T13:15:00Z,80.0
2026-05-23T13:30:00Z,80.0
2026-05-23T13:45:00Z,80.0
2026-05-23T14:00:00Z,80.0
2026-05-23T14:15:00Z,80.0
2026-05-23T14:30:00Z,80.0
2026-05-23T14:45:00Z,112.4
2026-05-23T15:00:00Z,80.0
2026-05-23T15:15:00Z,80.0
2026-05-23T15:30:00Z,80.0
2026-05-23T15:45:00Z,80.0
2026-05-23T16:00:00Z,173.1
2026-05-23T16:15:00Z,80.0
2026-05-23T16:30:00Z,231.8
2026-05-23T16:45:00Z,130.2
2026-05-23T17:00:00Z,261.1
2026-05-23T17:15:00Z,229.9
2026-05-23T17:30:00Z,294.0
2026-05-23T17:45:00Z,322.5
2026-05-23T18:00:00Z,334.1
2026-05-23T18:15:00Z,318.1
2026-05-23T18:30:00Z,305.6
2026-05-23T18:45:00Z,337.6
2026-05-23T19:00:00Z,347.2
2026-05-23T19:15:00Z,332.6
2026-05-23T19:30:00Z,336.6
2026-05-23T19:45:00Z,329.4
2026-05-23T20:00:00Z,328.4
2026-05-23T20:15:00Z,336.8
2026-05-23T20:30:00Z,337.0
2026-05-23T20:45:00Z,344.0
2026-05-23T21:00:00Z,326.3
2026-05-23T21:15:00Z,333.0
2026-05-23T21:30:00Z,321.0
2026-05-23T21:45:00Z,326.8
2026-05-23T22:00:00Z,324.7
2026-05-23T22:15:00Z,344.8
2026-05-23T22:30:00Z,338.2
2026-05-23T22:45:00Z,321.3
2026-05-23T23:00:00Z,338.1
2026-05-23T23:15:00Z,321.7
2026-05-23T23:30:00Z,329.5
2026-05-23T23:45:00Z,341.1
2026-05-24T00:00:00Z,347.8
2026-05-24T00:15:00Z,322.5
2026-05-24T00:30:00Z,316.0
2026-05-24T00:45:00Z,321.6
2026-05-24T01:00:00Z,354.0
2026-05-24T01:15:00Z,316.0
2026-05-24T01:30:00Z,348.0
2026-05-24T01:45:00Z,334.2
2026-05-24T02:00:00Z,339.6
2026-05-24T02:15:00Z,330.3
2026-05-24T02:30:00Z,327.6
2026-05-24T02:45:00Z,317.8
2026-05-24T03:00:00Z,332.3
2026-05-24T03:15:00Z,317.8
2026-05-24T03:30:00Z,324.5
2026-05-24T03:45:00Z,317.3
2026-05-24T04:00:00Z,339.2
2026-05-24T04:15:00Z,267.2
2026-05-24T04:30:00Z,279.1
2026-05-24T04:45:00Z,225.0
2026-05-24T05:00:00Z,218.9
2026-05-24T05:15:00Z,190.1
2026-05-24T05:30:00Z,142.0
2026-05-24T05:45:00Z,167.8
2026-05-24T06:00:00Z,173.1
2026-05-24T06:15:00Z,80.0
2026-05-24T06:30:00Z,94.1
2026-05-24T06:45:00Z,80.0
2026-05-24T07:00:00Z,80.0
2026-05-24T07:15:00Z,80.0
2026-05-24T07:30:00Z,80.0
2026-05-24T07:45:00Z,80.0
2026-05-24T08:00:00Z,80.0
2026-05-24T08:15:00Z,80.0
2026-05-24T08:30:00Z,80.0
2026-05-24T08:45:00Z,80.0
2026-05-24T09:00:00Z,80.0
2026-05-24T09:15:00Z,80.0
2026-05-24T09:30:00Z,90.0
2026-05-24T09:45:00Z,80.0
2026-05-24T10:00:00Z,80.0
2026-05-24T10:15:00Z,80.0
2026-05-24T10:30:00Z,80.0
2026-05-24T10:45:00Z,80.0
2026-05-24T11:00:00Z,80.0
2026-05-24T11:15:00Z,80.0
2026-05-24T11:30:00Z,80.0
2026-05-24T11:45:00Z,80.0
2026-05-24T12:00:00Z,80.0
2026-05-24T12:15:00Z,80.0
2026-05-24T12:30:00Z,80.0
2026-05-24T12:45:00Z,80.0
2026-05-24T13:00:00Z,80.0
2026-05-24T13:15:00Z,80.0
2026-05-24T13:30:00Z,80.0
2026-05-24T13:45:00Z,80.0
2026-05-24T14:00:00Z,80.0
2026-05-24T14:15:00Z,80.0
2026-05-24T14:30:00Z,80.0
2026-05-24T14:45:00Z,80.0
2026-05-24T15:00:00Z,121.0
2026-05-24T15:15:00Z,80.0
2026-05-24T15:30:00Z,80.0
2026-05-24T15:45:00Z,80.0
2026-05-24T16:00:00Z,80.0
2026-05-24T16:15:00Z,81.6
2026-05-24T16:30:00Z,239.5
2026-05-24T16:45:00Z,127.0
2026-05-24T17:00:00Z,278.4
2026-05-24T17:15:00Z,302.2
2026-05-24T17:30:00Z,266.6
2026-05-24T17:45:00Z,313.2
2026-05-24T18:00:00Z,331.5
2026-05-24T18:15:00Z,332.8
2026-05-24T18:30:00Z,321.5
2026-05-24T18:45:00Z,327.8
2026-05-24T19:00:00Z,314.9
2026-05-24T19:15:00Z,349.5
2026-05-24T19:30:00Z,329.1
2026-05-24T19:45:00Z,304.0
2026-05-24T20:00:00Z,332.3
2026-05-24T20:15:00Z,321.6
2026-05-24T20:30:00Z,335.5
2026-05-24T20:45:00Z,317.6
2026-05-24T21:00:00Z,333.3
2026-05-24T21:15:00Z,316.6
2026-05-24T21:30:00Z,349.4
2026-05-24T21:45:00Z,328.4
2026-05-24T22:00:00Z,310.6
2026-05-24T22:15:00Z,327.7
2026-05-24T22:30:00Z,328.1
2026-05-24T22:45:00Z,324.0
2026-05-24T23:00:00Z,332.2
2026-05-24T23:15:00Z,343.0
2026-05-24T23:30:00Z,337.2
2026-05-24T23:45:00Z,341.0
2026-05-25T00:00:00Z,327.5
2026-05-25T00:15:00Z,332.0
2026-05-25T00:30:00Z,349.1
2026-05-25T00:45:00Z,340.6
2026-05-25T01:00:00Z,336.7
2026-05-25T01:15:00Z,333.4
2026-05-25T01:30:00Z,343.7
2026-05-25T01:45:00Z,331.6
2026-05-25T02:00:00Z,322.0
2026-05-25T02:15:00Z,326.8
2026-05-25T02:30:00Z,337.5
2026-05-25T02:45:00Z,346.7
2026-05-25T03:00:00Z,321.0
2026-05-25T03:15:00Z,321.2
2026-05-25T03:30:00Z,308.2
2026-05-25T03:45:00Z,339.4
2026-05-25T04:00:00Z,929.9
2026-05-25T04:15:00Z,1132.4
2026-05-25T04:30:00Z,907.1
2026-05-25T04:45:00Z,940.7
2026-05-25T05:00:00Z,1025.9
2026-05-25T05:15:00Z,769.9
2026-05-25T05:30:00Z,1079.7
2026-05-25T05:45:00Z,815.3
2026-05-25T06:00:00Z,752.3
2026-05-25T06:15:00Z,706.7
2026-05-25T06:30:00Z,543.9
2026-05-25T06:45:00Z,693.6
2026-05-25T07:00:00Z,828.4
2026-05-25T07:15:00Z,516.5
2026-05-25T07:30:00Z,582.5
2026-05-25T07:45:00Z,512.3
2026-05-25T08:00:00Z,757.8
2026-05-25T08:15:00Z,664.4
2026-05-25T08:30:00Z,805.0
2026-05-25T08:45:00Z,318.2
2026-05-25T09:00:00Z,534.5
2026-05-25T09:15:00Z,628.3
2026-05-25T09:30:00Z,503.0
2026-05-25T09:45:00Z,517.8
2026-05-25T10:00:00Z,139.3
2026-05-25T10:15:00Z,572.7
2026-05-25T10:30:00Z,578.3
2026-05-25T10:45:00Z,308.8
2026-05-25T11:00:00Z,390.0
2026-05-25T11:15:00Z,407.2
2026-05-25T11:30:00Z,431.8
2026-05-25T11:45:00Z,281.3
2026-05-25T12:00:00Z,389.4
2026-05-25T12:15:00Z,149.0
2026-05-25T12:30:00Z,608.2
2026-05-25T12:45:00Z,80.0
2026-05-25T13:00:00Z,565.1
2026-05-25T13:15:00Z,485.9
2026-05-25T13:30:00Z,396.5
2026-05-25T13:45:00Z,518.2
2026-05-25T14:00:00Z,441.5
2026-05-25T14:15:00Z,799.7
2026-05-25T14:30:00Z,844.7
2026-05-25T14:45:00Z,858.9
2026-05-25T15:00:00Z,350.1
2026-05-25T15:15:00Z,492.7
2026-05-25T15:30:00Z,680.2
2026-05-25T15:45:00Z,508.0
2026-05-25T16:00:00Z,644.2
2026-05-25T16:15:00Z,674.1
2026-05-25T16:30:00Z,851.5
2026-05-25T16:45:00Z,755.8
2026-05-25T17:00:00Z,729.3
2026-05-25T17:15:00Z,723.7
2026-05-25T17:30:00Z,873.9
2026-05-25T17:45:00Z,829.1
2026-05-25T18:00:00Z,838.0
2026-05-25T18:15:00Z,996.5
2026-05-25T18:30:00Z,818.5
2026-05-25T18:45:00Z,951.8
2026-05-25T19:00:00Z,1059.4
2026-05-25T19:15:00Z,944.9
2026-05-25T19:30:00Z,968.4
2026-05-25T19:45:00Z,937.2
2026-05-25T20:00:00Z,342.4
2026-05-25T20:15:00Z,357.6
2026-05-25T20:30:00Z,326.0
2026-05-25T20:45:00Z,331.8
2026-05-25T21:00:00Z,332.3
2026-05-25T21:15:00Z,341.8
2026-05-25T21:30:00Z,313.1
2026-05-25T21:45:00Z,340.2
2026-05-25T22:00:00Z,341.7
2026-05-25T22:15:00Z,347.7
2026-05-25T22:30:00Z,330.5
2026-05-25T22:45:00Z,330.6
2026-05-25T23:00:00Z,310.0
2026-05-25T23:15:00Z,317.2
2026-05-25T23:30:00Z,332.5
2026-05-25T23:45:00Z,320.4
2026-05-26T00:00:00Z,304.2
2026-05-26T00:15:00Z,323.5
2026-05-26T00:30:00Z,327.5
2026-05-26T00:45:00Z,322.9
2026-05-26T01:00:00Z,318.8
2026-05-26T01:15:00Z,351.5
2026-05-26T01:30:00Z,326.9
2026-05-26T01:45:00Z,328.7
2026-05-26T02:00:00Z,329.2
2026-05-26T02:15:00Z,348.7
2026-05-26T02:30:00Z,329.3
2026-05-26T02:45:00Z,339.2
2026-05-26T03:00:00Z,333.0
2026-05-26T03:15:00Z,343.1
2026-05-26T03:30:00Z,345.8
2026-05-26T03:45:00Z,339.0
2026-05-26T04:00:00Z,1044.6
2026-05-26T04:15:00Z,991.5
2026-05-26T04:30:00Z,1100.8
2026-05-26T04:45:00Z,965.8
2026-05-26T05:00:00Z,916.5
2026-05-26T05:15:00Z,636.5
2026-05-26T05:30:00Z,978.6
2026-05-26T05:45:00Z,782.4
2026-05-26T06:00:00Z,735.2
2026-05-26T06:15:00Z,653.3
2026-05-26T06:30:00Z,595.0
2026-05-26T06:45:00Z,715.5
2026-05-26T07:00:00Z,436.1
2026-05-26T07:15:00Z,452.3
2026-05-26T07:30:00Z,439.9
2026-05-26T07:45:00Z,540.0
2026-05-26T08:00:00Z,258.2
2026-05-26T08:15:00Z,188.3
2026-05-26T08:30:00Z,602.1
2026-05-26T08:45:00Z,664.2
2026-05-26T09:00:00Z,438.0
2026-05-26T09:15:00Z,562.5
2026-05-26T09:30:00Z,262.4
2026-05-26T09:45:00Z,560.9
2026-05-26T10:00:00Z,315.8
2026-05-26T10:15:00Z,521.9
2026-05-26T10:30:00Z,227.0
2026-05-26T10:45:00Z,583.5
2026-05-26T11:00:00Z,80.0
2026-05-26T11:15:00Z,298.3
2026-05-26T11:30:00Z,525.6
2026-05-26T11:45:00Z,132.3
2026-05-26T12:00:00Z,317.3
2026-05-26T12:15:00Z,453.4
2026-05-26T12:30:00Z,509.2
2026-05-26T12:45:00Z,638.4
2026-05-26T13:00:00Z,518.4
2026-05-26T13:15:00Z,244.1
2026-05-26T13:30:00Z,407.1
2026-05-26T13:45:00Z,292.5
2026-05-26T14:00:00Z,320.6
2026-05-26T14:15:00Z,524.9
2026-05-26T14:30:00Z,621.2
2026-05-26T14:45:00Z,321.2
2026-05-26T15:00:00Z,663.5
2026-05-26T15:15:00Z,856.1
2026-05-26T15:30:00Z,521.3
2026-05-26T15:45:00Z,823.6
2026-05-26T16:00:00Z,710.6
2026-05-26T16:15:00Z,609.8
2026-05-26T16:30:00Z,626.2
2026-05-26T16:45:00Z,855.2
2026-05-26T17:00:00Z,702.0
2026-05-26T17:15:00Z,912.3
2026-05-26T17:30:00Z,896.8
2026-05-26T17:45:00Z,754.1
2026-05-26T18:00:00Z,985.0
2026-05-26T18:15:00Z,940.3
2026-05-26T18:30:00Z,846.0
2026-05-26T18:45:00Z,956.4
2026-05-26T19:00:00Z,970.2
2026-05-26T19:15:00Z,1050.8
2026-05-26T19:30:00Z,869.0
2026-05-26T19:45:00Z,1087.9
2026-05-26T20:00:00Z,323.6
2026-05-26T20:15:00Z,334.9
2026-05-26T20:30:00Z,357.3
2026-05-26T20:45:00Z,330.6
2026-05-26T21:00:00Z,340.4
2026-05-26T21:15:00Z,329.3
2026-05-26T21:30:00Z,323.6
2026-05-26T21:45:00Z,336.0
2026-05-26T22:00:00Z,328.2
2026-05-26T22:15:00Z,336.9
2026-05-26T22:30:00Z,331.6
2026-05-26T22:45:00Z,321.5
2026-05-26T23:00:00Z,321.1
2026-05-26T23:15:00Z,324.9
2026-05-26T23:30:00Z,313.9
2026-05-26T23:45:00Z,327.6
2026-05-27T00:00:00Z,339.8
2026-05-27T00:15:00Z,321.5
2026-05-27T00:30:00Z,314.4
2026-05-27T00:45:00Z,338.4
2026-05-27T01:00:00Z,340.1
2026-05-27T01:15:00Z,309.4
2026-05-27T01:30:00Z,325.8
2026-05-27T01:45:00Z,331.2
2026-05-27T02:00:00Z,335.9
2026-05-27T02:15:00Z,306.4
2026-05-27T02:30:00Z,344.8
2026-05-27T02:45:00Z,352.1
2026-05-27T03:00:00Z,326.5
2026-05-27T03:15:00Z,350.0
2026-05-27T03:30:00Z,339.9
2026-05-27T03:45:00Z,330.8
2026-05-27T04:00:00Z,1188.0
2026-05-27T04:15:00Z,926.2
2026-05-27T04:30:00Z,918.8
2026-05-27T04:45:00Z,833.5
2026-05-27T05:00:00Z,919.4
2026-05-27T05:15:00Z,886.8
2026-05-27T05:30:00Z,734.8
2026-05-27T05:45:00Z,715.9
2026-05-27T06:00:00Z,707.6
2026-05-27T06:15:00Z,783.5
2026-05-27T06:30:00Z,858.6
2026-05-27T06:45:00Z,647.6
2026-05-27T07:00:00Z,435.7
2026-05-27T07:15:00Z,661.9
2026-05-27T07:30:00Z,536.7
2026-05-27T07:45:00Z,616.5
2026-05-27T08:00:00Z,789.9
2026-05-27T08:15:00Z,470.4
2026-05-27T08:30:00Z,387.3
2026-05-27T08:45:00Z,450.8
2026-05-27T09:00:00Z,476.9
2026-05-27T09:15:00Z,442.8
2026-05-27T09:30:00Z,509.2
2026-05-27T09:45:00Z,590.5
2026-05-27T10:00:00Z,484.8
2026-05-27T10:15:00Z,80.0
2026-05-27T10:30:00Z,297.0
2026-05-27T10:45:00Z,593.3
2026-05-27T11:00:00Z,273.2
2026-05-27T11:15:00Z,244.9
2026-05-27T11:30:00Z,201.2
2026-05-27T11:45:00Z,313.5
2026-05-27T12:00:00Z,359.9
2026-05-27T12:15:00Z,377.0
2026-05-27T12:30:00Z,542.0
2026-05-27T12:45:00Z,307.3
2026-05-27T13:00:00Z,95.1
2026-05-27T13:15:00Z,654.4
2026-05-27T13:30:00Z,238.3
2026-05-27T13:45:00Z,293.1
2026-05-27T14:00:00Z,376.3
2026-05-27T14:15:00Z,384.6
2026-05-27T14:30:00Z,695.3
2026-05-27T14:45:00Z,720.9
2026-05-27T15:00:00Z,501.5
2026-05-27T15:15:00Z,789.4
2026-05-27T15:30:00Z,368.6
2026-05-27T15:45:00Z,688.4
2026-05-27T16:00:00Z,490.8
2026-05-27T16:15:00Z,745.0
2026-05-27T16:30:00Z,668.0
2026-05-27T16:45:00Z,849.9
2026-05-27T17:00:00Z,762.5
2026-05-27T17:15:00Z,724.5
2026-05-27T17:30:00Z,920.1
2026-05-27T17:45:00Z,1035.5
2026-05-27T18:00:00Z,808.0
2026-05-27T18:15:00Z,1096.4
2026-05-27T18:30:00Z,875.2
2026-05-27T18:45:00Z,791.4
2026-05-27T19:00:00Z,788.2
2026-05-27T19:15:00Z,1023.0
2026-05-27T19:30:00Z,809.8
2026-05-27T19:45:00Z,1000.7
2026-05-27T20:00:00Z,330.5
2026-05-27T20:15:00Z,323.9
2026-05-27T20:30:00Z,336.6
2026-05-27T20:45:00Z,340.0
2026-05-27T21:00:00Z,320.9
2026-05-27T21:15:00Z,317.4
2026-05-27T21:30:00Z,340.7
2026-05-27T21:45:00Z,307.5
2026-05-27T22:00:00Z,308.2
2026-05-27T22:15:00Z,320.2
2026-05-27T22:30:00Z,334.4
2026-05-27T22:45:00Z,305.3
2026-05-27T23:00:00Z,338.1
2026-05-27T23:15:00Z,343.1
2026-05-27T23:30:00Z,304.2
2026-05-27T23:45:00Z,303.5
2026-05-28T00:00:00Z,348.7
2026-05-28T00:15:00Z,320.0
2026-05-28T00:30:00Z,346.5
2026-05-28T00:45:00Z,320.8
2026-05-28T01:00:00Z,319.9
2026-05-28T01:15:00Z,320.5
2026-05-28T01:30:00Z,324.7
2026-05-28T01:45:00Z,327.8
2026-05-28T02:00:00Z,339.2
2026-05-28T02:15:00Z,326.6
2026-05-28T02:30:00Z,338.4
2026-05-28T02:45:00Z,341.9
2026-05-28T03:00:00Z,356.7
2026-05-28T03:15:00Z,336.9
2026-05-28T03:30:00Z,351.1
2026-05-28T03:45:00Z,316.4
2026-05-28T04:00:00Z,989.1
2026-05-28T04:15:00Z,1044.3
2026-05-28T04:30:00Z,990.4
2026-05-28T04:45:00Z,913.2
2026-05-28T05:00:00Z,751.3
2026-05-28T05:15:00Z,761.5
2026-05-28T05:30:00Z,1004.1
2026-05-28T05:45:00Z,833.3
2026-05-28T06:00:00Z,886.5
2026-05-28T06:15:00Z,658.7
2026-05-28T06:30:00Z,861.7
2026-05-28T06:45:00Z,782.1
2026-05-28T07:00:00Z,483.7
2026-05-28T07:15:00Z,394.4
2026-05-28T07:30:00Z,362.7
2026-05-28T07:45:00Z,598.4
2026-05-28T08:00:00Z,160.0
2026-05-28T08:15:00Z,225.2
2026-05-28T08:30:00Z,405.5
2026-05-28T08:45:00Z,410.2
2026-05-28T09:00:00Z,513.5
2026-05-28T09:15:00Z,293.3
2026-05-28T09:30:00Z,445.9
2026-05-28T09:45:00Z,636.9
2026-05-28T10:00:00Z,321.4
2026-05-28T10:15:00Z,80.0
2026-05-28T10:30:00Z,199.0
2026-05-28T10:45:00Z,275.9
2026-05-28T11:00:00Z,247.2
2026-05-28T11:15:00Z,117.4
2026-05-28T11:30:00Z,670.7
2026-05-28T11:45:00Z,261.5
2026-05-28T12:00:00Z,451.2
2026-05-28T12:15:00Z,80.0
2026-05-28T12:30:00Z,407.4
2026-05-28T12:45:00Z,655.6
2026-05-28T13:00:00Z,454.1
2026-05-28T13:15:00Z,147.4
2026-05-28T13:30:00Z,161.7
2026-05-28T13:45:00Z,744.5
2026-05-28T14:00:00Z,519.3
2026-05-28T14:15:00Z,446.5
2026-05-28T14:30:00Z,630.9
2026-05-28T14:45:00Z,511.3
2026-05-28T15:00:00Z,538.5
2026-05-28T15:15:00Z,575.2
2026-05-28T15:30:00Z,611.1
2026-05-28T15:45:00Z,685.9
2026-05-28T16:00:00Z,712.2
2026-05-28T16:15:00Z,753.2
2026-05-28T16:30:00Z,658.0
2026-05-28T16:45:00Z,694.5
2026-05-28T17:00:00Z,789.4
2026-05-28T17:15:00Z,819.8
2026-05-28T17:30:00Z,982.3
2026-05-28T17:45:00Z,901.8
2026-05-28T18:00:00Z,812.4
2026-05-28T18:15:00Z,813.7
2026-05-28T18:30:00Z,894.5
2026-05-28T18:45:00Z,1052.5
2026-05-28T19:00:00Z,839.0
2026-05-28T19:15:00Z,997.3
2026-05-28T19:30:00Z,1031.1
2026-05-28T19:45:00Z,949.8
2026-05-28T20:00:00Z,325.7
2026-05-28T20:15:00Z,317.3
2026-05-28T20:30:00Z,339.4
2026-05-28T20:45:00Z,329.4
2026-05-28T21:00:00Z,355.5
2026-05-28T21:15:00Z,355.7
2026-05-28T21:30:00Z,349.2
2026-05-28T21:45:00Z,312.1
2026-05-28T22:00:00Z,345.6
2026-05-28T22:15:00Z,341.6
2026-05-28T22:30:00Z,340.1
2026-05-28T22:45:00Z,318.0
2026-05-28T23:00:00Z,327.2
2026-05-28T23:15:00Z,338.8
2026-05-28T23:30:00Z,306.5
2026-05-28T23:45:00Z,340.1
2026-05-29T00:00:00Z,329.7
2026-05-29T00:15:00Z,324.1
2026-05-29T00:30:00Z,316.0
2026-05-29T00:45:00Z,323.8
2026-05-29T01:00:00Z,319.3
2026-05-29T01:15:00Z,312.2
2026-05-29T01:30:00Z,339.3
2026-05-29T01:45:00Z,324.1
2026-05-29T02:00:00Z,311.7
2026-05-29T02:15:00Z,333.9
2026-05-29T02:30:00Z,344.7
2026-05-29T02:45:00Z,345.8
2026-05-29T03:00:00Z,318.6
2026-05-29T03:15:00Z,325.5
2026-05-29T03:30:00Z,346.5
2026-05-29T03:45:00Z,327.6
2026-05-29T04:00:00Z,1076.8
2026-05-29T04:15:00Z,931.3
2026-05-29T04:30:00Z,795.7
2026-05-29T04:45:00Z,710.3
2026-05-29T05:00:00Z,723.4
2026-05-29T05:15:00Z,986.9
2026-05-29T05:30:00Z,926.6
2026-05-29T05:45:00Z,874.8
2026-05-29T06:00:00Z,586.2
2026-05-29T06:15:00Z,779.3
2026-05-29T06:30:00Z,599.9
2026-05-29T06:45:00Z,566.7
2026-05-29T07:00:00Z,557.0
2026-05-29T07:15:00Z,525.6
2026-05-29T07:30:00Z,491.9
2026-05-29T07:45:00Z,421.1
2026-05-29T08:00:00Z,407.4
2026-05-29T08:15:00Z,501.1
2026-05-29T08:30:00Z,419.5
2026-05-29T08:45:00Z,149.7
2026-05-29T09:00:00Z,455.9
2026-05-29T09:15:00Z,583.3
2026-05-29T09:30:00Z,80.0
2026-05-29T09:45:00Z,80.0
2026-05-29T10:00:00Z,80.0
2026-05-29T10:15:00Z,482.6
2026-05-29T10:30:00Z,440.2
2026-05-29T10:45:00Z,322.3
2026-05-29T11:00:00Z,629.4
2026-05-29T11:15:00Z,189.3
2026-05-29T11:30:00Z,80.0
2026-05-29T11:45:00Z,673.0
2026-05-29T12:00:00Z,257.8
2026-05-29T12:15:00Z,98.3
2026-05-29T12:30:00Z,209.6
2026-05-29T12:45:00Z,127.1
2026-05-29T13:00:00Z,225.3
2026-05-29T13:15:00Z,535.9
2026-05-29T13:30:00Z,342.7
2026-05-29T13:45:00Z,343.6
2026-05-29T14:00:00Z,678.6
2026-05-29T14:15:00Z,611.9
2026-05-29T14:30:00Z,759.2
2026-05-29T14:45:00Z,738.2
2026-05-29T15:00:00Z,690.6
2026-05-29T15:15:00Z,418.3
2026-05-29T15:30:00Z,585.6
2026-05-29T15:45:00Z,667.8
2026-05-29T16:00:00Z,529.9
2026-05-29T16:15:00Z,723.5
2026-05-29T16:30:00Z,746.0
2026-05-29T16:45:00Z,718.5
2026-05-29T17:00:00Z,777.1
2026-05-29T17:15:00Z,800.2
2026-05-29T17:30:00Z,999.3
2026-05-29T17:45:00Z,845.9
2026-05-29T18:00:00Z,839.0
2026-05-29T18:15:00Z,1043.2
2026-05-29T18:30:00Z,1020.2
2026-05-29T18:45:00Z,887.3
2026-05-29T19:00:00Z,839.7
2026-05-29T19:15:00Z,802.4
2026-05-29T19:30:00Z,999.2
2026-05-29T19:45:00Z,912.8
2026-05-29T20:00:00Z,322.4
2026-05-29T20:15:00Z,325.6
2026-05-29T20:30:00Z,332.2
2026-05-29T20:45:00Z,319.0
2026-05-29T21:00:00Z,349.6
2026-05-29T21:15:00Z,317.4
2026-05-29T21:30:00Z,330.5
2026-05-29T21:45:00Z,331.9
2026-05-29T22:00:00Z,341.9
2026-05-29T22:15:00Z,334.3
2026-05-29T22:30:00Z,329.9
2026-05-29T22:45:00Z,350.0
2026-05-29T23:00:00Z,315.3
2026-05-29T23:15:00Z,325.0
2026-05-29T23:30:00Z,331.2
2026-05-29T23:45:00Z,339.9
2026-05-30T00:00:00Z,334.0
2026-05-30T00:15:00Z,312.0
2026-05-30T00:30:00Z,337.5
2026-05-30T00:45:00Z,321.7
2026-05-30T01:00:00Z,329.6
2026-05-30T01:15:00Z,317.4
2026-05-30T01:30:00Z,333.7
2026-05-30T01:45:00Z,320.5
2026-05-30T02:00:00Z,325.2
2026-05-30T02:15:00Z,332.3
2026-05-30T02:30:00Z,332.2
2026-05-30T02:45:00Z,339.3
2026-05-30T03:00:00Z,329.6
2026-05-30T03:15:00Z,304.7
2026-05-30T03:30:00Z,324.3
2026-05-30T03:45:00Z,337.9
2026-05-30T04:00:00Z,345.2
2026-05-30T04:15:00Z,298.3
2026-05-30T04:30:00Z,251.0
2026-05-30T04:45:00Z,212.9
2026-05-30T05:00:00Z,184.5
2026-05-30T05:15:00Z,230.5
2026-05-30T05:30:00Z,156.4
2026-05-30T05:45:00Z,238.4
2026-05-30T06:00:00Z,138.2
2026-05-30T06:15:00Z,80.0
2026-05-30T06:30:00Z,80.0
2026-05-30T06:45:00Z,121.3
2026-05-30T07:00:00Z,80.0
2026-05-30T07:15:00Z,88.4
2026-05-30T07:30:00Z,80.0
2026-05-30T07:45:00Z,80.0
2026-05-30T08:00:00Z,80.0
2026-05-30T08:15:00Z,80.0
2026-05-30T08:30:00Z,80.0
2026-05-30T08:45:00Z,80.0
2026-05-30T09:00:00Z,80.0
2026-05-30T09:15:00Z,80.0
2026-05-30T09:30:00Z,80.0
2026-05-30T09:45:00Z,80.0
2026-05-30T10:00:00Z,80.0
2026-05-30T10:15:00Z,80.0
2026-05-30T10:30:00Z,80.0
2026-05-30T10:45:00Z,80.0
2026-05-30T11:00:00Z,80.0
2026-05-30T11:15:00Z,80.0
2026-05-30T11:30:00Z,80.0
2026-05-30T11:45:00Z,80.0
2026-05-30T12:00:00Z,80.0
2026-05-30T12:15:00Z,80.0
2026-05-30T12:30:00Z,80.0
2026-05-30T12:45:00Z,80.0
2026-05-30T13:00:00Z,80.0
2026-05-30T13:15:00Z,80.0
2026-05-30T13:30:00Z,80.0
2026-05-30T13:45:00Z,80.0
2026-05-30T14:00:00Z,80.0
2026-05-30T14:15:00Z,131.9
2026-05-30T14:30:00Z,80.0
2026-05-30T14:45:00Z,80.0
2026-05-30T15:00:00Z,87.8
2026-05-30T15:15:00Z,80.0
2026-05-30T15:30:00Z,80.0
2026-05-30T15:45:00Z,128.3
2026-05-30T16:00:00Z,149.5
2026-05-30T16:15:00Z,118.6
2026-05-30T16:30:00Z,80.0
2026-05-30T16:45:00Z,222.7
2026-05-30T17:00:00Z,191.2
2026-05-30T17:15:00Z,283.8
2026-05-30T17:30:00Z,307.9
2026-05-30T17:45:00Z,305.2
2026-05-30T18:00:00Z,327.0
2026-05-30T18:15:00Z,308.7
2026-05-30T18:30:00Z,347.0
2026-05-30T18:45:00Z,318.5
2026-05-30T19:00:00Z,328.1
2026-05-30T19:15:00Z,329.2
2026-05-30T19:30:00Z,304.2
2026-05-30T19:45:00Z,341.8
2026-05-30T20:00:00Z,325.4
2026-05-30T20:15:00Z,331.4
2026-05-30T20:30:00Z,355.8
2026-05-30T20:45:00Z,351.3
2026-05-30T21:00:00Z,332.9
2026-05-30T21:15:00Z,318.4
2026-05-30T21:30:00Z,340.2
2026-05-30T21:45:00Z,309.2
2026-05-30T22:00:00Z,331.9
2026-05-30T22:15:00Z,343.1
2026-05-30T22:30:00Z,332.3
2026-05-30T22:45:00Z,335.1
2026-05-30T23:00:00Z,329.1
2026-05-30T23:15:00Z,329.2
2026-05-30T23:30:00Z,317.3
2026-05-30T23:45:00Z,310.0
2026-05-31T00:00:00Z,314.4
2026-05-31T00:15:00Z,328.9
2026-05-31T00:30:00Z,332.3
2026-05-31T00:45:00Z,337.0
2026-05-31T01:00:00Z,334.2
2026-05-31T01:15:00Z,335.2
2026-05-31T01:30:00Z,334.5
2026-05-31T01:45:00Z,324.3
2026-05-31T02:00:00Z,317.5
2026-05-31T02:15:00Z,323.9
2026-05-31T02:30:00Z,346.0
2026-05-31T02:45:00Z,326.3
2026-05-31T03:00:00Z,324.9
2026-05-31T03:15:00Z,346.5
2026-05-31T03:30:00Z,329.1
2026-05-31T03:45:00Z,346.3
2026-05-31T04:00:00Z,323.4
2026-05-31T04:15:00Z,273.6
2026-05-31T04:30:00Z,253.7
2026-05-31T04:45:00Z,206.4
2026-05-31T05:00:00Z,155.9
2026-05-31T05:15:00Z,231.2
2026-05-31T05:30:00Z,80.0
2026-05-31T05:45:00Z,80.0
2026-05-31T06:00:00Z,184.3
2026-05-31T06:15:00Z,142.4
2026-05-31T06:30:00Z,80.0
2026-05-31T06:45:00Z,80.0
2026-05-31T07:00:00Z,110.3
2026-05-31T07:15:00Z,80.0
2026-05-31T07:30:00Z,102.4
2026-05-31T07:45:00Z,80.0
2026-05-31T08:00:00Z,80.0
2026-05-31T08:15:00Z,80.0
2026-05-31T08:30:00Z,80.0
2026-05-31T08:45:00Z,80.0
2026-05-31T09:00:00Z,80.0
2026-05-31T09:15:00Z,80.0
2026-05-31T09:30:00Z,80.0
2026-05-31T09:45:00Z,80.0
2026-05-31T10:00:00Z,80.0
2026-05-31T10:15:00Z,80.0
2026-05-31T10:30:00Z,80.0
2026-05-31T10:45:00Z,80.0
2026-05-31T11:00:00Z,80.0
2026-05-31T11:15:00Z,80.0
2026-05-31T11:30:00Z,80.0
2026-05-31T11:45:00Z,80.0
2026-05-31T12:00:00Z,80.0
2026-05-31T12:15:00Z,80.0
2026-05-31T12:30:00Z,80.0
2026-05-31T12:45:00Z,80.0
2026-05-31T13:00:00Z,80.0
2026-05-31T13:15:00Z,80.0
2026-05-31T13:30:00Z,80.0
2026-05-31T13:45:00Z,81.5
2026-05-31T14:00:00Z,80.0
2026-05-31T14:15:00Z,80.0
2026-05-31T14:30:00Z,80.0
2026-05-31T14:45:00Z,80.0
2026-05-31T15:00:00Z,80.0
2026-05-31T15:15:00Z,80.0
2026-05-31T15:30:00Z,80.0
2026-05-31T15:45:00Z,120.6
2026-05-31T16:00:00Z,154.5
2026-05-31T16:15:00Z,80.0
2026-05-31T16:30:00Z,107.1
2026-05-31T16:45:00Z,123.3
2026-05-31T17:00:00Z,236.9
2026-05-31T17:15:00Z,256.4
2026-05-31T17:30:00Z,271.6
2026-05-31T17:45:00Z,289.7
2026-05-31T18:00:00Z,330.4
2026-05-31T18:15:00Z,333.6
2026-05-31T18:30:00Z,342.5
2026-05-31T18:45:00Z,329.9
2026-05-31T19:00:00Z,332.1
2026-05-31T19:15:00Z,333.6
2026-05-31T19:30:00Z,332.1
2026-05-31T19:45:00Z,328.1
2026-05-31T20:00:00Z,311.4
2026-05-31T20:15:00Z,330.0
2026-05-31T20:30:00Z,316.4
2026-05-31T20:45:00Z,313.3
2026-05-31T21:00:00Z,333.5
2026-05-31T21:15:00Z,327.7
2026-05-31T21:30:00Z,316.4
2026-05-31T21:45:00Z,317.1
2026-05-31T22:00:00Z,342.7
2026-05-31T22:15:00Z,345.8
2026-05-31T22:30:00Z,337.3
2026-05-31T22:45:00Z,342.0
2026-05-31T23:00:00Z,335.4
2026-05-31T23:15:00Z,321.7
2026-05-31T23:30:00Z,341.0
2026-05-31T23:45:00Z,313.7
2026-06-01T00:00:00Z,307.2
2026-06-01T00:15:00Z,324.4
2026-06-01T00:30:00Z,335.4
2026-06-01T00:45:00Z,351.4
2026-06-01T01:00:00Z,342.5
2026-06-01T01:15:00Z,328.2
2026-06-01T01:30:00Z,338.9
2026-06-01T01:45:00Z,319.3
2026-06-01T02:00:00Z,346.4
2026-06-01T02:15:00Z,336.8
2026-06-01T02:30:00Z,337.8
2026-06-01T02:45:00Z,321.8
2026-06-01T03:00:00Z,330.2
2026-06-01T03:15:00Z,324.1
2026-06-01T03:30:00Z,314.4
2026-06-01T03:45:00Z,330.9
2026-06-01T04:00:00Z,916.6
2026-06-01T04:15:00Z,1001.0
2026-06-01T04:30:00Z,1060.3
2026-06-01T04:45:00Z,881.2
2026-06-01T05:00:00Z,820.7
2026-06-01T05:15:00Z,649.8
2026-06-01T05:30:00Z,827.3
2026-06-01T05:45:00Z,762.8
2026-06-01T06:00:00Z,588.6
2026-06-01T06:15:00Z,716.4
2026-06-01T06:30:00Z,609.6
2026-06-01T06:45:00Z,490.4
2026-06-01T07:00:00Z,681.4
2026-06-01T07:15:00Z,438.0
2026-06-01T07:30:00Z,758.1
2026-06-01T07:45:00Z,199.3
2026-06-01T08:00:00Z,123.0
2026-06-01T08:15:00Z,121.4
2026-06-01T08:30:00Z,628.9
2026-06-01T08:45:00Z,107.9
2026-06-01T09:00:00Z,289.4
2026-06-01T09:15:00Z,484.5
2026-06-01T09:30:00Z,449.6
2026-06-01T09:45:00Z,661.4
2026-06-01T10:00:00Z,84.4
2026-06-01T10:15:00Z,473.0
2026-06-01T10:30:00Z,144.7
2026-06-01T10:45:00Z,411.5
2026-06-01T11:00:00Z,407.0
2026-06-01T11:15:00Z,157.9
2026-06-01T11:30:00Z,88.2
2026-06-01T11:45:00Z,622.3
2026-06-01T12:00:00Z,262.4
2026-06-01T12:15:00Z,403.7
2026-06-01T12:30:00Z,520.1
2026-06-01T12:45:00Z,541.3
2026-06-01T13:00:00Z,127.6
2026-06-01T13:15:00Z,295.7
2026-06-01T13:30:00Z,353.1
2026-06-01T13:45:00Z,444.9
2026-06-01T14:00:00Z,598.9
2026-06-01T14:15:00Z,671.6
2026-06-01T14:30:00Z,786.3
2026-06-01T14:45:00Z,383.2
2026-06-01T15:00:00Z,374.5
2026-06-01T15:15:00Z,621.2
2026-06-01T15:30:00Z,576.5
2026-06-01T15:45:00Z,527.3
2026-06-01T16:00:00Z,699.9
2026-06-01T16:15:00Z,527.7
2026-06-01T16:30:00Z,716.5
2026-06-01T16:45:00Z,706.4
2026-06-01T17:00:00Z,910.6
2026-06-01T17:15:00Z,652.6
2026-06-01T17:30:00Z,746.2
2026-06-01T17:45:00Z,775.0
2026-06-01T18:00:00Z,1033.1
2026-06-01T18:15:00Z,918.6
2026-06-01T18:30:00Z,1062.7
2026-06-01T18:45:00Z,941.3
2026-06-01T19:00:00Z,990.1
2026-06-01T19:15:00Z,879.0
2026-06-01T19:30:00Z,1030.6
2026-06-01T19:45:00Z,930.2
2026-06-01T20:00:00Z,341.6
2026-06-01T20:15:00Z,333.1
2026-06-01T20:30:00Z,345.3
2026-06-01T20:45:00Z,310.8
2026-06-01T21:00:00Z,331.1
2026-06-01T21:15:00Z,309.0
2026-06-01T21:30:00Z,330.2
2026-06-01T21:45:00Z,341.7
2026-06-01T22:00:00Z,337.2
2026-06-01T22:15:00Z,334.1
2026-06-01T22:30:00Z,324.9
2026-06-01T22:45:00Z,329.2
2026-06-01T23:00:00Z,323.2
2026-06-01T23:15:00Z,306.9
2026-06-01T23:30:00Z,322.3
2026-06-01T23:45:00Z,343.2
2026-06-02T00:00:00Z,320.6
2026-06-02T00:15:00Z,343.7
2026-06-02T00:30:00Z,326.9
2026-06-02T00:45:00Z,313.2
2026-06-02T01:00:00Z,334.0
2026-06-02T01:15:00Z,319.4
2026-06-02T01:30:00Z,334.9
2026-06-02T01:45:00Z,317.8
2026-06-02T02:00:00Z,331.2
2026-06-02T02:15:00Z,323.9
2026-06-02T02:30:00Z,333.0
2026-06-02T02:45:00Z,330.0
2026-06-02T03:00:00Z,327.0
2026-06-02T03:15:00Z,333.6
2026-06-02T03:30:00Z,323.3
2026-06-02T03:45:00Z,323.1
2026-06-02T04:00:00Z,1102.2
2026-06-02T04:15:00Z,952.9
2026-06-02T04:30:00Z,1007.9
2026-06-02T04:45:00Z,1051.5
2026-06-02T05:00:00Z,698.3
2026-06-02T05:15:00Z,906.9
2026-06-02T05:30:00Z,845.0
2026-06-02T05:45:00Z,742.5
2026-06-02T06:00:00Z,808.6
2026-06-02T06:15:00Z,728.3
2026-06-02T06:30:00Z,641.9
2026-06-02T06:45:00Z,882.1
2026-06-02T07:00:00Z,578.8
2026-06-02T07:15:00Z,460.7
2026-06-02T07:30:00Z,684.6
2026-06-02T07:45:00Z,677.6
2026-06-02T08:00:00Z,285.5
2026-06-02T08:15:00Z,205.7
2026-06-02T08:30:00Z,457.0
2026-06-02T08:45:00Z,328.1
2026-06-02T09:00:00Z,375.9
2026-06-02T09:15:00Z,393.9
2026-06-02T09:30:00Z,521.1
2026-06-02T09:45:00Z,395.4
2026-06-02T10:00:00Z,279.4
2026-06-02T10:15:00Z,399.1
2026-06-02T10:30:00Z,80.0
2026-06-02T10:45:00Z,502.4
2026-06-02T11:00:00Z,361.8
2026-06-02T11:15:00Z,718.9
2026-06-02T11:30:00Z,257.8
2026-06-02T11:45:00Z,618.7
2026-06-02T12:00:00Z,354.7
2026-06-02T12:15:00Z,698.1
2026-06-02T12:30:00Z,749.3
2026-06-02T12:45:00Z,758.1
2026-06-02T13:00:00Z,370.6
2026-06-02T13:15:00Z,415.5
2026-06-02T13:30:00Z,720.6
2026-06-02T13:45:00Z,440.7
2026-06-02T14:00:00Z,363.0
2026-06-02T14:15:00Z,429.0
2026-06-02T14:30:00Z,510.2
2026-06-02T14:45:00Z,339.9
2026-06-02T15:00:00Z,581.1
2026-06-02T15:15:00Z,564.7
2026-06-02T15:30:00Z,653.6
2026-06-02T15:45:00Z,924.6
2026-06-02T16:00:00Z,600.6
2026-06-02T16:15:00Z,585.6
2026-06-02T16:30:00Z,726.2
2026-06-02T16:45:00Z,662.7
2026-06-02T17:00:00Z,684.1
2026-06-02T17:15:00Z,674.9
2026-06-02T17:30:00Z,1012.5
2026-06-02T17:45:00Z,967.1
2026-06-02T18:00:00Z,1003.5
2026-06-02T18:15:00Z,842.5
2026-06-02T18:30:00Z,1038.4
2026-06-02T18:45:00Z,771.2
2026-06-02T19:00:00Z,1065.1
2026-06-02T19:15:00Z,975.4
2026-06-02T19:30:00Z,848.1
2026-06-02T19:45:00Z,1041.0
2026-06-02T20:00:00Z,321.6
2026-06-02T20:15:00Z,320.0
2026-06-02T20:30:00Z,328.1
2026-06-02T20:45:00Z,335.2
2026-06-02T21:00:00Z,342.7
2026-06-02T21:15:00Z,313.7
2026-06-02T21:30:00Z,307.8
2026-06-02T21:45:00Z,332.7
2026-06-02T22:00:00Z,333.8
2026-06-02T22:15:00Z,349.9
2026-06-02T22:30:00Z,336.2
2026-06-02T22:45:00Z,313.9
2026-06-02T23:00:00Z,328.5
2026-06-02T23:15:00Z,330.9
2026-06-02T23:30:00Z,338.2
2026-06-02T23:45:00Z,357.1
2026-06-03T00:00:00Z,310.6
2026-06-03T00:15:00Z,307.8
2026-06-03T00:30:00Z,359.2
2026-06-03T00:45:00Z,312.9
2026-06-03T01:00:00Z,340.9
2026-06-03T01:15:00Z,342.9
2026-06-03T01:30:00Z,330.8
2026-06-03T01:45:00Z,324.8
2026-06-03T02:00:00Z,335.3
2026-06-03T02:15:00Z,330.4
2026-06-03T02:30:00Z,332.2
2026-06-03T02:45:00Z,319.5
2026-06-03T03:00:00Z,334.8
2026-06-03T03:15:00Z,317.6
2026-06-03T03:30:00Z,322.1
2026-06-03T03:45:00Z,333.6
2026-06-03T04:00:00Z,1000.7
2026-06-03T04:15:00Z,1000.3
2026-06-03T04:30:00Z,985.0
2026-06-03T04:45:00Z,798.8
2026-06-03T05:00:00Z,1015.1
2026-06-03T05:15:00Z,916.4
2026-06-03T05:30:00Z,1036.7
2026-06-03T05:45:00Z,685.6
2026-06-03T06:00:00Z,789.7
2026-06-03T06:15:00Z,871.1
2026-06-03T06:30:00Z,590.2
2026-06-03T06:45:00Z,557.9
2026-06-03T07:00:00Z,454.1
2026-06-03T07:15:00Z,487.2
2026-06-03T07:30:00Z,713.0
2026-06-03T07:45:00Z,364.6
2026-06-03T08:00:00Z,416.1
2026-06-03T08:15:00Z,639.7
2026-06-03T08:30:00Z,776.3
2026-06-03T08:45:00Z,594.4
2026-06-03T09:00:00Z,583.3
2026-06-03T09:15:00Z,461.9
2026-06-03T09:30:00Z,350.0
2026-06-03T09:45:00Z,296.5
2026-06-03T10:00:00Z,441.4
2026-06-03T10:15:00Z,101.8
2026-06-03T10:30:00Z,124.5
2026-06-03T10:45:00Z,428.4
2026-06-03T11:00:00Z,234.5
2026-06-03T11:15:00Z,310.5
2026-06-03T11:30:00Z,325.9
2026-06-03T11:45:00Z,376.6
2026-06-03T12:00:00Z,391.2
2026-06-03T12:15:00Z,486.8
2026-06-03T12:30:00Z,678.8
2026-06-03T12:45:00Z,322.0
2026-06-03T13:00:00Z,617.0
2026-06-03T13:15:00Z,391.2
2026-06-03T13:30:00Z,604.7
2026-06-03T13:45:00Z,401.4
2026-06-03T14:00:00Z,245.3
2026-06-03T14:15:00Z,724.3
2026-06-03T14:30:00Z,791.1
2026-06-03T14:45:00Z,339.8
2026-06-03T15:00:00Z,752.3
2026-06-03T15:15:00Z,832.6
2026-06-03T15:30:00Z,844.6
2026-06-03T15:45:00Z,570.1
2026-06-03T16:00:00Z,636.0
2026-06-03T16:15:00Z,570.4
2026-06-03T16:30:00Z,825.3
2026-06-03T16:45:00Z,627.5
2026-06-03T17:00:00Z,773.1
2026-06-03T17:15:00Z,790.2
2026-06-03T17:30:00Z,784.8
2026-06-03T17:45:00Z,831.6
2026-06-03T18:00:00Z,847.3
2026-06-03T18:15:00Z,918.8
2026-06-03T18:30:00Z,1050.2
2026-06-03T18:45:00Z,836.6
2026-06-03T19:00:00Z,1010.5
2026-06-03T19:15:00Z,974.1
2026-06-03T19:30:00Z,819.6
2026-06-03T19:45:00Z,1028.8
2026-06-03T20:00:00Z,345.0
2026-06-03T20:15:00Z,317.8
2026-06-03T20:30:00Z,347.4
2026-06-03T20:45:00Z,323.1
2026-06-03T21:00:00Z,316.9
2026-06-03T21:15:00Z,306.5
2026-06-03T21:30:00Z,301.5
2026-06-03T21:45:00Z,332.8
2026-06-03T22:00:00Z,332.9
2026-06-03T22:15:00Z,319.6
2026-06-03T22:30:00Z,342.1
2026-06-03T22:45:00Z,318.8
2026-06-03T23:00:00Z,319.3
2026-06-03T23:15:00Z,336.3
2026-06-03T23:30:00Z,325.1
2026-06-03T23:45:00Z,327.1
2026-06-04T00:00:00Z,323.2
2026-06-04T00:15:00Z,339.6
2026-06-04T00:30:00Z,335.2
2026-06-04T00:45:00Z,326.0
2026-06-04T01:00:00Z,315.6
2026-06-04T01:15:00Z,310.1
2026-06-04T01:30:00Z,319.0
2026-06-04T01:45:00Z,345.9
2026-06-04T02:00:00Z,318.6
2026-06-04T02:15:00Z,337.6
2026-06-04T02:30:00Z,336.2
2026-06-04T02:45:00Z,332.8
2026-06-04T03:00:00Z,348.4
2026-06-04T03:15:00Z,327.4
2026-06-04T03:30:00Z,344.5
2026-06-04T03:45:00Z,325.8
2026-06-04T04:00:00Z,1065.1
2026-06-04T04:15:00Z,968.5
2026-06-04T04:30:00Z,1029.2
2026-06-04T04:45:00Z,848.9
2026-06-04T05:00:00Z,838.8
2026-06-04T05:15:00Z,935.8
2026-06-04T05:30:00Z,775.5
2026-06-04T05:45:00Z,815.2
2026-06-04T06:00:00Z,601.9
2026-06-04T06:15:00Z,791.9
2026-06-04T06:30:00Z,573.2
2026-06-04T06:45:00Z,660.0
2026-06-04T07:00:00Z,582.6
2026-06-04T07:15:00Z,482.7
2026-06-04T07:30:00Z,490.0
2026-06-04T07:45:00Z,659.2
2026-06-04T08:00:00Z,833.3
2026-06-04T08:15:00Z,274.6
2026-06-04T08:30:00Z,233.8
2026-06-04T08:45:00Z,574.7
2026-06-04T09:00:00Z,503.1
2026-06-04T09:15:00Z,83.5
2026-06-04T09:30:00Z,410.3
2026-06-04T09:45:00Z,263.6
2026-06-04T10:00:00Z,315.9
2026-06-04T10:15:00Z,442.9
2026-06-04T10:30:00Z,264.5
2026-06-04T10:45:00Z,98.4
2026-06-04T11:00:00Z,80.0
2026-06-04T11:15:00Z,310.1
2026-06-04T11:30:00Z,361.7
2026-06-04T11:45:00Z,697.4
2026-06-04T12:00:00Z,155.2
2026-06-04T12:15:00Z,453.3
2026-06-04T12:30:00Z,272.4
2026-06-04T12:45:00Z,142.6
2026-06-04T13:00:00Z,383.3
2026-06-04T13:15:00Z,133.5
2026-06-04T13:30:00Z,275.7
2026-06-04T13:45:00Z,418.6
2026-06-04T14:00:00Z,534.4
2026-06-04T14:15:00Z,392.9
2026-06-04T14:30:00Z,360.5
2026-06-04T14:45:00Z,515.8
2026-06-04T15:00:00Z,489.7
2026-06-04T15:15:00Z,454.5
2026-06-04T15:30:00Z,622.0
2026-06-04T15:45:00Z,772.1
2026-06-04T16:00:00Z,551.1
2026-06-04T16:15:00Z,574.0
2026-06-04T16:30:00Z,927.9
2026-06-04T16:45:00Z,719.4
2026-06-04T17:00:00Z,734.8
2026-06-04T17:15:00Z,983.9
2026-06-04T17:30:00Z,1025.6
2026-06-04T17:45:00Z,783.9
2026-06-04T18:00:00Z,796.6
2026-06-04T18:15:00Z,1021.2
2026-06-04T18:30:00Z,894.5
2026-06-04T18:45:00Z,1023.0
2026-06-04T19:00:00Z,908.2
2026-06-04T19:15:00Z,1066.1
2026-06-04T19:30:00Z,909.5
2026-06-04T19:45:00Z,933.5
2026-06-04T20:00:00Z,337.3
2026-06-04T20:15:00Z,325.8
2026-06-04T20:30:00Z,355.2
2026-06-04T20:45:00Z,338.3
2026-06-04T21:00:00Z,344.8
2026-06-04T21:15:00Z,319.4
2026-06-04T21:30:00Z,320.2
2026-06-04T21:45:00Z,340.8
2026-06-04T22:00:00Z,316.7
2026-06-04T22:15:00Z,366.5
2026-06-04T22:30:00Z,343.9
2026-06-04T22:45:00Z,324.7
2026-06-04T23:00:00Z,319.7
2026-06-04T23:15:00Z,328.7
2026-06-04T23:30:00Z,317.7
2026-06-04T23:45:00Z,323.8
2026-06-05T00:00:00Z,338.3
2026-06-05T00:15:00Z,316.8
2026-06-05T00:30:00Z,311.1
2026-06-05T00:45:00Z,322.7
2026-06-05T01:00:00Z,333.9
2026-06-05T01:15:00Z,327.0
2026-06-05T01:30:00Z,323.4
2026-06-05T01:45:00Z,337.3
2026-06-05T02:00:00Z,313.6
2026-06-05T02:15:00Z,341.2
2026-06-05T02:30:00Z,336.5
2026-06-05T02:45:00Z,334.9
2026-06-05T03:00:00Z,344.2
2026-06-05T03:15:00Z,335.4
2026-06-05T03:30:00Z,332.0
2026-06-05T03:45:00Z,321.4
2026-06-05T04:00:00Z,931.0
2026-06-05T04:15:00Z,962.7
2026-06-05T04:30:00Z,1028.4
2026-06-05T04:45:00Z,943.7
2026-06-05T05:00:00Z,1029.7
2026-06-05T05:15:00Z,705.8
2026-06-05T05:30:00Z,868.0
2026-06-05T05:45:00Z,918.9
2026-06-05T06:00:00Z,714.0
2026-06-05T06:15:00Z,745.3
2026-06-05T06:30:00Z,400.1
2026-06-05T06:45:00Z,600.5
2026-06-05T07:00:00Z,720.9
2026-06-05T07:15:00Z,574.0
2026-06-05T07:30:00Z,749.0
2026-06-05T07:45:00Z,674.6
2026-06-05T08:00:00Z,336.8
2026-06-05T08:15:00Z,599.6
2026-06-05T08:30:00Z,203.2
2026-06-05T08:45:00Z,321.7
2026-06-05T09:00:00Z,170.6
2026-06-05T09:15:00Z,399.6
2026-06-05T09:30:00Z,820.3
2026-06-05T09:45:00Z,323.0
2026-06-05T10:00:00Z,170.9
2026-06-05T10:15:00Z,551.1
2026-06-05T10:30:00Z,610.6
2026-06-05T10:45:00Z,493.2
2026-06-05T11:00:00Z,169.9
2026-06-05T11:15:00Z,603.9
2026-06-05T11:30:00Z,360.1
2026-06-05T11:45:00Z,239.6
2026-06-05T12:00:00Z,336.2
2026-06-05T12:15:00Z,235.8
2026-06-05T12:30:00Z,534.6
2026-06-05T12:45:00Z,227.9
2026-06-05T13:00:00Z,479.1
2026-06-05T13:15:00Z,764.4
2026-06-05T13:30:00Z,625.0
2026-06-05T13:45:00Z,210.1
2026-06-05T14:00:00Z,489.2
2026-06-05T14:15:00Z,764.3
2026-06-05T14:30:00Z,797.7
2026-06-05T14:45:00Z,605.9
2026-06-05T15:00:00Z,552.5
2026-06-05T15:15:00Z,492.3
2026-06-05T15:30:00Z,375.2
2026-06-05T15:45:00Z,679.7
2026-06-05T16:00:00Z,830.8
2026-06-05T16:15:00Z,495.9
2026-06-05T16:30:00Z,834.0
2026-06-05T16:45:00Z,743.0
2026-06-05T17:00:00Z,730.9
2026-06-05T17:15:00Z,861.1
2026-06-05T17:30:00Z,795.7
2026-06-05T17:45:00Z,796.6
2026-06-05T18:00:00Z,1001.6
2026-06-05T18:15:00Z,783.1
2026-06-05T18:30:00Z,1020.1
2026-06-05T18:45:00Z,785.6
2026-06-05T19:00:00Z,880.0
2026-06-05T19:15:00Z,819.0
2026-06-05T19:30:00Z,782.3
2026-06-05T19:45:00Z,975.3
2026-06-05T20:00:00Z,323.3
2026-06-05T20:15:00Z,328.9
2026-06-05T20:30:00Z,312.6
2026-06-05T20:45:00Z,340.3
2026-06-05T21:00:00Z,335.5
2026-06-05T21:15:00Z,348.7
2026-06-05T21:30:00Z,317.9
2026-06-05T21:45:00Z,322.7
2026-06-05T22:00:00Z,315.6
2026-06-05T22:15:00Z,304.1
2026-06-05T22:30:00Z,341.3
2026-06-05T22:45:00Z,338.9
2026-06-05T23:00:00Z,327.0
2026-06-05T23:15:00Z,334.5
2026-06-05T23:30:00Z,327.4
2026-06-05T23:45:00Z,338.6
2026-06-06T00:00:00Z,328.6
2026-06-06T00:15:00Z,322.4
2026-06-06T00:30:00Z,332.4
2026-06-06T00:45:00Z,328.1
2026-06-06T01:00:00Z,334.4
2026-06-06T01:15:00Z,324.9
2026-06-06T01:30:00Z,316.8
2026-06-06T01:45:00Z,356.3
2026-06-06T02:00:00Z,323.0
2026-06-06T02:15:00Z,345.7
2026-06-06T02:30:00Z,338.7
2026-06-06T02:45:00Z,336.6
2026-06-06T03:00:00Z,319.5
2026-06-06T03:15:00Z,326.8
2026-06-06T03:30:00Z,340.0
2026-06-06T03:45:00Z,332.9
2026-06-06T04:00:00Z,351.8
2026-06-06T04:15:00Z,301.7
2026-06-06T04:30:00Z,281.4
2026-06-06T04:45:00Z,210.1
2026-06-06T05:00:00Z,197.0
2026-06-06T05:15:00Z,218.0
2026-06-06T05:30:00Z,235.8
2026-06-06T05:45:00Z,80.0
2026-06-06T06:00:00Z,181.2
2026-06-06T06:15:00Z,80.0
2026-06-06T06:30:00Z,80.0
2026-06-06T06:45:00Z,115.7
2026-06-06T07:00:00Z,80.0
2026-06-06T07:15:00Z,80.0
2026-06-06T07:30:00Z,80.0
2026-06-06T07:45:00Z,80.0
2026-06-06T08:00:00Z,80.0
2026-06-06T08:15:00Z,80.0
2026-06-06T08:30:00Z,80.0
2026-06-06T08:45:00Z,80.0
2026-06-06T09:00:00Z,80.0
2026-06-06T09:15:00Z,80.0
2026-06-06T09:30:00Z,80.0
2026-06-06T09:45:00Z,80.0
2026-06-06T10:00:00Z,80.0
2026-06-06T10:15:00Z,80.0
2026-06-06T10:30:00Z,80.0
2026-06-06T10:45:00Z,80.0
2026-06-06T11:00:00Z,80.0
2026-06-06T11:15:00Z,80.0
2026-06-06T11:30:00Z,80.0
2026-06-06T11:45:00Z,80.0
2026-06-06T12:00:00Z,80.0
2026-06-06T12:15:00Z,80.0
2026-06-06T12:30:00Z,80.0
2026-06-06T12:45:00Z,80.0
2026-06-06T13:00:00Z,80.0
2026-06-06T13:15:00Z,80.0
2026-06-06T13:30:00Z,104.4
2026-06-06T13:45:00Z,80.0
2026-06-06T14:00:00Z,80.0
2026-06-06T14:15:00Z,80.0
2026-06-06T14:30:00Z,80.0
2026-06-06T14:45:00Z,80.0
2026-06-06T15:00:00Z,125.3
2026-06-06T15:15:00Z,80.0
2026-06-06T15:30:00Z,80.0
2026-06-06T15:45:00Z,80.0
2026-06-06T16:00:00Z,204.1
2026-06-06T16:15:00Z,102.9
2026-06-06T16:30:00Z,141.4
2026-06-06T16:45:00Z,213.6
2026-06-06T17:00:00Z,214.0
2026-06-06T17:15:00Z,228.7
2026-06-06T17:30:00Z,285.5
2026-06-06T17:45:00Z,285.6
2026-06-06T18:00:00Z,343.3
2026-06-06T18:15:00Z,344.7
2026-06-06T18:30:00Z,330.5
2026-06-06T18:45:00Z,344.7
2026-06-06T19:00:00Z,321.9
2026-06-06T19:15:00Z,325.2
2026-06-06T19:30:00Z,324.8
2026-06-06T19:45:00Z,326.7
2026-06-06T20:00:00Z,326.4
2026-06-06T20:15:00Z,339.1
2026-06-06T20:30:00Z,316.8
2026-06-06T20:45:00Z,336.0
2026-06-06T21:00:00Z,324.5
2026-06-06T21:15:00Z,324.9
2026-06-06T21:30:00Z,310.1
2026-06-06T21:45:00Z,327.2
2026-06-06T22:00:00Z,330.8
2026-06-06T22:15:00Z,332.2
2026-06-06T22:30:00Z,344.6
2026-06-06T22:45:00Z,324.5
2026-06-06T23:00:00Z,326.5
2026-06-06T23:15:00Z,312.4
2026-06-06T23:30:00Z,312.4
2026-06-06T23:45:00Z,317.8
2026-06-07T00:00:00Z,340.6
2026-06-07T00:15:00Z,341.3
2026-06-07T00:30:00Z,315.9
2026-06-07T00:45:00Z,331.7
2026-06-07T01:00:00Z,319.1
2026-06-07T01:15:00Z,344.4
2026-06-07T01:30:00Z,325.8
2026-06-07T01:45:00Z,323.8
2026-06-07T02:00:00Z,307.3
2026-06-07T02:15:00Z,323.8
2026-06-07T02:30:00Z,332.7
2026-06-07T02:45:00Z,325.4
2026-06-07T03:00:00Z,314.6
2026-06-07T03:15:00Z,311.2
2026-06-07T03:30:00Z,329.1
2026-06-07T03:45:00Z,327.5
2026-06-07T04:00:00Z,332.0
2026-06-07T04:15:00Z,274.7
2026-06-07T04:30:00Z,284.3
2026-06-07T04:45:00Z,293.6
2026-06-07T05:00:00Z,223.6
2026-06-07T05:15:00Z,187.3
2026-06-07T05:30:00Z,159.5
2026-06-07T05:45:00Z,109.9
2026-06-07T06:00:00Z,130.8
2026-06-07T06:15:00Z,103.2
2026-06-07T06:30:00Z,175.3
2026-06-07T06:45:00Z,80.0
2026-06-07T07:00:00Z,80.0
2026-06-07T07:15:00Z,80.0
2026-06-07T07:30:00Z,80.0
2026-06-07T07:45:00Z,80.0
2026-06-07T08:00:00Z,80.0
2026-06-07T08:15:00Z,80.0
2026-06-07T08:30:00Z,80.0
2026-06-07T08:45:00Z,80.0
2026-06-07T09:00:00Z,80.0
2026-06-07T09:15:00Z,80.0
2026-06-07T09:30:00Z,80.0
2026-06-07T09:45:00Z,80.0
2026-06-07T10:00:00Z,80.0
2026-06-07T10:15:00Z,80.0
2026-06-07T10:30:00Z,80.0
2026-06-07T10:45:00Z,80.0
2026-06-07T11:00:00Z,80.0
2026-06-07T11:15:00Z,80.0
2026-06-07T11:30:00Z,80.0
2026-06-07T11:45:00Z,80.0
2026-06-07T12:00:00Z,80.0
2026-06-07T12:15:00Z,80.0
2026-06-07T12:30:00Z,80.0
2026-06-07T12:45:00Z,80.0
2026-06-07T13:00:00Z,80.0
2026-06-07T13:15:00Z,80.0
2026-06-07T13:30:00Z,80.0
2026-06-07T13:45:00Z,80.0
2026-06-07T14:00:00Z,80.0
2026-06-07T14:15:00Z,108.0
2026-06-07T14:30:00Z,80.0
2026-06-07T14:45:00Z,81.5
2026-06-07T15:00:00Z,80.0
2026-06-07T15:15:00Z,80.0
2026-06-07T15:30:00Z,80.0
2026-06-07T15:45:00Z,80.0
2026-06-07T16:00:00Z,91.9
2026-06-07T16:15:00Z,104.7
2026-06-07T16:30:00Z,80.0
2026-06-07T16:45:00Z,146.4
2026-06-07T17:00:00Z,231.8
2026-06-07T17:15:00Z,173.2
2026-06-07T17:30:00Z,293.0
2026-06-07T17:45:00Z,293.6
2026-06-07T18:00:00Z,339.8
2026-06-07T18:15:00Z,324.3
2026-06-07T18:30:00Z,329.8
2026-06-07T18:45:00Z,331.7
2026-06-07T19:00:00Z,321.3
2026-06-07T19:15:00Z,340.5
2026-06-07T19:30:00Z,320.9
2026-06-07T19:45:00Z,331.6
2026-06-07T20:00:00Z,345.3
2026-06-07T20:15:00Z,335.5
2026-06-07T20:30:00Z,310.4
2026-06-07T20:45:00Z,335.1
2026-06-07T21:00:00Z,324.0
2026-06-07T21:15:00Z,348.4
2026-06-07T21:30:00Z,320.2
2026-06-07T21:45:00Z,333.6
2026-06-07T22:00:00Z,332.9
2026-06-07T22:15:00Z,336.9
2026-06-07T22:30:00Z,341.5
2026-06-07T22:45:00Z,343.8
2026-06-07T23:00:00Z,333.3
2026-06-07T23:15:00Z,325.0
2026-06-07T23:30:00Z,319.0
2026-06-07T23:45:00Z,310.6
2026-06-08T00:00:00Z,317.1
2026-06-08T00:15:00Z,326.3
2026-06-08T00:30:00Z,346.2
2026-06-08T00:45:00Z,324.4
2026-06-08T01:00:00Z,340.4
2026-06-08T01:15:00Z,313.4
2026-06-08T01:30:00Z,322.2
2026-06-08T01:45:00Z,325.9
2026-06-08T02:00:00Z,336.1
2026-06-08T02:15:00Z,323.6
2026-06-08T02:30:00Z,327.2
2026-06-08T02:45:00Z,328.9
2026-06-08T03:00:00Z,344.2
2026-06-08T03:15:00Z,333.8
2026-06-08T03:30:00Z,334.0
2026-06-08T03:45:00Z,334.4
2026-06-08T04:00:00Z,1074.9
2026-06-08T04:15:00Z,1126.2
2026-06-08T04:30:00Z,1093.4
2026-06-08T04:45:00Z,825.9
2026-06-08T05:00:00Z,1010.9
2026-06-08T05:15:00Z,896.1
2026-06-08T05:30:00Z,1019.8
2026-06-08T05:45:00Z,763.8
2026-06-08T06:00:00Z,610.0
2026-06-08T06:15:00Z,787.5
2026-06-08T06:30:00Z,583.5
2026-06-08T06:45:00Z,700.3
2026-06-08T07:00:00Z,432.7
2026-06-08T07:15:00Z,604.0
2026-06-08T07:30:00Z,278.6
2026-06-08T07:45:00Z,186.3
2026-06-08T08:00:00Z,602.8
2026-06-08T08:15:00Z,324.3
2026-06-08T08:30:00Z,580.6
2026-06-08T08:45:00Z,422.9
2026-06-08T09:00:00Z,443.1
2026-06-08T09:15:00Z,493.4
2026-06-08T09:30:00Z,364.6
2026-06-08T09:45:00Z,520.5
2026-06-08T10:00:00Z,289.1
2026-06-08T10:15:00Z,80.0
2026-06-08T10:30:00Z,596.5
2026-06-08T10:45:00Z,198.3
2026-06-08T11:00:00Z,644.8
2026-06-08T11:15:00Z,80.0
2026-06-08T11:30:00Z,601.1
2026-06-08T11:45:00Z,252.4
2026-06-08T12:00:00Z,225.9
2026-06-08T12:15:00Z,305.7
2026-06-08T12:30:00Z,414.1
2026-06-08T12:45:00Z,611.3
2026-06-08T13:00:00Z,495.5
2026-06-08T13:15:00Z,354.5
2026-06-08T13:30:00Z,649.6
2026-06-08T13:45:00Z,262.2
2026-06-08T14:00:00Z,331.7
2026-06-08T14:15:00Z,471.7
2026-06-08T14:30:00Z,583.6
2026-06-08T14:45:00Z,481.7
2026-06-08T15:00:00Z,494.3
2026-06-08T15:15:00Z,485.5
2026-06-08T15:30:00Z,608.3
2026-06-08T15:45:00Z,688.4
2026-06-08T16:00:00Z,630.7
2026-06-08T16:15:00Z,522.4
2026-06-08T16:30:00Z,651.1
2026-06-08T16:45:00Z,936.0
2026-06-08T17:00:00Z,907.4
2026-06-08T17:15:00Z,890.9
2026-06-08T17:30:00Z,963.7
2026-06-08T17:45:00Z,928.5
2026-06-08T18:00:00Z,960.4
2026-06-08T18:15:00Z,987.3
2026-06-08T18:30:00Z,997.1
2026-06-08T18:45:00Z,982.9
2026-06-08T19:00:00Z,1066.7
2026-06-08T19:15:00Z,1015.8
2026-06-08T19:30:00Z,976.6
2026-06-08T19:45:00Z,1040.9
2026-06-08T20:00:00Z,324.8
2026-06-08T20:15:00Z,343.7
2026-06-08T20:30:00Z,339.9
2026-06-08T20:45:00Z,331.1
2026-06-08T21:00:00Z,347.1
2026-06-08T21:15:00Z,327.7
2026-06-08T21:30:00Z,333.1
2026-06-08T21:45:00Z,315.2
2026-06-08T22:00:00Z,336.5
2026-06-08T22:15:00Z,329.4
2026-06-08T22:30:00Z,324.3
2026-06-08T22:45:00Z,330.4
2026-06-08T23:00:00Z,345.0
2026-06-08T23:15:00Z,333.9
2026-06-08T23:30:00Z,346.1
2026-06-08T23:45:00Z,333.2
2026-06-09T00:00:00Z,339.7
2026-06-09T00:15:00Z,338.9
2026-06-09T00:30:00Z,309.4
2026-06-09T00:45:00Z,329.1
2026-06-09T01:00:00Z,325.8
2026-06-09T01:15:00Z,326.8
2026-06-09T01:30:00Z,323.1
2026-06-09T01:45:00Z,338.2
2026-06-09T02:00:00Z,325.6
2026-06-09T02:15:00Z,355.4
2026-06-09T02:30:00Z,316.8
2026-06-09T02:45:00Z,355.9
2026-06-09T03:00:00Z,335.7
2026-06-09T03:15:00Z,345.5
2026-06-09T03:30:00Z,326.7
2026-06-09T03:45:00Z,331.4
2026-06-09T04:00:00Z,1123.4
2026-06-09T04:15:00Z,1024.7
2026-06-09T04:30:00Z,1037.5
2026-06-09T04:45:00Z,1085.4
2026-06-09T05:00:00Z,719.4
2026-06-09T05:15:00Z,705.5
2026-06-09T05:30:00Z,778.1
2026-06-09T05:45:00Z,947.6
2026-06-09T06:00:00Z,470.7
2026-06-09T06:15:00Z,912.9
2026-06-09T06:30:00Z,703.0
2026-06-09T06:45:00Z,702.3
2026-06-09T07:00:00Z,430.0
2026-06-09T07:15:00Z,644.3
2026-06-09T07:30:00Z,336.4
2026-06-09T07:45:00Z,533.6
2026-06-09T08:00:00Z,677.0
2026-06-09T08:15:00Z,625.9
2026-06-09T08:30:00Z,420.1
2026-06-09T08:45:00Z,502.4
2026-06-09T09:00:00Z,311.6
2026-06-09T09:15:00Z,526.0
2026-06-09T09:30:00Z,317.8
2026-06-09T09:45:00Z,356.0
2026-06-09T10:00:00Z,646.4
2026-06-09T10:15:00Z,479.5
2026-06-09T10:30:00Z,583.4
2026-06-09T10:45:00Z,174.2
2026-06-09T11:00:00Z,197.2
2026-06-09T11:15:00Z,478.9
2026-06-09T11:30:00Z,319.1
2026-06-09T11:45:00Z,474.1
2026-06-09T12:00:00Z,387.5
2026-06-09T12:15:00Z,437.8
2026-06-09T12:30:00Z,784.7
2026-06-09T12:45:00Z,546.7
2026-06-09T13:00:00Z,442.2
2026-06-09T13:15:00Z,430.1
2026-06-09T13:30:00Z,423.2
2026-06-09T13:45:00Z,272.0
2026-06-09T14:00:00Z,347.4
2026-06-09T14:15:00Z,430.1
2026-06-09T14:30:00Z,198.9
2026-06-09T14:45:00Z,596.2
2026-06-09T15:00:00Z,663.6
2026-06-09T15:15:00Z,429.3
2026-06-09T15:30:00Z,634.1
2026-06-09T15:45:00Z,576.1
2026-06-09T16:00:00Z,691.2
2026-06-09T16:15:00Z,738.6
2026-06-09T16:30:00Z,629.3
2026-06-09T16:45:00Z,759.4
2026-06-09T17:00:00Z,596.4
2026-06-09T17:15:00Z,848.3
2026-06-09T17:30:00Z,709.1
2026-06-09T17:45:00Z,1011.9
2026-06-09T18:00:00Z,942.0
2026-06-09T18:15:00Z,899.7
2026-06-09T18:30:00Z,987.8
2026-06-09T18:45:00Z,893.1
2026-06-09T19:00:00Z,776.4
2026-06-09T19:15:00Z,898.6
2026-06-09T19:30:00Z,1058.5
2026-06-09T19:45:00Z,1078.1
2026-06-09T20:00:00Z,315.7
2026-06-09T20:15:00Z,325.2
2026-06-09T20:30:00Z,321.0
2026-06-09T20:45:00Z,307.7
2026-06-09T21:00:00Z,313.2
2026-06-09T21:15:00Z,335.4
2026-06-09T21:30:00Z,323.8
2026-06-09T21:45:00Z,309.1
2026-06-09T22:00:00Z,346.1
2026-06-09T22:15:00Z,310.2
2026-06-09T22:30:00Z,324.7
2026-06-09T22:45:00Z,334.9
2026-06-09T23:00:00Z,330.7
2026-06-09T23:15:00Z,305.7
2026-06-09T23:30:00Z,332.8
2026-06-09T23:45:00Z,327.9
2026-06-10T00:00:00Z,331.3
2026-06-10T00:15:00Z,337.1
2026-06-10T00:30:00Z,335.4
2026-06-10T00:45:00Z,325.1
2026-06-10T01:00:00Z,340.5
2026-06-10T01:15:00Z,338.8
2026-06-10T01:30:00Z,350.3
2026-06-10T01:45:00Z,344.5
2026-06-10T02:00:00Z,336.9
2026-06-10T02:15:00Z,321.7
2026-06-10T02:30:00Z,324.2
2026-06-10T02:45:00Z,344.6
2026-06-10T03:00:00Z,313.5
2026-06-10T03:15:00Z,322.6
2026-06-10T03:30:00Z,311.2
2026-06-10T03:45:00Z,319.9
2026-06-10T04:00:00Z,1020.5
2026-06-10T04:15:00Z,1037.3
2026-06-10T04:30:00Z,827.1
2026-06-10T04:45:00Z,834.0
2026-06-10T05:00:00Z,839.0
2026-06-10T05:15:00Z,622.6
2026-06-10T05:30:00Z,904.3
2026-06-10T05:45:00Z,614.6
2026-06-10T06:00:00Z,581.4
2026-06-10T06:15:00Z,562.5
2026-06-10T06:30:00Z,655.6
2026-06-10T06:45:00Z,506.2
2026-06-10T07:00:00Z,699.5
2026-06-10T07:15:00Z,792.9
2026-06-10T07:30:00Z,810.0
2026-06-10T07:45:00Z,318.6
2026-06-10T08:00:00Z,593.7
2026-06-10T08:15:00Z,378.3
2026-06-10T08:30:00Z,687.8
2026-06-10T08:45:00Z,399.6
2026-06-10T09:00:00Z,157.9
2026-06-10T09:15:00Z,375.6
2026-06-10T09:30:00Z,97.5
2026-06-10T09:45:00Z,396.2
2026-06-10T10:00:00Z,653.6
2026-06-10T10:15:00Z,419.5
2026-06-10T10:30:00Z,407.9
2026-06-10T10:45:00Z,177.3
2026-06-10T11:00:00Z,506.6
2026-06-10T11:15:00Z,80.0
2026-06-10T11:30:00Z,283.2
2026-06-10T11:45:00Z,500.7
2026-06-10T12:00:00Z,488.3
2026-06-10T12:15:00Z,269.7
2026-06-10T12:30:00Z,497.2
2026-06-10T12:45:00Z,752.9
2026-06-10T13:00:00Z,535.0
2026-06-10T13:15:00Z,239.5
2026-06-10T13:30:00Z,542.1
2026-06-10T13:45:00Z,389.5
2026-06-10T14:00:00Z,255.3
2026-06-10T14:15:00Z,185.4
2026-06-10T14:30:00Z,312.2
2026-06-10T14:45:00Z,569.6
2026-06-10T15:00:00Z,781.3
2026-06-10T15:15:00Z,440.9
2026-06-10T15:30:00Z,819.6
2026-06-10T15:45:00Z,707.6
2026-06-10T16:00:00Z,816.4
2026-06-10T16:15:00Z,699.7
2026-06-10T16:30:00Z,805.9
2026-06-10T16:45:00Z,681.7
2026-06-10T17:00:00Z,875.7
2026-06-10T17:15:00Z,750.3
2026-06-10T17:30:00Z,769.9
2026-06-10T17:45:00Z,1003.0
2026-06-10T18:00:00Z,936.6
2026-06-10T18:15:00Z,920.2
2026-06-10T18:30:00Z,1030.8
2026-06-10T18:45:00Z,852.4
2026-06-10T19:00:00Z,942.5
2026-06-10T19:15:00Z,791.3
2026-06-10T19:30:00Z,1066.0
2026-06-10T19:45:00Z,1009.8
2026-06-10T20:00:00Z,326.0
2026-06-10T20:15:00Z,324.1
2026-06-10T20:30:00Z,324.7
2026-06-10T20:45:00Z,319.0
2026-06-10T21:00:00Z,312.6
2026-06-10T21:15:00Z,327.0
2026-06-10T21:30:00Z,332.1
2026-06-10T21:45:00Z,323.9
2026-06-10T22:00:00Z,315.4
2026-06-10T22:15:00Z,330.1
2026-06-10T22:30:00Z,322.0
2026-06-10T22:45:00Z,323.9
2026-06-10T23:00:00Z,335.3
2026-06-10T23:15:00Z,312.6
2026-06-10T23:30:00Z,325.7
2026-06-10T23:45:00Z,327.9
2026-06-11T00:00:00Z,327.3
2026-06-11T00:15:00Z,314.4
2026-06-11T00:30:00Z,307.9
2026-06-11T00:45:00Z,319.2
2026-06-11T01:00:00Z,330.3
2026-06-11T01:15:00Z,315.9
2026-06-11T01:30:00Z,323.2
2026-06-11T01:45:00Z,333.9
2026-06-11T02:00:00Z,304.3
2026-06-11T02:15:00Z,337.3
2026-06-11T02:30:00Z,335.7
2026-06-11T02:45:00Z,361.9
2026-06-11T03:00:00Z,316.7
2026-06-11T03:15:00Z,324.0
2026-06-11T03:30:00Z,335.6
2026-06-11T03:45:00Z,338.6
2026-06-11T04:00:00Z,1090.6
2026-06-11T04:15:00Z,931.9
2026-06-11T04:30:00Z,981.2
2026-06-11T04:45:00Z,900.7
2026-06-11T05:00:00Z,807.0
2026-06-11T05:15:00Z,781.7
2026-06-11T05:30:00Z,606.4
2026-06-11T05:45:00Z,529.2
2026-06-11T06:00:00Z,740.3
2026-06-11T06:15:00Z,425.3
2026-06-11T06:30:00Z,848.1
2026-06-11T06:45:00Z,592.1
2026-06-11T07:00:00Z,553.3
2026-06-11T07:15:00Z,636.4
2026-06-11T07:30:00Z,587.8
2026-06-11T07:45:00Z,222.7
2026-06-11T08:00:00Z,519.6
2026-06-11T08:15:00Z,217.4
2026-06-11T08:30:00Z,325.5
2026-06-11T08:45:00Z,361.8
2026-06-11T09:00:00Z,103.3
2026-06-11T09:15:00Z,570.9
2026-06-11T09:30:00Z,107.3
2026-06-11T09:45:00Z,261.7
2026-06-11T10:00:00Z,512.8
2026-06-11T10:15:00Z,167.8
2026-06-11T10:30:00Z,628.4
2026-06-11T10:45:00Z,156.7
2026-06-11T11:00:00Z,457.9
2026-06-11T11:15:00Z,385.2
2026-06-11T11:30:00Z,485.7
2026-06-11T11:45:00Z,279.2
2026-06-11T12:00:00Z,155.8
2026-06-11T12:15:00Z,157.3
2026-06-11T12:30:00Z,101.6
2026-06-11T12:45:00Z,314.4
2026-06-11T13:00:00Z,672.4
2026-06-11T13:15:00Z,343.1
2026-06-11T13:30:00Z,379.5
2026-06-11T13:45:00Z,289.6
2026-06-11T14:00:00Z,591.9
2026-06-11T14:15:00Z,547.3
2026-06-11T14:30:00Z,344.8
2026-06-11T14:45:00Z,341.8
2026-06-11T15:00:00Z,467.9
2026-06-11T15:15:00Z,758.3
2026-06-11T15:30:00Z,622.9
2026-06-11T15:45:00Z,574.5
2026-06-11T16:00:00Z,768.3
2026-06-11T16:15:00Z,643.4
2026-06-11T16:30:00Z,773.8
2026-06-11T16:45:00Z,599.4
2026-06-11T17:00:00Z,775.6
2026-06-11T17:15:00Z,849.3
2026-06-11T17:30:00Z,871.2
2026-06-11T17:45:00Z,965.9
2026-06-11T18:00:00Z,1033.9
2026-06-11T18:15:00Z,866.8
2026-06-11T18:30:00Z,994.7
2026-06-11T18:45:00Z,804.8
2026-06-11T19:00:00Z,841.9
2026-06-11T19:15:00Z,1015.7
2026-06-11T19:30:00Z,1014.0
2026-06-11T19:45:00Z,811.8
2026-06-11T20:00:00Z,335.3
2026-06-11T20:15:00Z,323.7
2026-06-11T20:30:00Z,331.0
2026-06-11T20:45:00Z,332.0
2026-06-11T21:00:00Z,323.0
2026-06-11T21:15:00Z,336.5
2026-06-11T21:30:00Z,344.3
2026-06-11T21:45:00Z,319.7
2026-06-11T22:00:00Z,329.9
2026-06-11T22:15:00Z,326.6
2026-06-11T22:30:00Z,311.7
2026-06-11T22:45:00Z,321.0
2026-06-11T23:00:00Z,333.1
2026-06-11T23:15:00Z,325.1
2026-06-11T23:30:00Z,344.5
2026-06-11T23:45:00Z,341.9
2026-06-12T00:00:00Z,325.6
2026-06-12T00:15:00Z,331.1
2026-06-12T00:30:00Z,341.6
2026-06-12T00:45:00Z,326.6
2026-06-12T01:00:00Z,320.8
2026-06-12T01:15:00Z,354.7
2026-06-12T01:30:00Z,318.5
2026-06-12T01:45:00Z,320.1
2026-06-12T02:00:00Z,333.2
2026-06-12T02:15:00Z,365.0
2026-06-12T02:30:00Z,338.2
2026-06-12T02:45:00Z,321.4
2026-06-12T03:00:00Z,318.3
2026-06-12T03:15:00Z,344.7
2026-06-12T03:30:00Z,339.7
2026-06-12T03:45:00Z,325.3
2026-06-12T04:00:00Z,1188.0
2026-06-12T04:15:00Z,1055.4
2026-06-12T04:30:00Z,1081.1
2026-06-12T04:45:00Z,990.1
2026-06-12T05:00:00Z,815.6
2026-06-12T05:15:00Z,642.6
2026-06-12T05:30:00Z,855.2
2026-06-12T05:45:00Z,1104.6
2026-06-12T06:00:00Z,520.7
2026-06-12T06:15:00Z,580.9
2026-06-12T06:30:00Z,856.4
2026-06-12T06:45:00Z,343.8
2026-06-12T07:00:00Z,648.9
2026-06-12T07:15:00Z,540.0
2026-06-12T07:30:00Z,485.6
2026-06-12T07:45:00Z,520.5
2026-06-12T08:00:00Z,319.2
2026-06-12T08:15:00Z,199.2
2026-06-12T08:30:00Z,653.1
2026-06-12T08:45:00Z,80.0
2026-06-12T09:00:00Z,579.6
2026-06-12T09:15:00Z,290.0
2026-06-12T09:30:00Z,389.6
2026-06-12T09:45:00Z,80.0
2026-06-12T10:00:00Z,670.8
2026-06-12T10:15:00Z,136.1
2026-06-12T10:30:00Z,325.2
2026-06-12T10:45:00Z,400.2
2026-06-12T11:00:00Z,448.0
2026-06-12T11:15:00Z,80.0
2026-06-12T11:30:00Z,80.0
2026-06-12T11:45:00Z,500.9
2026-06-12T12:00:00Z,96.2
2026-06-12T12:15:00Z,80.0
2026-06-12T12:30:00Z,238.1
2026-06-12T12:45:00Z,277.8
2026-06-12T13:00:00Z,463.1
2026-06-12T13:15:00Z,208.2
2026-06-12T13:30:00Z,603.0
2026-06-12T13:45:00Z,463.5
2026-06-12T14:00:00Z,486.2
2026-06-12T14:15:00Z,646.2
2026-06-12T14:30:00Z,186.9
2026-06-12T14:45:00Z,558.5
2026-06-12T15:00:00Z,463.5
2026-06-12T15:15:00Z,826.3
2026-06-12T15:30:00Z,897.7
2026-06-12T15:45:00Z,783.4
2026-06-12T16:00:00Z,626.6
2026-06-12T16:15:00Z,819.7
2026-06-12T16:30:00Z,800.6
2026-06-12T16:45:00Z,645.0
2026-06-12T17:00:00Z,788.5
2026-06-12T17:15:00Z,872.6
2026-06-12T17:30:00Z,950.1
2026-06-12T17:45:00Z,916.4
2026-06-12T18:00:00Z,950.5
2026-06-12T18:15:00Z,857.6
2026-06-12T18:30:00Z,1048.0
2026-06-12T18:45:00Z,1026.8
2026-06-12T19:00:00Z,939.8
2026-06-12T19:15:00Z,1026.1
2026-06-12T19:30:00Z,1051.8
2026-06-12T19:45:00Z,809.6
2026-06-12T20:00:00Z,324.0
2026-06-12T20:15:00Z,307.9
2026-06-12T20:30:00Z,336.1
2026-06-12T20:45:00Z,327.3
2026-06-12T21:00:00Z,355.2
2026-06-12T21:15:00Z,323.0
2026-06-12T21:30:00Z,334.8
2026-06-12T21:45:00Z,327.4
2026-06-12T22:00:00Z,335.9
2026-06-12T22:15:00Z,344.2
2026-06-12T22:30:00Z,334.0
2026-06-12T22:45:00Z,354.8
2026-06-12T23:00:00Z,309.9
2026-06-12T23:15:00Z,338.2
2026-06-12T23:30:00Z,341.4
2026-06-12T23:45:00Z,312.9
2026-06-13T00:00:00Z,319.6
2026-06-13T00:15:00Z,329.0
2026-06-13T00:30:00Z,342.4
2026-06-13T00:45:00Z,336.0
2026-06-13T01:00:00Z,340.3
2026-06-13T01:15:00Z,332.4
2026-06-13T01:30:00Z,327.6
2026-06-13T01:45:00Z,325.7
2026-06-13T02:00:00Z,324.8
2026-06-13T02:15:00Z,337.2
2026-06-13T02:30:00Z,346.0
2026-06-13T02:45:00Z,348.2
2026-06-13T03:00:00Z,326.3
2026-06-13T03:15:00Z,340.0
2026-06-13T03:30:00Z,327.6
2026-06-13T03:45:00Z,339.2
2026-06-13T04:00:00Z,326.5
2026-06-13T04:15:00Z,309.6
2026-06-13T04:30:00Z,269.9
2026-06-13T04:45:00Z,213.9
2026-06-13T05:00:00Z,272.7
2026-06-13T05:15:00Z,134.1
2026-06-13T05:30:00Z,117.4
2026-06-13T05:45:00Z,155.2
2026-06-13T06:00:00Z,175.9
2026-06-13T06:15:00Z,80.0
2026-06-13T06:30:00Z,80.0
2026-06-13T06:45:00Z,83.6
2026-06-13T07:00:00Z,80.0
2026-06-13T07:15:00Z,80.0
2026-06-13T07:30:00Z,80.0
2026-06-13T07:45:00Z,80.0
2026-06-13T08:00:00Z,80.0
2026-06-13T08:15:00Z,80.0
2026-06-13T08:30:00Z,81.6
2026-06-13T08:45:00Z,80.0
2026-06-13T09:00:00Z,80.0
2026-06-13T09:15:00Z,80.0
2026-06-13T09:30:00Z,80.0
2026-06-13T09:45:00Z,80.0
2026-06-13T10:00:00Z,80.0
2026-06-13T10:15:00Z,80.0
2026-06-13T10:30:00Z,80.0
2026-06-13T10:45:00Z,80.0
2026-06-13T11:00:00Z,80.0
2026-06-13T11:15:00Z,80.0
2026-06-13T11:30:00Z,80.0
2026-06-13T11:45:00Z,80.0
2026-06-13T12:00:00Z,80.0
2026-06-13T12:15:00Z,80.0
2026-06-13T12:30:00Z,80.0
2026-06-13T12:45:00Z,80.0
2026-06-13T13:00:00Z,80.0
2026-06-13T13:15:00Z,80.0
2026-06-13T13:30:00Z,80.0
2026-06-13T13:45:00Z,80.0
2026-06-13T14:00:00Z,80.0
2026-06-13T14:15:00Z,80.0
2026-06-13T14:30:00Z,80.0
2026-06-13T14:45:00Z,80.0
2026-06-13T15:00:00Z,80.0
2026-06-13T15:15:00Z,80.0
2026-06-13T15:30:00Z,176.6
2026-06-13T15:45:00Z,80.0
2026-06-13T16:00:00Z,80.0
2026-06-13T16:15:00Z,89.4
2026-06-13T16:30:00Z,80.0
2026-06-13T16:45:00Z,80.0
2026-06-13T17:00:00Z,163.8
2026-06-13T17:15:00Z,210.4
2026-06-13T17:30:00Z,249.9
2026-06-13T17:45:00Z,296.1
2026-06-13T18:00:00Z,332.8
2026-06-13T18:15:00Z,327.6
2026-06-13T18:30:00Z,346.0
2026-06-13T18:45:00Z,309.7
2026-06-13T19:00:00Z,326.0
2026-06-13T19:15:00Z,323.7
2026-06-13T19:30:00Z,315.3
2026-06-13T19:45:00Z,335.9
2026-06-13T20:00:00Z,325.2
2026-06-13T20:15:00Z,321.9
2026-06-13T20:30:00Z,341.1
2026-06-13T20:45:00Z,331.8
2026-06-13T21:00:00Z,320.6
2026-06-13T21:15:00Z,333.8
2026-06-13T21:30:00Z,331.9
2026-06-13T21:45:00Z,326.8
2026-06-13T22:00:00Z,342.0
2026-06-13T22:15:00Z,333.5
2026-06-13T22:30:00Z,325.8
2026-06-13T22:45:00Z,307.4
2026-06-13T23:00:00Z,335.2
2026-06-13T23:15:00Z,325.3
2026-06-13T23:30:00Z,301.8
2026-06-13T23:45:00Z,339.3
2026-06-14T00:00:00Z,335.6
2026-06-14T00:15:00Z,301.4
2026-06-14T00:30:00Z,329.6
2026-06-14T00:45:00Z,346.9
2026-06-14T01:00:00Z,325.4
2026-06-14T01:15:00Z,353.2
2026-06-14T01:30:00Z,327.3
2026-06-14T01:45:00Z,324.4
2026-06-14T02:00:00Z,337.2
2026-06-14T02:15:00Z,311.4
2026-06-14T02:30:00Z,337.3
2026-06-14T02:45:00Z,334.8
2026-06-14T03:00:00Z,333.2
2026-06-14T03:15:00Z,327.0
2026-06-14T03:30:00Z,308.2
2026-06-14T03:45:00Z,329.0
2026-06-14T04:00:00Z,333.9
2026-06-14T04:15:00Z,317.4
2026-06-14T04:30:00Z,251.8
2026-06-14T04:45:00Z,268.8
2026-06-14T05:00:00Z,178.0
2026-06-14T05:15:00Z,244.0
2026-06-14T05:30:00Z,138.0
2026-06-14T05:45:00Z,167.6
2026-06-14T06:00:00Z,80.0
2026-06-14T06:15:00Z,80.0
2026-06-14T06:30:00Z,126.7
2026-06-14T06:45:00Z,80.0
2026-06-14T07:00:00Z,80.0
2026-06-14T07:15:00Z,80.0
2026-06-14T07:30:00Z,80.0
2026-06-14T07:45:00Z,80.0
2026-06-14T08:00:00Z,86.5
2026-06-14T08:15:00Z,80.0
2026-06-14T08:30:00Z,80.0
2026-06-14T08:45:00Z,80.0
2026-06-14T09:00:00Z,80.0
2026-06-14T09:15:00Z,80.0
2026-06-14T09:30:00Z,80.0
2026-06-14T09:45:00Z,80.0
2026-06-14T10:00:00Z,80.0
2026-06-14T10:15:00Z,80.0
2026-06-14T10:30:00Z,80.0
2026-06-14T10:45:00Z,80.0
2026-06-14T11:00:00Z,80.0
2026-06-14T11:15:00Z,80.0
2026-06-14T11:30:00Z,80.0
2026-06-14T11:45:00Z,80.0
2026-06-14T12:00:00Z,80.0
2026-06-14T12:15:00Z,80.0
2026-06-14T12:30:00Z,80.0
2026-06-14T12:45:00Z,80.0
2026-06-14T13:00:00Z,80.0
2026-06-14T13:15:00Z,80.0
2026-06-14T13:30:00Z,88.7
2026-06-14T13:45:00Z,80.0
2026-06-14T14:00:00Z,96.4
2026-06-14T14:15:00Z,80.0
2026-06-14T14:30:00Z,110.4
2026-06-14T14:45:00Z,80.0
2026-06-14T15:00:00Z,80.0
2026-06-14T15:15:00Z,80.0
2026-06-14T15:30:00Z,80.0
2026-06-14T15:45:00Z,80.0
2026-06-14T16:00:00Z,80.0
2026-06-14T16:15:00Z,187.7
2026-06-14T16:30:00Z,190.3
2026-06-14T16:45:00Z,107.3
2026-06-14T17:00:00Z,164.9
2026-06-14T17:15:00Z,168.5
2026-06-14T17:30:00Z,215.8
2026-06-14T17:45:00Z,286.8
2026-06-14T18:00:00Z,330.8
2026-06-14T18:15:00Z,347.2
2026-06-14T18:30:00Z,310.2
2026-06-14T18:45:00Z,314.7
2026-06-14T19:00:00Z,318.8
2026-06-14T19:15:00Z,326.2
2026-06-14T19:30:00Z,328.2
2026-06-14T19:45:00Z,334.2
2026-06-14T20:00:00Z,333.3
2026-06-14T20:15:00Z,343.3
2026-06-14T20:30:00Z,345.9
2026-06-14T20:45:00Z,347.5
2026-06-14T21:00:00Z,325.2
2026-06-14T21:15:00Z,337.5
2026-06-14T21:30:00Z,324.1
2026-06-14T21:45:00Z,319.6
2026-06-14T22:00:00Z,322.0
2026-06-14T22:15:00Z,318.0
2026-06-14T22:30:00Z,322.7
2026-06-14T22:45:00Z,325.1
2026-06-14T23:00:00Z,339.9
2026-06-14T23:15:00Z,315.8
2026-06-14T23:30:00Z,319.2
2026-06-14T23:45:00Z,345.6
2026-06-15T00:00:00Z,321.6
2026-06-15T00:15:00Z,315.6
2026-06-15T00:30:00Z,324.7
2026-06-15T00:45:00Z,324.9
2026-06-15T01:00:00Z,341.9
2026-06-15T01:15:00Z,342.0
2026-06-15T01:30:00Z,331.0
2026-06-15T01:45:00Z,324.9
2026-06-15T02:00:00Z,337.9
2026-06-15T02:15:00Z,311.1
2026-06-15T02:30:00Z,304.1
2026-06-15T02:45:00Z,327.4
2026-06-15T03:00:00Z,325.3
2026-06-15T03:15:00Z,316.1
2026-06-15T03:30:00Z,310.6
2026-06-15T03:45:00Z,339.0
2026-06-15T04:00:00Z,1072.7
2026-06-15T04:15:00Z,1044.3
2026-06-15T04:30:00Z,955.4
2026-06-15T04:45:00Z,970.4
2026-06-15T05:00:00Z,856.3
2026-06-15T05:15:00Z,829.7
2026-06-15T05:30:00Z,821.8
2026-06-15T05:45:00Z,906.8
2026-06-15T06:00:00Z,574.2
2026-06-15T06:15:00Z,792.0
2026-06-15T06:30:00Z,653.2
2026-06-15T06:45:00Z,452.6
2026-06-15T07:00:00Z,386.3
2026-06-15T07:15:00Z,601.2
2026-06-15T07:30:00Z,612.8
2026-06-15T07:45:00Z,329.4
2026-06-15T08:00:00Z,151.7
2026-06-15T08:15:00Z,533.5
2026-06-15T08:30:00Z,425.1
2026-06-15T08:45:00Z,317.3
2026-06-15T09:00:00Z,716.3
2026-06-15T09:15:00Z,661.2
2026-06-15T09:30:00Z,191.2
2026-06-15T09:45:00Z,138.0
2026-06-15T10:00:00Z,293.8
2026-06-15T10:15:00Z,157.7
2026-06-15T10:30:00Z,364.1
2026-06-15T10:45:00Z,210.4
2026-06-15T11:00:00Z,80.0
2026-06-15T11:15:00Z,583.2
2026-06-15T11:30:00Z,493.9
2026-06-15T11:45:00Z,80.0
2026-06-15T12:00:00Z,363.2
2026-06-15T12:15:00Z,80.0
2026-06-15T12:30:00Z,111.6
2026-06-15T12:45:00Z,505.6
2026-06-15T13:00:00Z,585.4
2026-06-15T13:15:00Z,220.0
2026-06-15T13:30:00Z,481.5
2026-06-15T13:45:00Z,310.7
2026-06-15T14:00:00Z,270.3
2026-06-15T14:15:00Z,597.3
2026-06-15T14:30:00Z,467.3
2026-06-15T14:45:00Z,297.5
2026-06-15T15:00:00Z,262.1
2026-06-15T15:15:00Z,301.6
2026-06-15T15:30:00Z,655.2
2026-06-15T15:45:00Z,547.9
2026-06-15T16:00:00Z,752.2
2026-06-15T16:15:00Z,697.7
2026-06-15T16:30:00Z,785.2
2026-06-15T16:45:00Z,574.3
2026-06-15T17:00:00Z,785.9
2026-06-15T17:15:00Z,757.8
2026-06-15T17:30:00Z,754.1
2026-06-15T17:45:00Z,814.6
2026-06-15T18:00:00Z,971.7
2026-06-15T18:15:00Z,851.2
2026-06-15T18:30:00Z,971.3
2026-06-15T18:45:00Z,943.6
2026-06-15T19:00:00Z,943.1
2026-06-15T19:15:00Z,1049.4
2026-06-15T19:30:00Z,902.1
2026-06-15T19:45:00Z,916.5
2026-06-15T20:00:00Z,327.2
2026-06-15T20:15:00Z,325.8
2026-06-15T20:30:00Z,339.9
2026-06-15T20:45:00Z,335.8
2026-06-15T21:00:00Z,347.1
2026-06-15T21:15:00Z,329.3
2026-06-15T21:30:00Z,348.9
2026-06-15T21:45:00Z,344.4
2026-06-15T22:00:00Z,328.9
2026-06-15T22:15:00Z,318.8
2026-06-15T22:30:00Z,328.9
2026-06-15T22:45:00Z,312.7
2026-06-15T23:00:00Z,331.9
2026-06-15T23:15:00Z,344.9
2026-06-15T23:30:00Z,341.6
2026-06-15T23:45:00Z,310.4
2026-06-16T00:00:00Z,319.7
2026-06-16T00:15:00Z,334.1
2026-06-16T00:30:00Z,323.7
2026-06-16T00:45:00Z,332.1
2026-06-16T01:00:00Z,338.4
2026-06-16T01:15:00Z,330.7
2026-06-16T01:30:00Z,336.0
2026-06-16T01:45:00Z,319.8
2026-06-16T02:00:00Z,328.5
2026-06-16T02:15:00Z,318.8
2026-06-16T02:30:00Z,339.7
2026-06-16T02:45:00Z,317.8
2026-06-16T03:00:00Z,331.0
2026-06-16T03:15:00Z,343.4
2026-06-16T03:30:00Z,333.8
2026-06-16T03:45:00Z,311.8
2026-06-16T04:00:00Z,947.5
2026-06-16T04:15:00Z,980.5
2026-06-16T04:30:00Z,924.8
2026-06-16T04:45:00Z,861.0
2026-06-16T05:00:00Z,772.8
2026-06-16T05:15:00Z,838.9
2026-06-16T05:30:00Z,790.1
2026-06-16T05:45:00Z,742.1
2026-06-16T06:00:00Z,713.3
2026-06-16T06:15:00Z,773.1
2026-06-16T06:30:00Z,603.2
2026-06-16T06:45:00Z,695.0
2026-06-16T07:00:00Z,614.0
2026-06-16T07:15:00Z,687.1
2026-06-16T07:30:00Z,613.3
2026-06-16T07:45:00Z,720.7
2026-06-16T08:00:00Z,474.6
2026-06-16T08:15:00Z,361.9
2026-06-16T08:30:00Z,401.5
2026-06-16T08:45:00Z,275.5
2026-06-16T09:00:00Z,274.8
2026-06-16T09:15:00Z,348.5
2026-06-16T09:30:00Z,124.2
2026-06-16T09:45:00Z,752.2
2026-06-16T10:00:00Z,80.0
2026-06-16T10:15:00Z,609.3
2026-06-16T10:30:00Z,327.4
2026-06-16T10:45:00Z,455.2
2026-06-16T11:00:00Z,530.9
2026-06-16T11:15:00Z,361.5
2026-06-16T11:30:00Z,528.8
2026-06-16T11:45:00Z,493.7
2026-06-16T12:00:00Z,405.4
2026-06-16T12:15:00Z,469.1
2026-06-16T12:30:00Z,423.3
2026-06-16T12:45:00Z,338.9
2026-06-16T13:00:00Z,362.0
2026-06-16T13:15:00Z,638.8
2026-06-16T13:30:00Z,584.0
2026-06-16T13:45:00Z,317.1
2026-06-16T14:00:00Z,482.8
2026-06-16T14:15:00Z,513.1
2026-06-16T14:30:00Z,348.5
2026-06-16T14:45:00Z,572.2
2026-06-16T15:00:00Z,612.0
2026-06-16T15:15:00Z,643.3
2026-06-16T15:30:00Z,584.4
2026-06-16T15:45:00Z,625.3
2026-06-16T16:00:00Z,595.9
2026-06-16T16:15:00Z,814.6
2026-06-16T16:30:00Z,804.9
2026-06-16T16:45:00Z,727.1
2026-06-16T17:00:00Z,896.2
2026-06-16T17:15:00Z,932.5
2026-06-16T17:30:00Z,761.8
2026-06-16T17:45:00Z,742.5
2026-06-16T18:00:00Z,1029.9
2026-06-16T18:15:00Z,1019.1
2026-06-16T18:30:00Z,831.6
2026-06-16T18:45:00Z,998.3
2026-06-16T19:00:00Z,979.9
2026-06-16T19:15:00Z,894.0
2026-06-16T19:30:00Z,936.1
2026-06-16T19:45:00Z,888.2
2026-06-16T20:00:00Z,322.9
2026-06-16T20:15:00Z,348.4
2026-06-16T20:30:00Z,330.2
2026-06-16T20:45:00Z,313.4
2026-06-16T21:00:00Z,320.9
2026-06-16T21:15:00Z,332.3
2026-06-16T21:30:00Z,351.1
2026-06-16T21:45:00Z,343.5
2026-06-16T22:00:00Z,334.6
2026-06-16T22:15:00Z,326.5
2026-06-16T22:30:00Z,316.5
2026-06-16T22:45:00Z,356.6
2026-06-16T23:00:00Z,327.8
2026-06-16T23:15:00Z,313.4
2026-06-16T23:30:00Z,321.2
2026-06-16T23:45:00Z,335.3
2026-06-17T00:00:00Z,336.3
2026-06-17T00:15:00Z,331.4
2026-06-17T00:30:00Z,340.2
2026-06-17T00:45:00Z,330.8
2026-06-17T01:00:00Z,338.6
2026-06-17T01:15:00Z,324.7
2026-06-17T01:30:00Z,325.1
2026-06-17T01:45:00Z,317.3
2026-06-17T02:00:00Z,300.8
2026-06-17T02:15:00Z,333.3
2026-06-17T02:30:00Z,326.2
2026-06-17T02:45:00Z,324.5
2026-06-17T03:00:00Z,329.0
2026-06-17T03:15:00Z,323.7
2026-06-17T03:30:00Z,310.1
2026-06-17T03:45:00Z,328.0
2026-06-17T04:00:00Z,1104.0
2026-06-17T04:15:00Z,805.0
2026-06-17T04:30:00Z,1045.0
2026-06-17T04:45:00Z,834.2
2026-06-17T05:00:00Z,936.5
2026-06-17T05:15:00Z,914.1
2026-06-17T05:30:00Z,951.2
2026-06-17T05:45:00Z,767.3
2026-06-17T06:00:00Z,779.3
2026-06-17T06:15:00Z,395.1
2026-06-17T06:30:00Z,523.3
2026-06-17T06:45:00Z,609.5
2026-06-17T07:00:00Z,553.9
2026-06-17T07:15:00Z,376.8
2026-06-17T07:30:00Z,657.2
2026-06-17T07:45:00Z,452.1
2026-06-17T08:00:00Z,235.9
2026-06-17T08:15:00Z,237.3
2026-06-17T08:30:00Z,700.9
2026-06-17T08:45:00Z,206.9
2026-06-17T09:00:00Z,707.9
2026-06-17T09:15:00Z,342.5
2026-06-17T09:30:00Z,80.0
2026-06-17T09:45:00Z,534.7
2026-06-17T10:00:00Z,270.3
2026-06-17T10:15:00Z,316.4
2026-06-17T10:30:00Z,377.7
2026-06-17T10:45:00Z,522.2
2026-06-17T11:00:00Z,465.8
2026-06-17T11:15:00Z,469.5
2026-06-17T11:30:00Z,205.7
2026-06-17T11:45:00Z,80.0
2026-06-17T12:00:00Z,564.2
2026-06-17T12:15:00Z,256.2
2026-06-17T12:30:00Z,248.6
2026-06-17T12:45:00Z,440.3
2026-06-17T13:00:00Z,157.9
2026-06-17T13:15:00Z,385.5
2026-06-17T13:30:00Z,123.7
2026-06-17T13:45:00Z,196.8
2026-06-17T14:00:00Z,768.0
2026-06-17T14:15:00Z,216.7
2026-06-17T14:30:00Z,542.4
2026-06-17T14:45:00Z,269.1
2026-06-17T15:00:00Z,635.7
2026-06-17T15:15:00Z,327.3
2026-06-17T15:30:00Z,528.8
2026-06-17T15:45:00Z,661.2
2026-06-17T16:00:00Z,806.8
2026-06-17T16:15:00Z,610.7
2026-06-17T16:30:00Z,866.6
2026-06-17T16:45:00Z,727.8
2026-06-17T17:00:00Z,841.6
2026-06-17T17:15:00Z,748.1
2026-06-17T17:30:00Z,861.0
2026-06-17T17:45:00Z,783.3
2026-06-17T18:00:00Z,1016.3
2026-06-17T18:15:00Z,939.5
2026-06-17T18:30:00Z,835.0
2026-06-17T18:45:00Z,789.2
2026-06-17T19:00:00Z,794.2
2026-06-17T19:15:00Z,827.9
2026-06-17T19:30:00Z,899.6
2026-06-17T19:45:00Z,891.9
2026-06-17T20:00:00Z,345.7
2026-06-17T20:15:00Z,315.0
2026-06-17T20:30:00Z,332.2
2026-06-17T20:45:00Z,346.2
2026-06-17T21:00:00Z,343.6
2026-06-17T21:15:00Z,334.3
2026-06-17T21:30:00Z,339.8
2026-06-17T21:45:00Z,322.0
2026-06-17T22:00:00Z,331.3
2026-06-17T22:15:00Z,332.0
2026-06-17T22:30:00Z,347.9
2026-06-17T22:45:00Z,326.1
2026-06-17T23:00:00Z,324.6
2026-06-17T23:15:00Z,322.6
2026-06-17T23:30:00Z,327.2
2026-06-17T23:45:00Z,337.4
2026-06-18T00:00:00Z,334.8
2026-06-18T00:15:00Z,342.0
2026-06-18T00:30:00Z,325.6
2026-06-18T00:45:00Z,336.5
2026-06-18T01:00:00Z,321.0
2026-06-18T01:15:00Z,331.5
2026-06-18T01:30:00Z,332.5
2026-06-18T01:45:00Z,321.9
2026-06-18T02:00:00Z,312.8
2026-06-18T02:15:00Z,306.6
2026-06-18T02:30:00Z,317.6
2026-06-18T02:45:00Z,332.9
2026-06-18T03:00:00Z,318.2
2026-06-18T03:15:00Z,322.1
2026-06-18T03:30:00Z,328.4
2026-06-18T03:45:00Z,323.2
2026-06-18T04:00:00Z,1064.8
2026-06-18T04:15:00Z,880.8
2026-06-18T04:30:00Z,972.9
2026-06-18T04:45:00Z,918.8
2026-06-18T05:00:00Z,789.3
2026-06-18T05:15:00Z,963.7
2026-06-18T05:30:00Z,877.0
2026-06-18T05:45:00Z,1030.8
2026-06-18T06:00:00Z,529.9
2026-06-18T06:15:00Z,512.4
2026-06-18T06:30:00Z,574.0
2026-06-18T06:45:00Z,435.2
2026-06-18T07:00:00Z,553.5
2026-06-18T07:15:00Z,689.6
2026-06-18T07:30:00Z,646.9
2026-06-18T07:45:00Z,299.6
2026-06-18T08:00:00Z,336.6
2026-06-18T08:15:00Z,471.3
2026-06-18T08:30:00Z,459.4
2026-06-18T08:45:00Z,240.4
2026-06-18T09:00:00Z,296.7
2026-06-18T09:15:00Z,374.3
2026-06-18T09:30:00Z,242.0
2026-06-18T09:45:00Z,243.3
2026-06-18T10:00:00Z,427.3
2026-06-18T10:15:00Z,478.5
2026-06-18T10:30:00Z,349.1
2026-06-18T10:45:00Z,80.0
2026-06-18T11:00:00Z,198.6
2026-06-18T11:15:00Z,80.0
2026-06-18T11:30:00Z,80.0
2026-06-18T11:45:00Z,287.5
2026-06-18T12:00:00Z,264.1
2026-06-18T12:15:00Z,99.3
2026-06-18T12:30:00Z,576.9
2026-06-18T12:45:00Z,705.7
2026-06-18T13:00:00Z,511.8
2026-06-18T13:15:00Z,190.9
2026-06-18T13:30:00Z,541.4
2026-06-18T13:45:00Z,719.5
2026-06-18T14:00:00Z,268.6
2026-06-18T14:15:00Z,184.3
2026-06-18T14:30:00Z,634.2
2026-06-18T14:45:00Z,659.8
2026-06-18T15:00:00Z,399.1
2026-06-18T15:15:00Z,654.6
2026-06-18T15:30:00Z,540.0
2026-06-18T15:45:00Z,475.7
2026-06-18T16:00:00Z,706.7
2026-06-18T16:15:00Z,755.8
2026-06-18T16:30:00Z,774.4
2026-06-18T16:45:00Z,642.7
2026-06-18T17:00:00Z,759.4
2026-06-18T17:15:00Z,749.0
2026-06-18T17:30:00Z,801.3
2026-06-18T17:45:00Z,890.9
2026-06-18T18:00:00Z,1048.5
2026-06-18T18:15:00Z,958.5
2026-06-18T18:30:00Z,800.0
2026-06-18T18:45:00Z,1047.6
2026-06-18T19:00:00Z,968.5
2026-06-18T19:15:00Z,1087.3
2026-06-18T19:30:00Z,964.1
2026-06-18T19:45:00Z,1005.3
2026-06-18T20:00:00Z,323.2
2026-06-18T20:15:00Z,314.0
2026-06-18T20:30:00Z,341.3
2026-06-18T20:45:00Z,333.1
2026-06-18T21:00:00Z,325.7
2026-06-18T21:15:00Z,307.8
2026-06-18T21:30:00Z,324.1
2026-06-18T21:45:00Z,338.7
2026-06-18T22:00:00Z,339.0
2026-06-18T22:15:00Z,323.2
2026-06-18T22:30:00Z,333.1
2026-06-18T22:45:00Z,343.9
2026-06-18T23:00:00Z,326.6
2026-06-18T23:15:00Z,339.6
2026-06-18T23:30:00Z,354.5
2026-06-18T23:45:00Z,343.2
2026-06-19T00:00:00Z,328.7
2026-06-19T00:15:00Z,338.9
2026-06-19T00:30:00Z,334.1
2026-06-19T00:45:00Z,321.9
2026-06-19T01:00:00Z,345.5
2026-06-19T01:15:00Z,328.6
2026-06-19T01:30:00Z,328.2
2026-06-19T01:45:00Z,332.4
2026-06-19T02:00:00Z,333.8
2026-06-19T02:15:00Z,338.7
2026-06-19T02:30:00Z,316.4
2026-06-19T02:45:00Z,327.8
2026-06-19T03:00:00Z,363.2
2026-06-19T03:15:00Z,329.1
2026-06-19T03:30:00Z,335.8
2026-06-19T03:45:00Z,301.0
2026-06-19T04:00:00Z,877.8
2026-06-19T04:15:00Z,1018.3
2026-06-19T04:30:00Z,1074.8
2026-06-19T04:45:00Z,874.1
2026-06-19T05:00:00Z,832.6
2026-06-19T05:15:00Z,1072.2
2026-06-19T05:30:00Z,886.3
2026-06-19T05:45:00Z,663.2
2026-06-19T06:00:00Z,865.6
2026-06-19T06:15:00Z,594.9
2026-06-19T06:30:00Z,839.0
2026-06-19T06:45:00Z,456.2
2026-06-19T07:00:00Z,402.6
2026-06-19T07:15:00Z,407.1
2026-06-19T07:30:00Z,623.7
2026-06-19T07:45:00Z,602.4
2026-06-19T08:00:00Z,224.2
2026-06-19T08:15:00Z,278.5
2026-06-19T08:30:00Z,281.8
2026-06-19T08:45:00Z,565.1
2026-06-19T09:00:00Z,418.0
2026-06-19T09:15:00Z,172.8
2026-06-19T09:30:00Z,80.0
2026-06-19T09:45:00Z,80.0
2026-06-19T10:00:00Z,80.0
2026-06-19T10:15:00Z,743.1
2026-06-19T10:30:00Z,659.9
2026-06-19T10:45:00Z,283.5
2026-06-19T11:00:00Z,317.8
2026-06-19T11:15:00Z,625.1
2026-06-19T11:30:00Z,490.8
2026-06-19T11:45:00Z,522.0
2026-06-19T12:00:00Z,417.6
2026-06-19T12:15:00Z,382.9
2026-06-19T12:30:00Z,404.6
2026-06-19T12:45:00Z,591.7
2026-06-19T13:00:00Z,80.0
2026-06-19T13:15:00Z,498.2
2026-06-19T13:30:00Z,206.6
2026-06-19T13:45:00Z,243.3
2026-06-19T14:00:00Z,443.2
2026-06-19T14:15:00Z,720.2
2026-06-19T14:30:00Z,188.2
2026-06-19T14:45:00Z,402.2
2026-06-19T15:00:00Z,320.8
2026-06-19T15:15:00Z,644.0
2026-06-19T15:30:00Z,398.0
2026-06-19T15:45:00Z,536.9
2026-06-19T16:00:00Z,768.6
2026-06-19T16:15:00Z,759.7
2026-06-19T16:30:00Z,609.3
2026-06-19T16:45:00Z,855.3
2026-06-19T17:00:00Z,928.0
2026-06-19T17:15:00Z,787.7
2026-06-19T17:30:00Z,705.7
2026-06-19T17:45:00Z,976.2
2026-06-19T18:00:00Z,865.8
2026-06-19T18:15:00Z,941.0
2026-06-19T18:30:00Z,864.1
2026-06-19T18:45:00Z,1032.9
2026-06-19T19:00:00Z,1056.0
2026-06-19T19:15:00Z,906.6
2026-06-19T19:30:00Z,826.0
2026-06-19T19:45:00Z,922.7
2026-06-19T20:00:00Z,323.2
2026-06-19T20:15:00Z,307.7
2026-06-19T20:30:00Z,318.5
2026-06-19T20:45:00Z,331.1
2026-06-19T21:00:00Z,324.6
2026-06-19T21:15:00Z,340.3
2026-06-19T21:30:00Z,330.3
2026-06-19T21:45:00Z,323.7
2026-06-19T22:00:00Z,350.7
2026-06-19T22:15:00Z,333.3
2026-06-19T22:30:00Z,332.8
2026-06-19T22:45:00Z,329.8
2026-06-19T23:00:00Z,328.6
2026-06-19T23:15:00Z,321.1
2026-06-19T23:30:00Z,345.3
2026-06-19T23:45:00Z,314.0
2026-06-20T00:00:00Z,339.3
2026-06-20T00:15:00Z,341.6
2026-06-20T00:30:00Z,320.2
2026-06-20T00:45:00Z,330.2
2026-06-20T01:00:00Z,336.3
2026-06-20T01:15:00Z,339.2
2026-06-20T01:30:00Z,317.0
2026-06-20T01:45:00Z,328.2
2026-06-20T02:00:00Z,332.8
2026-06-20T02:15:00Z,324.7
2026-06-20T02:30:00Z,339.1
2026-06-20T02:45:00Z,342.0
2026-06-20T03:00:00Z,343.3
2026-06-20T03:15:00Z,328.0
2026-06-20T03:30:00Z,336.4
2026-06-20T03:45:00Z,327.0
2026-06-20T04:00:00Z,329.5
2026-06-20T04:15:00Z,259.6
2026-06-20T04:30:00Z,249.4
2026-06-20T04:45:00Z,219.5
2026-06-20T05:00:00Z,270.1
2026-06-20T05:15:00Z,103.6
2026-06-20T05:30:00Z,80.0
2026-06-20T05:45:00Z,107.6
2026-06-20T06:00:00Z,80.0
2026-06-20T06:15:00Z,173.2
2026-06-20T06:30:00Z,106.2
2026-06-20T06:45:00Z,80.0
2026-06-20T07:00:00Z,80.0
2026-06-20T07:15:00Z,80.0
2026-06-20T07:30:00Z,80.0
2026-06-20T07:45:00Z,93.0
2026-06-20T08:00:00Z,80.0
2026-06-20T08:15:00Z,80.0
2026-06-20T08:30:00Z,80.0
2026-06-20T08:45:00Z,80.0
2026-06-20T09:00:00Z,80.0
2026-06-20T09:15:00Z,80.0
2026-06-20T09:30:00Z,80.0
2026-06-20T09:45:00Z,80.0
2026-06-20T10:00:00Z,80.0
2026-06-20T10:15:00Z,80.0
2026-06-20T10:30:00Z,80.0
2026-06-20T10:45:00Z,80.0
2026-06-20T11:00:00Z,80.0
2026-06-20T11:15:00Z,80.0
2026-06-20T11:30:00Z,80.0
2026-06-20T11:45:00Z,80.0
2026-06-20T12:00:00Z,80.0
2026-06-20T12:15:00Z,80.0
2026-06-20T12:30:00Z,80.0
2026-06-20T12:45:00Z,80.0
2026-06-20T13:00:00Z,80.0
2026-06-20T13:15:00Z,80.0
2026-06-20T13:30:00Z,80.0
2026-06-20T13:45:00Z,80.0
2026-06-20T14:00:00Z,80.0
2026-06-20T14:15:00Z,80.0
2026-06-20T14:30:00Z,80.0
2026-06-20T14:45:00Z,80.0
2026-06-20T15:00:00Z,80.0
2026-06-20T15:15:00Z,80.0
2026-06-20T15:30:00Z,80.0
2026-06-20T15:45:00Z,80.0
2026-06-20T16:00:00Z,80.0
2026-06-20T16:15:00Z,83.0
2026-06-20T16:30:00Z,80.0
2026-06-20T16:45:00Z,158.6
2026-06-20T17:00:00Z,182.0
2026-06-20T17:15:00Z,188.7
2026-06-20T17:30:00Z,279.5
2026-06-20T17:45:00Z,295.2
2026-06-20T18:00:00Z,331.0
2026-06-20T18:15:00Z,326.1
2026-06-20T18:30:00Z,339.2
2026-06-20T18:45:00Z,321.3
2026-06-20T19:00:00Z,354.8
2026-06-20T19:15:00Z,342.4
2026-06-20T19:30:00Z,309.6
2026-06-20T19:45:00Z,326.2
2026-06-20T20:00:00Z,317.0
2026-06-20T20:15:00Z,331.0
2026-06-20T20:30:00Z,356.3
2026-06-20T20:45:00Z,336.8
2026-06-20T21:00:00Z,347.5
2026-06-20T21:15:00Z,338.6
2026-06-20T21:30:00Z,328.1
2026-06-20T21:45:00Z,329.3
2026-06-20T22:00:00Z,318.7
2026-06-20T22:15:00Z,322.8
2026-06-20T22:30:00Z,331.6
2026-06-20T22:45:00Z,318.4
2026-06-20T23:00:00Z,334.9
2026-06-20T23:15:00Z,318.1
2026-06-20T23:30:00Z,327.9
2026-06-20T23:45:00Z,320.5
2026-06-21T00:00:00Z,332.9
2026-06-21T00:15:00Z,323.5
2026-06-21T00:30:00Z,331.5
2026-06-21T00:45:00Z,332.0
2026-06-21T01:00:00Z,319.1
2026-06-21T01:15:00Z,329.7
2026-06-21T01:30:00Z,361.9
2026-06-21T01:45:00Z,310.4
2026-06-21T02:00:00Z,313.7
2026-06-21T02:15:00Z,323.4
2026-06-21T02:30:00Z,341.4
2026-06-21T02:45:00Z,355.6
2026-06-21T03:00:00Z,330.0
2026-06-21T03:15:00Z,340.9
2026-06-21T03:30:00Z,337.5
2026-06-21T03:45:00Z,322.7
2026-06-21T04:00:00Z,337.5
2026-06-21T04:15:00Z,280.4
2026-06-21T04:30:00Z,301.2
2026-06-21T04:45:00Z,240.7
2026-06-21T05:00:00Z,187.4
2026-06-21T05:15:00Z,80.0
2026-06-21T05:30:00Z,125.6
2026-06-21T05:45:00Z,88.8
2026-06-21T06:00:00Z,87.0
2026-06-21T06:15:00Z,80.0
2026-06-21T06:30:00Z,115.4
2026-06-21T06:45:00Z,80.0
2026-06-21T07:00:00Z,80.0
2026-06-21T07:15:00Z,80.0
2026-06-21T07:30:00Z,80.0
2026-06-21T07:45:00Z,80.0
2026-06-21T08:00:00Z,80.0
2026-06-21T08:15:00Z,80.0
2026-06-21T08:30:00Z,80.0
2026-06-21T08:45:00Z,80.0
2026-06-21T09:00:00Z,80.0
2026-06-21T09:15:00Z,80.0
2026-06-21T09:30:00Z,80.0
2026-06-21T09:45:00Z,80.0
2026-06-21T10:00:00Z,80.0
2026-06-21T10:15:00Z,80.0
2026-06-21T10:30:00Z,80.0
2026-06-21T10:45:00Z,80.0
2026-06-21T11:00:00Z,80.0
2026-06-21T11:15:00Z,80.0
2026-06-21T11:30:00Z,80.0
2026-06-21T11:45:00Z,80.0
2026-06-21T12:00:00Z,80.0
2026-06-21T12:15:00Z,80.0
2026-06-21T12:30:00Z,80.0
2026-06-21T12:45:00Z,80.0
2026-06-21T13:00:00Z,80.0
2026-06-21T13:15:00Z,80.0
2026-06-21T13:30:00Z,80.0
2026-06-21T13:45:00Z,80.0
2026-06-21T14:00:00Z,80.0
2026-06-21T14:15:00Z,80.0
2026-06-21T14:30:00Z,80.0
2026-06-21T14:45:00Z,80.0
2026-06-21T15:00:00Z,80.0
2026-06-21T15:15:00Z,80.0
2026-06-21T15:30:00Z,80.0
2026-06-21T15:45:00Z,89.1
2026-06-21T16:00:00Z,194.5
2026-06-21T16:15:00Z,168.5
2026-06-21T16:30:00Z,146.8
2026-06-21T16:45:00Z,179.8
2026-06-21T17:00:00Z,141.8
2026-06-21T17:15:00Z,171.8
2026-06-21T17:30:00Z,240.4
2026-06-21T17:45:00Z,294.7
2026-06-21T18:00:00Z,335.5
2026-06-21T18:15:00Z,323.6
2026-06-21T18:30:00Z,310.4
2026-06-21T18:45:00Z,334.8
2026-06-21T19:00:00Z,311.3
2026-06-21T19:15:00Z,330.0
2026-06-21T19:30:00Z,309.8
2026-06-21T19:45:00Z,305.5
2026-06-21T20:00:00Z,320.4
2026-06-21T20:15:00Z,338.9
2026-06-21T20:30:00Z,307.6
2026-06-21T20:45:00Z,324.3
2026-06-21T21:00:00Z,324.7
2026-06-21T21:15:00Z,322.3
2026-06-21T21:30:00Z,315.2
2026-06-21T21:45:00Z,329.0
2026-06-21T22:00:00Z,324.5
2026-06-21T22:15:00Z,337.2
2026-06-21T22:30:00Z,307.6
2026-06-21T22:45:00Z,336.6
2026-06-21T23:00:00Z,318.5
2026-06-21T23:15:00Z,328.3
2026-06-21T23:30:00Z,338.0
2026-06-21T23:45:00Z,345.0
2026-06-22T00:00:00Z,336.0
2026-06-22T00:15:00Z,338.1
2026-06-22T00:30:00Z,346.9
2026-06-22T00:45:00Z,322.4
2026-06-22T01:00:00Z,311.1
2026-06-22T01:15:00Z,319.1
2026-06-22T01:30:00Z,340.6
2026-06-22T01:45:00Z,329.7
2026-06-22T02:00:00Z,320.8
2026-06-22T02:15:00Z,324.1
2026-06-22T02:30:00Z,323.0
2026-06-22T02:45:00Z,321.6
2026-06-22T03:00:00Z,316.3
2026-06-22T03:15:00Z,337.2
2026-06-22T03:30:00Z,336.2
2026-06-22T03:45:00Z,317.5
2026-06-22T04:00:00Z,1119.4
2026-06-22T04:15:00Z,1059.3
2026-06-22T04:30:00Z,1045.9
2026-06-22T04:45:00Z,903.0
2026-06-22T05:00:00Z,803.2
2026-06-22T05:15:00Z,933.3
2026-06-22T05:30:00Z,955.5
2026-06-22T05:45:00Z,612.5
2026-06-22T06:00:00Z,582.1
2026-06-22T06:15:00Z,576.0
2026-06-22T06:30:00Z,694.8
2026-06-22T06:45:00Z,561.2
2026-06-22T07:00:00Z,276.9
2026-06-22T07:15:00Z,183.0
2026-06-22T07:30:00Z,341.5
2026-06-22T07:45:00Z,470.4
2026-06-22T08:00:00Z,519.2
2026-06-22T08:15:00Z,264.5
2026-06-22T08:30:00Z,571.8
2026-06-22T08:45:00Z,544.7
2026-06-22T09:00:00Z,531.8
2026-06-22T09:15:00Z,491.4
2026-06-22T09:30:00Z,561.7
2026-06-22T09:45:00Z,521.4
2026-06-22T10:00:00Z,580.5
2026-06-22T10:15:00Z,159.9
2026-06-22T10:30:00Z,210.2
2026-06-22T10:45:00Z,598.7
2026-06-22T11:00:00Z,80.0
2026-06-22T11:15:00Z,147.3
2026-06-22T11:30:00Z,460.6
2026-06-22T11:45:00Z,163.6
2026-06-22T12:00:00Z,449.6
2026-06-22T12:15:00Z,520.9
2026-06-22T12:30:00Z,657.8
2026-06-22T12:45:00Z,580.9
2026-06-22T13:00:00Z,438.9
2026-06-22T13:15:00Z,457.3
2026-06-22T13:30:00Z,628.2
2026-06-22T13:45:00Z,509.6
2026-06-22T14:00:00Z,641.6
2026-06-22T14:15:00Z,336.2
2026-06-22T14:30:00Z,558.5
2026-06-22T14:45:00Z,781.4
2026-06-22T15:00:00Z,458.8
2026-06-22T15:15:00Z,430.7
2026-06-22T15:30:00Z,586.2
2026-06-22T15:45:00Z,771.1
2026-06-22T16:00:00Z,675.7
2026-06-22T16:15:00Z,814.1
2026-06-22T16:30:00Z,681.3
2026-06-22T16:45:00Z,843.4
2026-06-22T17:00:00Z,767.3
2026-06-22T17:15:00Z,812.3
2026-06-22T17:30:00Z,994.3
2026-06-22T17:45:00Z,924.4
2026-06-22T18:00:00Z,927.8
2026-06-22T18:15:00Z,1040.0
2026-06-22T18:30:00Z,803.5
2026-06-22T18:45:00Z,1023.0
2026-06-22T19:00:00Z,955.0
2026-06-22T19:15:00Z,953.4
2026-06-22T19:30:00Z,1079.9
2026-06-22T19:45:00Z,814.2
2026-06-22T20:00:00Z,310.9
2026-06-22T20:15:00Z,335.8
2026-06-22T20:30:00Z,330.9
2026-06-22T20:45:00Z,316.6
2026-06-22T21:00:00Z,327.6
2026-06-22T21:15:00Z,335.8
2026-06-22T21:30:00Z,323.1
2026-06-22T21:45:00Z,329.1
2026-06-22T22:00:00Z,333.6
2026-06-22T22:15:00Z,334.4
2026-06-22T22:30:00Z,327.8
2026-06-22T22:45:00Z,319.3
2026-06-22T23:00:00Z,312.4
2026-06-22T23:15:00Z,329.1
2026-06-22T23:30:00Z,297.5
2026-06-22T23:45:00Z,356.1
2026-06-23T00:00:00Z,334.1
2026-06-23T00:15:00Z,331.3
2026-06-23T00:30:00Z,325.6
2026-06-23T00:45:00Z,314.9
2026-06-23T01:00:00Z,322.4
2026-06-23T01:15:00Z,326.2
2026-06-23T01:30:00Z,338.7
2026-06-23T01:45:00Z,318.0
2026-06-23T02:00:00Z,328.1
2026-06-23T02:15:00Z,355.3
2026-06-23T02:30:00Z,343.1
2026-06-23T02:45:00Z,326.2
2026-06-23T03:00:00Z,316.4
2026-06-23T03:15:00Z,320.7
2026-06-23T03:30:00Z,311.8
2026-06-23T03:45:00Z,330.1
2026-06-23T04:00:00Z,1073.1
2026-06-23T04:15:00Z,991.5
2026-06-23T04:30:00Z,986.6
2026-06-23T04:45:00Z,930.4
2026-06-23T05:00:00Z,818.9
2026-06-23T05:15:00Z,721.5
2026-06-23T05:30:00Z,932.9
2026-06-23T05:45:00Z,672.6
2026-06-23T06:00:00Z,598.7
2026-06-23T06:15:00Z,790.2
2026-06-23T06:30:00Z,893.5
2026-06-23T06:45:00Z,414.2
2026-06-23T07:00:00Z,540.6
2026-06-23T07:15:00Z,490.7
2026-06-23T07:30:00Z,442.6
2026-06-23T07:45:00Z,495.8
2026-06-23T08:00:00Z,367.9
2026-06-23T08:15:00Z,504.6
2026-06-23T08:30:00Z,524.6
2026-06-23T08:45:00Z,436.5
2026-06-23T09:00:00Z,536.0
2026-06-23T09:15:00Z,457.2
2026-06-23T09:30:00Z,378.2
2026-06-23T09:45:00Z,92.6
2026-06-23T10:00:00Z,80.0
2026-06-23T10:15:00Z,308.3
2026-06-23T10:30:00Z,760.0
2026-06-23T10:45:00Z,80.0
2026-06-23T11:00:00Z,797.2
2026-06-23T11:15:00Z,273.5
2026-06-23T11:30:00Z,379.5
2026-06-23T11:45:00Z,241.3
2026-06-23T12:00:00Z,549.7
2026-06-23T12:15:00Z,651.4
2026-06-23T12:30:00Z,564.3
2026-06-23T12:45:00Z,349.9
2026-06-23T13:00:00Z,612.2
2026-06-23T13:15:00Z,148.5
2026-06-23T13:30:00Z,350.8
2026-06-23T13:45:00Z,267.5
2026-06-23T14:00:00Z,573.6
2026-06-23T14:15:00Z,522.1
2026-06-23T14:30:00Z,279.6
2026-06-23T14:45:00Z,249.8
2026-06-23T15:00:00Z,592.3
2026-06-23T15:15:00Z,552.4
2026-06-23T15:30:00Z,571.4
2026-06-23T15:45:00Z,482.2
2026-06-23T16:00:00Z,716.6
2026-06-23T16:15:00Z,618.1
2026-06-23T16:30:00Z,776.1
2026-06-23T16:45:00Z,761.6
2026-06-23T17:00:00Z,874.1
2026-06-23T17:15:00Z,896.5
2026-06-23T17:30:00Z,845.9
2026-06-23T17:45:00Z,862.6
2026-06-23T18:00:00Z,978.7
2026-06-23T18:15:00Z,1016.2
2026-06-23T18:30:00Z,873.4
2026-06-23T18:45:00Z,985.5
2026-06-23T19:00:00Z,873.7
2026-06-23T19:15:00Z,976.3
2026-06-23T19:30:00Z,1054.2
2026-06-23T19:45:00Z,936.5
2026-06-23T20:00:00Z,320.9
2026-06-23T20:15:00Z,335.5
2026-06-23T20:30:00Z,326.6
2026-06-23T20:45:00Z,321.0
2026-06-23T21:00:00Z,343.6
2026-06-23T21:15:00Z,337.5
2026-06-23T21:30:00Z,321.4
2026-06-23T21:45:00Z,330.1
2026-06-23T22:00:00Z,321.0
2026-06-23T22:15:00Z,314.2
2026-06-23T22:30:00Z,308.4
2026-06-23T22:45:00Z,331.7
2026-06-23T23:00:00Z,340.3
2026-06-23T23:15:00Z,314.8
2026-06-23T23:30:00Z,337.2
2026-06-23T23:45:00Z,351.7
2026-06-24T00:00:00Z,353.5
2026-06-24T00:15:00Z,324.7
2026-06-24T00:30:00Z,337.8
2026-06-24T00:45:00Z,329.9
2026-06-24T01:00:00Z,336.9
2026-06-24T01:15:00Z,328.8
2026-06-24T01:30:00Z,347.1
2026-06-24T01:45:00Z,329.5
2026-06-24T02:00:00Z,333.4
2026-06-24T02:15:00Z,330.9
2026-06-24T02:30:00Z,322.8
2026-06-24T02:45:00Z,333.3
2026-06-24T03:00:00Z,316.3
2026-06-24T03:15:00Z,304.4
2026-06-24T03:30:00Z,338.5
2026-06-24T03:45:00Z,306.5
2026-06-24T04:00:00Z,1091.0
2026-06-24T04:15:00Z,1083.5
2026-06-24T04:30:00Z,973.5
2026-06-24T04:45:00Z,1030.0
2026-06-24T05:00:00Z,982.1
2026-06-24T05:15:00Z,667.8
2026-06-24T05:30:00Z,751.7
2026-06-24T05:45:00Z,620.7
2026-06-24T06:00:00Z,457.3
2026-06-24T06:15:00Z,805.7
2026-06-24T06:30:00Z,637.2
2026-06-24T06:45:00Z,550.3
2026-06-24T07:00:00Z,504.8
2026-06-24T07:15:00Z,452.6
2026-06-24T07:30:00Z,551.6
2026-06-24T07:45:00Z,444.9
2026-06-24T08:00:00Z,618.6
2026-06-24T08:15:00Z,402.2
2026-06-24T08:30:00Z,597.0
2026-06-24T08:45:00Z,152.2
2026-06-24T09:00:00Z,520.5
2026-06-24T09:15:00Z,479.9
2026-06-24T09:30:00Z,591.0
2026-06-24T09:45:00Z,80.0
2026-06-24T10:00:00Z,419.4
2026-06-24T10:15:00Z,371.2
2026-06-24T10:30:00Z,354.5
2026-06-24T10:45:00Z,80.0
2026-06-24T11:00:00Z,80.0
2026-06-24T11:15:00Z,230.6
2026-06-24T11:30:00Z,234.9
2026-06-24T11:45:00Z,80.0
2026-06-24T12:00:00Z,359.2
2026-06-24T12:15:00Z,80.0
2026-06-24T12:30:00Z,101.8
2026-06-24T12:45:00Z,361.7
2026-06-24T13:00:00Z,228.2
2026-06-24T13:15:00Z,190.1
2026-06-24T13:30:00Z,492.2
2026-06-24T13:45:00Z,441.9
2026-06-24T14:00:00Z,350.4
2026-06-24T14:15:00Z,371.8
2026-06-24T14:30:00Z,543.5
2026-06-24T14:45:00Z,476.7
2026-06-24T15:00:00Z,569.8
2026-06-24T15:15:00Z,523.2
2026-06-24T15:30:00Z,523.9
2026-06-24T15:45:00Z,412.7
2026-06-24T16:00:00Z,499.8
2026-06-24T16:15:00Z,489.6
2026-06-24T16:30:00Z,577.9
2026-06-24T16:45:00Z,868.6
2026-06-24T17:00:00Z,860.0
2026-06-24T17:15:00Z,919.2
2026-06-24T17:30:00Z,851.3
2026-06-24T17:45:00Z,958.5
2026-06-24T18:00:00Z,899.4
2026-06-24T18:15:00Z,853.7
2026-06-24T18:30:00Z,909.6
2026-06-24T18:45:00Z,1053.6
2026-06-24T19:00:00Z,776.6
2026-06-24T19:15:00Z,1044.7
2026-06-24T19:30:00Z,841.8
2026-06-24T19:45:00Z,1017.0
2026-06-24T20:00:00Z,323.6
2026-06-24T20:15:00Z,331.3
2026-06-24T20:30:00Z,346.9
2026-06-24T20:45:00Z,322.2
2026-06-24T21:00:00Z,320.6
2026-06-24T21:15:00Z,323.1
2026-06-24T21:30:00Z,325.6
2026-06-24T21:45:00Z,333.4
2026-06-24T22:00:00Z,338.3
2026-06-24T22:15:00Z,349.2
2026-06-24T22:30:00Z,321.6
2026-06-24T22:45:00Z,337.0
2026-06-24T23:00:00Z,338.9
2026-06-24T23:15:00Z,290.7
2026-06-24T23:30:00Z,335.7
2026-06-24T23:45:00Z,338.2
2026-06-25T00:00:00Z,334.6
2026-06-25T00:15:00Z,300.7
2026-06-25T00:30:00Z,322.2
2026-06-25T00:45:00Z,314.6
2026-06-25T01:00:00Z,321.7
2026-06-25T01:15:00Z,335.7
2026-06-25T01:30:00Z,345.2
2026-06-25T01:45:00Z,331.6
2026-06-25T02:00:00Z,315.0
2026-06-25T02:15:00Z,334.5
2026-06-25T02:30:00Z,332.6
2026-06-25T02:45:00Z,326.0
2026-06-25T03:00:00Z,331.9
2026-06-25T03:15:00Z,304.3
2026-06-25T03:30:00Z,299.9
2026-06-25T03:45:00Z,343.7
2026-06-25T04:00:00Z,885.5
2026-06-25T04:15:00Z,1022.6
2026-06-25T04:30:00Z,1123.5
2026-06-25T04:45:00Z,921.2
2026-06-25T05:00:00Z,833.6
2026-06-25T05:15:00Z,760.1
2026-06-25T05:30:00Z,786.1
2026-06-25T05:45:00Z,812.2
2026-06-25T06:00:00Z,816.8
2026-06-25T06:15:00Z,558.5
2026-06-25T06:30:00Z,494.7
2026-06-25T06:45:00Z,690.7
2026-06-25T07:00:00Z,354.1
2026-06-25T07:15:00Z,467.5
2026-06-25T07:30:00Z,548.7
2026-06-25T07:45:00Z,668.5
2026-06-25T08:00:00Z,486.3
2026-06-25T08:15:00Z,179.4
2026-06-25T08:30:00Z,507.0
2026-06-25T08:45:00Z,562.0
2026-06-25T09:00:00Z,299.7
2026-06-25T09:15:00Z,295.9
2026-06-25T09:30:00Z,437.9
2026-06-25T09:45:00Z,85.2
2026-06-25T10:00:00Z,332.2
2026-06-25T10:15:00Z,221.1
2026-06-25T10:30:00Z,407.6
2026-06-25T10:45:00Z,456.2
2026-06-25T11:00:00Z,326.2
2026-06-25T11:15:00Z,537.8
2026-06-25T11:30:00Z,469.6
2026-06-25T11:45:00Z,80.0
2026-06-25T12:00:00Z,509.6
2026-06-25T12:15:00Z,470.4
2026-06-25T12:30:00Z,633.8
2026-06-25T12:45:00Z,460.3
2026-06-25T13:00:00Z,178.9
2026-06-25T13:15:00Z,80.0
2026-06-25T13:30:00Z,80.0
2026-06-25T13:45:00Z,244.5
2026-06-25T14:00:00Z,506.4
2026-06-25T14:15:00Z,267.6
2026-06-25T14:30:00Z,520.8
2026-06-25T14:45:00Z,545.7
2026-06-25T15:00:00Z,659.4
2026-06-25T15:15:00Z,406.5
2026-06-25T15:30:00Z,774.0
2026-06-25T15:45:00Z,779.9
2026-06-25T16:00:00Z,636.3
2026-06-25T16:15:00Z,743.0
2026-06-25T16:30:00Z,716.9
2026-06-25T16:45:00Z,844.9
2026-06-25T17:00:00Z,926.5
2026-06-25T17:15:00Z,1019.1
2026-06-25T17:30:00Z,861.3
2026-06-25T17:45:00Z,904.3
2026-06-25T18:00:00Z,845.2
2026-06-25T18:15:00Z,956.1
2026-06-25T18:30:00Z,1021.7
2026-06-25T18:45:00Z,897.9
2026-06-25T19:00:00Z,799.9
2026-06-25T19:15:00Z,908.8
2026-06-25T19:30:00Z,1084.8
2026-06-25T19:45:00Z,850.5
2026-06-25T20:00:00Z,330.5
2026-06-25T20:15:00Z,313.6
2026-06-25T20:30:00Z,332.4
2026-06-25T20:45:00Z,320.3
2026-06-25T21:00:00Z,361.7
2026-06-25T21:15:00Z,331.2
2026-06-25T21:30:00Z,333.5
2026-06-25T21:45:00Z,316.5
2026-06-25T22:00:00Z,325.1
2026-06-25T22:15:00Z,332.6
2026-06-25T22:30:00Z,314.0
2026-06-25T22:45:00Z,351.2
2026-06-25T23:00:00Z,316.0
2026-06-25T23:15:00Z,339.8
2026-06-25T23:30:00Z,327.7
2026-06-25T23:45:00Z,322.7
2026-06-26T00:00:00Z,338.1
2026-06-26T00:15:00Z,339.8
2026-06-26T00:30:00Z,320.5
2026-06-26T00:45:00Z,344.0
2026-06-26T01:00:00Z,323.0
2026-06-26T01:15:00Z,315.5
2026-06-26T01:30:00Z,323.3
2026-06-26T01:45:00Z,332.3
2026-06-26T02:00:00Z,323.7
2026-06-26T02:15:00Z,353.4
2026-06-26T02:30:00Z,314.8
2026-06-26T02:45:00Z,326.9
2026-06-26T03:00:00Z,334.3
2026-06-26T03:15:00Z,306.3
2026-06-26T03:30:00Z,317.1
2026-06-26T03:45:00Z,336.5
2026-06-26T04:00:00Z,868.5
2026-06-26T04:15:00Z,990.2
2026-06-26T04:30:00Z,798.0
2026-06-26T04:45:00Z,769.3
2026-06-26T05:00:00Z,734.4
2026-06-26T05:15:00Z,911.6
2026-06-26T05:30:00Z,766.5
2026-06-26T05:45:00Z,778.3
2026-06-26T06:00:00Z,888.3
2026-06-26T06:15:00Z,805.3
2026-06-26T06:30:00Z,533.6
2026-06-26T06:45:00Z,544.9
2026-06-26T07:00:00Z,561.1
2026-06-26T07:15:00Z,698.0
2026-06-26T07:30:00Z,477.1
2026-06-26T07:45:00Z,572.6
2026-06-26T08:00:00Z,412.2
2026-06-26T08:15:00Z,444.5
2026-06-26T08:30:00Z,726.3
2026-06-26T08:45:00Z,425.9
2026-06-26T09:00:00Z,387.4
2026-06-26T09:15:00Z,80.0
2026-06-26T09:30:00Z,571.0
2026-06-26T09:45:00Z,107.5
2026-06-26T10:00:00Z,80.0
2026-06-26T10:15:00Z,80.0
2026-06-26T10:30:00Z,463.1
2026-06-26T10:45:00Z,298.3
2026-06-26T11:00:00Z,179.1
2026-06-26T11:15:00Z,240.5
2026-06-26T11:30:00Z,501.4
2026-06-26T11:45:00Z,531.7
2026-06-26T12:00:00Z,80.0
2026-06-26T12:15:00Z,80.0
2026-06-26T12:30:00Z,288.2
2026-06-26T12:45:00Z,231.3
2026-06-26T13:00:00Z,80.0
2026-06-26T13:15:00Z,298.1
2026-06-26T13:30:00Z,510.8
2026-06-26T13:45:00Z,474.7
2026-06-26T14:00:00Z,97.3
2026-06-26T14:15:00Z,207.4
2026-06-26T14:30:00Z,454.6
2026-06-26T14:45:00Z,360.1
2026-06-26T15:00:00Z,370.3
2026-06-26T15:15:00Z,404.9
2026-06-26T15:30:00Z,606.9
2026-06-26T15:45:00Z,779.5
2026-06-26T16:00:00Z,394.8
2026-06-26T16:15:00Z,724.7
2026-06-26T16:30:00Z,746.0
2026-06-26T16:45:00Z,814.3
2026-06-26T17:00:00Z,873.0
2026-06-26T17:15:00Z,986.9
2026-06-26T17:30:00Z,986.9
2026-06-26T17:45:00Z,876.7
2026-06-26T18:00:00Z,959.7
2026-06-26T18:15:00Z,955.8
2026-06-26T18:30:00Z,1009.8
2026-06-26T18:45:00Z,765.8
2026-06-26T19:00:00Z,793.3
2026-06-26T19:15:00Z,945.6
2026-06-26T19:30:00Z,942.1
2026-06-26T19:45:00Z,1007.0
2026-06-26T20:00:00Z,343.8
2026-06-26T20:15:00Z,342.7
2026-06-26T20:30:00Z,334.5
2026-06-26T20:45:00Z,342.1
2026-06-26T21:00:00Z,330.5
2026-06-26T21:15:00Z,337.3
2026-06-26T21:30:00Z,333.8
2026-06-26T21:45:00Z,328.9
2026-06-26T22:00:00Z,329.6
2026-06-26T22:15:00Z,310.8
2026-06-26T22:30:00Z,335.7
2026-06-26T22:45:00Z,332.0
2026-06-26T23:00:00Z,318.1
2026-06-26T23:15:00Z,332.3
2026-06-26T23:30:00Z,330.2
2026-06-26T23:45:00Z,323.6
2026-06-27T00:00:00Z,325.2
2026-06-27T00:15:00Z,342.8
2026-06-27T00:30:00Z,326.4
2026-06-27T00:45:00Z,322.3
2026-06-27T01:00:00Z,330.3
2026-06-27T01:15:00Z,318.9
2026-06-27T01:30:00Z,320.0
2026-06-27T01:45:00Z,319.9
2026-06-27T02:00:00Z,332.1
2026-06-27T02:15:00Z,337.0
2026-06-27T02:30:00Z,329.5
2026-06-27T02:45:00Z,347.7
2026-06-27T03:00:00Z,337.7
2026-06-27T03:15:00Z,330.0
2026-06-27T03:30:00Z,343.7
2026-06-27T03:45:00Z,321.8
2026-06-27T04:00:00Z,337.0
2026-06-27T04:15:00Z,318.3
2026-06-27T04:30:00Z,269.0
2026-06-27T04:45:00Z,231.4
2026-06-27T05:00:00Z,165.2
2026-06-27T05:15:00Z,226.8
2026-06-27T05:30:00Z,108.4
2026-06-27T05:45:00Z,95.7
2026-06-27T06:00:00Z,80.0
2026-06-27T06:15:00Z,185.0
2026-06-27T06:30:00Z,80.0
2026-06-27T06:45:00Z,80.0
2026-06-27T07:00:00Z,80.0
2026-06-27T07:15:00Z,80.0
2026-06-27T07:30:00Z,80.0
2026-06-27T07:45:00Z,80.0
2026-06-27T08:00:00Z,80.0
2026-06-27T08:15:00Z,80.0
2026-06-27T08:30:00Z,80.0
2026-06-27T08:45:00Z,80.0
2026-06-27T09:00:00Z,80.0
2026-06-27T09:15:00Z,80.0
2026-06-27T09:30:00Z,80.0
2026-06-27T09:45:00Z,80.0
2026-06-27T10:00:00Z,80.0
2026-06-27T10:15:00Z,80.0
2026-06-27T10:30:00Z,80.0
2026-06-27T10:45:00Z,80.0
2026-06-27T11:00:00Z,80.0
2026-06-27T11:15:00Z,80.0
2026-06-27T11:30:00Z,80.0
2026-06-27T11:45:00Z,80.0
2026-06-27T12:00:00Z,80.0
2026-06-27T12:15:00Z,80.0
2026-06-27T12:30:00Z,80.0
2026-06-27T12:45:00Z,80.0
2026-06-27T13:00:00Z,80.0
2026-06-27T13:15:00Z,80.0
2026-06-27T13:30:00Z,80.0
2026-06-27T13:45:00Z,80.0
2026-06-27T14:00:00Z,80.0
2026-06-27T14:15:00Z,80.0
2026-06-27T14:30:00Z,80.0
2026-06-27T14:45:00Z,80.0
2026-06-27T15:00:00Z,80.0
2026-06-27T15:15:00Z,80.0
2026-06-27T15:30:00Z,148.8
2026-06-27T15:45:00Z,160.9
2026-06-27T16:00:00Z,80.0
2026-06-27T16:15:00Z,80.0
2026-06-27T16:30:00Z,171.3
2026-06-27T16:45:00Z,101.1
2026-06-27T17:00:00Z,262.8
2026-06-27T17:15:00Z,254.8
2026-06-27T17:30:00Z,230.6
2026-06-27T17:45:00Z,316.6
2026-06-27T18:00:00Z,327.6
2026-06-27T18:15:00Z,325.4
2026-06-27T18:30:00Z,335.7
2026-06-27T18:45:00Z,328.5
2026-06-27T19:00:00Z,346.3
2026-06-27T19:15:00Z,323.2
2026-06-27T19:30:00Z,327.3
2026-06-27T19:45:00Z,324.5
2026-06-27T20:00:00Z,329.6
2026-06-27T20:15:00Z,334.8
2026-06-27T20:30:00Z,322.1
2026-06-27T20:45:00Z,315.4
2026-06-27T21:00:00Z,355.8
2026-06-27T21:15:00Z,339.8
2026-06-27T21:30:00Z,309.8
2026-06-27T21:45:00Z,324.7
2026-06-27T22:00:00Z,327.0
2026-06-27T22:15:00Z,331.9
2026-06-27T22:30:00Z,334.6
2026-06-27T22:45:00Z,329.5
2026-06-27T23:00:00Z,355.2
2026-06-27T23:15:00Z,365.1
2026-06-27T23:30:00Z,341.9
2026-06-27T23:45:00Z,327.8
2026-06-28T00:00:00Z,327.7
2026-06-28T00:15:00Z,329.5
2026-06-28T00:30:00Z,314.0
2026-06-28T00:45:00Z,336.4
2026-06-28T01:00:00Z,326.9
2026-06-28T01:15:00Z,339.4
2026-06-28T01:30:00Z,326.7
2026-06-28T01:45:00Z,321.3
2026-06-28T02:00:00Z,336.6
2026-06-28T02:15:00Z,319.4
2026-06-28T02:30:00Z,310.3
2026-06-28T02:45:00Z,324.4
2026-06-28T03:00:00Z,321.2
2026-06-28T03:15:00Z,326.2
2026-06-28T03:30:00Z,311.9
2026-06-28T03:45:00Z,348.6
2026-06-28T04:00:00Z,345.9
2026-06-28T04:15:00Z,290.7
2026-06-28T04:30:00Z,284.4
2026-06-28T04:45:00Z,193.7
2026-06-28T05:00:00Z,111.6
2026-06-28T05:15:00Z,237.7
2026-06-28T05:30:00Z,155.6
2026-06-28T05:45:00Z,80.0
2026-06-28T06:00:00Z,120.9
2026-06-28T06:15:00Z,80.0
2026-06-28T06:30:00Z,80.0
2026-06-28T06:45:00Z,81.2
2026-06-28T07:00:00Z,80.0
2026-06-28T07:15:00Z,80.0
2026-06-28T07:30:00Z,80.0
2026-06-28T07:45:00Z,80.0
2026-06-28T08:00:00Z,80.0
2026-06-28T08:15:00Z,80.0
2026-06-28T08:30:00Z,80.0
2026-06-28T08:45:00Z,94.9
2026-06-28T09:00:00Z,80.0
2026-06-28T09:15:00Z,80.0
2026-06-28T09:30:00Z,80.0
2026-06-28T09:45:00Z,80.0
2026-06-28T10:00:00Z,80.0
2026-06-28T10:15:00Z,80.0
2026-06-28T10:30:00Z,80.0
2026-06-28T10:45:00Z,80.0
2026-06-28T11:00:00Z,80.0
2026-06-28T11:15:00Z,80.0
2026-06-28T11:30:00Z,80.0
2026-06-28T11:45:00Z,80.0
2026-06-28T12:00:00Z,80.0
2026-06-28T12:15:00Z,80.0
2026-06-28T12:30:00Z,80.0
2026-06-28T12:45:00Z,80.0
2026-06-28T13:00:00Z,80.0
2026-06-28T13:15:00Z,80.0
2026-06-28T13:30:00Z,80.0
2026-06-28T13:45:00Z,80.0
2026-06-28T14:00:00Z,80.0
2026-06-28T14:15:00Z,80.0
2026-06-28T14:30:00Z,80.0
2026-06-28T14:45:00Z,99.0
2026-06-28T15:00:00Z,80.0
2026-06-28T15:15:00Z,80.0
2026-06-28T15:30:00Z,80.0
2026-06-28T15:45:00Z,135.5
2026-06-28T16:00:00Z,80.0
2026-06-28T16:15:00Z,80.0
2026-06-28T16:30:00Z,186.9
2026-06-28T16:45:00Z,184.3
2026-06-28T17:00:00Z,116.0
2026-06-28T17:15:00Z,219.8
2026-06-28T17:30:00Z,280.2
2026-06-28T17:45:00Z,294.7
2026-06-28T18:00:00Z,320.0
2026-06-28T18:15:00Z,322.1
2026-06-28T18:30:00Z,337.5
2026-06-28T18:45:00Z,349.2
2026-06-28T19:00:00Z,337.5
2026-06-28T19:15:00Z,330.0
2026-06-28T19:30:00Z,340.1
2026-06-28T19:45:00Z,316.2
2026-06-28T20:00:00Z,310.0
2026-06-28T20:15:00Z,317.7
2026-06-28T20:30:00Z,341.0
2026-06-28T20:45:00Z,329.6
2026-06-28T21:00:00Z,337.9
2026-06-28T21:15:00Z,306.7
2026-06-28T21:30:00Z,329.2
2026-06-28T21:45:00Z,325.9
2026-06-28T22:00:00Z,331.8
2026-06-28T22:15:00Z,329.4
2026-06-28T22:30:00Z,316.4
2026-06-28T22:45:00Z,330.6
2026-06-28T23:00:00Z,321.7
2026-06-28T23:15:00Z,335.8
2026-06-28T23:30:00Z,319.8
2026-06-28T23:45:00Z,335.0
2026-06-29T00:00:00Z,339.0
2026-06-29T00:15:00Z,348.6
2026-06-29T00:30:00Z,326.6
2026-06-29T00:45:00Z,328.0
2026-06-29T01:00:00Z,349.0
2026-06-29T01:15:00Z,343.8
2026-06-29T01:30:00Z,328.1
2026-06-29T01:45:00Z,333.5
2026-06-29T02:00:00Z,342.9
2026-06-29T02:15:00Z,316.3
2026-06-29T02:30:00Z,332.7
2026-06-29T02:45:00Z,341.5
2026-06-29T03:00:00Z,342.2
2026-06-29T03:15:00Z,340.3
2026-06-29T03:30:00Z,331.5
2026-06-29T03:45:00Z,313.9
2026-06-29T04:00:00Z,949.3
2026-06-29T04:15:00Z,958.1
2026-06-29T04:30:00Z,823.3
2026-06-29T04:45:00Z,1004.1
2026-06-29T05:00:00Z,824.9
2026-06-29T05:15:00Z,828.7
2026-06-29T05:30:00Z,742.1
2026-06-29T05:45:00Z,552.8
2026-06-29T06:00:00Z,562.0
2026-06-29T06:15:00Z,625.0
2026-06-29T06:30:00Z,843.5
2026-06-29T06:45:00Z,467.6
2026-06-29T07:00:00Z,546.8
2026-06-29T07:15:00Z,330.3
2026-06-29T07:30:00Z,721.2
2026-06-29T07:45:00Z,251.8
2026-06-29T08:00:00Z,418.9
2026-06-29T08:15:00Z,395.2
2026-06-29T08:30:00Z,585.7
2026-06-29T08:45:00Z,610.1
2026-06-29T09:00:00Z,141.9
2026-06-29T09:15:00Z,204.2
2026-06-29T09:30:00Z,386.4
2026-06-29T09:45:00Z,351.5
2026-06-29T10:00:00Z,80.0
2026-06-29T10:15:00Z,80.0
2026-06-29T10:30:00Z,391.4
2026-06-29T10:45:00Z,609.5
2026-06-29T11:00:00Z,153.2
2026-06-29T11:15:00Z,80.0
2026-06-29T11:30:00Z,80.0
2026-06-29T11:45:00Z,115.6
2026-06-29T12:00:00Z,264.5
2026-06-29T12:15:00Z,201.9
2026-06-29T12:30:00Z,80.0
2026-06-29T12:45:00Z,515.8
2026-06-29T13:00:00Z,182.6
2026-06-29T13:15:00Z,82.4
2026-06-29T13:30:00Z,257.7
2026-06-29T13:45:00Z,609.7
2026-06-29T14:00:00Z,560.5
2026-06-29T14:15:00Z,359.8
2026-06-29T14:30:00Z,595.9
2026-06-29T14:45:00Z,725.8
2026-06-29T15:00:00Z,498.4
2026-06-29T15:15:00Z,441.7
2026-06-29T15:30:00Z,774.9
2026-06-29T15:45:00Z,439.1
2026-06-29T16:00:00Z,603.1
2026-06-29T16:15:00Z,658.8
2026-06-29T16:30:00Z,682.9
2026-06-29T16:45:00Z,778.6
2026-06-29T17:00:00Z,731.2
2026-06-29T17:15:00Z,782.5
2026-06-29T17:30:00Z,678.0
2026-06-29T17:45:00Z,1000.9
2026-06-29T18:00:00Z,981.9
2026-06-29T18:15:00Z,930.8
2026-06-29T18:30:00Z,1031.3
2026-06-29T18:45:00Z,1048.8
2026-06-29T19:00:00Z,993.3
2026-06-29T19:15:00Z,1061.6
2026-06-29T19:30:00Z,961.4
2026-06-29T19:45:00Z,893.4
2026-06-29T20:00:00Z,355.9
2026-06-29T20:15:00Z,324.0
2026-06-29T20:30:00Z,326.1
2026-06-29T20:45:00Z,331.4
2026-06-29T21:00:00Z,350.4
2026-06-29T21:15:00Z,318.3
2026-06-29T21:30:00Z,356.0
2026-06-29T21:45:00Z,308.3
2026-06-29T22:00:00Z,308.8
2026-06-29T22:15:00Z,315.3
2026-06-29T22:30:00Z,351.8
2026-06-29T22:45:00Z,314.7
2026-06-29T23:00:00Z,342.4
2026-06-29T23:15:00Z,323.2
2026-06-29T23:30:00Z,328.8
2026-06-29T23:45:00Z,313.4
2026-06-30T00:00:00Z,345.0
2026-06-30T00:15:00Z,340.4
2026-06-30T00:30:00Z,322.4
2026-06-30T00:45:00Z,309.6
2026-06-30T01:00:00Z,332.6
2026-06-30T01:15:00Z,314.5
2026-06-30T01:30:00Z,331.9
2026-06-30T01:45:00Z,358.6
2026-06-30T02:00:00Z,345.4
2026-06-30T02:15:00Z,336.7
2026-06-30T02:30:00Z,343.1
2026-06-30T02:45:00Z,331.6
2026-06-30T03:00:00Z,325.7
2026-06-30T03:15:00Z,315.6
2026-06-30T03:30:00Z,323.7
2026-06-30T03:45:00Z,333.3
2026-06-30T04:00:00Z,925.8
2026-06-30T04:15:00Z,1188.0
2026-06-30T04:30:00Z,1084.0
2026-06-30T04:45:00Z,938.1
2026-06-30T05:00:00Z,1072.3
2026-06-30T05:15:00Z,845.4
2026-06-30T05:30:00Z,984.1
2026-06-30T05:45:00Z,531.6
2026-06-30T06:00:00Z,715.7
2026-06-30T06:15:00Z,405.6
2026-06-30T06:30:00Z,819.9
2026-06-30T06:45:00Z,607.9
2026-06-30T07:00:00Z,417.8
2026-06-30T07:15:00Z,652.3
2026-06-30T07:30:00Z,436.4
2026-06-30T07:45:00Z,541.1
2026-06-30T08:00:00Z,488.2
2026-06-30T08:15:00Z,143.8
2026-06-30T08:30:00Z,516.9
2026-06-30T08:45:00Z,355.1
2026-06-30T09:00:00Z,205.4
2026-06-30T09:15:00Z,80.0
2026-06-30T09:30:00Z,304.1
2026-06-30T09:45:00Z,80.0
2026-06-30T10:00:00Z,90.8
2026-06-30T10:15:00Z,538.4
2026-06-30T10:30:00Z,426.4
2026-06-30T10:45:00Z,80.0
2026-06-30T11:00:00Z,369.0
2026-06-30T11:15:00Z,216.8
2026-06-30T11:30:00Z,392.3
2026-06-30T11:45:00Z,479.1
2026-06-30T12:00:00Z,701.4
2026-06-30T12:15:00Z,425.3
2026-06-30T12:30:00Z,649.8
2026-06-30T12:45:00Z,80.0
2026-06-30T13:00:00Z,280.7
2026-06-30T13:15:00Z,105.3
2026-06-30T13:30:00Z,80.0
2026-06-30T13:45:00Z,226.5
2026-06-30T14:00:00Z,456.5
2026-06-30T14:15:00Z,201.6
2026-06-30T14:30:00Z,514.0
2026-06-30T14:45:00Z,722.5
2026-06-30T15:00:00Z,732.8
2026-06-30T15:15:00Z,382.7
2026-06-30T15:30:00Z,460.5
2026-06-30T15:45:00Z,620.6
2026-06-30T16:00:00Z,390.1
2026-06-30T16:15:00Z,630.4
2026-06-30T16:30:00Z,675.5
2026-06-30T16:45:00Z,643.3
2026-06-30T17:00:00Z,924.8
2026-06-30T17:15:00Z,996.0
2026-06-30T17:30:00Z,803.0
2026-06-30T17:45:00Z,948.0
2026-06-30T18:00:00Z,799.2
2026-06-30T18:15:00Z,1015.8
2026-06-30T18:30:00Z,815.9
2026-06-30T18:45:00Z,903.0
2026-06-30T19:00:00Z,1065.7
2026-06-30T19:15:00Z,934.0
2026-06-30T19:30:00Z,857.6
2026-06-30T19:45:00Z,969.7
2026-06-30T20:00:00Z,321.7
2026-06-30T20:15:00Z,311.4
2026-06-30T20:30:00Z,331.7
2026-06-30T20:45:00Z,344.4
2026-06-30T21:00:00Z,346.9
2026-06-30T21:15:00Z,329.5
2026-06-30T21:30:00Z,329.7
2026-06-30T21:45:00Z,325.3
2026-06-30T22:00:00Z,328.7
2026-06-30T22:15:00Z,323.1
2026-06-30T22:30:00Z,331.3
2026-06-30T22:45:00Z,317.6
2026-06-30T23:00:00Z,329.1
2026-06-30T23:15:00Z,346.3
2026-06-30T23:30:00Z,340.2
2026-06-30T23:45:00Z,332.7
2026-07-01T00:00:00Z,322.4
2026-07-01T00:15:00Z,358.2
2026-07-01T00:30:00Z,323.4
2026-07-01T00:45:00Z,334.5
2026-07-01T01:00:00Z,325.4
2026-07-01T01:15:00Z,327.4
2026-07-01T01:30:00Z,325.1
2026-07-01T01:45:00Z,319.2
2026-07-01T02:00:00Z,326.1
2026-07-01T02:15:00Z,317.3
2026-07-01T02:30:00Z,307.8
2026-07-01T02:45:00Z,348.0
2026-07-01T03:00:00Z,318.6
2026-07-01T03:15:00Z,298.9
2026-07-01T03:30:00Z,325.3
2026-07-01T03:45:00Z,347.4
2026-07-01T04:00:00Z,897.6
2026-07-01T04:15:00Z,1188.0
2026-07-01T04:30:00Z,758.0
2026-07-01T04:45:00Z,995.9
2026-07-01T05:00:00Z,773.5
2026-07-01T05:15:00Z,840.9
2026-07-01T05:30:00Z,854.6
2026-07-01T05:45:00Z,845.1
2026-07-01T06:00:00Z,446.7
2026-07-01T06:15:00Z,762.6
2026-07-01T06:30:00Z,481.2
2026-07-01T06:45:00Z,331.9
2026-07-01T07:00:00Z,588.4
2026-07-01T07:15:00Z,520.8
2026-07-01T07:30:00Z,426.8
2026-07-01T07:45:00Z,627.6
2026-07-01T08:00:00Z,517.0
2026-07-01T08:15:00Z,372.8
2026-07-01T08:30:00Z,655.6
2026-07-01T08:45:00Z,186.8
2026-07-01T09:00:00Z,183.4
2026-07-01T09:15:00Z,164.2
2026-07-01T09:30:00Z,357.3
2026-07-01T09:45:00Z,160.9
2026-07-01T10:00:00Z,581.6
2026-07-01T10:15:00Z,80.0
2026-07-01T10:30:00Z,543.6
2026-07-01T10:45:00Z,308.8
2026-07-01T11:00:00Z,415.4
2026-07-01T11:15:00Z,80.0
2026-07-01T11:30:00Z,246.1
2026-07-01T11:45:00Z,94.8
2026-07-01T12:00:00Z,485.5
2026-07-01T12:15:00Z,80.0
2026-07-01T12:30:00Z,432.3
2026-07-01T12:45:00Z,327.3
2026-07-01T13:00:00Z,460.6
2026-07-01T13:15:00Z,646.1
2026-07-01T13:30:00Z,132.9
2026-07-01T13:45:00Z,154.7
2026-07-01T14:00:00Z,290.1
2026-07-01T14:15:00Z,381.3
2026-07-01T14:30:00Z,475.4
2026-07-01T14:45:00Z,473.9
2026-07-01T15:00:00Z,511.7
2026-07-01T15:15:00Z,467.7
2026-07-01T15:30:00Z,488.1
2026-07-01T15:45:00Z,843.2
2026-07-01T16:00:00Z,864.3
2026-07-01T16:15:00Z,600.6
2026-07-01T16:30:00Z,673.3
2026-07-01T16:45:00Z,890.0
2026-07-01T17:00:00Z,878.7
2026-07-01T17:15:00Z,891.3
2026-07-01T17:30:00Z,946.3
2026-07-01T17:45:00Z,934.3
2026-07-01T18:00:00Z,947.2
2026-07-01T18:15:00Z,989.8
2026-07-01T18:30:00Z,812.0
2026-07-01T18:45:00Z,900.6
2026-07-01T19:00:00Z,950.0
2026-07-01T19:15:00Z,1033.9
2026-07-01T19:30:00Z,987.5
2026-07-01T19:45:00Z,797.0
2026-07-01T20:00:00Z,333.3
2026-07-01T20:15:00Z,337.5
2026-07-01T20:30:00Z,319.2
2026-07-01T20:45:00Z,324.2
2026-07-01T21:00:00Z,304.8
2026-07-01T21:15:00Z,324.8
2026-07-01T21:30:00Z,352.0
2026-07-01T21:45:00Z,308.2
2026-07-01T22:00:00Z,322.2
2026-07-01T22:15:00Z,322.6
2026-07-01T22:30:00Z,321.2
2026-07-01T22:45:00Z,347.3
2026-07-01T23:00:00Z,345.5
2026-07-01T23:15:00Z,327.1
2026-07-01T23:30:00Z,312.1
2026-07-01T23:45:00Z,312.8
2026-07-02T00:00:00Z,324.9
2026-07-02T00:15:00Z,302.1
2026-07-02T00:30:00Z,323.3
2026-07-02T00:45:00Z,342.7
2026-07-02T01:00:00Z,318.4
2026-07-02T01:15:00Z,323.7
2026-07-02T01:30:00Z,322.5
2026-07-02T01:45:00Z,351.4
2026-07-02T02:00:00Z,329.0
2026-07-02T02:15:00Z,312.2
2026-07-02T02:30:00Z,331.1
2026-07-02T02:45:00Z,339.9
2026-07-02T03:00:00Z,338.0
2026-07-02T03:15:00Z,338.9
2026-07-02T03:30:00Z,326.1
2026-07-02T03:45:00Z,312.7
2026-07-02T04:00:00Z,1108.5
2026-07-02T04:15:00Z,958.0
2026-07-02T04:30:00Z,1019.0
2026-07-02T04:45:00Z,1029.5
2026-07-02T05:00:00Z,894.4
2026-07-02T05:15:00Z,959.5
2026-07-02T05:30:00Z,959.6
2026-07-02T05:45:00Z,818.6
2026-07-02T06:00:00Z,449.3
2026-07-02T06:15:00Z,773.4
2026-07-02T06:30:00Z,677.5
2026-07-02T06:45:00Z,465.9
2026-07-02T07:00:00Z,361.7
2026-07-02T07:15:00Z,475.6
2026-07-02T07:30:00Z,413.9
2026-07-02T07:45:00Z,185.0
2026-07-02T08:00:00Z,434.6
2026-07-02T08:15:00Z,286.0
2026-07-02T08:30:00Z,635.7
2026-07-02T08:45:00Z,429.2
2026-07-02T09:00:00Z,116.9
2026-07-02T09:15:00Z,299.3
2026-07-02T09:30:00Z,753.0
2026-07-02T09:45:00Z,640.9
2026-07-02T10:00:00Z,386.5
2026-07-02T10:15:00Z,80.0
2026-07-02T10:30:00Z,357.1
2026-07-02T10:45:00Z,80.0
2026-07-02T11:00:00Z,640.7
2026-07-02T11:15:00Z,488.1
2026-07-02T11:30:00Z,80.0
2026-07-02T11:45:00Z,292.0
2026-07-02T12:00:00Z,371.4
2026-07-02T12:15:00Z,447.0
2026-07-02T12:30:00Z,273.6
2026-07-02T12:45:00Z,499.1
2026-07-02T13:00:00Z,80.0
2026-07-02T13:15:00Z,253.1
2026-07-02T13:30:00Z,139.0
2026-07-02T13:45:00Z,474.8
2026-07-02T14:00:00Z,700.9
2026-07-02T14:15:00Z,489.6
2026-07-02T14:30:00Z,290.7
2026-07-02T14:45:00Z,476.6
2026-07-02T15:00:00Z,464.0
2026-07-02T15:15:00Z,323.4
2026-07-02T15:30:00Z,549.2
2026-07-02T15:45:00Z,652.7
2026-07-02T16:00:00Z,789.3
2026-07-02T16:15:00Z,789.8
2026-07-02T16:30:00Z,495.8
2026-07-02T16:45:00Z,899.7
2026-07-02T17:00:00Z,942.0
2026-07-02T17:15:00Z,936.6
2026-07-02T17:30:00Z,858.8
2026-07-02T17:45:00Z,805.3
2026-07-02T18:00:00Z,809.1
2026-07-02T18:15:00Z,1032.0
2026-07-02T18:30:00Z,837.6
2026-07-02T18:45:00Z,853.9
2026-07-02T19:00:00Z,1036.5
2026-07-02T19:15:00Z,1046.6
2026-07-02T19:30:00Z,830.2
2026-07-02T19:45:00Z,993.8
2026-07-02T20:00:00Z,319.6
2026-07-02T20:15:00Z,335.0
2026-07-02T20:30:00Z,308.1
2026-07-02T20:45:00Z,354.3
2026-07-02T21:00:00Z,336.7
2026-07-02T21:15:00Z,332.5
2026-07-02T21:30:00Z,321.6
2026-07-02T21:45:00Z,362.3
2026-07-02T22:00:00Z,320.2
2026-07-02T22:15:00Z,336.8
2026-07-02T22:30:00Z,324.8
2026-07-02T22:45:00Z,345.1
2026-07-02T23:00:00Z,312.7
2026-07-02T23:15:00Z,334.5
2026-07-02T23:30:00Z,326.5
2026-07-02T23:45:00Z,331.0
2026-07-03T00:00:00Z,349.0
2026-07-03T00:15:00Z,330.8
2026-07-03T00:30:00Z,331.0
2026-07-03T00:45:00Z,347.5
2026-07-03T01:00:00Z,328.1
2026-07-03T01:15:00Z,336.1
2026-07-03T01:30:00Z,339.3
2026-07-03T01:45:00Z,325.8
2026-07-03T02:00:00Z,324.1
2026-07-03T02:15:00Z,328.5
2026-07-03T02:30:00Z,372.4
2026-07-03T02:45:00Z,340.7
2026-07-03T03:00:00Z,329.1
2026-07-03T03:15:00Z,336.9
2026-07-03T03:30:00Z,347.7
2026-07-03T03:45:00Z,344.7
2026-07-03T04:00:00Z,1050.9
2026-07-03T04:15:00Z,1019.8
2026-07-03T04:30:00Z,880.8
2026-07-03T04:45:00Z,924.8
2026-07-03T05:00:00Z,810.6
2026-07-03T05:15:00Z,887.2
2026-07-03T05:30:00Z,729.7
2026-07-03T05:45:00Z,937.2
2026-07-03T06:00:00Z,509.1
2026-07-03T06:15:00Z,480.5
2026-07-03T06:30:00Z,699.7
2026-07-03T06:45:00Z,435.5
2026-07-03T07:00:00Z,437.0
2026-07-03T07:15:00Z,254.0
2026-07-03T07:30:00Z,237.9
2026-07-03T07:45:00Z,541.5
2026-07-03T08:00:00Z,499.9
2026-07-03T08:15:00Z,579.2
2026-07-03T08:30:00Z,631.7
2026-07-03T08:45:00Z,332.5
2026-07-03T09:00:00Z,450.0
2026-07-03T09:15:00Z,91.9
2026-07-03T09:30:00Z,438.9
2026-07-03T09:45:00Z,290.8
2026-07-03T10:00:00Z,80.0
2026-07-03T10:15:00Z,369.6
2026-07-03T10:30:00Z,634.6
2026-07-03T10:45:00Z,460.0
2026-07-03T11:00:00Z,99.1
2026-07-03T11:15:00Z,514.6
2026-07-03T11:30:00Z,80.0
2026-07-03T11:45:00Z,80.0
2026-07-03T12:00:00Z,555.1
2026-07-03T12:15:00Z,466.7
2026-07-03T12:30:00Z,454.9
2026-07-03T12:45:00Z,80.0
2026-07-03T13:00:00Z,646.6
2026-07-03T13:15:00Z,702.4
2026-07-03T13:30:00Z,188.5
2026-07-03T13:45:00Z,363.4
2026-07-03T14:00:00Z,176.4
2026-07-03T14:15:00Z,687.6
2026-07-03T14:30:00Z,606.1
2026-07-03T14:45:00Z,717.3
2026-07-03T15:00:00Z,331.0
2026-07-03T15:15:00Z,841.6
2026-07-03T15:30:00Z,556.0
2026-07-03T15:45:00Z,648.0
2026-07-03T16:00:00Z,519.5
2026-07-03T16:15:00Z,757.8
2026-07-03T16:30:00Z,596.6
2026-07-03T16:45:00Z,692.1
2026-07-03T17:00:00Z,794.3
2026-07-03T17:15:00Z,806.0
2026-07-03T17:30:00Z,782.9
2026-07-03T17:45:00Z,811.5
2026-07-03T18:00:00Z,883.0
2026-07-03T18:15:00Z,828.9
2026-07-03T18:30:00Z,825.8
2026-07-03T18:45:00Z,946.5
2026-07-03T19:00:00Z,1003.9
2026-07-03T19:15:00Z,1084.5
2026-07-03T19:30:00Z,869.2
2026-07-03T19:45:00Z,973.6
2026-07-03T20:00:00Z,335.5
2026-07-03T20:15:00Z,315.8
2026-07-03T20:30:00Z,322.7
2026-07-03T20:45:00Z,344.9
2026-07-03T21:00:00Z,330.9
2026-07-03T21:15:00Z,340.4
2026-07-03T21:30:00Z,316.3
2026-07-03T21:45:00Z,332.1
2026-07-03T22:00:00Z,322.3
2026-07-03T22:15:00Z,319.9
2026-07-03T22:30:00Z,328.3
2026-07-03T22:45:00Z,313.5
2026-07-03T23:00:00Z,327.8
2026-07-03T23:15:00Z,315.3
2026-07-03T23:30:00Z,338.7
2026-07-03T23:45:00Z,321.9
2026-07-04T00:00:00Z,319.1
2026-07-04T00:15:00Z,338.7
2026-07-04T00:30:00Z,308.0
2026-07-04T00:45:00Z,340.4
2026-07-04T01:00:00Z,343.4
2026-07-04T01:15:00Z,331.2
2026-07-04T01:30:00Z,338.1
2026-07-04T01:45:00Z,312.8
2026-07-04T02:00:00Z,316.1
2026-07-04T02:15:00Z,339.6
2026-07-04T02:30:00Z,326.1
2026-07-04T02:45:00Z,332.1
2026-07-04T03:00:00Z,343.8
2026-07-04T03:15:00Z,339.8
2026-07-04T03:30:00Z,328.6
2026-07-04T03:45:00Z,315.7
2026-07-04T04:00:00Z,318.7
2026-07-04T04:15:00Z,286.8
2026-07-04T04:30:00Z,219.7
2026-07-04T04:45:00Z,283.8
2026-07-04T05:00:00Z,220.3
2026-07-04T05:15:00Z,153.2
2026-07-04T05:30:00Z,80.0
2026-07-04T05:45:00Z,160.7
2026-07-04T06:00:00Z,80.0
2026-07-04T06:15:00Z,80.0
2026-07-04T06:30:00Z,80.0
2026-07-04T06:45:00Z,80.0
2026-07-04T07:00:00Z,130.4
2026-07-04T07:15:00Z,80.0
2026-07-04T07:30:00Z,80.0
2026-07-04T07:45:00Z,80.0
2026-07-04T08:00:00Z,80.0
2026-07-04T08:15:00Z,80.0
2026-07-04T08:30:00Z,80.0
2026-07-04T08:45:00Z,80.0
2026-07-04T09:00:00Z,80.0
2026-07-04T09:15:00Z,80.0
2026-07-04T09:30:00Z,80.0
2026-07-04T09:45:00Z,80.0
2026-07-04T10:00:00Z,80.0
2026-07-04T10:15:00Z,80.0
2026-07-04T10:30:00Z,80.0
2026-07-04T10:45:00Z,80.0
2026-07-04T11:00:00Z,80.0
2026-07-04T11:15:00Z,80.0
2026-07-04T11:30:00Z,80.0
2026-07-04T11:45:00Z,80.0
2026-07-04T12:00:00Z,80.0
2026-07-04T12:15:00Z,80.0
2026-07-04T12:30:00Z,80.0
2026-07-04T12:45:00Z,80.0
2026-07-04T13:00:00Z,80.0
2026-07-04T13:15:00Z,80.0
2026-07-04T13:30:00Z,80.0
2026-07-04T13:45:00Z,80.0
2026-07-04T14:00:00Z,80.0
2026-07-04T14:15:00Z,80.0
2026-07-04T14:30:00Z,80.0
2026-07-04T14:45:00Z,80.0
2026-07-04T15:00:00Z,80.0
2026-07-04T15:15:00Z,80.0
2026-07-04T15:30:00Z,80.0
2026-07-04T15:45:00Z,80.0
2026-07-04T16:00:00Z,128.4
2026-07-04T16:15:00Z,80.0
2026-07-04T16:30:00Z,106.4
2026-07-04T16:45:00Z,132.1
2026-07-04T17:00:00Z,135.5
2026-07-04T17:15:00Z,238.1
2026-07-04T17:30:00Z,272.2
2026-07-04T17:45:00Z,306.5
2026-07-04T18:00:00Z,334.4
2026-07-04T18:15:00Z,343.9
2026-07-04T18:30:00Z,339.0
2026-07-04T18:45:00Z,348.2
2026-07-04T19:00:00Z,338.5
2026-07-04T19:15:00Z,333.5
2026-07-04T19:30:00Z,308.0
2026-07-04T19:45:00Z,336.1
2026-07-04T20:00:00Z,341.7
2026-07-04T20:15:00Z,330.6
2026-07-04T20:30:00Z,324.5
2026-07-04T20:45:00Z,321.3
2026-07-04T21:00:00Z,309.6
2026-07-04T21:15:00Z,353.2
2026-07-04T21:30:00Z,327.9
2026-07-04T21:45:00Z,332.4
2026-07-04T22:00:00Z,359.2
2026-07-04T22:15:00Z,336.9
2026-07-04T22:30:00Z,314.4
2026-07-04T22:45:00Z,328.2
2026-07-04T23:00:00Z,314.4
2026-07-04T23:15:00Z,309.9
2026-07-04T23:30:00Z,344.9
2026-07-04T23:45:00Z,331.8
2026-07-05T00:00:00Z,341.9
2026-07-05T00:15:00Z,334.7
2026-07-05T00:30:00Z,321.6
2026-07-05T00:45:00Z,320.1
2026-07-05T01:00:00Z,312.6
2026-07-05T01:15:00Z,333.8
2026-07-05T01:30:00Z,355.7
2026-07-05T01:45:00Z,319.4
2026-07-05T02:00:00Z,305.2
2026-07-05T02:15:00Z,316.5
2026-07-05T02:30:00Z,327.6
2026-07-05T02:45:00Z,318.9
2026-07-05T03:00:00Z,320.8
2026-07-05T03:15:00Z,321.8
2026-07-05T03:30:00Z,327.7
2026-07-05T03:45:00Z,321.1
2026-07-05T04:00:00Z,336.6
2026-07-05T04:15:00Z,318.2
2026-07-05T04:30:00Z,274.2
2026-07-05T04:45:00Z,254.4
2026-07-05T05:00:00Z,203.3
2026-07-05T05:15:00Z,202.6
2026-07-05T05:30:00Z,213.2
2026-07-05T05:45:00Z,80.0
2026-07-05T06:00:00Z,80.0
2026-07-05T06:15:00Z,80.0
2026-07-05T06:30:00Z,120.1
2026-07-05T06:45:00Z,117.9
2026-07-05T07:00:00Z,80.0
2026-07-05T07:15:00Z,80.0
2026-07-05T07:30:00Z,80.0
2026-07-05T07:45:00Z,80.0
2026-07-05T08:00:00Z,80.0
2026-07-05T08:15:00Z,80.0
2026-07-05T08:30:00Z,80.0
2026-07-05T08:45:00Z,80.0
2026-07-05T09:00:00Z,80.0
2026-07-05T09:15:00Z,80.0
2026-07-05T09:30:00Z,80.0
2026-07-05T09:45:00Z,80.0
2026-07-05T10:00:00Z,80.0
2026-07-05T10:15:00Z,80.0
2026-07-05T10:30:00Z,80.0
2026-07-05T10:45:00Z,80.0
2026-07-05T11:00:00Z,80.0
2026-07-05T11:15:00Z,80.0
2026-07-05T11:30:00Z,80.0
2026-07-05T11:45:00Z,80.0
2026-07-05T12:00:00Z,80.0
2026-07-05T12:15:00Z,80.0
2026-07-05T12:30:00Z,80.0
2026-07-05T12:45:00Z,80.0
2026-07-05T13:00:00Z,80.0
2026-07-05T13:15:00Z,80.0
2026-07-05T13:30:00Z,80.0
2026-07-05T13:45:00Z,80.0
2026-07-05T14:00:00Z,80.0
2026-07-05T14:15:00Z,80.0
2026-07-05T14:30:00Z,80.0
2026-07-05T14:45:00Z,80.0
2026-07-05T15:00:00Z,80.0
2026-07-05T15:15:00Z,80.0
2026-07-05T15:30:00Z,80.0
2026-07-05T15:45:00Z,80.0
2026-07-05T16:00:00Z,138.7
2026-07-05T16:15:00Z,123.5
2026-07-05T16:30:00Z,80.0
2026-07-05T16:45:00Z,167.2
2026-07-05T17:00:00Z,194.0
2026-07-05T17:15:00Z,186.4
2026-07-05T17:30:00Z,254.1
2026-07-05T17:45:00Z,314.9
2026-07-05T18:00:00Z,330.3
2026-07-05T18:15:00Z,315.3
2026-07-05T18:30:00Z,328.3
2026-07-05T18:45:00Z,350.5
2026-07-05T19:00:00Z,327.1
2026-07-05T19:15:00Z,312.7
2026-07-05T19:30:00Z,337.6
2026-07-05T19:45:00Z,315.7
2026-07-05T20:00:00Z,354.0
2026-07-05T20:15:00Z,341.3
2026-07-05T20:30:00Z,347.7
2026-07-05T20:45:00Z,326.3
2026-07-05T21:00:00Z,324.5
2026-07-05T21:15:00Z,314.2
2026-07-05T21:30:00Z,334.2
2026-07-05T21:45:00Z,314.4
2026-07-05T22:00:00Z,320.5
2026-07-05T22:15:00Z,351.4
2026-07-05T22:30:00Z,330.8
2026-07-05T22:45:00Z,330.1
2026-07-05T23:00:00Z,327.4
2026-07-05T23:15:00Z,332.1
2026-07-05T23:30:00Z,334.4
2026-07-05T23:45:00Z,337.6
2026-07-06T00:00:00Z,333.0
2026-07-06T00:15:00Z,334.7
2026-07-06T00:30:00Z,325.2
2026-07-06T00:45:00Z,340.6
2026-07-06T01:00:00Z,342.5
2026-07-06T01:15:00Z,311.9
2026-07-06T01:30:00Z,316.0
2026-07-06T01:45:00Z,348.4
2026-07-06T02:00:00Z,325.0
2026-07-06T02:15:00Z,337.6
2026-07-06T02:30:00Z,336.4
2026-07-06T02:45:00Z,327.9
2026-07-06T03:00:00Z,330.8
2026-07-06T03:15:00Z,324.1
2026-07-06T03:30:00Z,335.1
2026-07-06T03:45:00Z,331.4
2026-07-06T04:00:00Z,976.9
2026-07-06T04:15:00Z,985.7
2026-07-06T04:30:00Z,871.8
2026-07-06T04:45:00Z,918.9
2026-07-06T05:00:00Z,988.3
2026-07-06T05:15:00Z,809.0
2026-07-06T05:30:00Z,975.8
2026-07-06T05:45:00Z,744.9
2026-07-06T06:00:00Z,583.3
2026-07-06T06:15:00Z,766.0
2026-07-06T06:30:00Z,511.0
2026-07-06T06:45:00Z,568.9
2026-07-06T07:00:00Z,564.5
2026-07-06T07:15:00Z,632.0
2026-07-06T07:30:00Z,546.1
2026-07-06T07:45:00Z,365.7
2026-07-06T08:00:00Z,519.8
2026-07-06T08:15:00Z,655.0
2026-07-06T08:30:00Z,471.8
2026-07-06T08:45:00Z,107.6
2026-07-06T09:00:00Z,433.4
2026-07-06T09:15:00Z,469.5
2026-07-06T09:30:00Z,254.0
2026-07-06T09:45:00Z,544.0
2026-07-06T10:00:00Z,335.8
2026-07-06T10:15:00Z,145.7
2026-07-06T10:30:00Z,605.7
2026-07-06T10:45:00Z,80.0
2026-07-06T11:00:00Z,434.0
2026-07-06T11:15:00Z,348.7
2026-07-06T11:30:00Z,208.5
2026-07-06T11:45:00Z,625.9
2026-07-06T12:00:00Z,283.6
2026-07-06T12:15:00Z,232.3
2026-07-06T12:30:00Z,752.8
2026-07-06T12:45:00Z,287.9
2026-07-06T13:00:00Z,126.2
2026-07-06T13:15:00Z,544.8
2026-07-06T13:30:00Z,230.7
2026-07-06T13:45:00Z,420.7
2026-07-06T14:00:00Z,492.9
2026-07-06T14:15:00Z,388.7
2026-07-06T14:30:00Z,496.4
2026-07-06T14:45:00Z,271.7
2026-07-06T15:00:00Z,569.2
2026-07-06T15:15:00Z,658.7
2026-07-06T15:30:00Z,709.1
2026-07-06T15:45:00Z,404.5
2026-07-06T16:00:00Z,511.9
2026-07-06T16:15:00Z,691.7
2026-07-06T16:30:00Z,762.7
2026-07-06T16:45:00Z,740.8
2026-07-06T17:00:00Z,817.8
2026-07-06T17:15:00Z,689.5
2026-07-06T17:30:00Z,739.9
2026-07-06T17:45:00Z,827.0
2026-07-06T18:00:00Z,1057.8
2026-07-06T18:15:00Z,859.2
2026-07-06T18:30:00Z,957.4
2026-07-06T18:45:00Z,811.6
2026-07-06T19:00:00Z,1007.0
2026-07-06T19:15:00Z,793.3
2026-07-06T19:30:00Z,848.9
2026-07-06T19:45:00Z,868.0
2026-07-06T20:00:00Z,316.2
2026-07-06T20:15:00Z,306.0
2026-07-06T20:30:00Z,336.6
2026-07-06T20:45:00Z,325.3
2026-07-06T21:00:00Z,342.9
2026-07-06T21:15:00Z,341.1
2026-07-06T21:30:00Z,349.0
2026-07-06T21:45:00Z,333.2
2026-07-06T22:00:00Z,328.4
2026-07-06T22:15:00Z,308.9
2026-07-06T22:30:00Z,359.0
2026-07-06T22:45:00Z,332.0
2026-07-06T23:00:00Z,323.2
2026-07-06T23:15:00Z,309.1
2026-07-06T23:30:00Z,326.8
2026-07-06T23:45:00Z,324.1
2026-07-07T00:00:00Z,317.3
2026-07-07T00:15:00Z,314.5
2026-07-07T00:30:00Z,336.7
2026-07-07T00:45:00Z,343.9
2026-07-07T01:00:00Z,331.8
2026-07-07T01:15:00Z,315.1
2026-07-07T01:30:00Z,333.6
2026-07-07T01:45:00Z,341.8
2026-07-07T02:00:00Z,338.6
2026-07-07T02:15:00Z,331.2
2026-07-07T02:30:00Z,338.1
2026-07-07T02:45:00Z,341.1
2026-07-07T03:00:00Z,328.6
2026-07-07T03:15:00Z,336.7
2026-07-07T03:30:00Z,334.6
2026-07-07T03:45:00Z,324.6
2026-07-07T04:00:00Z,858.2
2026-07-07T04:15:00Z,988.7
2026-07-07T04:30:00Z,1023.5
2026-07-07T04:45:00Z,955.0
2026-07-07T05:00:00Z,1002.3
2026-07-07T05:15:00Z,971.7
2026-07-07T05:30:00Z,780.3
2026-07-07T05:45:00Z,727.6
2026-07-07T06:00:00Z,490.9
2026-07-07T06:15:00Z,437.2
2026-07-07T06:30:00Z,372.0
2026-07-07T06:45:00Z,353.7
2026-07-07T07:00:00Z,593.2
2026-07-07T07:15:00Z,417.1
2026-07-07T07:30:00Z,270.4
2026-07-07T07:45:00Z,539.2
2026-07-07T08:00:00Z,138.9
2026-07-07T08:15:00Z,143.3
2026-07-07T08:30:00Z,550.4
2026-07-07T08:45:00Z,617.8
2026-07-07T09:00:00Z,385.9
2026-07-07T09:15:00Z,511.5
2026-07-07T09:30:00Z,326.2
2026-07-07T09:45:00Z,256.2
2026-07-07T10:00:00Z,654.3
2026-07-07T10:15:00Z,248.2
2026-07-07T10:30:00Z,267.9
2026-07-07T10:45:00Z,522.2
2026-07-07T11:00:00Z,260.8
2026-07-07T11:15:00Z,342.2
2026-07-07T11:30:00Z,80.0
2026-07-07T11:45:00Z,135.0
2026-07-07T12:00:00Z,484.4
2026-07-07T12:15:00Z,156.6
2026-07-07T12:30:00Z,359.3
2026-07-07T12:45:00Z,134.0
2026-07-07T13:00:00Z,407.4
2026-07-07T13:15:00Z,80.0
2026-07-07T13:30:00Z,554.1
2026-07-07T13:45:00Z,677.4
2026-07-07T14:00:00Z,440.1
2026-07-07T14:15:00Z,382.6
2026-07-07T14:30:00Z,377.3
2026-07-07T14:45:00Z,439.9
2026-07-07T15:00:00Z,479.2
2026-07-07T15:15:00Z,482.9
2026-07-07T15:30:00Z,693.4
2026-07-07T15:45:00Z,489.8
2026-07-07T16:00:00Z,844.6
2026-07-07T16:15:00Z,637.3
2026-07-07T16:30:00Z,719.3
2026-07-07T16:45:00Z,769.8
2026-07-07T17:00:00Z,971.5
2026-07-07T17:15:00Z,813.4
2026-07-07T17:30:00Z,700.2
2026-07-07T17:45:00Z,858.3
2026-07-07T18:00:00Z,1064.8
2026-07-07T18:15:00Z,1060.6
2026-07-07T18:30:00Z,928.2
2026-07-07T18:45:00Z,947.7
2026-07-07T19:00:00Z,1056.2
2026-07-07T19:15:00Z,1010.2
2026-07-07T19:30:00Z,1028.6
2026-07-07T19:45:00Z,845.5
2026-07-07T20:00:00Z,351.1
2026-07-07T20:15:00Z,337.3
2026-07-07T20:30:00Z,339.5
2026-07-07T20:45:00Z,338.6
2026-07-07T21:00:00Z,355.9
2026-07-07T21:15:00Z,335.0
2026-07-07T21:30:00Z,328.7
2026-07-07T21:45:00Z,349.0
2026-07-07T22:00:00Z,327.2
2026-07-07T22:15:00Z,334.2
2026-07-07T22:30:00Z,341.8
2026-07-07T22:45:00Z,345.2
2026-07-07T23:00:00Z,342.0
2026-07-07T23:15:00Z,329.4
2026-07-07T23:30:00Z,342.6
2026-07-07T23:45:00Z,314.5
2026-07-08T00:00:00Z,342.8
2026-07-08T00:15:00Z,335.6
2026-07-08T00:30:00Z,339.7
2026-07-08T00:45:00Z,328.5
2026-07-08T01:00:00Z,334.0
2026-07-08T01:15:00Z,318.5
2026-07-08T01:30:00Z,328.0
2026-07-08T01:45:00Z,347.2
2026-07-08T02:00:00Z,318.3
2026-07-08T02:15:00Z,307.0
2026-07-08T02:30:00Z,357.1
2026-07-08T02:45:00Z,335.3
2026-07-08T03:00:00Z,355.8
2026-07-08T03:15:00Z,315.5
2026-07-08T03:30:00Z,370.6
2026-07-08T03:45:00Z,318.7
2026-07-08T04:00:00Z,1069.2
2026-07-08T04:15:00Z,1001.7
2026-07-08T04:30:00Z,910.8
2026-07-08T04:45:00Z,895.2
2026-07-08T05:00:00Z,1048.3
2026-07-08T05:15:00Z,897.4
2026-07-08T05:30:00Z,899.6
2026-07-08T05:45:00Z,647.2
2026-07-08T06:00:00Z,798.2
2026-07-08T06:15:00Z,648.2
2026-07-08T06:30:00Z,564.5
2026-07-08T06:45:00Z,705.5
2026-07-08T07:00:00Z,727.3
2026-07-08T07:15:00Z,453.1
2026-07-08T07:30:00Z,153.1
2026-07-08T07:45:00Z,204.9
2026-07-08T08:00:00Z,311.1
2026-07-08T08:15:00Z,128.5
2026-07-08T08:30:00Z,305.7
2026-07-08T08:45:00Z,487.8
2026-07-08T09:00:00Z,99.1
2026-07-08T09:15:00Z,500.1
2026-07-08T09:30:00Z,460.1
2026-07-08T09:45:00Z,172.3
2026-07-08T10:00:00Z,571.2
2026-07-08T10:15:00Z,304.3
2026-07-08T10:30:00Z,80.0
2026-07-08T10:45:00Z,496.0
2026-07-08T11:00:00Z,578.6
2026-07-08T11:15:00Z,661.6
2026-07-08T11:30:00Z,667.3
2026-07-08T11:45:00Z,80.0
2026-07-08T12:00:00Z,704.8
2026-07-08T12:15:00Z,114.1
2026-07-08T12:30:00Z,220.7
2026-07-08T12:45:00Z,175.5
2026-07-08T13:00:00Z,743.1
2026-07-08T13:15:00Z,80.0
2026-07-08T13:30:00Z,649.7
2026-07-08T13:45:00Z,393.5
2026-07-08T14:00:00Z,356.6
2026-07-08T14:15:00Z,479.7
2026-07-08T14:30:00Z,388.9
2026-07-08T14:45:00Z,458.2
2026-07-08T15:00:00Z,438.8
2026-07-08T15:15:00Z,772.3
2026-07-08T15:30:00Z,539.4
2026-07-08T15:45:00Z,741.2
2026-07-08T16:00:00Z,693.7
2026-07-08T16:15:00Z,733.5
2026-07-08T16:30:00Z,748.5
2026-07-08T16:45:00Z,753.0
2026-07-08T17:00:00Z,800.8
2026-07-08T17:15:00Z,890.9
2026-07-08T17:30:00Z,972.9
2026-07-08T17:45:00Z,887.9
2026-07-08T18:00:00Z,872.6
2026-07-08T18:15:00Z,890.9
2026-07-08T18:30:00Z,1000.0
2026-07-08T18:45:00Z,996.0
2026-07-08T19:00:00Z,910.9
2026-07-08T19:15:00Z,991.7
2026-07-08T19:30:00Z,984.8
2026-07-08T19:45:00Z,1020.5
2026-07-08T20:00:00Z,324.6
2026-07-08T20:15:00Z,307.0
2026-07-08T20:30:00Z,315.8
2026-07-08T20:45:00Z,312.7
2026-07-08T21:00:00Z,335.3
2026-07-08T21:15:00Z,335.1
2026-07-08T21:30:00Z,330.7
2026-07-08T21:45:00Z,345.7
2026-07-08T22:00:00Z,326.6
2026-07-08T22:15:00Z,342.8
2026-07-08T22:30:00Z,311.8
2026-07-08T22:45:00Z,340.9
2026-07-08T23:00:00Z,338.1
2026-07-08T23:15:00Z,333.2
2026-07-08T23:30:00Z,346.4
2026-07-08T23:45:00Z,332.3
2026-07-09T00:00:00Z,346.1
2026-07-09T00:15:00Z,327.9
2026-07-09T00:30:00Z,335.3
2026-07-09T00:45:00Z,341.0
2026-07-09T01:00:00Z,329.9
2026-07-09T01:15:00Z,330.6
2026-07-09T01:30:00Z,315.8
2026-07-09T01:45:00Z,329.8
2026-07-09T02:00:00Z,342.4
2026-07-09T02:15:00Z,345.5
2026-07-09T02:30:00Z,341.9
2026-07-09T02:45:00Z,350.0
2026-07-09T03:00:00Z,331.0
2026-07-09T03:15:00Z,339.2
2026-07-09T03:30:00Z,344.7
2026-07-09T03:45:00Z,313.6
2026-07-09T04:00:00Z,861.9
2026-07-09T04:15:00Z,1064.4
2026-07-09T04:30:00Z,995.0
2026-07-09T04:45:00Z,895.5
2026-07-09T05:00:00Z,837.9
2026-07-09T05:15:00Z,1021.6
2026-07-09T05:30:00Z,826.7
2026-07-09T05:45:00Z,587.8
2026-07-09T06:00:00Z,772.4
2026-07-09T06:15:00Z,594.1
2026-07-09T06:30:00Z,661.9
2026-07-09T06:45:00Z,683.8
2026-07-09T07:00:00Z,505.6
2026-07-09T07:15:00Z,674.5
2026-07-09T07:30:00Z,266.0
2026-07-09T07:45:00Z,327.5
2026-07-09T08:00:00Z,351.9
2026-07-09T08:15:00Z,722.5
2026-07-09T08:30:00Z,354.2
2026-07-09T08:45:00Z,192.7
2026-07-09T09:00:00Z,655.1
2026-07-09T09:15:00Z,586.5
2026-07-09T09:30:00Z,80.0
2026-07-09T09:45:00Z,174.6
2026-07-09T10:00:00Z,452.1
2026-07-09T10:15:00Z,363.9
2026-07-09T10:30:00Z,227.3
2026-07-09T10:45:00Z,503.5
2026-07-09T11:00:00Z,80.0
2026-07-09T11:15:00Z,80.0
2026-07-09T11:30:00Z,445.2
2026-07-09T11:45:00Z,80.0
2026-07-09T12:00:00Z,80.0
2026-07-09T12:15:00Z,660.7
2026-07-09T12:30:00Z,80.0
2026-07-09T12:45:00Z,436.3
2026-07-09T13:00:00Z,80.0
2026-07-09T13:15:00Z,517.7
2026-07-09T13:30:00Z,141.9
2026-07-09T13:45:00Z,469.3
2026-07-09T14:00:00Z,487.8
2026-07-09T14:15:00Z,757.2
2026-07-09T14:30:00Z,534.4
2026-07-09T14:45:00Z,232.7
2026-07-09T15:00:00Z,708.1
2026-07-09T15:15:00Z,827.0
2026-07-09T15:30:00Z,381.9
2026-07-09T15:45:00Z,546.6
2026-07-09T16:00:00Z,886.9
2026-07-09T16:15:00Z,419.8
2026-07-09T16:30:00Z,958.1
2026-07-09T16:45:00Z,823.0
2026-07-09T17:00:00Z,885.8
2026-07-09T17:15:00Z,673.1
2026-07-09T17:30:00Z,922.9
2026-07-09T17:45:00Z,1074.0
2026-07-09T18:00:00Z,896.5
2026-07-09T18:15:00Z,973.8
2026-07-09T18:30:00Z,952.1
2026-07-09T18:45:00Z,1016.2
2026-07-09T19:00:00Z,821.8
2026-07-09T19:15:00Z,855.7
2026-07-09T19:30:00Z,814.9
2026-07-09T19:45:00Z,1039.8
2026-07-09T20:00:00Z,322.2
2026-07-09T20:15:00Z,327.7
2026-07-09T20:30:00Z,340.7
2026-07-09T20:45:00Z,343.4
2026-07-09T21:00:00Z,341.1
2026-07-09T21:15:00Z,321.1
2026-07-09T21:30:00Z,326.2
2026-07-09T21:45:00Z,312.7
2026-07-09T22:00:00Z,317.0
2026-07-09T22:15:00Z,343.7
2026-07-09T22:30:00Z,318.1
2026-07-09T22:45:00Z,347.0
2026-07-09T23:00:00Z,324.6
2026-07-09T23:15:00Z,336.1
2026-07-09T23:30:00Z,342.9
2026-07-09T23:45:00Z,306.4
2026-07-10T00:00:00Z,327.6
2026-07-10T00:15:00Z,320.3
2026-07-10T00:30:00Z,336.2
2026-07-10T00:45:00Z,332.6
2026-07-10T01:00:00Z,336.4
2026-07-10T01:15:00Z,323.8
2026-07-10T01:30:00Z,329.9
2026-07-10T01:45:00Z,319.8
2026-07-10T02:00:00Z,314.7
2026-07-10T02:15:00Z,347.5
2026-07-10T02:30:00Z,331.8
2026-07-10T02:45:00Z,319.9
2026-07-10T03:00:00Z,308.6
2026-07-10T03:15:00Z,332.6
2026-07-10T03:30:00Z,355.2
2026-07-10T03:45:00Z,317.7
2026-07-10T04:00:00Z,1041.7
2026-07-10T04:15:00Z,904.1
2026-07-10T04:30:00Z,854.7
2026-07-10T04:45:00Z,1121.2
2026-07-10T05:00:00Z,973.9
2026-07-10T05:15:00Z,765.1
2026-07-10T05:30:00Z,793.1
2026-07-10T05:45:00Z,669.4
2026-07-10T06:00:00Z,728.0
2026-07-10T06:15:00Z,709.3
2026-07-10T06:30:00Z,367.2
2026-07-10T06:45:00Z,518.0
2026-07-10T07:00:00Z,240.6
2026-07-10T07:15:00Z,426.4
2026-07-10T07:30:00Z,643.8
2026-07-10T07:45:00Z,600.9
2026-07-10T08:00:00Z,345.7
2026-07-10T08:15:00Z,558.3
2026-07-10T08:30:00Z,544.9
2026-07-10T08:45:00Z,284.7
2026-07-10T09:00:00Z,180.9
2026-07-10T09:15:00Z,80.0
2026-07-10T09:30:00Z,578.6
2026-07-10T09:45:00Z,367.9
2026-07-10T10:00:00Z,80.0
2026-07-10T10:15:00Z,172.0
2026-07-10T10:30:00Z,231.9
2026-07-10T10:45:00Z,610.9
2026-07-10T11:00:00Z,410.2
2026-07-10T11:15:00Z,446.1
2026-07-10T11:30:00Z,115.1
2026-07-10T11:45:00Z,80.0
2026-07-10T12:00:00Z,502.2
2026-07-10T12:15:00Z,378.1
2026-07-10T12:30:00Z,213.4
2026-07-10T12:45:00Z,80.0
2026-07-10T13:00:00Z,408.5
2026-07-10T13:15:00Z,527.5
2026-07-10T13:30:00Z,492.0
2026-07-10T13:45:00Z,504.9
2026-07-10T14:00:00Z,513.1
2026-07-10T14:15:00Z,454.2
2026-07-10T14:30:00Z,400.5
2026-07-10T14:45:00Z,400.6
2026-07-10T15:00:00Z,767.5
2026-07-10T15:15:00Z,645.5
2026-07-10T15:30:00Z,700.1
2026-07-10T15:45:00Z,520.6
2026-07-10T16:00:00Z,739.9
2026-07-10T16:15:00Z,704.9
2026-07-10T16:30:00Z,947.2
2026-07-10T16:45:00Z,851.0
2026-07-10T17:00:00Z,875.7
2026-07-10T17:15:00Z,861.9
2026-07-10T17:30:00Z,839.3
2026-07-10T17:45:00Z,877.0
2026-07-10T18:00:00Z,909.1
2026-07-10T18:15:00Z,895.4
2026-07-10T18:30:00Z,926.7
2026-07-10T18:45:00Z,913.7
2026-07-10T19:00:00Z,984.8
2026-07-10T19:15:00Z,983.6
2026-07-10T19:30:00Z,939.7
2026-07-10T19:45:00Z,922.0
2026-07-10T20:00:00Z,323.4
2026-07-10T20:15:00Z,335.3
2026-07-10T20:30:00Z,324.4
2026-07-10T20:45:00Z,332.1
2026-07-10T21:00:00Z,334.2
2026-07-10T21:15:00Z,316.3
2026-07-10T21:30:00Z,328.2
2026-07-10T21:45:00Z,322.5
2026-07-10T22:00:00Z,319.9
2026-07-10T22:15:00Z,342.4
2026-07-10T22:30:00Z,331.7
2026-07-10T22:45:00Z,345.1
2026-07-10T23:00:00Z,307.4
2026-07-10T23:15:00Z,320.1
2026-07-10T23:30:00Z,337.0
2026-07-10T23:45:00Z,317.1
2026-07-11T00:00:00Z,353.4
2026-07-11T00:15:00Z,335.1
2026-07-11T00:30:00Z,328.1
2026-07-11T00:45:00Z,323.0
2026-07-11T01:00:00Z,314.0
2026-07-11T01:15:00Z,316.9
2026-07-11T01:30:00Z,320.5
2026-07-11T01:45:00Z,319.2
2026-07-11T02:00:00Z,315.9
2026-07-11T02:15:00Z,308.3
2026-07-11T02:30:00Z,338.1
2026-07-11T02:45:00Z,321.3
2026-07-11T03:00:00Z,318.5
2026-07-11T03:15:00Z,332.1
2026-07-11T03:30:00Z,328.4
2026-07-11T03:45:00Z,345.8
2026-07-11T04:00:00Z,321.1
2026-07-11T04:15:00Z,246.4
2026-07-11T04:30:00Z,240.2
2026-07-11T04:45:00Z,235.4
2026-07-11T05:00:00Z,249.7
2026-07-11T05:15:00Z,180.7
2026-07-11T05:30:00Z,143.2
2026-07-11T05:45:00Z,181.6
2026-07-11T06:00:00Z,115.2
2026-07-11T06:15:00Z,171.4
2026-07-11T06:30:00Z,114.1
2026-07-11T06:45:00Z,80.0
2026-07-11T07:00:00Z,80.0
2026-07-11T07:15:00Z,80.0
2026-07-11T07:30:00Z,80.0
2026-07-11T07:45:00Z,80.0
2026-07-11T08:00:00Z,80.0
2026-07-11T08:15:00Z,80.0
2026-07-11T08:30:00Z,80.0
2026-07-11T08:45:00Z,80.0
2026-07-11T09:00:00Z,80.0
2026-07-11T09:15:00Z,80.0
2026-07-11T09:30:00Z,80.0
2026-07-11T09:45:00Z,80.0
2026-07-11T10:00:00Z,80.0
2026-07-11T10:15:00Z,80.0
2026-07-11T10:30:00Z,80.0
2026-07-11T10:45:00Z,80.0
2026-07-11T11:00:00Z,80.0
2026-07-11T11:15:00Z,80.0
2026-07-11T11:30:00Z,80.0
2026-07-11T11:45:00Z,80.0
2026-07-11T12:00:00Z,80.0
2026-07-11T12:15:00Z,80.0
2026-07-11T12:30:00Z,80.0
2026-07-11T12:45:00Z,80.0
2026-07-11T13:00:00Z,80.0
2026-07-11T13:15:00Z,80.0
2026-07-11T13:30:00Z,80.0
2026-07-11T13:45:00Z,80.0
2026-07-11T14:00:00Z,80.0
2026-07-11T14:15:00Z,80.0
2026-07-11T14:30:00Z,80.0
2026-07-11T14:45:00Z,80.0
2026-07-11T15:00:00Z,80.0
2026-07-11T15:15:00Z,80.0
2026-07-11T15:30:00Z,80.0
2026-07-11T15:45:00Z,80.0
2026-07-11T16:00:00Z,80.0
2026-07-11T16:15:00Z,80.0
2026-07-11T16:30:00Z,106.3
2026-07-11T16:45:00Z,190.9
2026-07-11T17:00:00Z,242.5
2026-07-11T17:15:00Z,208.3
2026-07-11T17:30:00Z,275.9
2026-07-11T17:45:00Z,296.6
2026-07-11T18:00:00Z,304.6
2026-07-11T18:15:00Z,330.1
2026-07-11T18:30:00Z,353.4
2026-07-11T18:45:00Z,320.2
2026-07-11T19:00:00Z,328.4
2026-07-11T19:15:00Z,324.1
2026-07-11T19:30:00Z,337.7
2026-07-11T19:45:00Z,321.4
2026-07-11T20:00:00Z,328.1
2026-07-11T20:15:00Z,331.5
2026-07-11T20:30:00Z,322.4
2026-07-11T20:45:00Z,326.2
2026-07-11T21:00:00Z,333.7
2026-07-11T21:15:00Z,308.3
2026-07-11T21:30:00Z,326.2
2026-07-11T21:45:00Z,315.1
2026-07-11T22:00:00Z,339.6
2026-07-11T22:15:00Z,344.3
2026-07-11T22:30:00Z,340.8
2026-07-11T22:45:00Z,366.2
2026-07-11T23:00:00Z,327.0
2026-07-11T23:15:00Z,340.1
2026-07-11T23:30:00Z,327.4
2026-07-11T23:45:00Z,320.6
2026-07-12T00:00:00Z,331.3
2026-07-12T00:15:00Z,317.3
2026-07-12T00:30:00Z,333.7
2026-07-12T00:45:00Z,312.6
2026-07-12T01:00:00Z,325.2
2026-07-12T01:15:00Z,320.7
2026-07-12T01:30:00Z,353.1
2026-07-12T01:45:00Z,349.3
2026-07-12T02:00:00Z,338.1
2026-07-12T02:15:00Z,307.0
2026-07-12T02:30:00Z,328.9
2026-07-12T02:45:00Z,320.5
2026-07-12T03:00:00Z,315.1
2026-07-12T03:15:00Z,309.3
2026-07-12T03:30:00Z,340.1
2026-07-12T03:45:00Z,326.2
2026-07-12T04:00:00Z,301.5
2026-07-12T04:15:00Z,283.3
2026-07-12T04:30:00Z,279.2
2026-07-12T04:45:00Z,288.0
2026-07-12T05:00:00Z,212.8
2026-07-12T05:15:00Z,125.7
2026-07-12T05:30:00Z,181.4
2026-07-12T05:45:00Z,202.0
2026-07-12T06:00:00Z,214.1
2026-07-12T06:15:00Z,80.0
2026-07-12T06:30:00Z,80.0
2026-07-12T06:45:00Z,153.7
2026-07-12T07:00:00Z,80.0
2026-07-12T07:15:00Z,80.0
2026-07-12T07:30:00Z,80.0
2026-07-12T07:45:00Z,80.0
2026-07-12T08:00:00Z,80.0
2026-07-12T08:15:00Z,80.0
2026-07-12T08:30:00Z,80.0
2026-07-12T08:45:00Z,80.0
2026-07-12T09:00:00Z,80.0
2026-07-12T09:15:00Z,80.0
2026-07-12T09:30:00Z,80.0
2026-07-12T09:45:00Z,80.0
2026-07-12T10:00:00Z,80.0
2026-07-12T10:15:00Z,80.0
2026-07-12T10:30:00Z,80.0
2026-07-12T10:45:00Z,80.0
2026-07-12T11:00:00Z,80.0
2026-07-12T11:15:00Z,80.0
2026-07-12T11:30:00Z,80.0
2026-07-12T11:45:00Z,80.0
2026-07-12T12:00:00Z,80.0
2026-07-12T12:15:00Z,80.0
2026-07-12T12:30:00Z,80.0
2026-07-12T12:45:00Z,80.0
2026-07-12T13:00:00Z,80.0
2026-07-12T13:15:00Z,80.0
2026-07-12T13:30:00Z,80.0
2026-07-12T13:45:00Z,80.0
2026-07-12T14:00:00Z,80.0
2026-07-12T14:15:00Z,80.0
2026-07-12T14:30:00Z,80.0
2026-07-12T14:45:00Z,80.0
2026-07-12T15:00:00Z,80.0
2026-07-12T15:15:00Z,80.0
2026-07-12T15:30:00Z,86.6
2026-07-12T15:45:00Z,80.0
2026-07-12T16:00:00Z,126.7
2026-07-12T16:15:00Z,80.0
2026-07-12T16:30:00Z,80.0
2026-07-12T16:45:00Z,246.8
2026-07-12T17:00:00Z,242.6
2026-07-12T17:15:00Z,251.6
2026-07-12T17:30:00Z,244.0
2026-07-12T17:45:00Z,262.9
2026-07-12T18:00:00Z,323.1
2026-07-12T18:15:00Z,320.1
2026-07-12T18:30:00Z,333.8
2026-07-12T18:45:00Z,329.3
2026-07-12T19:00:00Z,321.5
2026-07-12T19:15:00Z,342.3
2026-07-12T19:30:00Z,331.5
2026-07-12T19:45:00Z,345.0
2026-07-12T20:00:00Z,338.6
2026-07-12T20:15:00Z,322.8
2026-07-12T20:30:00Z,320.4
2026-07-12T20:45:00Z,340.0
2026-07-12T21:00:00Z,335.6
2026-07-12T21:15:00Z,356.5
2026-07-12T21:30:00Z,329.0
2026-07-12T21:45:00Z,332.9
2026-07-12T22:00:00Z,339.1
2026-07-12T22:15:00Z,301.2
2026-07-12T22:30:00Z,309.9
2026-07-12T22:45:00Z,343.9
2026-07-12T23:00:00Z,307.7
2026-07-12T23:15:00Z,332.1
2026-07-12T23:30:00Z,352.8
2026-07-12T23:45:00Z,338.4
2026-07-13T00:00:00Z,329.4
2026-07-13T00:15:00Z,336.3
2026-07-13T00:30:00Z,334.3
2026-07-13T00:45:00Z,331.5
2026-07-13T01:00:00Z,340.4
2026-07-13T01:15:00Z,323.2
2026-07-13T01:30:00Z,319.8
2026-07-13T01:45:00Z,316.4
2026-07-13T02:00:00Z,331.6
2026-07-13T02:15:00Z,320.2
2026-07-13T02:30:00Z,316.2
2026-07-13T02:45:00Z,313.3
2026-07-13T03:00:00Z,337.8
2026-07-13T03:15:00Z,331.3
2026-07-13T03:30:00Z,326.3
2026-07-13T03:45:00Z,332.4
2026-07-13T04:00:00Z,1188.0
2026-07-13T04:15:00Z,943.9
2026-07-13T04:30:00Z,897.0
2026-07-13T04:45:00Z,993.2
2026-07-13T05:00:00Z,885.4
2026-07-13T05:15:00Z,934.7
2026-07-13T05:30:00Z,647.6
2026-07-13T05:45:00Z,643.3
2026-07-13T06:00:00Z,715.9
2026-07-13T06:15:00Z,492.9
2026-07-13T06:30:00Z,338.3
2026-07-13T06:45:00Z,599.3
2026-07-13T07:00:00Z,755.4
2026-07-13T07:15:00Z,598.4
2026-07-13T07:30:00Z,174.3
2026-07-13T07:45:00Z,625.8
2026-07-13T08:00:00Z,642.4
2026-07-13T08:15:00Z,258.4
2026-07-13T08:30:00Z,315.1
2026-07-13T08:45:00Z,308.9
2026-07-13T09:00:00Z,339.6
2026-07-13T09:15:00Z,488.5
2026-07-13T09:30:00Z,220.9
2026-07-13T09:45:00Z,261.3
2026-07-13T10:00:00Z,512.1
2026-07-13T10:15:00Z,328.8
2026-07-13T10:30:00Z,218.1
2026-07-13T10:45:00Z,340.8
2026-07-13T11:00:00Z,754.5
2026-07-13T11:15:00Z,272.0
2026-07-13T11:30:00Z,80.0
2026-07-13T11:45:00Z,80.2
2026-07-13T12:00:00Z,80.0
2026-07-13T12:15:00Z,336.3
2026-07-13T12:30:00Z,344.0
2026-07-13T12:45:00Z,581.5
2026-07-13T13:00:00Z,155.3
2026-07-13T13:15:00Z,422.8
2026-07-13T13:30:00Z,350.2
2026-07-13T13:45:00Z,513.2
2026-07-13T14:00:00Z,722.7
2026-07-13T14:15:00Z,478.1
2026-07-13T14:30:00Z,336.0
2026-07-13T14:45:00Z,671.9
2026-07-13T15:00:00Z,399.6
2026-07-13T15:15:00Z,492.9
2026-07-13T15:30:00Z,673.2
2026-07-13T15:45:00Z,339.8
2026-07-13T16:00:00Z,533.8
2026-07-13T16:15:00Z,578.3
2026-07-13T16:30:00Z,657.4
2026-07-13T16:45:00Z,622.8
2026-07-13T17:00:00Z,700.5
2026-07-13T17:15:00Z,871.8
2026-07-13T17:30:00Z,829.4
2026-07-13T17:45:00Z,828.0
2026-07-13T18:00:00Z,914.1
2026-07-13T18:15:00Z,1063.0
2026-07-13T18:30:00Z,834.8
2026-07-13T18:45:00Z,1031.7
2026-07-13T19:00:00Z,1014.7
2026-07-13T19:15:00Z,1064.8
2026-07-13T19:30:00Z,810.7
2026-07-13T19:45:00Z,1062.7
2026-07-13T20:00:00Z,298.3
2026-07-13T20:15:00Z,338.5
2026-07-13T20:30:00Z,330.1
2026-07-13T20:45:00Z,306.8
2026-07-13T21:00:00Z,310.9
2026-07-13T21:15:00Z,325.4
2026-07-13T21:30:00Z,343.1
2026-07-13T21:45:00Z,327.1
2026-07-13T22:00:00Z,330.1
2026-07-13T22:15:00Z,316.8
2026-07-13T22:30:00Z,326.1
2026-07-13T22:45:00Z,314.5
2026-07-13T23:00:00Z,339.9
2026-07-13T23:15:00Z,329.3
2026-07-13T23:30:00Z,335.6
2026-07-13T23:45:00Z,333.6
2026-07-14T00:00:00Z,351.3
2026-07-14T00:15:00Z,338.4
2026-07-14T00:30:00Z,325.0
2026-07-14T00:45:00Z,321.3
2026-07-14T01:00:00Z,323.7
2026-07-14T01:15:00Z,336.5
2026-07-14T01:30:00Z,299.6
2026-07-14T01:45:00Z,324.4
2026-07-14T02:00:00Z,318.4
2026-07-14T02:15:00Z,336.0
2026-07-14T02:30:00Z,340.9
2026-07-14T02:45:00Z,324.8
2026-07-14T03:00:00Z,334.1
2026-07-14T03:15:00Z,343.9
2026-07-14T03:30:00Z,324.6
2026-07-14T03:45:00Z,320.2
2026-07-14T04:00:00Z,1112.5
2026-07-14T04:15:00Z,1060.4
2026-07-14T04:30:00Z,813.2
2026-07-14T04:45:00Z,869.2
2026-07-14T05:00:00Z,1005.3
2026-07-14T05:15:00Z,901.1
2026-07-14T05:30:00Z,637.9
2026-07-14T05:45:00Z,718.0
2026-07-14T06:00:00Z,424.6
2026-07-14T06:15:00Z,489.9
2026-07-14T06:30:00Z,772.3
2026-07-14T06:45:00Z,801.4
2026-07-14T07:00:00Z,549.5
2026-07-14T07:15:00Z,402.7
2026-07-14T07:30:00Z,209.4
2026-07-14T07:45:00Z,380.3
2026-07-14T08:00:00Z,252.7
2026-07-14T08:15:00Z,489.9
2026-07-14T08:30:00Z,327.8
2026-07-14T08:45:00Z,427.9
2026-07-14T09:00:00Z,366.0
2026-07-14T09:15:00Z,161.4
2026-07-14T09:30:00Z,522.0
2026-07-14T09:45:00Z,460.4
2026-07-14T10:00:00Z,179.2
2026-07-14T10:15:00Z,80.0
2026-07-14T10:30:00Z,80.0
2026-07-14T10:45:00Z,404.2
2026-07-14T11:00:00Z,501.8
2026-07-14T11:15:00Z,571.5
2026-07-14T11:30:00Z,80.0
2026-07-14T11:45:00Z,266.1
2026-07-14T12:00:00Z,376.8
2026-07-14T12:15:00Z,80.0
2026-07-14T12:30:00Z,479.1
2026-07-14T12:45:00Z,80.0
2026-07-14T13:00:00Z,204.3
2026-07-14T13:15:00Z,259.5
2026-07-14T13:30:00Z,473.9
2026-07-14T13:45:00Z,86.1
2026-07-14T14:00:00Z,496.3
2026-07-14T14:15:00Z,579.4
2026-07-14T14:30:00Z,694.9
2026-07-14T14:45:00Z,378.3
2026-07-14T15:00:00Z,525.7
2026-07-14T15:15:00Z,712.1
2026-07-14T15:30:00Z,546.4
2026-07-14T15:45:00Z,444.9
2026-07-14T16:00:00Z,681.0
2026-07-14T16:15:00Z,766.7
2026-07-14T16:30:00Z,919.6
2026-07-14T16:45:00Z,623.0
2026-07-14T17:00:00Z,903.3
2026-07-14T17:15:00Z,755.2
2026-07-14T17:30:00Z,1038.6
2026-07-14T17:45:00Z,1030.8
2026-07-14T18:00:00Z,954.9
2026-07-14T18:15:00Z,1068.4
2026-07-14T18:30:00Z,913.9
2026-07-14T18:45:00Z,997.7
2026-07-14T19:00:00Z,938.5
2026-07-14T19:15:00Z,801.8
2026-07-14T19:30:00Z,944.5
2026-07-14T19:45:00Z,1003.5
2026-07-14T20:00:00Z,342.0
2026-07-14T20:15:00Z,323.5
2026-07-14T20:30:00Z,347.2
2026-07-14T20:45:00Z,337.7
2026-07-14T21:00:00Z,327.6
2026-07-14T21:15:00Z,327.5
2026-07-14T21:30:00Z,327.0
2026-07-14T21:45:00Z,322.8
2026-07-14T22:00:00Z,336.4
2026-07-14T22:15:00Z,323.4
2026-07-14T22:30:00Z,312.6
2026-07-14T22:45:00Z,336.4
2026-07-14T23:00:00Z,320.3
2026-07-14T23:15:00Z,339.8
2026-07-14T23:30:00Z,331.7
2026-07-14T23:45:00Z,319.0
2026-07-15T00:00:00Z,346.0
2026-07-15T00:15:00Z,334.1
2026-07-15T00:30:00Z,318.8
2026-07-15T00:45:00Z,316.1
2026-07-15T01:00:00Z,316.4
2026-07-15T01:15:00Z,327.2
2026-07-15T01:30:00Z,344.9
2026-07-15T01:45:00Z,337.1
2026-07-15T02:00:00Z,342.5
2026-07-15T02:15:00Z,338.1
2026-07-15T02:30:00Z,338.8
2026-07-15T02:45:00Z,319.0
2026-07-15T03:00:00Z,295.4
2026-07-15T03:15:00Z,333.1
2026-07-15T03:30:00Z,336.9
2026-07-15T03:45:00Z,330.7
2026-07-15T04:00:00Z,874.1
2026-07-15T04:15:00Z,917.0
2026-07-15T04:30:00Z,951.3
2026-07-15T04:45:00Z,985.8
2026-07-15T05:00:00Z,977.5
2026-07-15T05:15:00Z,945.6
2026-07-15T05:30:00Z,880.4
2026-07-15T05:45:00Z,1042.2
2026-07-15T06:00:00Z,606.1
2026-07-15T06:15:00Z,657.8
2026-07-15T06:30:00Z,647.2
2026-07-15T06:45:00Z,455.9
2026-07-15T07:00:00Z,468.1
2026-07-15T07:15:00Z,262.2
2026-07-15T07:30:00Z,805.8
2026-07-15T07:45:00Z,534.5
2026-07-15T08:00:00Z,703.4
2026-07-15T08:15:00Z,834.1
2026-07-15T08:30:00Z,494.6
2026-07-15T08:45:00Z,397.3
2026-07-15T09:00:00Z,568.1
2026-07-15T09:15:00Z,255.7
2026-07-15T09:30:00Z,576.4
2026-07-15T09:45:00Z,80.0
2026-07-15T10:00:00Z,389.7
2026-07-15T10:15:00Z,414.7
2026-07-15T10:30:00Z,381.3
2026-07-15T10:45:00Z,456.6
2026-07-15T11:00:00Z,171.0
2026-07-15T11:15:00Z,176.2
2026-07-15T11:30:00Z,332.0
2026-07-15T11:45:00Z,548.8
2026-07-15T12:00:00Z,129.6
2026-07-15T12:15:00Z,107.6
2026-07-15T12:30:00Z,80.0
2026-07-15T12:45:00Z,382.5
2026-07-15T13:00:00Z,379.5
2026-07-15T13:15:00Z,313.8
2026-07-15T13:30:00Z,102.2
2026-07-15T13:45:00Z,83.9
2026-07-15T14:00:00Z,80.0
2026-07-15T14:15:00Z,455.3
2026-07-15T14:30:00Z,523.3
2026-07-15T14:45:00Z,726.0
2026-07-15T15:00:00Z,341.5
2026-07-15T15:15:00Z,565.3
2026-07-15T15:30:00Z,715.2
2026-07-15T15:45:00Z,864.3
2026-07-15T16:00:00Z,652.8
2026-07-15T16:15:00Z,626.4
2026-07-15T16:30:00Z,643.0
2026-07-15T16:45:00Z,664.0
2026-07-15T17:00:00Z,904.1
2026-07-15T17:15:00Z,921.5
2026-07-15T17:30:00Z,1040.9
2026-07-15T17:45:00Z,800.3
2026-07-15T18:00:00Z,826.6
2026-07-15T18:15:00Z,870.2
2026-07-15T18:30:00Z,1047.2
2026-07-15T18:45:00Z,908.9
2026-07-15T19:00:00Z,815.4
2026-07-15T19:15:00Z,908.3
2026-07-15T19:30:00Z,975.2
2026-07-15T19:45:00Z,966.3
2026-07-15T20:00:00Z,326.4
2026-07-15T20:15:00Z,325.2
2026-07-15T20:30:00Z,329.1
2026-07-15T20:45:00Z,334.7
2026-07-15T21:00:00Z,331.1
2026-07-15T21:15:00Z,322.3
2026-07-15T21:30:00Z,321.6
2026-07-15T21:45:00Z,327.6
2026-07-15T22:00:00Z,339.0
2026-07-15T22:15:00Z,325.9
2026-07-15T22:30:00Z,321.9
2026-07-15T22:45:00Z,317.6
2026-07-15T23:00:00Z,343.1
2026-07-15T23:15:00Z,339.8
2026-07-15T23:30:00Z,335.1
2026-07-15T23:45:00Z,337.8
2026-07-16T00:00:00Z,334.0
2026-07-16T00:15:00Z,342.4
2026-07-16T00:30:00Z,317.3
2026-07-16T00:45:00Z,345.6
2026-07-16T01:00:00Z,331.4
2026-07-16T01:15:00Z,331.5
2026-07-16T01:30:00Z,324.2
2026-07-16T01:45:00Z,312.9
2026-07-16T02:00:00Z,331.0
2026-07-16T02:15:00Z,345.6
2026-07-16T02:30:00Z,328.7
2026-07-16T02:45:00Z,310.4
2026-07-16T03:00:00Z,327.4
2026-07-16T03:15:00Z,348.2
2026-07-16T03:30:00Z,326.0
2026-07-16T03:45:00Z,305.7
2026-07-16T04:00:00Z,972.6
2026-07-16T04:15:00Z,1090.0
2026-07-16T04:30:00Z,917.4
2026-07-16T04:45:00Z,1086.0
2026-07-16T05:00:00Z,689.5
2026-07-16T05:15:00Z,814.5
2026-07-16T05:30:00Z,706.0
2026-07-16T05:45:00Z,744.3
2026-07-16T06:00:00Z,634.5
2026-07-16T06:15:00Z,628.1
2026-07-16T06:30:00Z,733.1
2026-07-16T06:45:00Z,482.5
2026-07-16T07:00:00Z,617.7
2026-07-16T07:15:00Z,659.6
2026-07-16T07:30:00Z,729.5
2026-07-16T07:45:00Z,325.4
2026-07-16T08:00:00Z,326.8
2026-07-16T08:15:00Z,80.0
2026-07-16T08:30:00Z,605.7
2026-07-16T08:45:00Z,562.0
2026-07-16T09:00:00Z,102.1
2026-07-16T09:15:00Z,491.5
2026-07-16T09:30:00Z,80.0
2026-07-16T09:45:00Z,338.0
2026-07-16T10:00:00Z,527.9
2026-07-16T10:15:00Z,317.0
2026-07-16T10:30:00Z,127.5
2026-07-16T10:45:00Z,172.8
2026-07-16T11:00:00Z,80.0
2026-07-16T11:15:00Z,649.6
2026-07-16T11:30:00Z,442.6
2026-07-16T11:45:00Z,440.5
2026-07-16T12:00:00Z,495.4
2026-07-16T12:15:00Z,80.0
2026-07-16T12:30:00Z,483.9
2026-07-16T12:45:00Z,729.5
2026-07-16T13:00:00Z,524.8
2026-07-16T13:15:00Z,387.7
2026-07-16T13:30:00Z,355.1
2026-07-16T13:45:00Z,357.5
2026-07-16T14:00:00Z,596.3
2026-07-16T14:15:00Z,438.4
2026-07-16T14:30:00Z,405.4
2026-07-16T14:45:00Z,259.1
2026-07-16T15:00:00Z,205.1
2026-07-16T15:15:00Z,416.5
2026-07-16T15:30:00Z,447.0
2026-07-16T15:45:00Z,660.0
2026-07-16T16:00:00Z,585.9
2026-07-16T16:15:00Z,452.9
2026-07-16T16:30:00Z,652.7
2026-07-16T16:45:00Z,713.6
2026-07-16T17:00:00Z,703.2
2026-07-16T17:15:00Z,725.4
2026-07-16T17:30:00Z,863.2
2026-07-16T17:45:00Z,898.8
2026-07-16T18:00:00Z,973.8
2026-07-16T18:15:00Z,1060.9
2026-07-16T18:30:00Z,851.9
2026-07-16T18:45:00Z,1071.0
2026-07-16T19:00:00Z,1050.0
2026-07-16T19:15:00Z,881.4
2026-07-16T19:30:00Z,1046.7
2026-07-16T19:45:00Z,926.1
2026-07-16T20:00:00Z,332.4
2026-07-16T20:15:00Z,308.1
2026-07-16T20:30:00Z,345.2
2026-07-16T20:45:00Z,335.4
2026-07-16T21:00:00Z,304.7
2026-07-16T21:15:00Z,323.9
2026-07-16T21:30:00Z,319.9
2026-07-16T21:45:00Z,313.4
2026-07-16T22:00:00Z,323.0
2026-07-16T22:15:00Z,339.0
2026-07-16T22:30:00Z,340.3
2026-07-16T22:45:00Z,346.4
2026-07-16T23:00:00Z,325.5
2026-07-16T23:15:00Z,321.6
2026-07-16T23:30:00Z,319.7
2026-07-16T23:45:00Z,340.8
2026-07-17T00:00:00Z,327.4
2026-07-17T00:15:00Z,325.5
2026-07-17T00:30:00Z,343.2
2026-07-17T00:45:00Z,324.4
2026-07-17T01:00:00Z,305.0
2026-07-17T01:15:00Z,327.9
2026-07-17T01:30:00Z,324.2
2026-07-17T01:45:00Z,311.4
2026-07-17T02:00:00Z,330.7
2026-07-17T02:15:00Z,321.8
2026-07-17T02:30:00Z,329.1
2026-07-17T02:45:00Z,335.6
2026-07-17T03:00:00Z,337.9
2026-07-17T03:15:00Z,321.6
2026-07-17T03:30:00Z,306.8
2026-07-17T03:45:00Z,343.4
2026-07-17T04:00:00Z,1012.0
2026-07-17T04:15:00Z,920.9
2026-07-17T04:30:00Z,801.3
2026-07-17T04:45:00Z,999.4
2026-07-17T05:00:00Z,873.8
2026-07-17T05:15:00Z,734.1
2026-07-17T05:30:00Z,753.4
2026-07-17T05:45:00Z,1014.7
2026-07-17T06:00:00Z,856.8
2026-07-17T06:15:00Z,701.0
2026-07-17T06:30:00Z,614.5
2026-07-17T06:45:00Z,469.0
2026-07-17T07:00:00Z,387.8
2026-07-17T07:15:00Z,754.0
2026-07-17T07:30:00Z,710.7
2026-07-17T07:45:00Z,373.5
2026-07-17T08:00:00Z,716.0
2026-07-17T08:15:00Z,80.0
2026-07-17T08:30:00Z,484.7
2026-07-17T08:45:00Z,588.0
2026-07-17T09:00:00Z,456.1
2026-07-17T09:15:00Z,80.0
2026-07-17T09:30:00Z,568.9
2026-07-17T09:45:00Z,98.3
2026-07-17T10:00:00Z,566.8
2026-07-17T10:15:00Z,328.8
2026-07-17T10:30:00Z,409.6
2026-07-17T10:45:00Z,80.0
2026-07-17T11:00:00Z,80.0
2026-07-17T11:15:00Z,560.6
2026-07-17T11:30:00Z,80.0
2026-07-17T11:45:00Z,413.1
2026-07-17T12:00:00Z,577.5
2026-07-17T12:15:00Z,164.1
2026-07-17T12:30:00Z,521.8
2026-07-17T12:45:00Z,407.8
2026-07-17T13:00:00Z,458.4
2026-07-17T13:15:00Z,312.3
2026-07-17T13:30:00Z,80.0
2026-07-17T13:45:00Z,502.8
2026-07-17T14:00:00Z,366.2
2026-07-17T14:15:00Z,319.9
2026-07-17T14:30:00Z,264.4
2026-07-17T14:45:00Z,434.6
2026-07-17T15:00:00Z,287.4
2026-07-17T15:15:00Z,604.9
2026-07-17T15:30:00Z,778.6
2026-07-17T15:45:00Z,717.2
2026-07-17T16:00:00Z,713.6
2026-07-17T16:15:00Z,807.5
2026-07-17T16:30:00Z,721.7
2026-07-17T16:45:00Z,827.7
2026-07-17T17:00:00Z,622.2
2026-07-17T17:15:00Z,875.7
2026-07-17T17:30:00Z,829.8
2026-07-17T17:45:00Z,875.9
2026-07-17T18:00:00Z,825.3
2026-07-17T18:15:00Z,943.0
2026-07-17T18:30:00Z,818.0
2026-07-17T18:45:00Z,784.3
2026-07-17T19:00:00Z,813.4
2026-07-17T19:15:00Z,840.1
2026-07-17T19:30:00Z,881.2
2026-07-17T19:45:00Z,1048.2
2026-07-17T20:00:00Z,323.5
2026-07-17T20:15:00Z,342.6
2026-07-17T20:30:00Z,335.8
2026-07-17T20:45:00Z,323.3
2026-07-17T21:00:00Z,318.8
2026-07-17T21:15:00Z,320.0
2026-07-17T21:30:00Z,329.8
2026-07-17T21:45:00Z,338.1
2026-07-17T22:00:00Z,343.8
2026-07-17T22:15:00Z,353.7
2026-07-17T22:30:00Z,318.8
2026-07-17T22:45:00Z,322.4
2026-07-17T23:00:00Z,338.4
2026-07-17T23:15:00Z,351.3
2026-07-17T23:30:00Z,310.5
2026-07-17T23:45:00Z,347.1
2026-07-18T00:00:00Z,335.9
2026-07-18T00:15:00Z,317.9
2026-07-18T00:30:00Z,309.7
2026-07-18T00:45:00Z,327.1
2026-07-18T01:00:00Z,329.6
2026-07-18T01:15:00Z,350.1
2026-07-18T01:30:00Z,352.2
2026-07-18T01:45:00Z,328.3
2026-07-18T02:00:00Z,322.1
2026-07-18T02:15:00Z,347.1
2026-07-18T02:30:00Z,334.4
2026-07-18T02:45:00Z,344.4
2026-07-18T03:00:00Z,317.1
2026-07-18T03:15:00Z,337.8
2026-07-18T03:30:00Z,338.6
2026-07-18T03:45:00Z,332.1
2026-07-18T04:00:00Z,331.7
2026-07-18T04:15:00Z,291.7
2026-07-18T04:30:00Z,258.4
2026-07-18T04:45:00Z,253.3
2026-07-18T05:00:00Z,133.8
2026-07-18T05:15:00Z,227.5
2026-07-18T05:30:00Z,179.4
2026-07-18T05:45:00Z,136.4
2026-07-18T06:00:00Z,84.0
2026-07-18T06:15:00Z,80.0
2026-07-18T06:30:00Z,80.0
2026-07-18T06:45:00Z,80.0
2026-07-18T07:00:00Z,80.0
2026-07-18T07:15:00Z,80.0
2026-07-18T07:30:00Z,80.0
2026-07-18T07:45:00Z,80.0
2026-07-18T08:00:00Z,80.0
2026-07-18T08:15:00Z,80.0
2026-07-18T08:30:00Z,80.0
2026-07-18T08:45:00Z,80.0
2026-07-18T09:00:00Z,80.0
2026-07-18T09:15:00Z,80.0
2026-07-18T09:30:00Z,80.0
2026-07-18T09:45:00Z,80.0
2026-07-18T10:00:00Z,80.0
2026-07-18T10:15:00Z,80.0
2026-07-18T10:30:00Z,80.0
2026-07-18T10:45:00Z,80.0
2026-07-18T11:00:00Z,80.0
2026-07-18T11:15:00Z,80.0
2026-07-18T11:30:00Z,80.0
2026-07-18T11:45:00Z,80.0
2026-07-18T12:00:00Z,80.0
2026-07-18T12:15:00Z,80.0
2026-07-18T12:30:00Z,80.0
2026-07-18T12:45:00Z,80.0
2026-07-18T13:00:00Z,80.0
2026-07-18T13:15:00Z,80.0
2026-07-18T13:30:00Z,80.0
2026-07-18T13:45:00Z,80.0
2026-07-18T14:00:00Z,80.0
2026-07-18T14:15:00Z,80.0
2026-07-18T14:30:00Z,80.0
2026-07-18T14:45:00Z,80.0
2026-07-18T15:00:00Z,80.0
2026-07-18T15:15:00Z,80.0
2026-07-18T15:30:00Z,80.0
2026-07-18T15:45:00Z,80.0
2026-07-18T16:00:00Z,188.4
2026-07-18T16:15:00Z,204.8
2026-07-18T16:30:00Z,127.7
2026-07-18T16:45:00Z,245.3
2026-07-18T17:00:00Z,165.1
2026-07-18T17:15:00Z,300.6
2026-07-18T17:30:00Z,261.8
2026-07-18T17:45:00Z,286.9
2026-07-18T18:00:00Z,327.9
2026-07-18T18:15:00Z,329.8
2026-07-18T18:30:00Z,326.8
2026-07-18T18:45:00Z,315.2
2026-07-18T19:00:00Z,332.1
2026-07-18T19:15:00Z,331.3
2026-07-18T19:30:00Z,315.8
2026-07-18T19:45:00Z,327.4
2026-07-18T20:00:00Z,308.6
2026-07-18T20:15:00Z,321.8
2026-07-18T20:30:00Z,315.9
2026-07-18T20:45:00Z,309.1
2026-07-18T21:00:00Z,334.2
2026-07-18T21:15:00Z,327.5
2026-07-18T21:30:00Z,336.3
2026-07-18T21:45:00Z,328.5
2026-07-18T22:00:00Z,329.2
2026-07-18T22:15:00Z,324.7
2026-07-18T22:30:00Z,336.7
2026-07-18T22:45:00Z,327.1
2026-07-18T23:00:00Z,329.3
2026-07-18T23:15:00Z,322.4
2026-07-18T23:30:00Z,322.4
2026-07-18T23:45:00Z,320.9
2026-07-19T00:00:00Z,330.7
2026-07-19T00:15:00Z,331.8
2026-07-19T00:30:00Z,330.6
2026-07-19T00:45:00Z,345.4
2026-07-19T01:00:00Z,349.1
2026-07-19T01:15:00Z,345.2
2026-07-19T01:30:00Z,345.0
2026-07-19T01:45:00Z,336.7
2026-07-19T02:00:00Z,303.6
2026-07-19T02:15:00Z,328.5
2026-07-19T02:30:00Z,340.1
2026-07-19T02:45:00Z,322.9
2026-07-19T03:00:00Z,323.0
2026-07-19T03:15:00Z,329.1
2026-07-19T03:30:00Z,317.3
2026-07-19T03:45:00Z,308.3
2026-07-19T04:00:00Z,329.1
2026-07-19T04:15:00Z,292.1
2026-07-19T04:30:00Z,299.7
2026-07-19T04:45:00Z,253.8
2026-07-19T05:00:00Z,198.4
2026-07-19T05:15:00Z,131.0
2026-07-19T05:30:00Z,80.0
2026-07-19T05:45:00Z,166.6
2026-07-19T06:00:00Z,170.1
2026-07-19T06:15:00Z,80.0
2026-07-19T06:30:00Z,80.0
2026-07-19T06:45:00Z,128.2
2026-07-19T07:00:00Z,80.0
2026-07-19T07:15:00Z,80.0
2026-07-19T07:30:00Z,80.0
2026-07-19T07:45:00Z,80.0
2026-07-19T08:00:00Z,80.0
2026-07-19T08:15:00Z,80.0
2026-07-19T08:30:00Z,80.0
2026-07-19T08:45:00Z,80.0
2026-07-19T09:00:00Z,80.0
2026-07-19T09:15:00Z,80.0
2026-07-19T09:30:00Z,80.0
2026-07-19T09:45:00Z,80.0
2026-07-19T10:00:00Z,80.0
2026-07-19T10:15:00Z,80.0
2026-07-19T10:30:00Z,80.0
2026-07-19T10:45:00Z,80.0
2026-07-19T11:00:00Z,80.0
2026-07-19T11:15:00Z,80.0
2026-07-19T11:30:00Z,80.0
2026-07-19T11:45:00Z,80.0
2026-07-19T12:00:00Z,80.0
2026-07-19T12:15:00Z,80.0
2026-07-19T12:30:00Z,80.0
2026-07-19T12:45:00Z,80.0
2026-07-19T13:00:00Z,80.0
2026-07-19T13:15:00Z,80.0
2026-07-19T13:30:00Z,87.9
2026-07-19T13:45:00Z,80.0
2026-07-19T14:00:00Z,80.0
2026-07-19T14:15:00Z,80.0
2026-07-19T14:30:00Z,80.0
2026-07-19T14:45:00Z,80.0
2026-07-19T15:00:00Z,80.0
2026-07-19T15:15:00Z,146.9
2026-07-19T15:30:00Z,122.8
2026-07-19T15:45:00Z,98.4
2026-07-19T16:00:00Z,84.6
2026-07-19T16:15:00Z,80.0
2026-07-19T16:30:00Z,201.5
2026-07-19T16:45:00Z,116.0
2026-07-19T17:00:00Z,180.0
2026-07-19T17:15:00Z,253.9
2026-07-19T17:30:00Z,282.6
2026-07-19T17:45:00Z,305.3
2026-07-19T18:00:00Z,323.5
2026-07-19T18:15:00Z,335.3
2026-07-19T18:30:00Z,333.6
2026-07-19T18:45:00Z,307.6
2026-07-19T19:00:00Z,325.8
2026-07-19T19:15:00Z,352.5
2026-07-19T19:30:00Z,310.1
2026-07-19T19:45:00Z,315.4
2026-07-19T20:00:00Z,336.2
2026-07-19T20:15:00Z,332.1
2026-07-19T20:30:00Z,321.3
2026-07-19T20:45:00Z,317.2
2026-07-19T21:00:00Z,332.1
2026-07-19T21:15:00Z,344.9
2026-07-19T21:30:00Z,327.1
2026-07-19T21:45:00Z,312.8
2026-07-19T22:00:00Z,326.1
2026-07-19T22:15:00Z,340.4
2026-07-19T22:30:00Z,328.8
2026-07-19T22:45:00Z,335.6
2026-07-19T23:00:00Z,353.5
2026-07-19T23:15:00Z,341.4
2026-07-19T23:30:00Z,335.6
2026-07-19T23:45:00Z,335.8
2026-07-20T00:00:00Z,328.8
2026-07-20T00:15:00Z,305.9
2026-07-20T00:30:00Z,329.0
2026-07-20T00:45:00Z,339.3
2026-07-20T01:00:00Z,337.1
2026-07-20T01:15:00Z,322.0
2026-07-20T01:30:00Z,330.5
2026-07-20T01:45:00Z,336.7
2026-07-20T02:00:00Z,322.9
2026-07-20T02:15:00Z,325.7
2026-07-20T02:30:00Z,317.8
2026-07-20T02:45:00Z,333.6
2026-07-20T03:00:00Z,328.0
2026-07-20T03:15:00Z,347.6
2026-07-20T03:30:00Z,315.6
2026-07-20T03:45:00Z,317.0
2026-07-20T04:00:00Z,1070.7
2026-07-20T04:15:00Z,1056.0
2026-07-20T04:30:00Z,1130.0
2026-07-20T04:45:00Z,1076.0
2026-07-20T05:00:00Z,869.2
2026-07-20T05:15:00Z,543.9
2026-07-20T05:30:00Z,885.8
2026-07-20T05:45:00Z,635.1
2026-07-20T06:00:00Z,662.9
2026-07-20T06:15:00Z,718.3
2026-07-20T06:30:00Z,805.2
2026-07-20T06:45:00Z,572.7
2026-07-20T07:00:00Z,274.6
2026-07-20T07:15:00Z,382.6
2026-07-20T07:30:00Z,806.3
2026-07-20T07:45:00Z,427.2
2026-07-20T08:00:00Z,682.6
2026-07-20T08:15:00Z,476.0
2026-07-20T08:30:00Z,559.4
2026-07-20T08:45:00Z,291.5
2026-07-20T09:00:00Z,80.0
2026-07-20T09:15:00Z,248.6
2026-07-20T09:30:00Z,288.8
2026-07-20T09:45:00Z,173.1
2026-07-20T10:00:00Z,462.0
2026-07-20T10:15:00Z,250.0
2026-07-20T10:30:00Z,636.3
2026-07-20T10:45:00Z,399.2
2026-07-20T11:00:00Z,80.0
2026-07-20T11:15:00Z,268.4
2026-07-20T11:30:00Z,80.0
2026-07-20T11:45:00Z,80.0
2026-07-20T12:00:00Z,102.2
2026-07-20T12:15:00Z,256.5
2026-07-20T12:30:00Z,121.8
2026-07-20T12:45:00Z,98.3
2026-07-20T13:00:00Z,354.5
2026-07-20T13:15:00Z,387.3
2026-07-20T13:30:00Z,206.3
2026-07-20T13:45:00Z,228.2
2026-07-20T14:00:00Z,618.3
2026-07-20T14:15:00Z,323.7
2026-07-20T14:30:00Z,734.0
2026-07-20T14:45:00Z,304.0
2026-07-20T15:00:00Z,552.4
2026-07-20T15:15:00Z,564.3
2026-07-20T15:30:00Z,468.9
2026-07-20T15:45:00Z,801.7
2026-07-20T16:00:00Z,463.7
2026-07-20T16:15:00Z,921.7
2026-07-20T16:30:00Z,549.2
2026-07-20T16:45:00Z,802.7
2026-07-20T17:00:00Z,759.2
2026-07-20T17:15:00Z,890.9
2026-07-20T17:30:00Z,687.2
2026-07-20T17:45:00Z,1063.1
2026-07-20T18:00:00Z,828.9
2026-07-20T18:15:00Z,1066.1
2026-07-20T18:30:00Z,1016.3
2026-07-20T18:45:00Z,954.8
2026-07-20T19:00:00Z,1040.6
2026-07-20T19:15:00Z,786.2
2026-07-20T19:30:00Z,929.4
2026-07-20T19:45:00Z,970.6
2026-07-20T20:00:00Z,323.3
2026-07-20T20:15:00Z,337.5
2026-07-20T20:30:00Z,324.1
2026-07-20T20:45:00Z,324.6
2026-07-20T21:00:00Z,337.1
2026-07-20T21:15:00Z,330.3
2026-07-20T21:30:00Z,329.7
2026-07-20T21:45:00Z,327.8
2026-07-20T22:00:00Z,337.8
2026-07-20T22:15:00Z,312.1
2026-07-20T22:30:00Z,340.5
2026-07-20T22:45:00Z,327.5
2026-07-20T23:00:00Z,327.7
2026-07-20T23:15:00Z,336.1
2026-07-20T23:30:00Z,333.3
2026-07-20T23:45:00Z,337.5
2026-07-21T00:00:00Z,345.4
2026-07-21T00:15:00Z,331.4
2026-07-21T00:30:00Z,342.9
2026-07-21T00:45:00Z,347.9
2026-07-21T01:00:00Z,337.2
2026-07-21T01:15:00Z,354.1
2026-07-21T01:30:00Z,316.5
2026-07-21T01:45:00Z,341.9
2026-07-21T02:00:00Z,318.8
2026-07-21T02:15:00Z,337.7
2026-07-21T02:30:00Z,336.0
2026-07-21T02:45:00Z,311.4
2026-07-21T03:00:00Z,311.0
2026-07-21T03:15:00Z,333.8
2026-07-21T03:30:00Z,337.2
2026-07-21T03:45:00Z,325.3
2026-07-21T04:00:00Z,1124.7
2026-07-21T04:15:00Z,1014.9
2026-07-21T04:30:00Z,986.0
2026-07-21T04:45:00Z,1061.8
2026-07-21T05:00:00Z,635.0
2026-07-21T05:15:00Z,856.5
2026-07-21T05:30:00Z,857.2
2026-07-21T05:45:00Z,767.5
2026-07-21T06:00:00Z,783.7
2026-07-21T06:15:00Z,711.5
2026-07-21T06:30:00Z,337.0
2026-07-21T06:45:00Z,400.0
2026-07-21T07:00:00Z,760.5
2026-07-21T07:15:00Z,444.7
2026-07-21T07:30:00Z,253.7
2026-07-21T07:45:00Z,290.0
2026-07-21T08:00:00Z,303.1
2026-07-21T08:15:00Z,134.1
2026-07-21T08:30:00Z,436.1
2026-07-21T08:45:00Z,80.0
2026-07-21T09:00:00Z,396.5
2026-07-21T09:15:00Z,374.0
2026-07-21T09:30:00Z,80.0
2026-07-21T09:45:00Z,460.9
2026-07-21T10:00:00Z,359.6
2026-07-21T10:15:00Z,299.0
2026-07-21T10:30:00Z,399.7
2026-07-21T10:45:00Z,230.1
2026-07-21T11:00:00Z,203.5
2026-07-21T11:15:00Z,80.0
2026-07-21T11:30:00Z,207.5
2026-07-21T11:45:00Z,183.8
2026-07-21T12:00:00Z,147.9
2026-07-21T12:15:00Z,424.2
2026-07-21T12:30:00Z,312.4
2026-07-21T12:45:00Z,149.8
2026-07-21T13:00:00Z,534.2
2026-07-21T13:15:00Z,436.2
2026-07-21T13:30:00Z,521.7
2026-07-21T13:45:00Z,223.2
2026-07-21T14:00:00Z,453.3
2026-07-21T14:15:00Z,268.6
2026-07-21T14:30:00Z,650.7
2026-07-21T14:45:00Z,537.1
2026-07-21T15:00:00Z,500.4
2026-07-21T15:15:00Z,644.6
2026-07-21T15:30:00Z,586.8
2026-07-21T15:45:00Z,584.9
2026-07-21T16:00:00Z,776.8
2026-07-21T16:15:00Z,441.3
2026-07-21T16:30:00Z,648.4
2026-07-21T16:45:00Z,817.9
2026-07-21T17:00:00Z,888.5
2026-07-21T17:15:00Z,729.3
2026-07-21T17:30:00Z,973.3
2026-07-21T17:45:00Z,865.8
2026-07-21T18:00:00Z,755.1
2026-07-21T18:15:00Z,947.0
2026-07-21T18:30:00Z,861.1
2026-07-21T18:45:00Z,1016.4
2026-07-21T19:00:00Z,1009.1
2026-07-21T19:15:00Z,797.4
2026-07-21T19:30:00Z,858.1
2026-07-21T19:45:00Z,1056.3
2026-07-21T20:00:00Z,334.5
2026-07-21T20:15:00Z,331.4
2026-07-21T20:30:00Z,346.0
2026-07-21T20:45:00Z,336.7
2026-07-21T21:00:00Z,334.8
2026-07-21T21:15:00Z,338.4
2026-07-21T21:30:00Z,353.2
2026-07-21T21:45:00Z,329.4
2026-07-21T22:00:00Z,330.0
2026-07-21T22:15:00Z,333.2
2026-07-21T22:30:00Z,328.2
2026-07-21T22:45:00Z,324.0
2026-07-21T23:00:00Z,329.9
2026-07-21T23:15:00Z,335.7
2026-07-21T23:30:00Z,348.8
2026-07-21T23:45:00Z,315.9
2026-07-22T00:00:00Z,322.4
2026-07-22T00:15:00Z,339.4
2026-07-22T00:30:00Z,320.9
2026-07-22T00:45:00Z,336.2
2026-07-22T01:00:00Z,348.5
2026-07-22T01:15:00Z,340.5
2026-07-22T01:30:00Z,344.0
2026-07-22T01:45:00Z,320.4
2026-07-22T02:00:00Z,334.8
2026-07-22T02:15:00Z,308.1
2026-07-22T02:30:00Z,337.3
2026-07-22T02:45:00Z,329.0
2026-07-22T03:00:00Z,343.0
2026-07-22T03:15:00Z,308.9
2026-07-22T03:30:00Z,329.4
2026-07-22T03:45:00Z,336.5
2026-07-22T04:00:00Z,1118.4
2026-07-22T04:15:00Z,1010.5
2026-07-22T04:30:00Z,991.8
2026-07-22T04:45:00Z,1043.5
2026-07-22T05:00:00Z,787.5
2026-07-22T05:15:00Z,878.0
2026-07-22T05:30:00Z,813.0
2026-07-22T05:45:00Z,769.0
2026-07-22T06:00:00Z,489.6
2026-07-22T06:15:00Z,614.0
2026-07-22T06:30:00Z,494.5
2026-07-22T06:45:00Z,448.5
2026-07-22T07:00:00Z,217.4
2026-07-22T07:15:00Z,354.9
2026-07-22T07:30:00Z,374.3
2026-07-22T07:45:00Z,488.2
2026-07-22T08:00:00Z,265.3
2026-07-22T08:15:00Z,755.9
2026-07-22T08:30:00Z,344.5
2026-07-22T08:45:00Z,379.0
2026-07-22T09:00:00Z,80.0
2026-07-22T09:15:00Z,80.0
2026-07-22T09:30:00Z,406.7
2026-07-22T09:45:00Z,80.0
2026-07-22T10:00:00Z,167.4
2026-07-22T10:15:00Z,508.5
2026-07-22T10:30:00Z,182.1
2026-07-22T10:45:00Z,80.0
2026-07-22T11:00:00Z,200.5
2026-07-22T11:15:00Z,511.7
2026-07-22T11:30:00Z,336.3
2026-07-22T11:45:00Z,370.4
2026-07-22T12:00:00Z,600.3
2026-07-22T12:15:00Z,110.2
2026-07-22T12:30:00Z,293.3
2026-07-22T12:45:00Z,80.0
2026-07-22T13:00:00Z,509.7
2026-07-22T13:15:00Z,155.2
2026-07-22T13:30:00Z,325.4
2026-07-22T13:45:00Z,572.9
2026-07-22T14:00:00Z,367.7
2026-07-22T14:15:00Z,611.8
2026-07-22T14:30:00Z,415.5
2026-07-22T14:45:00Z,455.3
2026-07-22T15:00:00Z,218.4
2026-07-22T15:15:00Z,418.6
2026-07-22T15:30:00Z,427.8
2026-07-22T15:45:00Z,666.7
2026-07-22T16:00:00Z,617.5
2026-07-22T16:15:00Z,676.4
2026-07-22T16:30:00Z,685.1
2026-07-22T16:45:00Z,703.9
2026-07-22T17:00:00Z,810.2
2026-07-22T17:15:00Z,839.6
2026-07-22T17:30:00Z,1035.6
2026-07-22T17:45:00Z,943.4
2026-07-22T18:00:00Z,785.2
2026-07-22T18:15:00Z,843.0
2026-07-22T18:30:00Z,1031.5
2026-07-22T18:45:00Z,843.0
2026-07-22T19:00:00Z,977.1
2026-07-22T19:15:00Z,1069.5
2026-07-22T19:30:00Z,1013.9
2026-07-22T19:45:00Z,1071.7
2026-07-22T20:00:00Z,321.8
2026-07-22T20:15:00Z,342.5
2026-07-22T20:30:00Z,338.8
2026-07-22T20:45:00Z,326.3
2026-07-22T21:00:00Z,336.6
2026-07-22T21:15:00Z,318.2
2026-07-22T21:30:00Z,308.1
2026-07-22T21:45:00Z,336.3
2026-07-22T22:00:00Z,322.0
2026-07-22T22:15:00Z,332.2
2026-07-22T22:30:00Z,327.9
2026-07-22T22:45:00Z,331.0
2026-07-22T23:00:00Z,361.7
2026-07-22T23:15:00Z,328.9
2026-07-22T23:30:00Z,347.8
2026-07-22T23:45:00Z,339.7
2026-07-23T00:00:00Z,320.6
2026-07-23T00:15:00Z,316.9
2026-07-23T00:30:00Z,312.5
2026-07-23T00:45:00Z,347.2
2026-07-23T01:00:00Z,318.4
2026-07-23T01:15:00Z,324.3
2026-07-23T01:30:00Z,310.5
2026-07-23T01:45:00Z,324.5
2026-07-23T02:00:00Z,331.9
2026-07-23T02:15:00Z,317.7
2026-07-23T02:30:00Z,324.4
2026-07-23T02:45:00Z,359.4
2026-07-23T03:00:00Z,323.5
2026-07-23T03:15:00Z,339.3
2026-07-23T03:30:00Z,361.7
2026-07-23T03:45:00Z,319.4
2026-07-23T04:00:00Z,1068.6
2026-07-23T04:15:00Z,941.1
2026-07-23T04:30:00Z,850.0
2026-07-23T04:45:00Z,1065.3
2026-07-23T05:00:00Z,728.5
2026-07-23T05:15:00Z,772.2
2026-07-23T05:30:00Z,583.1
2026-07-23T05:45:00Z,819.5
2026-07-23T06:00:00Z,730.7
2026-07-23T06:15:00Z,627.9
2026-07-23T06:30:00Z,546.9
2026-07-23T06:45:00Z,608.8
2026-07-23T07:00:00Z,671.8
2026-07-23T07:15:00Z,438.9
2026-07-23T07:30:00Z,751.9
2026-07-23T07:45:00Z,645.7
2026-07-23T08:00:00Z,600.0
2026-07-23T08:15:00Z,536.2
2026-07-23T08:30:00Z,540.9
2026-07-23T08:45:00Z,680.1
2026-07-23T09:00:00Z,411.5
2026-07-23T09:15:00Z,218.4
2026-07-23T09:30:00Z,493.2
2026-07-23T09:45:00Z,199.3
2026-07-23T10:00:00Z,651.0
2026-07-23T10:15:00Z,752.6
2026-07-23T10:30:00Z,317.9
2026-07-23T10:45:00Z,177.7
2026-07-23T11:00:00Z,360.9
2026-07-23T11:15:00Z,305.2
2026-07-23T11:30:00Z,288.4
2026-07-23T11:45:00Z,634.4
2026-07-23T12:00:00Z,491.4
2026-07-23T12:15:00Z,80.0
2026-07-23T12:30:00Z,80.0
2026-07-23T12:45:00Z,626.2
2026-07-23T13:00:00Z,377.0
2026-07-23T13:15:00Z,250.7
2026-07-23T13:30:00Z,553.4
2026-07-23T13:45:00Z,537.7
2026-07-23T14:00:00Z,374.1
2026-07-23T14:15:00Z,308.1
2026-07-23T14:30:00Z,296.2
2026-07-23T14:45:00Z,699.1
2026-07-23T15:00:00Z,695.2
2026-07-23T15:15:00Z,503.1
2026-07-23T15:30:00Z,511.2
2026-07-23T15:45:00Z,889.5
2026-07-23T16:00:00Z,511.4
2026-07-23T16:15:00Z,490.4
2026-07-23T16:30:00Z,728.0
2026-07-23T16:45:00Z,651.2
2026-07-23T17:00:00Z,703.3
2026-07-23T17:15:00Z,764.8
2026-07-23T17:30:00Z,790.2
2026-07-23T17:45:00Z,892.4
2026-07-23T18:00:00Z,1078.2
2026-07-23T18:15:00Z,882.0
2026-07-23T18:30:00Z,1008.1
2026-07-23T18:45:00Z,846.6
2026-07-23T19:00:00Z,790.2
2026-07-23T19:15:00Z,927.6
2026-07-23T19:30:00Z,868.4
2026-07-23T19:45:00Z,785.9
2026-07-23T20:00:00Z,357.0
2026-07-23T20:15:00Z,334.5
2026-07-23T20:30:00Z,363.2
2026-07-23T20:45:00Z,330.6
2026-07-23T21:00:00Z,330.0
2026-07-23T21:15:00Z,339.3
2026-07-23T21:30:00Z,348.7
2026-07-23T21:45:00Z,334.4
2026-07-23T22:00:00Z,336.4
2026-07-23T22:15:00Z,341.8
2026-07-23T22:30:00Z,315.8
2026-07-23T22:45:00Z,334.8
2026-07-23T23:00:00Z,318.7
2026-07-23T23:15:00Z,330.5
2026-07-23T23:30:00Z,327.1
2026-07-23T23:45:00Z,326.9
2026-07-24T00:00:00Z,340.5
2026-07-24T00:15:00Z,326.4
2026-07-24T00:30:00Z,342.6
2026-07-24T00:45:00Z,328.7
2026-07-24T01:00:00Z,343.4
2026-07-24T01:15:00Z,351.5
2026-07-24T01:30:00Z,323.2
2026-07-24T01:45:00Z,330.8
2026-07-24T02:00:00Z,332.2
2026-07-24T02:15:00Z,341.2
2026-07-24T02:30:00Z,319.4
2026-07-24T02:45:00Z,327.8
2026-07-24T03:00:00Z,329.4
2026-07-24T03:15:00Z,313.5
2026-07-24T03:30:00Z,325.1
2026-07-24T03:45:00Z,326.5
2026-07-24T04:00:00Z,1094.0
2026-07-24T04:15:00Z,1067.1
2026-07-24T04:30:00Z,810.9
2026-07-24T04:45:00Z,1028.4
2026-07-24T05:00:00Z,647.1
2026-07-24T05:15:00Z,772.9
2026-07-24T05:30:00Z,823.9
2026-07-24T05:45:00Z,771.7
2026-07-24T06:00:00Z,548.9
2026-07-24T06:15:00Z,561.9
2026-07-24T06:30:00Z,614.3
2026-07-24T06:45:00Z,564.4
2026-07-24T07:00:00Z,447.4
2026-07-24T07:15:00Z,121.8
2026-07-24T07:30:00Z,778.5
2026-07-24T07:45:00Z,253.2
2026-07-24T08:00:00Z,358.4
2026-07-24T08:15:00Z,101.2
2026-07-24T08:30:00Z,148.4
2026-07-24T08:45:00Z,563.8
2026-07-24T09:00:00Z,194.4
2026-07-24T09:15:00Z,368.0
2026-07-24T09:30:00Z,80.0
2026-07-24T09:45:00Z,309.6
2026-07-24T10:00:00Z,130.5
2026-07-24T10:15:00Z,411.1
2026-07-24T10:30:00Z,501.7
2026-07-24T10:45:00Z,316.3
2026-07-24T11:00:00Z,153.2
2026-07-24T11:15:00Z,95.0
2026-07-24T11:30:00Z,389.9
2026-07-24T11:45:00Z,270.7
2026-07-24T12:00:00Z,218.2
2026-07-24T12:15:00Z,269.6
2026-07-24T12:30:00Z,80.0
2026-07-24T12:45:00Z,80.0
2026-07-24T13:00:00Z,775.9
2026-07-24T13:15:00Z,707.9
2026-07-24T13:30:00Z,236.2
2026-07-24T13:45:00Z,183.7
2026-07-24T14:00:00Z,252.0
2026-07-24T14:15:00Z,353.3
2026-07-24T14:30:00Z,255.8
2026-07-24T14:45:00Z,282.1
2026-07-24T15:00:00Z,445.3
2026-07-24T15:15:00Z,626.4
2026-07-24T15:30:00Z,389.0
2026-07-24T15:45:00Z,835.6
2026-07-24T16:00:00Z,565.6
2026-07-24T16:15:00Z,616.3
2026-07-24T16:30:00Z,580.0
2026-07-24T16:45:00Z,955.7
2026-07-24T17:00:00Z,606.6
2026-07-24T17:15:00Z,735.9
2026-07-24T17:30:00Z,858.1
2026-07-24T17:45:00Z,785.4
2026-07-24T18:00:00Z,806.6
2026-07-24T18:15:00Z,886.1
2026-07-24T18:30:00Z,867.1
2026-07-24T18:45:00Z,843.2
2026-07-24T19:00:00Z,868.3
2026-07-24T19:15:00Z,987.8
2026-07-24T19:30:00Z,991.3
2026-07-24T19:45:00Z,1025.2
2026-07-24T20:00:00Z,329.7
2026-07-24T20:15:00Z,332.2
2026-07-24T20:30:00Z,308.2
2026-07-24T20:45:00Z,329.6
2026-07-24T21:00:00Z,335.5
2026-07-24T21:15:00Z,324.9
2026-07-24T21:30:00Z,331.3
2026-07-24T21:45:00Z,327.8
2026-07-24T22:00:00Z,328.9
2026-07-24T22:15:00Z,342.1
2026-07-24T22:30:00Z,327.9
2026-07-24T22:45:00Z,329.1
2026-07-24T23:00:00Z,340.9
2026-07-24T23:15:00Z,324.9
2026-07-24T23:30:00Z,347.1
2026-07-24T23:45:00Z,320.3
2026-07-25T00:00:00Z,325.7
2026-07-25T00:15:00Z,307.7
2026-07-25T00:30:00Z,322.8
2026-07-25T00:45:00Z,328.7
2026-07-25T01:00:00Z,331.9
2026-07-25T01:15:00Z,319.4
2026-07-25T01:30:00Z,320.0
2026-07-25T01:45:00Z,337.5
2026-07-25T02:00:00Z,340.9
2026-07-25T02:15:00Z,322.4
2026-07-25T02:30:00Z,318.2
2026-07-25T02:45:00Z,334.7
2026-07-25T03:00:00Z,313.8
2026-07-25T03:15:00Z,319.8
2026-07-25T03:30:00Z,331.1
2026-07-25T03:45:00Z,324.6
2026-07-25T04:00:00Z,337.2
2026-07-25T04:15:00Z,306.5
2026-07-25T04:30:00Z,283.3
2026-07-25T04:45:00Z,213.7
2026-07-25T05:00:00Z,154.4
2026-07-25T05:15:00Z,184.1
2026-07-25T05:30:00Z,203.9
2026-07-25T05:45:00Z,80.0
2026-07-25T06:00:00Z,80.0
2026-07-25T06:15:00Z,80.0
2026-07-25T06:30:00Z,80.0
2026-07-25T06:45:00Z,124.0
2026-07-25T07:00:00Z,80.0
2026-07-25T07:15:00Z,80.0
2026-07-25T07:30:00Z,80.0
2026-07-25T07:45:00Z,80.0
2026-07-25T08:00:00Z,80.0
2026-07-25T08:15:00Z,80.0
2026-07-25T08:30:00Z,80.0
2026-07-25T08:45:00Z,80.0
2026-07-25T09:00:00Z,80.0
2026-07-25T09:15:00Z,80.0
2026-07-25T09:30:00Z,80.0
2026-07-25T09:45:00Z,80.0
2026-07-25T10:00:00Z,80.0
2026-07-25T10:15:00Z,80.0
2026-07-25T10:30:00Z,80.0
2026-07-25T10:45:00Z,80.0
2026-07-25T11:00:00Z,80.0
2026-07-25T11:15:00Z,80.0
2026-07-25T11:30:00Z,80.0
2026-07-25T11:45:00Z,80.0
2026-07-25T12:00:00Z,80.0
2026-07-25T12:15:00Z,80.0
2026-07-25T12:30:00Z,80.0
2026-07-25T12:45:00Z,80.0
2026-07-25T13:00:00Z,80.0
2026-07-25T13:15:00Z,80.0
2026-07-25T13:30:00Z,80.0
2026-07-25T13:45:00Z,80.0
2026-07-25T14:00:00Z,80.0
2026-07-25T14:15:00Z,80.0
2026-07-25T14:30:00Z,80.0
2026-07-25T14:45:00Z,80.0
2026-07-25T15:00:00Z,80.0
2026-07-25T15:15:00Z,80.0
2026-07-25T15:30:00Z,103.1
2026-07-25T15:45:00Z,145.9
2026-07-25T16:00:00Z,134.3
2026-07-25T16:15:00Z,96.5
2026-07-25T16:30:00Z,204.8
2026-07-25T16:45:00Z,208.5
2026-07-25T17:00:00Z,127.8
2026-07-25T17:15:00Z,247.6
2026-07-25T17:30:00Z,270.9
2026-07-25T17:45:00Z,312.9
2026-07-25T18:00:00Z,337.3
2026-07-25T18:15:00Z,340.0
2026-07-25T18:30:00Z,325.2
2026-07-25T18:45:00Z,305.3
2026-07-25T19:00:00Z,363.2
2026-07-25T19:15:00Z,337.2
2026-07-25T19:30:00Z,341.2
2026-07-25T19:45:00Z,340.6
2026-07-25T20:00:00Z,320.0
2026-07-25T20:15:00Z,335.1
2026-07-25T20:30:00Z,330.1
2026-07-25T20:45:00Z,340.5
2026-07-25T21:00:00Z,339.0
2026-07-25T21:15:00Z,349.5
2026-07-25T21:30:00Z,327.0
2026-07-25T21:45:00Z,329.1
2026-07-25T22:00:00Z,341.3
2026-07-25T22:15:00Z,322.9
2026-07-25T22:30:00Z,327.3
2026-07-25T22:45:00Z,326.5
2026-07-25T23:00:00Z,337.1
2026-07-25T23:15:00Z,341.7
2026-07-25T23:30:00Z,333.9
2026-07-25T23:45:00Z,324.3
2026-07-26T00:00:00Z,313.8
2026-07-26T00:15:00Z,350.8
2026-07-26T00:30:00Z,343.3
2026-07-26T00:45:00Z,343.1
2026-07-26T01:00:00Z,310.5
2026-07-26T01:15:00Z,329.2
2026-07-26T01:30:00Z,336.2
2026-07-26T01:45:00Z,336.5
2026-07-26T02:00:00Z,337.0
2026-07-26T02:15:00Z,327.0
2026-07-26T02:30:00Z,335.4
2026-07-26T02:45:00Z,360.5
2026-07-26T03:00:00Z,324.3
2026-07-26T03:15:00Z,343.7
2026-07-26T03:30:00Z,329.4
2026-07-26T03:45:00Z,335.0
2026-07-26T04:00:00Z,324.8
2026-07-26T04:15:00Z,278.9
2026-07-26T04:30:00Z,228.0
2026-07-26T04:45:00Z,190.7
2026-07-26T05:00:00Z,186.8
2026-07-26T05:15:00Z,182.3
2026-07-26T05:30:00Z,80.0
2026-07-26T05:45:00Z,80.0
2026-07-26T06:00:00Z,174.8
2026-07-26T06:15:00Z,80.0
2026-07-26T06:30:00Z,80.0
2026-07-26T06:45:00Z,127.8
2026-07-26T07:00:00Z,80.0
2026-07-26T07:15:00Z,80.0
2026-07-26T07:30:00Z,80.0
2026-07-26T07:45:00Z,80.0
2026-07-26T08:00:00Z,80.0
2026-07-26T08:15:00Z,80.0
2026-07-26T08:30:00Z,80.0
2026-07-26T08:45:00Z,80.0
2026-07-26T09:00:00Z,80.0
2026-07-26T09:15:00Z,80.0
2026-07-26T09:30:00Z,80.0
2026-07-26T09:45:00Z,80.0
2026-07-26T10:00:00Z,80.0
2026-07-26T10:15:00Z,80.0
2026-07-26T10:30:00Z,80.0
2026-07-26T10:45:00Z,80.0
2026-07-26T11:00:00Z,80.0
2026-07-26T11:15:00Z,80.0
2026-07-26T11:30:00Z,80.0
2026-07-26T11:45:00Z,80.0
2026-07-26T12:00:00Z,80.0
2026-07-26T12:15:00Z,80.0
2026-07-26T12:30:00Z,80.0
2026-07-26T12:45:00Z,80.0
2026-07-26T13:00:00Z,80.0
2026-07-26T13:15:00Z,80.0
2026-07-26T13:30:00Z,80.0
2026-07-26T13:45:00Z,80.0
2026-07-26T14:00:00Z,80.0
2026-07-26T14:15:00Z,80.0
2026-07-26T14:30:00Z,80.0
2026-07-26T14:45:00Z,80.0
2026-07-26T15:00:00Z,80.0
2026-07-26T15:15:00Z,80.3
2026-07-26T15:30:00Z,80.0
2026-07-26T15:45:00Z,80.0
2026-07-26T16:00:00Z,120.9
2026-07-26T16:15:00Z,80.0
2026-07-26T16:30:00Z,80.0
2026-07-26T16:45:00Z,212.0
2026-07-26T17:00:00Z,228.5
2026-07-26T17:15:00Z,256.5
2026-07-26T17:30:00Z,275.2
2026-07-26T17:45:00Z,310.0
2026-07-26T18:00:00Z,316.4
2026-07-26T18:15:00Z,332.1
2026-07-26T18:30:00Z,333.0
2026-07-26T18:45:00Z,313.2
2026-07-26T19:00:00Z,337.8
2026-07-26T19:15:00Z,324.7
2026-07-26T19:30:00Z,330.1
2026-07-26T19:45:00Z,334.1
2026-07-26T20:00:00Z,343.7
2026-07-26T20:15:00Z,346.6
2026-07-26T20:30:00Z,296.5
2026-07-26T20:45:00Z,322.9
2026-07-26T21:00:00Z,322.7
2026-07-26T21:15:00Z,324.8
2026-07-26T21:30:00Z,329.3
2026-07-26T21:45:00Z,343.8
2026-07-26T22:00:00Z,318.6
2026-07-26T22:15:00Z,320.3
2026-07-26T22:30:00Z,348.3
2026-07-26T22:45:00Z,325.3
2026-07-26T23:00:00Z,329.8
2026-07-26T23:15:00Z,336.2
2026-07-26T23:30:00Z,328.1
2026-07-26T23:45:00Z,328.6
2026-07-27T00:00:00Z,328.3
2026-07-27T00:15:00Z,343.4
2026-07-27T00:30:00Z,351.3
2026-07-27T00:45:00Z,325.3
2026-07-27T01:00:00Z,317.6
2026-07-27T01:15:00Z,300.1
2026-07-27T01:30:00Z,337.7
2026-07-27T01:45:00Z,336.8
2026-07-27T02:00:00Z,336.0
2026-07-27T02:15:00Z,332.8
2026-07-27T02:30:00Z,326.7
2026-07-27T02:45:00Z,340.3
2026-07-27T03:00:00Z,347.7
2026-07-27T03:15:00Z,322.4
2026-07-27T03:30:00Z,330.1
2026-07-27T03:45:00Z,342.4
2026-07-27T04:00:00Z,922.1
2026-07-27T04:15:00Z,935.5
2026-07-27T04:30:00Z,947.2
2026-07-27T04:45:00Z,922.9
2026-07-27T05:00:00Z,738.7
2026-07-27T05:15:00Z,864.9
2026-07-27T05:30:00Z,1068.0
2026-07-27T05:45:00Z,990.9
2026-07-27T06:00:00Z,801.8
2026-07-27T06:15:00Z,818.2
2026-07-27T06:30:00Z,392.6
2026-07-27T06:45:00Z,585.7
2026-07-27T07:00:00Z,465.2
2026-07-27T07:15:00Z,562.1
2026-07-27T07:30:00Z,171.3
2026-07-27T07:45:00Z,279.0
2026-07-27T08:00:00Z,531.5
2026-07-27T08:15:00Z,781.8
2026-07-27T08:30:00Z,357.0
2026-07-27T08:45:00Z,132.0
2026-07-27T09:00:00Z,451.2
2026-07-27T09:15:00Z,550.7
2026-07-27T09:30:00Z,335.6
2026-07-27T09:45:00Z,80.0
2026-07-27T10:00:00Z,188.1
2026-07-27T10:15:00Z,278.7
2026-07-27T10:30:00Z,475.3
2026-07-27T10:45:00Z,204.3
2026-07-27T11:00:00Z,390.3
2026-07-27T11:15:00Z,80.0
2026-07-27T11:30:00Z,369.2
2026-07-27T11:45:00Z,80.0
2026-07-27T12:00:00Z,144.7
2026-07-27T12:15:00Z,456.5
2026-07-27T12:30:00Z,541.7
2026-07-27T12:45:00Z,171.1
2026-07-27T13:00:00Z,353.5
2026-07-27T13:15:00Z,596.0
2026-07-27T13:30:00Z,199.8
2026-07-27T13:45:00Z,209.1
2026-07-27T14:00:00Z,349.1
2026-07-27T14:15:00Z,294.7
2026-07-27T14:30:00Z,609.6
2026-07-27T14:45:00Z,480.1
2026-07-27T15:00:00Z,254.7
2026-07-27T15:15:00Z,612.0
2026-07-27T15:30:00Z,520.1
2026-07-27T15:45:00Z,522.2
2026-07-27T16:00:00Z,503.7
2026-07-27T16:15:00Z,806.7
2026-07-27T16:30:00Z,643.8
2026-07-27T16:45:00Z,675.6
2026-07-27T17:00:00Z,709.2
2026-07-27T17:15:00Z,767.2
2026-07-27T17:30:00Z,942.6
2026-07-27T17:45:00Z,978.0
2026-07-27T18:00:00Z,880.6
2026-07-27T18:15:00Z,1024.9
2026-07-27T18:30:00Z,785.7
2026-07-27T18:45:00Z,1003.3
2026-07-27T19:00:00Z,822.3
2026-07-27T19:15:00Z,883.9
2026-07-27T19:30:00Z,1063.8
2026-07-27T19:45:00Z,975.6
2026-07-27T20:00:00Z,324.7
2026-07-27T20:15:00Z,314.6
2026-07-27T20:30:00Z,344.7
2026-07-27T20:45:00Z,317.8
2026-07-27T21:00:00Z,337.9
2026-07-27T21:15:00Z,325.6
2026-07-27T21:30:00Z,325.5
2026-07-27T21:45:00Z,312.2
2026-07-27T22:00:00Z,350.4
2026-07-27T22:15:00Z,326.7
2026-07-27T22:30:00Z,305.0
2026-07-27T22:45:00Z,330.5
2026-07-27T23:00:00Z,333.3
2026-07-27T23:15:00Z,339.0
2026-07-27T23:30:00Z,327.4
2026-07-27T23:45:00Z,316.6
2026-07-28T00:00:00Z,313.3
2026-07-28T00:15:00Z,345.6
2026-07-28T00:30:00Z,342.6
2026-07-28T00:45:00Z,317.7
2026-07-28T01:00:00Z,342.9
2026-07-28T01:15:00Z,324.0
2026-07-28T01:30:00Z,305.0
2026-07-28T01:45:00Z,315.5
2026-07-28T02:00:00Z,324.1
2026-07-28T02:15:00Z,338.9
2026-07-28T02:30:00Z,354.9
2026-07-28T02:45:00Z,340.2
2026-07-28T03:00:00Z,316.2
2026-07-28T03:15:00Z,362.6
2026-07-28T03:30:00Z,350.6
2026-07-28T03:45:00Z,302.1
2026-07-28T04:00:00Z,1004.6
2026-07-28T04:15:00Z,880.7
2026-07-28T04:30:00Z,816.0
2026-07-28T04:45:00Z,847.6
2026-07-28T05:00:00Z,860.5
2026-07-28T05:15:00Z,857.0
2026-07-28T05:30:00Z,597.5
2026-07-28T05:45:00Z,925.3
2026-07-28T06:00:00Z,588.5
2026-07-28T06:15:00Z,738.4
2026-07-28T06:30:00Z,498.5
2026-07-28T06:45:00Z,636.1
2026-07-28T07:00:00Z,536.1
2026-07-28T07:15:00Z,377.4
2026-07-28T07:30:00Z,200.5
2026-07-28T07:45:00Z,237.1
2026-07-28T08:00:00Z,836.1
2026-07-28T08:15:00Z,80.0
2026-07-28T08:30:00Z,622.7
2026-07-28T08:45:00Z,80.0
2026-07-28T09:00:00Z,438.1
2026-07-28T09:15:00Z,142.3
2026-07-28T09:30:00Z,581.9
2026-07-28T09:45:00Z,159.6
2026-07-28T10:00:00Z,432.7
2026-07-28T10:15:00Z,456.9
2026-07-28T10:30:00Z,80.0
2026-07-28T10:45:00Z,503.5
2026-07-28T11:00:00Z,492.2
2026-07-28T11:15:00Z,384.7
2026-07-28T11:30:00Z,574.9
2026-07-28T11:45:00Z,766.8
2026-07-28T12:00:00Z,80.0
2026-07-28T12:15:00Z,273.2
2026-07-28T12:30:00Z,274.5
2026-07-28T12:45:00Z,313.0
2026-07-28T13:00:00Z,388.6
2026-07-28T13:15:00Z,639.6
2026-07-28T13:30:00Z,415.9
2026-07-28T13:45:00Z,710.7
2026-07-28T14:00:00Z,472.2
2026-07-28T14:15:00Z,797.0
2026-07-28T14:30:00Z,492.4
2026-07-28T14:45:00Z,596.6
2026-07-28T15:00:00Z,591.6
2026-07-28T15:15:00Z,542.2
2026-07-28T15:30:00Z,612.3
2026-07-28T15:45:00Z,626.5
2026-07-28T16:00:00Z,768.3
2026-07-28T16:15:00Z,814.7
2026-07-28T16:30:00Z,722.9
2026-07-28T16:45:00Z,549.8
2026-07-28T17:00:00Z,671.2
2026-07-28T17:15:00Z,690.1
2026-07-28T17:30:00Z,779.3
2026-07-28T17:45:00Z,880.8
2026-07-28T18:00:00Z,810.8
2026-07-28T18:15:00Z,1071.7
2026-07-28T18:30:00Z,873.4
2026-07-28T18:45:00Z,879.8
2026-07-28T19:00:00Z,934.8
2026-07-28T19:15:00Z,922.3
2026-07-28T19:30:00Z,1013.3
2026-07-28T19:45:00Z,1050.7
2026-07-28T20:00:00Z,325.7
2026-07-28T20:15:00Z,334.0
2026-07-28T20:30:00Z,328.9
2026-07-28T20:45:00Z,338.8
2026-07-28T21:00:00Z,328.9
2026-07-28T21:15:00Z,315.8
2026-07-28T21:30:00Z,336.8
2026-07-28T21:45:00Z,347.1
2026-07-28T22:00:00Z,321.0
2026-07-28T22:15:00Z,336.3
2026-07-28T22:30:00Z,333.7
2026-07-28T22:45:00Z,343.2
2026-07-28T23:00:00Z,321.4
2026-07-28T23:15:00Z,330.6
2026-07-28T23:30:00Z,321.8
2026-07-28T23:45:00Z,321.7
2026-07-29T00:00:00Z,324.5
2026-07-29T00:15:00Z,319.6
2026-07-29T00:30:00Z,331.0
2026-07-29T00:45:00Z,323.2
2026-07-29T01:00:00Z,340.5
2026-07-29T01:15:00Z,333.0
2026-07-29T01:30:00Z,327.0
2026-07-29T01:45:00Z,332.9
2026-07-29T02:00:00Z,334.3
2026-07-29T02:15:00Z,351.8
2026-07-29T02:30:00Z,325.9
2026-07-29T02:45:00Z,323.2
2026-07-29T03:00:00Z,302.6
2026-07-29T03:15:00Z,345.6
2026-07-29T03:30:00Z,333.5
2026-07-29T03:45:00Z,317.3
2026-07-29T04:00:00Z,900.5
2026-07-29T04:15:00Z,913.0
2026-07-29T04:30:00Z,788.6
2026-07-29T04:45:00Z,778.1
2026-07-29T05:00:00Z,847.9
2026-07-29T05:15:00Z,749.7
2026-07-29T05:30:00Z,900.8
2026-07-29T05:45:00Z,1015.5
2026-07-29T06:00:00Z,598.3
2026-07-29T06:15:00Z,378.3
2026-07-29T06:30:00Z,570.6
2026-07-29T06:45:00Z,572.5
2026-07-29T07:00:00Z,641.2
2026-07-29T07:15:00Z,761.2
2026-07-29T07:30:00Z,451.6
2026-07-29T07:45:00Z,357.5
2026-07-29T08:00:00Z,412.6
2026-07-29T08:15:00Z,114.8
2026-07-29T08:30:00Z,747.5
2026-07-29T08:45:00Z,432.4
2026-07-29T09:00:00Z,300.9
2026-07-29T09:15:00Z,123.5
2026-07-29T09:30:00Z,431.8
2026-07-29T09:45:00Z,112.6
2026-07-29T10:00:00Z,214.3
2026-07-29T10:15:00Z,276.6
2026-07-29T10:30:00Z,376.5
2026-07-29T10:45:00Z,473.2
2026-07-29T11:00:00Z,80.0
2026-07-29T11:15:00Z,129.0
2026-07-29T11:30:00Z,133.7
2026-07-29T11:45:00Z,223.9
2026-07-29T12:00:00Z,433.1
2026-07-29T12:15:00Z,447.1
2026-07-29T12:30:00Z,416.0
2026-07-29T12:45:00Z,100.9
2026-07-29T13:00:00Z,80.0
2026-07-29T13:15:00Z,299.5
2026-07-29T13:30:00Z,542.8
2026-07-29T13:45:00Z,406.4
2026-07-29T14:00:00Z,148.5
2026-07-29T14:15:00Z,294.4
2026-07-29T14:30:00Z,114.7
2026-07-29T14:45:00Z,249.8
2026-07-29T15:00:00Z,212.4
2026-07-29T15:15:00Z,553.1
2026-07-29T15:30:00Z,322.6
2026-07-29T15:45:00Z,427.7
2026-07-29T16:00:00Z,391.5
2026-07-29T16:15:00Z,852.4
2026-07-29T16:30:00Z,548.7
2026-07-29T16:45:00Z,726.5
2026-07-29T17:00:00Z,855.2
2026-07-29T17:15:00Z,975.3
2026-07-29T17:30:00Z,830.0
2026-07-29T17:45:00Z,833.5
2026-07-29T18:00:00Z,918.7
2026-07-29T18:15:00Z,939.7
2026-07-29T18:30:00Z,962.3
2026-07-29T18:45:00Z,881.2
2026-07-29T19:00:00Z,1017.6
2026-07-29T19:15:00Z,961.9
2026-07-29T19:30:00Z,987.5
2026-07-29T19:45:00Z,969.1
2026-07-29T20:00:00Z,319.5
2026-07-29T20:15:00Z,333.9
2026-07-29T20:30:00Z,332.0
2026-07-29T20:45:00Z,362.5
2026-07-29T21:00:00Z,338.2
2026-07-29T21:15:00Z,340.1
2026-07-29T21:30:00Z,322.3
2026-07-29T21:45:00Z,329.0
2026-07-29T22:00:00Z,345.9
2026-07-29T22:15:00Z,328.9
2026-07-29T22:30:00Z,327.9
2026-07-29T22:45:00Z,320.7
2026-07-29T23:00:00Z,318.1
2026-07-29T23:15:00Z,308.0
2026-07-29T23:30:00Z,338.3
2026-07-29T23:45:00Z,328.0
2026-07-30T00:00:00Z,333.5
2026-07-30T00:15:00Z,339.9
2026-07-30T00:30:00Z,329.5
2026-07-30T00:45:00Z,346.2
2026-07-30T01:00:00Z,327.2
2026-07-30T01:15:00Z,323.8
2026-07-30T01:30:00Z,341.6
2026-07-30T01:45:00Z,343.2
2026-07-30T02:00:00Z,337.9
2026-07-30T02:15:00Z,311.4
2026-07-30T02:30:00Z,342.9
2026-07-30T02:45:00Z,327.3
2026-07-30T03:00:00Z,349.1
2026-07-30T03:15:00Z,345.4
2026-07-30T03:30:00Z,337.4
2026-07-30T03:45:00Z,330.1
2026-07-30T04:00:00Z,1133.1
2026-07-30T04:15:00Z,1010.5
2026-07-30T04:30:00Z,1148.5
2026-07-30T04:45:00Z,1013.8
2026-07-30T05:00:00Z,714.7
2026-07-30T05:15:00Z,875.9
2026-07-30T05:30:00Z,898.1
2026-07-30T05:45:00Z,845.6
2026-07-30T06:00:00Z,889.7
2026-07-30T06:15:00Z,578.9
2026-07-30T06:30:00Z,370.4
2026-07-30T06:45:00Z,700.7
2026-07-30T07:00:00Z,386.6
2026-07-30T07:15:00Z,666.9
2026-07-30T07:30:00Z,435.5
2026-07-30T07:45:00Z,233.5
2026-07-30T08:00:00Z,281.4
2026-07-30T08:15:00Z,411.6
2026-07-30T08:30:00Z,220.0
2026-07-30T08:45:00Z,690.4
2026-07-30T09:00:00Z,351.0
2026-07-30T09:15:00Z,643.9
2026-07-30T09:30:00Z,675.4
2026-07-30T09:45:00Z,220.3
2026-07-30T10:00:00Z,344.5
2026-07-30T10:15:00Z,463.2
2026-07-30T10:30:00Z,486.7
2026-07-30T10:45:00Z,406.6
2026-07-30T11:00:00Z,80.0
2026-07-30T11:15:00Z,100.2
2026-07-30T11:30:00Z,284.9
2026-07-30T11:45:00Z,194.2
2026-07-30T12:00:00Z,80.0
2026-07-30T12:15:00Z,391.2
2026-07-30T12:30:00Z,80.0
2026-07-30T12:45:00Z,115.8
2026-07-30T13:00:00Z,518.5
2026-07-30T13:15:00Z,377.7
2026-07-30T13:30:00Z,262.9
2026-07-30T13:45:00Z,414.1
2026-07-30T14:00:00Z,255.1
2026-07-30T14:15:00Z,247.9
2026-07-30T14:30:00Z,417.2
2026-07-30T14:45:00Z,183.2
2026-07-30T15:00:00Z,630.2
2026-07-30T15:15:00Z,644.3
2026-07-30T15:30:00Z,724.9
2026-07-30T15:45:00Z,468.8
2026-07-30T16:00:00Z,490.5
2026-07-30T16:15:00Z,857.2
2026-07-30T16:30:00Z,739.6
2026-07-30T16:45:00Z,749.9
2026-07-30T17:00:00Z,933.9
2026-07-30T17:15:00Z,877.1
2026-07-30T17:30:00Z,722.3
2026-07-30T17:45:00Z,839.0
2026-07-30T18:00:00Z,790.5
2026-07-30T18:15:00Z,827.8
2026-07-30T18:30:00Z,996.0
2026-07-30T18:45:00Z,924.2
2026-07-30T19:00:00Z,864.7
2026-07-30T19:15:00Z,913.4
2026-07-30T19:30:00Z,793.1
2026-07-30T19:45:00Z,1010.1
2026-07-30T20:00:00Z,323.4
2026-07-30T20:15:00Z,334.4
2026-07-30T20:30:00Z,333.1
2026-07-30T20:45:00Z,328.7
2026-07-30T21:00:00Z,328.4
2026-07-30T21:15:00Z,325.3
2026-07-30T21:30:00Z,335.7
2026-07-30T21:45:00Z,336.1
2026-07-30T22:00:00Z,325.8
2026-07-30T22:15:00Z,341.0
2026-07-30T22:30:00Z,325.0
2026-07-30T22:45:00Z,325.4
2026-07-30T23:00:00Z,309.1
2026-07-30T23:15:00Z,336.5
2026-07-30T23:30:00Z,336.1
2026-07-30T23:45:00Z,333.2
2026-07-31T00:00:00Z,350.8
2026-07-31T00:15:00Z,337.7
2026-07-31T00:30:00Z,319.5
2026-07-31T00:45:00Z,353.1
2026-07-31T01:00:00Z,346.0
2026-07-31T01:15:00Z,347.3
2026-07-31T01:30:00Z,326.3
2026-07-31T01:45:00Z,316.9
2026-07-31T02:00:00Z,332.1
2026-07-31T02:15:00Z,315.6
2026-07-31T02:30:00Z,326.3
2026-07-31T02:45:00Z,314.0
2026-07-31T03:00:00Z,316.9
2026-07-31T03:15:00Z,326.7
2026-07-31T03:30:00Z,325.5
2026-07-31T03:45:00Z,335.3
2026-07-31T04:00:00Z,1139.5
2026-07-31T04:15:00Z,830.2
2026-07-31T04:30:00Z,912.7
2026-07-31T04:45:00Z,907.8
2026-07-31T05:00:00Z,906.3
2026-07-31T05:15:00Z,1066.2
2026-07-31T05:30:00Z,589.2
2026-07-31T05:45:00Z,781.8
2026-07-31T06:00:00Z,486.3
2026-07-31T06:15:00Z,505.6
2026-07-31T06:30:00Z,553.7
2026-07-31T06:45:00Z,501.9
2026-07-31T07:00:00Z,507.1
2026-07-31T07:15:00Z,335.3
2026-07-31T07:30:00Z,498.7
2026-07-31T07:45:00Z,796.4
2026-07-31T08:00:00Z,290.1
2026-07-31T08:15:00Z,750.5
2026-07-31T08:30:00Z,80.0
2026-07-31T08:45:00Z,80.0
2026-07-31T09:00:00Z,475.9
2026-07-31T09:15:00Z,525.8
2026-07-31T09:30:00Z,623.6
2026-07-31T09:45:00Z,126.1
2026-07-31T10:00:00Z,277.4
2026-07-31T10:15:00Z,80.0
2026-07-31T10:30:00Z,497.1
2026-07-31T10:45:00Z,80.0
2026-07-31T11:00:00Z,80.0
2026-07-31T11:15:00Z,220.4
2026-07-31T11:30:00Z,80.0
2026-07-31T11:45:00Z,180.6
2026-07-31T12:00:00Z,80.0
2026-07-31T12:15:00Z,718.9
2026-07-31T12:30:00Z,637.7
2026-07-31T12:45:00Z,505.8
2026-07-31T13:00:00Z,181.8
2026-07-31T13:15:00Z,390.1
2026-07-31T13:30:00Z,415.4
2026-07-31T13:45:00Z,596.0
2026-07-31T14:00:00Z,348.0
2026-07-31T14:15:00Z,444.7
2026-07-31T14:30:00Z,568.8
2026-07-31T14:45:00Z,454.2
2026-07-31T15:00:00Z,441.1
2026-07-31T15:15:00Z,698.7
2026-07-31T15:30:00Z,696.5
2026-07-31T15:45:00Z,503.3
2026-07-31T16:00:00Z,784.2
2026-07-31T16:15:00Z,849.0
2026-07-31T16:30:00Z,622.6
2026-07-31T16:45:00Z,911.8
2026-07-31T17:00:00Z,808.9
2026-07-31T17:15:00Z,994.7
2026-07-31T17:30:00Z,764.9
2026-07-31T17:45:00Z,771.1
2026-07-31T18:00:00Z,995.3
2026-07-31T18:15:00Z,797.5
2026-07-31T18:30:00Z,831.6
2026-07-31T18:45:00Z,887.9
2026-07-31T19:00:00Z,989.6
2026-07-31T19:15:00Z,875.8
2026-07-31T19:30:00Z,931.6
2026-07-31T19:45:00Z,821.4
2026-07-31T20:00:00Z,334.2
2026-07-31T20:15:00Z,312.5
2026-07-31T20:30:00Z,355.3
2026-07-31T20:45:00Z,362.8
2026-07-31T21:00:00Z,326.4
2026-07-31T21:15:00Z,339.4
2026-07-31T21:30:00Z,316.7
2026-07-31T21:45:00Z,317.1
2026-07-31T22:00:00Z,334.5
2026-07-31T22:15:00Z,349.4
2026-07-31T22:30:00Z,328.7
2026-07-31T22:45:00Z,314.5
2026-07-31T23:00:00Z,337.1
2026-07-31T23:15:00Z,340.6
2026-07-31T23:30:00Z,320.7
2026-07-31T23:45:00Z,317.4
2026-08-01T00:00:00Z,338.7
2026-08-01T00:15:00Z,339.8
2026-08-01T00:30:00Z,303.2
2026-08-01T00:45:00Z,327.7
2026-08-01T01:00:00Z,341.4
2026-08-01T01:15:00Z,329.7
2026-08-01T01:30:00Z,321.8
2026-08-01T01:45:00Z,326.9
2026-08-01T02:00:00Z,331.1
2026-08-01T02:15:00Z,342.7
2026-08-01T02:30:00Z,338.2
2026-08-01T02:45:00Z,348.6
2026-08-01T03:00:00Z,318.8
2026-08-01T03:15:00Z,324.0
2026-08-01T03:30:00Z,330.3
2026-08-01T03:45:00Z,310.7
2026-08-01T04:00:00Z,342.0
2026-08-01T04:15:00Z,282.9
2026-08-01T04:30:00Z,316.7
2026-08-01T04:45:00Z,239.9
2026-08-01T05:00:00Z,197.7
2026-08-01T05:15:00Z,197.7
2026-08-01T05:30:00Z,130.5
2026-08-01T05:45:00Z,87.1
2026-08-01T06:00:00Z,80.0
2026-08-01T06:15:00Z,80.0
2026-08-01T06:30:00Z,80.0
2026-08-01T06:45:00Z,80.0
2026-08-01T07:00:00Z,140.8
2026-08-01T07:15:00Z,80.0
2026-08-01T07:30:00Z,123.9
2026-08-01T07:45:00Z,80.0
2026-08-01T08:00:00Z,80.0
2026-08-01T08:15:00Z,80.0
2026-08-01T08:30:00Z,80.0
2026-08-01T08:45:00Z,80.0
2026-08-01T09:00:00Z,80.0
2026-08-01T09:15:00Z,80.0
2026-08-01T09:30:00Z,80.0
2026-08-01T09:45:00Z,80.0
2026-08-01T10:00:00Z,80.0
2026-08-01T10:15:00Z,80.0
2026-08-01T10:30:00Z,80.0
2026-08-01T10:45:00Z,80.0
2026-08-01T11:00:00Z,80.0
2026-08-01T11:15:00Z,80.0
2026-08-01T11:30:00Z,80.0
2026-08-01T11:45:00Z,80.0
2026-08-01T12:00:00Z,80.0
2026-08-01T12:15:00Z,80.0
2026-08-01T12:30:00Z,80.0
2026-08-01T12:45:00Z,80.0
2026-08-01T13:00:00Z,80.0
2026-08-01T13:15:00Z,80.0
2026-08-01T13:30:00Z,80.0
2026-08-01T13:45:00Z,80.0
2026-08-01T14:00:00Z,80.0
2026-08-01T14:15:00Z,80.0
2026-08-01T14:30:00Z,80.0
2026-08-01T14:45:00Z,80.0
2026-08-01T15:00:00Z,80.0
2026-08-01T15:15:00Z,80.0
2026-08-01T15:30:00Z,136.0
2026-08-01T15:45:00Z,80.0
2026-08-01T16:00:00Z,103.5
2026-08-01T16:15:00Z,80.0
2026-08-01T16:30:00Z,80.0
2026-08-01T16:45:00Z,141.0
2026-08-01T17:00:00Z,228.5
2026-08-01T17:15:00Z,207.4
2026-08-01T17:30:00Z,259.6
2026-08-01T17:45:00Z,295.7
2026-08-01T18:00:00Z,326.7
2026-08-01T18:15:00Z,325.8
2026-08-01T18:30:00Z,306.2
2026-08-01T18:45:00Z,326.7
2026-08-01T19:00:00Z,332.4
2026-08-01T19:15:00Z,320.5
2026-08-01T19:30:00Z,317.3
2026-08-01T19:45:00Z,328.9
2026-08-01T20:00:00Z,339.2
2026-08-01T20:15:00Z,338.4
2026-08-01T20:30:00Z,338.4
2026-08-01T20:45:00Z,344.5
2026-08-01T21:00:00Z,337.5
2026-08-01T21:15:00Z,343.6
2026-08-01T21:30:00Z,346.1
2026-08-01T21:45:00Z,343.4
2026-08-01T22:00:00Z,311.6
2026-08-01T22:15:00Z,343.0
2026-08-01T22:30:00Z,336.7
2026-08-01T22:45:00Z,307.5
2026-08-01T23:00:00Z,322.8
2026-08-01T23:15:00Z,336.5
2026-08-01T23:30:00Z,338.8
2026-08-01T23:45:00Z,333.0
2026-08-02T00:00:00Z,336.6
2026-08-02T00:15:00Z,312.3
2026-08-02T00:30:00Z,320.4
2026-08-02T00:45:00Z,321.9
2026-08-02T01:00:00Z,327.4
2026-08-02T01:15:00Z,333.1
2026-08-02T01:30:00Z,326.0
2026-08-02T01:45:00Z,331.9
2026-08-02T02:00:00Z,335.8
2026-08-02T02:15:00Z,330.4
2026-08-02T02:30:00Z,343.3
2026-08-02T02:45:00Z,353.2
2026-08-02T03:00:00Z,337.4
2026-08-02T03:15:00Z,335.3
2026-08-02T03:30:00Z,322.5
2026-08-02T03:45:00Z,319.0
2026-08-02T04:00:00Z,342.0
2026-08-02T04:15:00Z,308.4
2026-08-02T04:30:00Z,296.7
2026-08-02T04:45:00Z,252.6
2026-08-02T05:00:00Z,134.3
2026-08-02T05:15:00Z,202.2
2026-08-02T05:30:00Z,80.0
2026-08-02T05:45:00Z,80.0
2026-08-02T06:00:00Z,80.0
2026-08-02T06:15:00Z,142.1
2026-08-02T06:30:00Z,80.0
2026-08-02T06:45:00Z,80.0
2026-08-02T07:00:00Z,80.0
2026-08-02T07:15:00Z,80.0
2026-08-02T07:30:00Z,80.0
2026-08-02T07:45:00Z,80.0
2026-08-02T08:00:00Z,80.0
2026-08-02T08:15:00Z,80.0
2026-08-02T08:30:00Z,80.0
2026-08-02T08:45:00Z,80.0
2026-08-02T09:00:00Z,80.0
2026-08-02T09:15:00Z,80.0
2026-08-02T09:30:00Z,80.0
2026-08-02T09:45:00Z,80.0
2026-08-02T10:00:00Z,80.0
2026-08-02T10:15:00Z,80.0
2026-08-02T10:30:00Z,80.0
2026-08-02T10:45:00Z,80.0
2026-08-02T11:00:00Z,80.0
2026-08-02T11:15:00Z,80.0
2026-08-02T11:30:00Z,80.0
2026-08-02T11:45:00Z,80.0
2026-08-02T12:00:00Z,80.0
2026-08-02T12:15:00Z,80.0
2026-08-02T12:30:00Z,80.0
2026-08-02T12:45:00Z,80.0
2026-08-02T13:00:00Z,80.0
2026-08-02T13:15:00Z,80.0
2026-08-02T13:30:00Z,80.0
2026-08-02T13:45:00Z,80.0
2026-08-02T14:00:00Z,80.0
2026-08-02T14:15:00Z,80.0
2026-08-02T14:30:00Z,80.0
2026-08-02T14:45:00Z,80.0
2026-08-02T15:00:00Z,82.3
2026-08-02T15:15:00Z,115.0
2026-08-02T15:30:00Z,80.0
2026-08-02T15:45:00Z,142.0
2026-08-02T16:00:00Z,80.0
2026-08-02T16:15:00Z,80.0
2026-08-02T16:30:00Z,225.5
2026-08-02T16:45:00Z,124.2
2026-08-02T17:00:00Z,241.3
2026-08-02T17:15:00Z,268.9
2026-08-02T17:30:00Z,201.3
2026-08-02T17:45:00Z,319.1
2026-08-02T18:00:00Z,329.4
2026-08-02T18:15:00Z,337.1
2026-08-02T18:30:00Z,321.2
2026-08-02T18:45:00Z,327.4
2026-08-02T19:00:00Z,325.8
2026-08-02T19:15:00Z,323.7
2026-08-02T19:30:00Z,334.3
2026-08-02T19:45:00Z,352.8
2026-08-02T20:00:00Z,311.9
2026-08-02T20:15:00Z,345.6
2026-08-02T20:30:00Z,349.1
2026-08-02T20:45:00Z,329.5
2026-08-02T21:00:00Z,343.8
2026-08-02T21:15:00Z,327.4
2026-08-02T21:30:00Z,340.2
2026-08-02T21:45:00Z,313.0
2026-08-02T22:00:00Z,329.8
2026-08-02T22:15:00Z,324.4
2026-08-02T22:30:00Z,337.2
2026-08-02T22:45:00Z,322.7
2026-08-02T23:00:00Z,328.0
2026-08-02T23:15:00Z,326.2
2026-08-02T23:30:00Z,334.1
2026-08-02T23:45:00Z,342.8
2026-08-03T00:00:00Z,340.1
2026-08-03T00:15:00Z,348.2
2026-08-03T00:30:00Z,335.8
2026-08-03T00:45:00Z,352.5
2026-08-03T01:00:00Z,326.9
2026-08-03T01:15:00Z,321.2
2026-08-03T01:30:00Z,336.7
2026-08-03T01:45:00Z,322.5
2026-08-03T02:00:00Z,312.9
2026-08-03T02:15:00Z,322.1
2026-08-03T02:30:00Z,313.1
2026-08-03T02:45:00Z,319.6
2026-08-03T03:00:00Z,343.6
2026-08-03T03:15:00Z,344.1
2026-08-03T03:30:00Z,325.6
2026-08-03T03:45:00Z,313.3
2026-08-03T04:00:00Z,983.5
2026-08-03T04:15:00Z,959.0
2026-08-03T04:30:00Z,729.6
2026-08-03T04:45:00Z,905.4
2026-08-03T05:00:00Z,928.8
2026-08-03T05:15:00Z,837.5
2026-08-03T05:30:00Z,776.6
2026-08-03T05:45:00Z,1047.4
2026-08-03T06:00:00Z,712.7
2026-08-03T06:15:00Z,711.6
2026-08-03T06:30:00Z,378.6
2026-08-03T06:45:00Z,559.1
2026-08-03T07:00:00Z,367.9
2026-08-03T07:15:00Z,364.2
2026-08-03T07:30:00Z,211.7
2026-08-03T07:45:00Z,513.5
2026-08-03T08:00:00Z,536.5
2026-08-03T08:15:00Z,391.1
2026-08-03T08:30:00Z,253.0
2026-08-03T08:45:00Z,515.1
2026-08-03T09:00:00Z,80.0
2026-08-03T09:15:00Z,501.1
2026-08-03T09:30:00Z,132.2
2026-08-03T09:45:00Z,464.6
2026-08-03T10:00:00Z,395.9
2026-08-03T10:15:00Z,80.0
2026-08-03T10:30:00Z,364.3
2026-08-03T10:45:00Z,546.3
2026-08-03T11:00:00Z,199.5
2026-08-03T11:15:00Z,80.0
2026-08-03T11:30:00Z,80.0
2026-08-03T11:45:00Z,207.4
2026-08-03T12:00:00Z,607.4
2026-08-03T12:15:00Z,383.9
2026-08-03T12:30:00Z,512.3
2026-08-03T12:45:00Z,410.3
2026-08-03T13:00:00Z,205.5
2026-08-03T13:15:00Z,437.0
2026-08-03T13:30:00Z,442.7
2026-08-03T13:45:00Z,449.2
2026-08-03T14:00:00Z,194.2
2026-08-03T14:15:00Z,628.0
2026-08-03T14:30:00Z,597.4
2026-08-03T14:45:00Z,692.5
2026-08-03T15:00:00Z,573.7
2026-08-03T15:15:00Z,772.3
2026-08-03T15:30:00Z,416.5
2026-08-03T15:45:00Z,622.5
2026-08-03T16:00:00Z,705.7
2026-08-03T16:15:00Z,836.5
2026-08-03T16:30:00Z,920.2
2026-08-03T16:45:00Z,880.9
2026-08-03T17:00:00Z,706.1
2026-08-03T17:15:00Z,694.8
2026-08-03T17:30:00Z,887.3
2026-08-03T17:45:00Z,953.5
2026-08-03T18:00:00Z,899.6
2026-08-03T18:15:00Z,864.5
2026-08-03T18:30:00Z,847.4
2026-08-03T18:45:00Z,914.8
2026-08-03T19:00:00Z,871.7
2026-08-03T19:15:00Z,905.8
2026-08-03T19:30:00Z,907.5
2026-08-03T19:45:00Z,1078.8
2026-08-03T20:00:00Z,338.8
2026-08-03T20:15:00Z,329.9
2026-08-03T20:30:00Z,340.3
2026-08-03T20:45:00Z,331.7
2026-08-03T21:00:00Z,330.1
2026-08-03T21:15:00Z,331.6
2026-08-03T21:30:00Z,331.2
2026-08-03T21:45:00Z,326.1
2026-08-03T22:00:00Z,328.7
2026-08-03T22:15:00Z,327.5
2026-08-03T22:30:00Z,320.3
2026-08-03T22:45:00Z,322.9
2026-08-03T23:00:00Z,317.6
2026-08-03T23:15:00Z,334.2
2026-08-03T23:30:00Z,323.5
2026-08-03T23:45:00Z,318.4
2026-08-04T00:00:00Z,326.3
2026-08-04T00:15:00Z,323.8
2026-08-04T00:30:00Z,338.9
2026-08-04T00:45:00Z,342.3
2026-08-04T01:00:00Z,331.9
2026-08-04T01:15:00Z,316.4
2026-08-04T01:30:00Z,351.6
2026-08-04T01:45:00Z,311.2
2026-08-04T02:00:00Z,346.9
2026-08-04T02:15:00Z,324.5
2026-08-04T02:30:00Z,322.5
2026-08-04T02:45:00Z,351.3
2026-08-04T03:00:00Z,322.4
2026-08-04T03:15:00Z,321.7
2026-08-04T03:30:00Z,332.3
2026-08-04T03:45:00Z,332.5
2026-08-04T04:00:00Z,867.6
2026-08-04T04:15:00Z,1024.3
2026-08-04T04:30:00Z,1052.7
2026-08-04T04:45:00Z,868.5
2026-08-04T05:00:00Z,923.9
2026-08-04T05:15:00Z,805.9
2026-08-04T05:30:00Z,981.5
2026-08-04T05:45:00Z,872.0
2026-08-04T06:00:00Z,505.9
2026-08-04T06:15:00Z,803.4
2026-08-04T06:30:00Z,684.8
2026-08-04T06:45:00Z,525.2
2026-08-04T07:00:00Z,463.4
2026-08-04T07:15:00Z,626.7
2026-08-04T07:30:00Z,161.7
2026-08-04T07:45:00Z,624.6
2026-08-04T08:00:00Z,371.9
2026-08-04T08:15:00Z,492.5
2026-08-04T08:30:00Z,544.1
2026-08-04T08:45:00Z,224.3
2026-08-04T09:00:00Z,203.0
2026-08-04T09:15:00Z,613.1
2026-08-04T09:30:00Z,442.3
2026-08-04T09:45:00Z,732.9
2026-08-04T10:00:00Z,80.0
2026-08-04T10:15:00Z,80.0
2026-08-04T10:30:00Z,456.3
2026-08-04T10:45:00Z,80.0
2026-08-04T11:00:00Z,200.4
2026-08-04T11:15:00Z,354.7
2026-08-04T11:30:00Z,169.6
2026-08-04T11:45:00Z,342.4
2026-08-04T12:00:00Z,80.0
2026-08-04T12:15:00Z,99.5
2026-08-04T12:30:00Z,80.0
2026-08-04T12:45:00Z,310.5
2026-08-04T13:00:00Z,253.0
2026-08-04T13:15:00Z,159.0
2026-08-04T13:30:00Z,555.7
2026-08-04T13:45:00Z,692.2
2026-08-04T14:00:00Z,145.9
2026-08-04T14:15:00Z,468.2
2026-08-04T14:30:00Z,498.8
2026-08-04T14:45:00Z,307.3
2026-08-04T15:00:00Z,707.2
2026-08-04T15:15:00Z,623.4
2026-08-04T15:30:00Z,605.3
2026-08-04T15:45:00Z,566.6
2026-08-04T16:00:00Z,479.8
2026-08-04T16:15:00Z,713.1
2026-08-04T16:30:00Z,851.4
2026-08-04T16:45:00Z,846.7
2026-08-04T17:00:00Z,701.1
2026-08-04T17:15:00Z,973.9
2026-08-04T17:30:00Z,843.8
2026-08-04T17:45:00Z,989.6
2026-08-04T18:00:00Z,974.6
2026-08-04T18:15:00Z,982.1
2026-08-04T18:30:00Z,1019.1
2026-08-04T18:45:00Z,963.6
2026-08-04T19:00:00Z,996.6
2026-08-04T19:15:00Z,822.7
2026-08-04T19:30:00Z,978.2
2026-08-04T19:45:00Z,1038.8
2026-08-04T20:00:00Z,327.0
2026-08-04T20:15:00Z,334.1
2026-08-04T20:30:00Z,359.6
2026-08-04T20:45:00Z,324.3
2026-08-04T21:00:00Z,317.6
2026-08-04T21:15:00Z,334.0
2026-08-04T21:30:00Z,326.4
2026-08-04T21:45:00Z,329.8
2026-08-04T22:00:00Z,329.4
2026-08-04T22:15:00Z,325.2
2026-08-04T22:30:00Z,336.3
2026-08-04T22:45:00Z,315.8
2026-08-04T23:00:00Z,342.8
2026-08-04T23:15:00Z,329.8
2026-08-04T23:30:00Z,338.3
2026-08-04T23:45:00Z,332.4
2026-08-05T00:00:00Z,321.1
2026-08-05T00:15:00Z,339.9
2026-08-05T00:30:00Z,316.1
2026-08-05T00:45:00Z,331.1
2026-08-05T01:00:00Z,336.2
2026-08-05T01:15:00Z,334.1
2026-08-05T01:30:00Z,319.7
2026-08-05T01:45:00Z,320.9
2026-08-05T02:00:00Z,347.3
2026-08-05T02:15:00Z,328.1
2026-08-05T02:30:00Z,334.9
2026-08-05T02:45:00Z,311.3
2026-08-05T03:00:00Z,336.7
2026-08-05T03:15:00Z,348.5
2026-08-05T03:30:00Z,342.4
2026-08-05T03:45:00Z,323.7
2026-08-05T04:00:00Z,869.8
2026-08-05T04:15:00Z,1024.6
2026-08-05T04:30:00Z,934.2
2026-08-05T04:45:00Z,1018.4
2026-08-05T05:00:00Z,897.7
2026-08-05T05:15:00Z,760.4
2026-08-05T05:30:00Z,745.8
2026-08-05T05:45:00Z,660.1
2026-08-05T06:00:00Z,401.5
2026-08-05T06:15:00Z,385.4
2026-08-05T06:30:00Z,405.3
2026-08-05T06:45:00Z,748.3
2026-08-05T07:00:00Z,622.4
2026-08-05T07:15:00Z,276.7
2026-08-05T07:30:00Z,333.2
2026-08-05T07:45:00Z,281.5
2026-08-05T08:00:00Z,392.2
2026-08-05T08:15:00Z,118.8
2026-08-05T08:30:00Z,282.8
2026-08-05T08:45:00Z,80.0
2026-08-05T09:00:00Z,561.4
2026-08-05T09:15:00Z,385.1
2026-08-05T09:30:00Z,436.8
2026-08-05T09:45:00Z,582.6
2026-08-05T10:00:00Z,240.8
2026-08-05T10:15:00Z,219.0
2026-08-05T10:30:00Z,303.4
2026-08-05T10:45:00Z,80.0
2026-08-05T11:00:00Z,426.2
2026-08-05T11:15:00Z,585.8
2026-08-05T11:30:00Z,457.7
2026-08-05T11:45:00Z,152.6
2026-08-05T12:00:00Z,356.5
2026-08-05T12:15:00Z,539.1
2026-08-05T12:30:00Z,136.9
2026-08-05T12:45:00Z,80.0
2026-08-05T13:00:00Z,80.0
2026-08-05T13:15:00Z,447.3
2026-08-05T13:30:00Z,262.7
2026-08-05T13:45:00Z,409.9
2026-08-05T14:00:00Z,688.9
2026-08-05T14:15:00Z,567.3
2026-08-05T14:30:00Z,443.5
2026-08-05T14:45:00Z,639.7
2026-08-05T15:00:00Z,593.1
2026-08-05T15:15:00Z,482.7
2026-08-05T15:30:00Z,516.1
2026-08-05T15:45:00Z,764.7
2026-08-05T16:00:00Z,854.4
2026-08-05T16:15:00Z,780.2
2026-08-05T16:30:00Z,717.8
2026-08-05T16:45:00Z,738.1
2026-08-05T17:00:00Z,722.2
2026-08-05T17:15:00Z,797.3
2026-08-05T17:30:00Z,926.0
2026-08-05T17:45:00Z,862.8
2026-08-05T18:00:00Z,800.2
2026-08-05T18:15:00Z,1013.4
2026-08-05T18:30:00Z,1080.4
2026-08-05T18:45:00Z,878.0
2026-08-05T19:00:00Z,940.6
2026-08-05T19:15:00Z,933.1
2026-08-05T19:30:00Z,998.8
2026-08-05T19:45:00Z,995.7
2026-08-05T20:00:00Z,316.7
2026-08-05T20:15:00Z,327.4
2026-08-05T20:30:00Z,314.2
2026-08-05T20:45:00Z,338.4
2026-08-05T21:00:00Z,341.0
2026-08-05T21:15:00Z,334.2
2026-08-05T21:30:00Z,305.3
2026-08-05T21:45:00Z,338.5
2026-08-05T22:00:00Z,340.3
2026-08-05T22:15:00Z,360.0
2026-08-05T22:30:00Z,338.7
2026-08-05T22:45:00Z,300.6
2026-08-05T23:00:00Z,332.9
2026-08-05T23:15:00Z,329.6
2026-08-05T23:30:00Z,306.0
2026-08-05T23:45:00Z,324.2
2026-08-06T00:00:00Z,327.2
2026-08-06T00:15:00Z,325.8
2026-08-06T00:30:00Z,322.3
2026-08-06T00:45:00Z,324.1
2026-08-06T01:00:00Z,347.1
2026-08-06T01:15:00Z,328.3
2026-08-06T01:30:00Z,333.6
2026-08-06T01:45:00Z,314.0
2026-08-06T02:00:00Z,303.2
2026-08-06T02:15:00Z,326.4
2026-08-06T02:30:00Z,339.1
2026-08-06T02:45:00Z,323.4
2026-08-06T03:00:00Z,332.9
2026-08-06T03:15:00Z,346.3
2026-08-06T03:30:00Z,344.4
2026-08-06T03:45:00Z,315.9
2026-08-06T04:00:00Z,848.8
2026-08-06T04:15:00Z,1158.4
2026-08-06T04:30:00Z,945.5
2026-08-06T04:45:00Z,962.3
2026-08-06T05:00:00Z,996.8
2026-08-06T05:15:00Z,780.5
2026-08-06T05:30:00Z,642.2
2026-08-06T05:45:00Z,760.3
2026-08-06T06:00:00Z,637.5
2026-08-06T06:15:00Z,358.7
2026-08-06T06:30:00Z,443.9
2026-08-06T06:45:00Z,764.8
2026-08-06T07:00:00Z,585.1
2026-08-06T07:15:00Z,567.4
2026-08-06T07:30:00Z,645.9
2026-08-06T07:45:00Z,589.8
2026-08-06T08:00:00Z,398.8
2026-08-06T08:15:00Z,671.1
2026-08-06T08:30:00Z,332.8
2026-08-06T08:45:00Z,613.0
2026-08-06T09:00:00Z,612.7
2026-08-06T09:15:00Z,407.3
2026-08-06T09:30:00Z,370.5
2026-08-06T09:45:00Z,80.0
2026-08-06T10:00:00Z,668.9
2026-08-06T10:15:00Z,157.9
2026-08-06T10:30:00Z,80.0
2026-08-06T10:45:00Z,80.0
2026-08-06T11:00:00Z,241.4
2026-08-06T11:15:00Z,175.2
2026-08-06T11:30:00Z,270.3
2026-08-06T11:45:00Z,147.1
2026-08-06T12:00:00Z,633.7
2026-08-06T12:15:00Z,211.5
2026-08-06T12:30:00Z,673.2
2026-08-06T12:45:00Z,135.3
2026-08-06T13:00:00Z,369.7
2026-08-06T13:15:00Z,729.2
2026-08-06T13:30:00Z,117.7
2026-08-06T13:45:00Z,342.7
2026-08-06T14:00:00Z,556.0
2026-08-06T14:15:00Z,508.1
2026-08-06T14:30:00Z,318.0
2026-08-06T14:45:00Z,513.9
2026-08-06T15:00:00Z,718.7
2026-08-06T15:15:00Z,431.3
2026-08-06T15:30:00Z,583.0
2026-08-06T15:45:00Z,650.3
2026-08-06T16:00:00Z,699.6
2026-08-06T16:15:00Z,647.1
2026-08-06T16:30:00Z,835.5
2026-08-06T16:45:00Z,739.6
2026-08-06T17:00:00Z,717.4
2026-08-06T17:15:00Z,791.1
2026-08-06T17:30:00Z,914.5
2026-08-06T17:45:00Z,943.2
2026-08-06T18:00:00Z,1061.9
2026-08-06T18:15:00Z,949.7
2026-08-06T18:30:00Z,802.2
2026-08-06T18:45:00Z,864.0
2026-08-06T19:00:00Z,828.8
2026-08-06T19:15:00Z,1035.9
2026-08-06T19:30:00Z,827.8
2026-08-06T19:45:00Z,922.9
2026-08-06T20:00:00Z,346.4
2026-08-06T20:15:00Z,355.3
2026-08-06T20:30:00Z,315.4
2026-08-06T20:45:00Z,338.5
2026-08-06T21:00:00Z,338.6
2026-08-06T21:15:00Z,322.6
2026-08-06T21:30:00Z,325.7
2026-08-06T21:45:00Z,363.5
2026-08-06T22:00:00Z,358.7
2026-08-06T22:15:00Z,322.4
2026-08-06T22:30:00Z,323.0
2026-08-06T22:45:00Z,325.7
2026-08-06T23:00:00Z,334.6
2026-08-06T23:15:00Z,333.8
2026-08-06T23:30:00Z,355.8
2026-08-06T23:45:00Z,313.2
2026-08-07T00:00:00Z,321.8
2026-08-07T00:15:00Z,327.4
2026-08-07T00:30:00Z,324.5
2026-08-07T00:45:00Z,330.2
2026-08-07T01:00:00Z,327.2
2026-08-07T01:15:00Z,321.9
2026-08-07T01:30:00Z,336.0
2026-08-07T01:45:00Z,320.1
2026-08-07T02:00:00Z,332.6
2026-08-07T02:15:00Z,317.8
2026-08-07T02:30:00Z,338.6
2026-08-07T02:45:00Z,329.0
2026-08-07T03:00:00Z,341.4
2026-08-07T03:15:00Z,323.1
2026-08-07T03:30:00Z,323.1
2026-08-07T03:45:00Z,332.1
2026-08-07T04:00:00Z,1154.7
2026-08-07T04:15:00Z,808.6
2026-08-07T04:30:00Z,979.8
2026-08-07T04:45:00Z,1018.7
2026-08-07T05:00:00Z,764.6
2026-08-07T05:15:00Z,869.6
2026-08-07T05:30:00Z,912.5
2026-08-07T05:45:00Z,745.0
2026-08-07T06:00:00Z,523.6
2026-08-07T06:15:00Z,725.2
2026-08-07T06:30:00Z,628.7
2026-08-07T06:45:00Z,640.8
2026-08-07T07:00:00Z,387.2
2026-08-07T07:15:00Z,404.3
2026-08-07T07:30:00Z,620.2
2026-08-07T07:45:00Z,698.2
2026-08-07T08:00:00Z,245.6
2026-08-07T08:15:00Z,80.0
2026-08-07T08:30:00Z,346.8
2026-08-07T08:45:00Z,601.9
2026-08-07T09:00:00Z,462.4
2026-08-07T09:15:00Z,80.0
2026-08-07T09:30:00Z,131.2
2026-08-07T09:45:00Z,137.9
2026-08-07T10:00:00Z,80.0
2026-08-07T10:15:00Z,80.0
2026-08-07T10:30:00Z,80.0
2026-08-07T10:45:00Z,387.6
2026-08-07T11:00:00Z,449.1
2026-08-07T11:15:00Z,80.0
2026-08-07T11:30:00Z,229.3
2026-08-07T11:45:00Z,310.1
2026-08-07T12:00:00Z,498.4
2026-08-07T12:15:00Z,321.8
2026-08-07T12:30:00Z,336.7
2026-08-07T12:45:00Z,329.3
2026-08-07T13:00:00Z,599.7
2026-08-07T13:15:00Z,357.8
2026-08-07T13:30:00Z,171.5
2026-08-07T13:45:00Z,587.6
2026-08-07T14:00:00Z,817.7
2026-08-07T14:15:00Z,485.9
2026-08-07T14:30:00Z,388.8
2026-08-07T14:45:00Z,248.0
2026-08-07T15:00:00Z,509.0
2026-08-07T15:15:00Z,349.3
2026-08-07T15:30:00Z,341.0
2026-08-07T15:45:00Z,788.0
2026-08-07T16:00:00Z,736.6
2026-08-07T16:15:00Z,660.2
2026-08-07T16:30:00Z,742.2
2026-08-07T16:45:00Z,885.7
2026-08-07T17:00:00Z,765.0
2026-08-07T17:15:00Z,661.0
2026-08-07T17:30:00Z,932.9
2026-08-07T17:45:00Z,800.4
2026-08-07T18:00:00Z,1041.7
2026-08-07T18:15:00Z,803.3
2026-08-07T18:30:00Z,809.3
2026-08-07T18:45:00Z,770.9
2026-08-07T19:00:00Z,1077.5
2026-08-07T19:15:00Z,820.0
2026-08-07T19:30:00Z,1002.9
2026-08-07T19:45:00Z,932.6
2026-08-07T20:00:00Z,332.5
2026-08-07T20:15:00Z,354.3
2026-08-07T20:30:00Z,327.1
2026-08-07T20:45:00Z,334.7
2026-08-07T21:00:00Z,322.4
2026-08-07T21:15:00Z,340.6
2026-08-07T21:30:00Z,328.1
2026-08-07T21:45:00Z,349.8
2026-08-07T22:00:00Z,313.0
2026-08-07T22:15:00Z,318.2
2026-08-07T22:30:00Z,336.1
2026-08-07T22:45:00Z,352.1
2026-08-07T23:00:00Z,300.8
2026-08-07T23:15:00Z,330.4
2026-08-07T23:30:00Z,329.7
2026-08-07T23:45:00Z,321.2
2026-08-08T00:00:00Z,335.8
2026-08-08T00:15:00Z,331.5
2026-08-08T00:30:00Z,352.4
2026-08-08T00:45:00Z,334.0
2026-08-08T01:00:00Z,324.6
2026-08-08T01:15:00Z,324.5
2026-08-08T01:30:00Z,348.8
2026-08-08T01:45:00Z,334.2
2026-08-08T02:00:00Z,327.3
2026-08-08T02:15:00Z,321.1
2026-08-08T02:30:00Z,319.5
2026-08-08T02:45:00Z,319.2
2026-08-08T03:00:00Z,322.1
2026-08-08T03:15:00Z,327.7
2026-08-08T03:30:00Z,344.0
2026-08-08T03:45:00Z,311.3
2026-08-08T04:00:00Z,341.9
2026-08-08T04:15:00Z,302.8
2026-08-08T04:30:00Z,277.1
2026-08-08T04:45:00Z,274.8
2026-08-08T05:00:00Z,217.3
2026-08-08T05:15:00Z,234.9
2026-08-08T05:30:00Z,80.0
2026-08-08T05:45:00Z,184.4
2026-08-08T06:00:00Z,80.0
2026-08-08T06:15:00Z,215.4
2026-08-08T06:30:00Z,80.0
2026-08-08T06:45:00Z,80.0
2026-08-08T07:00:00Z,80.0
2026-08-08T07:15:00Z,80.0
2026-08-08T07:30:00Z,80.0
2026-08-08T07:45:00Z,80.0
2026-08-08T08:00:00Z,80.0
2026-08-08T08:15:00Z,80.0
2026-08-08T08:30:00Z,80.0
2026-08-08T08:45:00Z,80.0
2026-08-08T09:00:00Z,80.0
2026-08-08T09:15:00Z,80.0
2026-08-08T09:30:00Z,80.0
2026-08-08T09:45:00Z,80.0
2026-08-08T10:00:00Z,80.0
2026-08-08T10:15:00Z,80.0
2026-08-08T10:30:00Z,80.0
2026-08-08T10:45:00Z,80.0
2026-08-08T11:00:00Z,80.0
2026-08-08T11:15:00Z,80.0
2026-08-08T11:30:00Z,80.0
2026-08-08T11:45:00Z,80.0
2026-08-08T12:00:00Z,80.0
2026-08-08T12:15:00Z,80.0
2026-08-08T12:30:00Z,80.0
2026-08-08T12:45:00Z,80.0
2026-08-08T13:00:00Z,80.0
2026-08-08T13:15:00Z,80.0
2026-08-08T13:30:00Z,80.0
2026-08-08T13:45:00Z,80.0
2026-08-08T14:00:00Z,80.0
2026-08-08T14:15:00Z,80.0
2026-08-08T14:30:00Z,80.0
2026-08-08T14:45:00Z,80.0
2026-08-08T15:00:00Z,96.6
2026-08-08T15:15:00Z,80.0
2026-08-08T15:30:00Z,80.0
2026-08-08T15:45:00Z,80.0
2026-08-08T16:00:00Z,80.0
2026-08-08T16:15:00Z,155.4
2026-08-08T16:30:00Z,80.0
2026-08-08T16:45:00Z,175.7
2026-08-08T17:00:00Z,260.0
2026-08-08T17:15:00Z,248.7
2026-08-08T17:30:00Z,267.8
2026-08-08T17:45:00Z,295.3
2026-08-08T18:00:00Z,340.4
2026-08-08T18:15:00Z,311.0
2026-08-08T18:30:00Z,336.9
2026-08-08T18:45:00Z,318.3
2026-08-08T19:00:00Z,308.8
2026-08-08T19:15:00Z,342.7
2026-08-08T19:30:00Z,321.2
2026-08-08T19:45:00Z,333.9
2026-08-08T20:00:00Z,309.8
2026-08-08T20:15:00Z,328.5
2026-08-08T20:30:00Z,344.2
2026-08-08T20:45:00Z,323.7
2026-08-08T21:00:00Z,323.6
2026-08-08T21:15:00Z,349.8
2026-08-08T21:30:00Z,340.4
2026-08-08T21:45:00Z,334.4
2026-08-08T22:00:00Z,330.8
2026-08-08T22:15:00Z,310.7
2026-08-08T22:30:00Z,312.1
2026-08-08T22:45:00Z,338.3
2026-08-08T23:00:00Z,339.5
2026-08-08T23:15:00Z,317.6
2026-08-08T23:30:00Z,336.1
2026-08-08T23:45:00Z,320.7
2026-08-09T00:00:00Z,331.0
2026-08-09T00:15:00Z,317.7
2026-08-09T00:30:00Z,332.0
2026-08-09T00:45:00Z,319.5
2026-08-09T01:00:00Z,356.4
2026-08-09T01:15:00Z,347.9
2026-08-09T01:30:00Z,333.6
2026-08-09T01:45:00Z,345.4
2026-08-09T02:00:00Z,333.4
2026-08-09T02:15:00Z,328.3
2026-08-09T02:30:00Z,322.2
2026-08-09T02:45:00Z,322.4
2026-08-09T03:00:00Z,312.0
2026-08-09T03:15:00Z,308.0
2026-08-09T03:30:00Z,317.7
2026-08-09T03:45:00Z,340.4
2026-08-09T04:00:00Z,341.4
2026-08-09T04:15:00Z,304.1
2026-08-09T04:30:00Z,256.4
2026-08-09T04:45:00Z,241.6
2026-08-09T05:00:00Z,232.2
2026-08-09T05:15:00Z,80.2
2026-08-09T05:30:00Z,80.0
2026-08-09T05:45:00Z,80.0
2026-08-09T06:00:00Z,80.0
2026-08-09T06:15:00Z,80.0
2026-08-09T06:30:00Z,124.6
2026-08-09T06:45:00Z,109.2
2026-08-09T07:00:00Z,80.0
2026-08-09T07:15:00Z,80.0
2026-08-09T07:30:00Z,80.0
2026-08-09T07:45:00Z,80.0
2026-08-09T08:00:00Z,80.0
2026-08-09T08:15:00Z,94.3
2026-08-09T08:30:00Z,80.0
2026-08-09T08:45:00Z,80.0
2026-08-09T09:00:00Z,80.0
2026-08-09T09:15:00Z,80.0
2026-08-09T09:30:00Z,80.0
2026-08-09T09:45:00Z,80.0
2026-08-09T10:00:00Z,80.0
2026-08-09T10:15:00Z,80.0
2026-08-09T10:30:00Z,80.0
2026-08-09T10:45:00Z,80.0
2026-08-09T11:00:00Z,80.0
2026-08-09T11:15:00Z,80.0
2026-08-09T11:30:00Z,80.0
2026-08-09T11:45:00Z,80.0
2026-08-09T12:00:00Z,80.0
2026-08-09T12:15:00Z,80.0
2026-08-09T12:30:00Z,80.0
2026-08-09T12:45:00Z,80.0
2026-08-09T13:00:00Z,80.0
2026-08-09T13:15:00Z,80.0
2026-08-09T13:30:00Z,80.0
2026-08-09T13:45:00Z,85.0
2026-08-09T14:00:00Z,80.0
2026-08-09T14:15:00Z,80.0
2026-08-09T14:30:00Z,80.0
2026-08-09T14:45:00Z,80.0
2026-08-09T15:00:00Z,80.0
2026-08-09T15:15:00Z,80.0
2026-08-09T15:30:00Z,80.0
2026-08-09T15:45:00Z,80.0
2026-08-09T16:00:00Z,80.0
2026-08-09T16:15:00Z,80.0
2026-08-09T16:30:00Z,149.3
2026-08-09T16:45:00Z,80.0
2026-08-09T17:00:00Z,198.3
2026-08-09T17:15:00Z,179.6
2026-08-09T17:30:00Z,274.9
2026-08-09T17:45:00Z,288.0
2026-08-09T18:00:00Z,342.1
2026-08-09T18:15:00Z,329.8
2026-08-09T18:30:00Z,315.0
2026-08-09T18:45:00Z,321.3
2026-08-09T19:00:00Z,337.2
2026-08-09T19:15:00Z,328.4
2026-08-09T19:30:00Z,350.2
2026-08-09T19:45:00Z,330.0
2026-08-09T20:00:00Z,299.6
2026-08-09T20:15:00Z,320.4
2026-08-09T20:30:00Z,334.0
2026-08-09T20:45:00Z,315.2
2026-08-09T21:00:00Z,324.3
2026-08-09T21:15:00Z,320.0
2026-08-09T21:30:00Z,333.8
2026-08-09T21:45:00Z,347.8
2026-08-09T22:00:00Z,301.1
2026-08-09T22:15:00Z,330.6
2026-08-09T22:30:00Z,339.4
2026-08-09T22:45:00Z,326.1
2026-08-09T23:00:00Z,315.3
2026-08-09T23:15:00Z,315.0
2026-08-09T23:30:00Z,322.0
2026-08-09T23:45:00Z,326.2
2026-08-10T00:00:00Z,325.4
2026-08-10T00:15:00Z,351.3
2026-08-10T00:30:00Z,300.9
2026-08-10T00:45:00Z,332.7
2026-08-10T01:00:00Z,336.4
2026-08-10T01:15:00Z,309.0
2026-08-10T01:30:00Z,317.6
2026-08-10T01:45:00Z,328.1
2026-08-10T02:00:00Z,350.8
2026-08-10T02:15:00Z,344.0
2026-08-10T02:30:00Z,337.2
2026-08-10T02:45:00Z,343.6
2026-08-10T03:00:00Z,335.4
2026-08-10T03:15:00Z,335.1
2026-08-10T03:30:00Z,341.6
2026-08-10T03:45:00Z,332.3
2026-08-10T04:00:00Z,912.0
2026-08-10T04:15:00Z,1106.8
2026-08-10T04:30:00Z,920.1
2026-08-10T04:45:00Z,743.5
2026-08-10T05:00:00Z,904.8
2026-08-10T05:15:00Z,830.9
2026-08-10T05:30:00Z,786.9
2026-08-10T05:45:00Z,983.8
2026-08-10T06:00:00Z,532.6
2026-08-10T06:15:00Z,600.7
2026-08-10T06:30:00Z,545.8
2026-08-10T06:45:00Z,526.5
2026-08-10T07:00:00Z,587.0
2026-08-10T07:15:00Z,294.7
2026-08-10T07:30:00Z,449.1
2026-08-10T07:45:00Z,340.1
2026-08-10T08:00:00Z,506.5
2026-08-10T08:15:00Z,455.9
2026-08-10T08:30:00Z,169.0
2026-08-10T08:45:00Z,391.4
2026-08-10T09:00:00Z,496.8
2026-08-10T09:15:00Z,80.0
2026-08-10T09:30:00Z,80.0
2026-08-10T09:45:00Z,702.3
2026-08-10T10:00:00Z,137.1
2026-08-10T10:15:00Z,92.7
2026-08-10T10:30:00Z,409.0
2026-08-10T10:45:00Z,334.8
2026-08-10T11:00:00Z,373.6
2026-08-10T11:15:00Z,115.7
2026-08-10T11:30:00Z,126.6
2026-08-10T11:45:00Z,616.7
2026-08-10T12:00:00Z,225.1
2026-08-10T12:15:00Z,349.6
2026-08-10T12:30:00Z,419.4
2026-08-10T12:45:00Z,553.4
2026-08-10T13:00:00Z,367.8
2026-08-10T13:15:00Z,453.8
2026-08-10T13:30:00Z,131.9
2026-08-10T13:45:00Z,654.2
2026-08-10T14:00:00Z,447.1
2026-08-10T14:15:00Z,546.3
2026-08-10T14:30:00Z,750.2
2026-08-10T14:45:00Z,372.2
2026-08-10T15:00:00Z,474.8
2026-08-10T15:15:00Z,892.1
2026-08-10T15:30:00Z,623.7
2026-08-10T15:45:00Z,641.9
2026-08-10T16:00:00Z,808.1
2026-08-10T16:15:00Z,726.3
2026-08-10T16:30:00Z,660.2
2026-08-10T16:45:00Z,898.9
2026-08-10T17:00:00Z,982.6
2026-08-10T17:15:00Z,763.5
2026-08-10T17:30:00Z,906.1
2026-08-10T17:45:00Z,800.6
2026-08-10T18:00:00Z,954.4
2026-08-10T18:15:00Z,910.6
2026-08-10T18:30:00Z,930.4
2026-08-10T18:45:00Z,916.1
2026-08-10T19:00:00Z,1033.9
2026-08-10T19:15:00Z,935.1
2026-08-10T19:30:00Z,1048.4
2026-08-10T19:45:00Z,782.6
2026-08-10T20:00:00Z,317.4
2026-08-10T20:15:00Z,311.1
2026-08-10T20:30:00Z,345.9
2026-08-10T20:45:00Z,334.7
2026-08-10T21:00:00Z,343.0
2026-08-10T21:15:00Z,317.3
2026-08-10T21:30:00Z,328.4
2026-08-10T21:45:00Z,324.9
2026-08-10T22:00:00Z,327.1
2026-08-10T22:15:00Z,342.4
2026-08-10T22:30:00Z,321.4
2026-08-10T22:45:00Z,340.9
2026-08-10T23:00:00Z,312.1
2026-08-10T23:15:00Z,334.2
2026-08-10T23:30:00Z,328.8
2026-08-10T23:45:00Z,327.6
2026-08-11T00:00:00Z,328.4
2026-08-11T00:15:00Z,336.8
2026-08-11T00:30:00Z,349.5
2026-08-11T00:45:00Z,323.9
2026-08-11T01:00:00Z,342.2
2026-08-11T01:15:00Z,338.4
2026-08-11T01:30:00Z,320.9
2026-08-11T01:45:00Z,343.1
2026-08-11T02:00:00Z,334.2
2026-08-11T02:15:00Z,325.1
2026-08-11T02:30:00Z,321.9
2026-08-11T02:45:00Z,327.0
2026-08-11T03:00:00Z,349.2
2026-08-11T03:15:00Z,343.5
2026-08-11T03:30:00Z,325.3
2026-08-11T03:45:00Z,333.5
2026-08-11T04:00:00Z,1177.7
2026-08-11T04:15:00Z,1034.2
2026-08-11T04:30:00Z,1057.6
2026-08-11T04:45:00Z,949.1
2026-08-11T05:00:00Z,707.8
2026-08-11T05:15:00Z,988.4
2026-08-11T05:30:00Z,719.9
2026-08-11T05:45:00Z,630.9
2026-08-11T06:00:00Z,628.4
2026-08-11T06:15:00Z,729.8
2026-08-11T06:30:00Z,644.1
2026-08-11T06:45:00Z,542.5
2026-08-11T07:00:00Z,422.2
2026-08-11T07:15:00Z,719.8
2026-08-11T07:30:00Z,612.6
2026-08-11T07:45:00Z,384.6
2026-08-11T08:00:00Z,472.1
2026-08-11T08:15:00Z,602.5
2026-08-11T08:30:00Z,215.7
2026-08-11T08:45:00Z,455.2
2026-08-11T09:00:00Z,200.5
2026-08-11T09:15:00Z,277.3
2026-08-11T09:30:00Z,645.2
2026-08-11T09:45:00Z,231.7
2026-08-11T10:00:00Z,589.9
2026-08-11T10:15:00Z,430.5
2026-08-11T10:30:00Z,319.7
2026-08-11T10:45:00Z,508.1
2026-08-11T11:00:00Z,80.0
2026-08-11T11:15:00Z,403.9
2026-08-11T11:30:00Z,692.4
2026-08-11T11:45:00Z,272.8
2026-08-11T12:00:00Z,264.0
2026-08-11T12:15:00Z,593.1
2026-08-11T12:30:00Z,216.4
2026-08-11T12:45:00Z,80.0
2026-08-11T13:00:00Z,339.4
2026-08-11T13:15:00Z,80.0
2026-08-11T13:30:00Z,148.2
2026-08-11T13:45:00Z,357.4
2026-08-11T14:00:00Z,785.1
2026-08-11T14:15:00Z,524.0
2026-08-11T14:30:00Z,535.1
2026-08-11T14:45:00Z,404.3
2026-08-11T15:00:00Z,282.0
2026-08-11T15:15:00Z,642.8
2026-08-11T15:30:00Z,665.7
2026-08-11T15:45:00Z,757.6
2026-08-11T16:00:00Z,647.2
2026-08-11T16:15:00Z,548.9
2026-08-11T16:30:00Z,643.0
2026-08-11T16:45:00Z,792.6
2026-08-11T17:00:00Z,874.3
2026-08-11T17:15:00Z,1026.2
2026-08-11T17:30:00Z,829.6
2026-08-11T17:45:00Z,914.6
2026-08-11T18:00:00Z,1005.4
2026-08-11T18:15:00Z,1046.2
2026-08-11T18:30:00Z,885.2
2026-08-11T18:45:00Z,932.9
2026-08-11T19:00:00Z,803.9
2026-08-11T19:15:00Z,896.8
2026-08-11T19:30:00Z,965.8
2026-08-11T19:45:00Z,1008.9
2026-08-11T20:00:00Z,328.7
2026-08-11T20:15:00Z,331.3
2026-08-11T20:30:00Z,317.6
2026-08-11T20:45:00Z,326.6
2026-08-11T21:00:00Z,329.3
2026-08-11T21:15:00Z,347.4
2026-08-11T21:30:00Z,308.2
2026-08-11T21:45:00Z,314.3
2026-08-11T22:00:00Z,341.2
2026-08-11T22:15:00Z,306.0
2026-08-11T22:30:00Z,329.4
2026-08-11T22:45:00Z,327.7
2026-08-11T23:00:00Z,346.3
2026-08-11T23:15:00Z,325.4
2026-08-11T23:30:00Z,325.2
2026-08-11T23:45:00Z,342.0
2026-08-12T00:00:00Z,335.4
2026-08-12T00:15:00Z,337.4
2026-08-12T00:30:00Z,328.3
2026-08-12T00:45:00Z,323.2
2026-08-12T01:00:00Z,343.1
2026-08-12T01:15:00Z,347.9
2026-08-12T01:30:00Z,300.8
2026-08-12T01:45:00Z,328.4
2026-08-12T02:00:00Z,337.6
2026-08-12T02:15:00Z,338.3
2026-08-12T02:30:00Z,329.0
2026-08-12T02:45:00Z,310.7
2026-08-12T03:00:00Z,325.7
2026-08-12T03:15:00Z,341.8
2026-08-12T03:30:00Z,325.4
2026-08-12T03:45:00Z,325.1
2026-08-12T04:00:00Z,844.6
2026-08-12T04:15:00Z,1171.4
2026-08-12T04:30:00Z,831.6
2026-08-12T04:45:00Z,881.8
2026-08-12T05:00:00Z,839.5
2026-08-12T05:15:00Z,836.0
2026-08-12T05:30:00Z,792.0
2026-08-12T05:45:00Z,809.2
2026-08-12T06:00:00Z,888.9
2026-08-12T06:15:00Z,832.2
2026-08-12T06:30:00Z,646.1
2026-08-12T06:45:00Z,303.1
2026-08-12T07:00:00Z,826.6
2026-08-12T07:15:00Z,636.4
2026-08-12T07:30:00Z,574.3
2026-08-12T07:45:00Z,468.4
2026-08-12T08:00:00Z,279.0
2026-08-12T08:15:00Z,317.6
2026-08-12T08:30:00Z,431.1
2026-08-12T08:45:00Z,593.0
2026-08-12T09:00:00Z,307.4
2026-08-12T09:15:00Z,307.3
2026-08-12T09:30:00Z,383.8
2026-08-12T09:45:00Z,762.0
2026-08-12T10:00:00Z,80.0
2026-08-12T10:15:00Z,118.3
2026-08-12T10:30:00Z,664.7
2026-08-12T10:45:00Z,534.1
2026-08-12T11:00:00Z,241.7
2026-08-12T11:15:00Z,345.5
2026-08-12T11:30:00Z,80.0
2026-08-12T11:45:00Z,237.0
2026-08-12T12:00:00Z,80.0
2026-08-12T12:15:00Z,441.9
2026-08-12T12:30:00Z,665.8
2026-08-12T12:45:00Z,116.5
2026-08-12T13:00:00Z,205.2
2026-08-12T13:15:00Z,158.0
2026-08-12T13:30:00Z,739.5
2026-08-12T13:45:00Z,171.5
2026-08-12T14:00:00Z,590.0
2026-08-12T14:15:00Z,325.4
2026-08-12T14:30:00Z,661.8
2026-08-12T14:45:00Z,828.5
2026-08-12T15:00:00Z,521.3
2026-08-12T15:15:00Z,499.3
2026-08-12T15:30:00Z,587.7
2026-08-12T15:45:00Z,588.4
2026-08-12T16:00:00Z,755.6
2026-08-12T16:15:00Z,641.2
2026-08-12T16:30:00Z,715.2
2026-08-12T16:45:00Z,743.5
2026-08-12T17:00:00Z,929.8
2026-08-12T17:15:00Z,877.1
2026-08-12T17:30:00Z,796.2
2026-08-12T17:45:00Z,1038.8
2026-08-12T18:00:00Z,801.7
2026-08-12T18:15:00Z,853.6
2026-08-12T18:30:00Z,951.0
2026-08-12T18:45:00Z,959.0
2026-08-12T19:00:00Z,943.6
2026-08-12T19:15:00Z,1061.1
2026-08-12T19:30:00Z,857.1
2026-08-12T19:45:00Z,1012.6
2026-08-12T20:00:00Z,327.9
2026-08-12T20:15:00Z,325.4
2026-08-12T20:30:00Z,340.7
2026-08-12T20:45:00Z,336.8
2026-08-12T21:00:00Z,331.7
2026-08-12T21:15:00Z,324.3
2026-08-12T21:30:00Z,342.9
2026-08-12T21:45:00Z,326.6
2026-08-12T22:00:00Z,334.6
2026-08-12T22:15:00Z,339.8
2026-08-12T22:30:00Z,328.4
2026-08-12T22:45:00Z,315.1
2026-08-12T23:00:00Z,349.1
2026-08-12T23:15:00Z,337.2
2026-08-12T23:30:00Z,339.5
2026-08-12T23:45:00Z,325.0
2026-08-13T00:00:00Z,333.3
2026-08-13T00:15:00Z,314.8
2026-08-13T00:30:00Z,324.9
2026-08-13T00:45:00Z,327.0
2026-08-13T01:00:00Z,340.3
2026-08-13T01:15:00Z,321.2
2026-08-13T01:30:00Z,333.4
2026-08-13T01:45:00Z,315.7
2026-08-13T02:00:00Z,341.5
2026-08-13T02:15:00Z,327.5
2026-08-13T02:30:00Z,322.1
2026-08-13T02:45:00Z,308.9
2026-08-13T03:00:00Z,342.8
2026-08-13T03:15:00Z,345.3
2026-08-13T03:30:00Z,336.3
2026-08-13T03:45:00Z,344.6
2026-08-13T04:00:00Z,944.4
2026-08-13T04:15:00Z,1075.9
2026-08-13T04:30:00Z,1003.8
2026-08-13T04:45:00Z,1070.6
2026-08-13T05:00:00Z,991.5
2026-08-13T05:15:00Z,877.6
2026-08-13T05:30:00Z,796.0
2026-08-13T05:45:00Z,600.1
2026-08-13T06:00:00Z,573.1
2026-08-13T06:15:00Z,690.5
2026-08-13T06:30:00Z,702.8
2026-08-13T06:45:00Z,621.0
2026-08-13T07:00:00Z,340.2
2026-08-13T07:15:00Z,762.4
2026-08-13T07:30:00Z,554.8
2026-08-13T07:45:00Z,497.1
2026-08-13T08:00:00Z,823.0
2026-08-13T08:15:00Z,326.7
2026-08-13T08:30:00Z,477.3
2026-08-13T08:45:00Z,649.0
2026-08-13T09:00:00Z,511.6
2026-08-13T09:15:00Z,80.0
2026-08-13T09:30:00Z,470.9
2026-08-13T09:45:00Z,80.0
2026-08-13T10:00:00Z,348.4
2026-08-13T10:15:00Z,526.9
2026-08-13T10:30:00Z,487.1
2026-08-13T10:45:00Z,636.1
2026-08-13T11:00:00Z,448.7
2026-08-13T11:15:00Z,277.1
2026-08-13T11:30:00Z,597.1
2026-08-13T11:45:00Z,340.7
2026-08-13T12:00:00Z,394.8
2026-08-13T12:15:00Z,587.7
2026-08-13T12:30:00Z,92.1
2026-08-13T12:45:00Z,599.4
2026-08-13T13:00:00Z,449.6
2026-08-13T13:15:00Z,290.2
2026-08-13T13:30:00Z,436.1
2026-08-13T13:45:00Z,552.0
2026-08-13T14:00:00Z,596.2
2026-08-13T14:15:00Z,594.5
2026-08-13T14:30:00Z,265.4
2026-08-13T14:45:00Z,495.2
2026-08-13T15:00:00Z,569.1
2026-08-13T15:15:00Z,654.8
2026-08-13T15:30:00Z,750.0
2026-08-13T15:45:00Z,515.9
2026-08-13T16:00:00Z,620.8
2026-08-13T16:15:00Z,419.5
2026-08-13T16:30:00Z,840.0
2026-08-13T16:45:00Z,875.2
2026-08-13T17:00:00Z,809.9
2026-08-13T17:15:00Z,700.1
2026-08-13T17:30:00Z,849.7
2026-08-13T17:45:00Z,910.1
2026-08-13T18:00:00Z,977.4
2026-08-13T18:15:00Z,920.3
2026-08-13T18:30:00Z,1065.2
2026-08-13T18:45:00Z,794.3
2026-08-13T19:00:00Z,905.7
2026-08-13T19:15:00Z,972.7
2026-08-13T19:30:00Z,771.2
2026-08-13T19:45:00Z,1065.9
2026-08-13T20:00:00Z,338.3
2026-08-13T20:15:00Z,330.3
2026-08-13T20:30:00Z,325.5
2026-08-13T20:45:00Z,348.0
2026-08-13T21:00:00Z,337.2
2026-08-13T21:15:00Z,333.6
2026-08-13T21:30:00Z,318.0
2026-08-13T21:45:00Z,329.2
2026-08-13T22:00:00Z,327.6
2026-08-13T22:15:00Z,322.3
2026-08-13T22:30:00Z,350.7
2026-08-13T22:45:00Z,331.0
2026-08-13T23:00:00Z,332.3
2026-08-13T23:15:00Z,352.7
2026-08-13T23:30:00Z,334.7
2026-08-13T23:45:00Z,339.3
2026-08-14T00:00:00Z,344.8
2026-08-14T00:15:00Z,339.8
2026-08-14T00:30:00Z,343.3
2026-08-14T00:45:00Z,330.9
2026-08-14T01:00:00Z,343.7
2026-08-14T01:15:00Z,363.8
2026-08-14T01:30:00Z,352.2
2026-08-14T01:45:00Z,320.3
2026-08-14T02:00:00Z,349.6
2026-08-14T02:15:00Z,315.5
2026-08-14T02:30:00Z,327.8
2026-08-14T02:45:00Z,322.4
2026-08-14T03:00:00Z,346.9
2026-08-14T03:15:00Z,320.5
2026-08-14T03:30:00Z,316.9
2026-08-14T03:45:00Z,328.6
2026-08-14T04:00:00Z,1188.0
2026-08-14T04:15:00Z,1007.3
2026-08-14T04:30:00Z,1068.7
2026-08-14T04:45:00Z,766.9
2026-08-14T05:00:00Z,873.3
2026-08-14T05:15:00Z,818.1
2026-08-14T05:30:00Z,798.0
2026-08-14T05:45:00Z,906.9
2026-08-14T06:00:00Z,623.4
2026-08-14T06:15:00Z,454.4
2026-08-14T06:30:00Z,554.9
2026-08-14T06:45:00Z,424.3
2026-08-14T07:00:00Z,261.4
2026-08-14T07:15:00Z,232.5
2026-08-14T07:30:00Z,375.9
2026-08-14T07:45:00Z,738.7
2026-08-14T08:00:00Z,408.2
2026-08-14T08:15:00Z,207.4
2026-08-14T08:30:00Z,211.6
2026-08-14T08:45:00Z,256.8
2026-08-14T09:00:00Z,702.2
2026-08-14T09:15:00Z,347.8
2026-08-14T09:30:00Z,399.6
2026-08-14T09:45:00Z,600.8
2026-08-14T10:00:00Z,255.3
2026-08-14T10:15:00Z,229.2
2026-08-14T10:30:00Z,576.9
2026-08-14T10:45:00Z,80.0
2026-08-14T11:00:00Z,80.0
2026-08-14T11:15:00Z,156.0
2026-08-14T11:30:00Z,348.9
2026-08-14T11:45:00Z,385.3
2026-08-14T12:00:00Z,416.4
2026-08-14T12:15:00Z,287.8
2026-08-14T12:30:00Z,635.5
2026-08-14T12:45:00Z,455.8
2026-08-14T13:00:00Z,241.4
2026-08-14T13:15:00Z,497.7
2026-08-14T13:30:00Z,91.9
2026-08-14T13:45:00Z,150.3
2026-08-14T14:00:00Z,590.4
2026-08-14T14:15:00Z,440.8
2026-08-14T14:30:00Z,584.2
2026-08-14T14:45:00Z,534.8
2026-08-14T15:00:00Z,696.6
2026-08-14T15:15:00Z,358.0
2026-08-14T15:30:00Z,680.7
2026-08-14T15:45:00Z,688.3
2026-08-14T16:00:00Z,722.1
2026-08-14T16:15:00Z,894.6
2026-08-14T16:30:00Z,667.9
2026-08-14T16:45:00Z,731.5
2026-08-14T17:00:00Z,748.3
2026-08-14T17:15:00Z,796.1
2026-08-14T17:30:00Z,986.4
2026-08-14T17:45:00Z,979.6
2026-08-14T18:00:00Z,785.1
2026-08-14T18:15:00Z,985.4
2026-08-14T18:30:00Z,926.8
2026-08-14T18:45:00Z,1054.5
2026-08-14T19:00:00Z,829.2
2026-08-14T19:15:00Z,973.2
2026-08-14T19:30:00Z,916.4
2026-08-14T19:45:00Z,878.0
2026-08-14T20:00:00Z,328.4
2026-08-14T20:15:00Z,348.6
2026-08-14T20:30:00Z,340.4
2026-08-14T20:45:00Z,332.2
2026-08-14T21:00:00Z,332.4
2026-08-14T21:15:00Z,347.1
2026-08-14T21:30:00Z,334.0
2026-08-14T21:45:00Z,315.7
2026-08-14T22:00:00Z,333.1
2026-08-14T22:15:00Z,332.5
2026-08-14T22:30:00Z,329.3
2026-08-14T22:45:00Z,335.3
2026-08-14T23:00:00Z,305.9
2026-08-14T23:15:00Z,326.6
2026-08-14T23:30:00Z,323.5
2026-08-14T23:45:00Z,330.3
2026-08-15T00:00:00Z,319.3
2026-08-15T00:15:00Z,334.7
2026-08-15T00:30:00Z,322.8
2026-08-15T00:45:00Z,332.9
2026-08-15T01:00:00Z,314.8
2026-08-15T01:15:00Z,347.3
2026-08-15T01:30:00Z,339.8
2026-08-15T01:45:00Z,327.0
2026-08-15T02:00:00Z,328.7
2026-08-15T02:15:00Z,317.2
2026-08-15T02:30:00Z,321.0
2026-08-15T02:45:00Z,344.4
2026-08-15T03:00:00Z,328.1
2026-08-15T03:15:00Z,342.2
2026-08-15T03:30:00Z,317.0
2026-08-15T03:45:00Z,349.2
2026-08-15T04:00:00Z,343.2
2026-08-15T04:15:00Z,280.3
2026-08-15T04:30:00Z,252.3
2026-08-15T04:45:00Z,226.6
2026-08-15T05:00:00Z,121.5
2026-08-15T05:15:00Z,256.7
2026-08-15T05:30:00Z,121.4
2026-08-15T05:45:00Z,80.0
2026-08-15T06:00:00Z,80.0
2026-08-15T06:15:00Z,80.0
2026-08-15T06:30:00Z,80.0
2026-08-15T06:45:00Z,80.0
2026-08-15T07:00:00Z,80.0
2026-08-15T07:15:00Z,80.0
2026-08-15T07:30:00Z,80.0
2026-08-15T07:45:00Z,80.0
2026-08-15T08:00:00Z,80.0
2026-08-15T08:15:00Z,80.0
2026-08-15T08:30:00Z,80.0
2026-08-15T08:45:00Z,80.0
2026-08-15T09:00:00Z,80.0
2026-08-15T09:15:00Z,80.0
2026-08-15T09:30:00Z,80.0
2026-08-15T09:45:00Z,80.0
2026-08-15T10:00:00Z,80.0
2026-08-15T10:15:00Z,80.0
2026-08-15T10:30:00Z,80.0
2026-08-15T10:45:00Z,80.0
2026-08-15T11:00:00Z,80.0
2026-08-15T11:15:00Z,80.0
2026-08-15T11:30:00Z,80.0
2026-08-15T11:45:00Z,80.0
2026-08-15T12:00:00Z,80.0
2026-08-15T12:15:00Z,80.0
2026-08-15T12:30:00Z,80.0
2026-08-15T12:45:00Z,80.0
2026-08-15T13:00:00Z,80.0
2026-08-15T13:15:00Z,80.0
2026-08-15T13:30:00Z,80.0
2026-08-15T13:45:00Z,80.0
2026-08-15T14:00:00Z,80.0
2026-08-15T14:15:00Z,80.0
2026-08-15T14:30:00Z,80.0
2026-08-15T14:45:00Z,80.0
2026-08-15T15:00:00Z,80.0
2026-08-15T15:15:00Z,80.0
2026-08-15T15:30:00Z,80.0
2026-08-15T15:45:00Z,80.0
2026-08-15T16:00:00Z,80.0
2026-08-15T16:15:00Z,140.8
2026-08-15T16:30:00Z,159.2
2026-08-15T16:45:00Z,201.9
2026-08-15T17:00:00Z,186.5
2026-08-15T17:15:00Z,244.1
2026-08-15T17:30:00Z,240.4
2026-08-15T17:45:00Z,278.3
2026-08-15T18:00:00Z,334.7
2026-08-15T18:15:00Z,315.3
2026-08-15T18:30:00Z,306.8
2026-08-15T18:45:00Z,331.3
2026-08-15T19:00:00Z,340.8
2026-08-15T19:15:00Z,364.6
2026-08-15T19:30:00Z,318.9
2026-08-15T19:45:00Z,333.2
2026-08-15T20:00:00Z,314.6
2026-08-15T20:15:00Z,317.7
2026-08-15T20:30:00Z,329.4
2026-08-15T20:45:00Z,337.7
2026-08-15T21:00:00Z,335.3
2026-08-15T21:15:00Z,339.4
2026-08-15T21:30:00Z,343.7
2026-08-15T21:45:00Z,343.5
2026-08-15T22:00:00Z,329.0
2026-08-15T22:15:00Z,320.2
2026-08-15T22:30:00Z,325.2
2026-08-15T22:45:00Z,348.7
2026-08-15T23:00:00Z,328.1
2026-08-15T23:15:00Z,325.4
2026-08-15T23:30:00Z,330.0
2026-08-15T23:45:00Z,313.2
2026-08-16T00:00:00Z,328.1
2026-08-16T00:15:00Z,315.7
2026-08-16T00:30:00Z,306.6
2026-08-16T00:45:00Z,345.3
2026-08-16T01:00:00Z,331.2
2026-08-16T01:15:00Z,320.4
2026-08-16T01:30:00Z,335.6
2026-08-16T01:45:00Z,324.1
2026-08-16T02:00:00Z,341.3
2026-08-16T02:15:00Z,332.8
2026-08-16T02:30:00Z,325.9
2026-08-16T02:45:00Z,343.1
2026-08-16T03:00:00Z,301.0
2026-08-16T03:15:00Z,338.7
2026-08-16T03:30:00Z,348.0
2026-08-16T03:45:00Z,337.0
2026-08-16T04:00:00Z,337.7
2026-08-16T04:15:00Z,286.1
2026-08-16T04:30:00Z,254.1
2026-08-16T04:45:00Z,217.4
2026-08-16T05:00:00Z,244.8
2026-08-16T05:15:00Z,80.0
2026-08-16T05:30:00Z,102.1
2026-08-16T05:45:00Z,162.3
2026-08-16T06:00:00Z,80.0
2026-08-16T06:15:00Z,80.0
2026-08-16T06:30:00Z,80.0
2026-08-16T06:45:00Z,80.0
2026-08-16T07:00:00Z,80.0
2026-08-16T07:15:00Z,80.0
2026-08-16T07:30:00Z,80.0
2026-08-16T07:45:00Z,80.0
2026-08-16T08:00:00Z,80.0
2026-08-16T08:15:00Z,80.0
2026-08-16T08:30:00Z,80.0
2026-08-16T08:45:00Z,80.0
2026-08-16T09:00:00Z,80.0
2026-08-16T09:15:00Z,80.0
2026-08-16T09:30:00Z,80.0
2026-08-16T09:45:00Z,80.0
2026-08-16T10:00:00Z,80.0
2026-08-16T10:15:00Z,80.0
2026-08-16T10:30:00Z,80.0
2026-08-16T10:45:00Z,80.0
2026-08-16T11:00:00Z,80.0
2026-08-16T11:15:00Z,80.0
2026-08-16T11:30:00Z,80.0
2026-08-16T11:45:00Z,80.0
2026-08-16T12:00:00Z,80.0
2026-08-16T12:15:00Z,80.0
2026-08-16T12:30:00Z,80.0
2026-08-16T12:45:00Z,80.0
2026-08-16T13:00:00Z,80.0
2026-08-16T13:15:00Z,80.0
2026-08-16T13:30:00Z,80.0
2026-08-16T13:45:00Z,80.0
2026-08-16T14:00:00Z,80.0
2026-08-16T14:15:00Z,80.0
2026-08-16T14:30:00Z,80.0
2026-08-16T14:45:00Z,80.0
2026-08-16T15:00:00Z,80.0
2026-08-16T15:15:00Z,80.0
2026-08-16T15:30:00Z,80.0
2026-08-16T15:45:00Z,80.0
2026-08-16T16:00:00Z,96.0
2026-08-16T16:15:00Z,80.0
2026-08-16T16:30:00Z,186.6
2026-08-16T16:45:00Z,198.8
2026-08-16T17:00:00Z,279.1
2026-08-16T17:15:00Z,247.2
2026-08-16T17:30:00Z,235.0
2026-08-16T17:45:00Z,312.7
2026-08-16T18:00:00Z,322.4
2026-08-16T18:15:00Z,322.8
2026-08-16T18:30:00Z,333.1
2026-08-16T18:45:00Z,343.3
2026-08-16T19:00:00Z,338.9
2026-08-16T19:15:00Z,338.9
2026-08-16T19:30:00Z,334.3
2026-08-16T19:45:00Z,337.5
2026-08-16T20:00:00Z,331.1
2026-08-16T20:15:00Z,352.0
2026-08-16T20:30:00Z,331.9
2026-08-16T20:45:00Z,334.7
2026-08-16T21:00:00Z,344.8
2026-08-16T21:15:00Z,316.8
2026-08-16T21:30:00Z,344.1
2026-08-16T21:45:00Z,325.1
2026-08-16T22:00:00Z,295.2
2026-08-16T22:15:00Z,338.4
2026-08-16T22:30:00Z,306.2
2026-08-16T22:45:00Z,322.3
2026-08-16T23:00:00Z,307.8
2026-08-16T23:15:00Z,328.2
2026-08-16T23:30:00Z,336.1
2026-08-16T23:45:00Z,338.5
2026-08-17T00:00:00Z,340.2
2026-08-17T00:15:00Z,345.2
2026-08-17T00:30:00Z,320.2
2026-08-17T00:45:00Z,326.8
2026-08-17T01:00:00Z,337.5
2026-08-17T01:15:00Z,348.6
2026-08-17T01:30:00Z,325.4
2026-08-17T01:45:00Z,328.8
2026-08-17T02:00:00Z,325.6
2026-08-17T02:15:00Z,339.5
2026-08-17T02:30:00Z,318.9
2026-08-17T02:45:00Z,333.2
2026-08-17T03:00:00Z,327.8
2026-08-17T03:15:00Z,321.7
2026-08-17T03:30:00Z,338.5
2026-08-17T03:45:00Z,323.8
2026-08-17T04:00:00Z,990.1
2026-08-17T04:15:00Z,981.7
2026-08-17T04:30:00Z,943.9
2026-08-17T04:45:00Z,762.7
2026-08-17T05:00:00Z,867.4
2026-08-17T05:15:00Z,772.7
2026-08-17T05:30:00Z,746.5
2026-08-17T05:45:00Z,827.1
2026-08-17T06:00:00Z,731.0
2026-08-17T06:15:00Z,477.6
2026-08-17T06:30:00Z,586.8
2026-08-17T06:45:00Z,331.6
2026-08-17T07:00:00Z,416.6
2026-08-17T07:15:00Z,757.1
2026-08-17T07:30:00Z,861.5
2026-08-17T07:45:00Z,529.3
2026-08-17T08:00:00Z,470.4
2026-08-17T08:15:00Z,376.3
2026-08-17T08:30:00Z,209.0
2026-08-17T08:45:00Z,155.7
2026-08-17T09:00:00Z,429.1
2026-08-17T09:15:00Z,496.1
2026-08-17T09:30:00Z,80.0
2026-08-17T09:45:00Z,448.4
2026-08-17T10:00:00Z,219.3
2026-08-17T10:15:00Z,350.5
2026-08-17T10:30:00Z,104.9
2026-08-17T10:45:00Z,149.0
2026-08-17T11:00:00Z,275.7
2026-08-17T11:15:00Z,429.0
2026-08-17T11:30:00Z,80.0
2026-08-17T11:45:00Z,234.3
2026-08-17T12:00:00Z,348.5
2026-08-17T12:15:00Z,445.1
2026-08-17T12:30:00Z,80.0
2026-08-17T12:45:00Z,164.1
2026-08-17T13:00:00Z,521.6
2026-08-17T13:15:00Z,538.5
2026-08-17T13:30:00Z,547.4
2026-08-17T13:45:00Z,210.8
2026-08-17T14:00:00Z,107.1
2026-08-17T14:15:00Z,494.8
2026-08-17T14:30:00Z,149.0
2026-08-17T14:45:00Z,312.2
2026-08-17T15:00:00Z,697.8
2026-08-17T15:15:00Z,603.6
2026-08-17T15:30:00Z,349.7
2026-08-17T15:45:00Z,750.5
2026-08-17T16:00:00Z,753.0
2026-08-17T16:15:00Z,556.7
2026-08-17T16:30:00Z,645.9
2026-08-17T16:45:00Z,681.6
2026-08-17T17:00:00Z,907.2
2026-08-17T17:15:00Z,909.8
2026-08-17T17:30:00Z,830.0
2026-08-17T17:45:00Z,819.5
2026-08-17T18:00:00Z,779.3
2026-08-17T18:15:00Z,807.1
2026-08-17T18:30:00Z,820.1
2026-08-17T18:45:00Z,803.1
2026-08-17T19:00:00Z,961.4
2026-08-17T19:15:00Z,840.5
2026-08-17T19:30:00Z,925.4
2026-08-17T19:45:00Z,1046.2
2026-08-17T20:00:00Z,308.0
2026-08-17T20:15:00Z,346.4
2026-08-17T20:30:00Z,317.7
2026-08-17T20:45:00Z,341.5
2026-08-17T21:00:00Z,324.9
2026-08-17T21:15:00Z,331.7
2026-08-17T21:30:00Z,332.8
2026-08-17T21:45:00Z,328.1
2026-08-17T22:00:00Z,334.5
2026-08-17T22:15:00Z,331.3
2026-08-17T22:30:00Z,333.7
2026-08-17T22:45:00Z,340.2
2026-08-17T23:00:00Z,349.2
2026-08-17T23:15:00Z,332.4
2026-08-17T23:30:00Z,336.8
2026-08-17T23:45:00Z,327.9
2026-08-18T00:00:00Z,318.8
2026-08-18T00:15:00Z,325.4
2026-08-18T00:30:00Z,356.2
2026-08-18T00:45:00Z,346.8
2026-08-18T01:00:00Z,338.3
2026-08-18T01:15:00Z,315.7
2026-08-18T01:30:00Z,324.1
2026-08-18T01:45:00Z,343.3
2026-08-18T02:00:00Z,325.2
2026-08-18T02:15:00Z,328.4
2026-08-18T02:30:00Z,327.3
2026-08-18T02:45:00Z,316.8
2026-08-18T03:00:00Z,319.8
2026-08-18T03:15:00Z,324.9
2026-08-18T03:30:00Z,352.8
2026-08-18T03:45:00Z,337.8
2026-08-18T04:00:00Z,1045.3
2026-08-18T04:15:00Z,1033.1
2026-08-18T04:30:00Z,893.6
2026-08-18T04:45:00Z,986.8
2026-08-18T05:00:00Z,781.3
2026-08-18T05:15:00Z,1015.8
2026-08-18T05:30:00Z,1074.3
2026-08-18T05:45:00Z,722.6
2026-08-18T06:00:00Z,742.5
2026-08-18T06:15:00Z,820.2
2026-08-18T06:30:00Z,522.2
2026-08-18T06:45:00Z,801.5
2026-08-18T07:00:00Z,584.0
2026-08-18T07:15:00Z,670.3
2026-08-18T07:30:00Z,566.1
2026-08-18T07:45:00Z,587.5
2026-08-18T08:00:00Z,678.0
2026-08-18T08:15:00Z,662.8
2026-08-18T08:30:00Z,443.2
2026-08-18T08:45:00Z,743.6
2026-08-18T09:00:00Z,616.5
2026-08-18T09:15:00Z,279.2
2026-08-18T09:30:00Z,305.5
2026-08-18T09:45:00Z,465.2
2026-08-18T10:00:00Z,569.2
2026-08-18T10:15:00Z,662.4
2026-08-18T10:30:00Z,488.5
2026-08-18T10:45:00Z,201.7
2026-08-18T11:00:00Z,113.1
2026-08-18T11:15:00Z,464.4
2026-08-18T11:30:00Z,312.2
2026-08-18T11:45:00Z,80.0
2026-08-18T12:00:00Z,80.0
2026-08-18T12:15:00Z,510.4
2026-08-18T12:30:00Z,528.3
2026-08-18T12:45:00Z,381.7
2026-08-18T13:00:00Z,277.6
2026-08-18T13:15:00Z,356.0
2026-08-18T13:30:00Z,632.6
2026-08-18T13:45:00Z,576.7
2026-08-18T14:00:00Z,228.8
2026-08-18T14:15:00Z,221.2
2026-08-18T14:30:00Z,585.4
2026-08-18T14:45:00Z,671.5
2026-08-18T15:00:00Z,617.4
2026-08-18T15:15:00Z,395.2
2026-08-18T15:30:00Z,440.5
2026-08-18T15:45:00Z,552.1
2026-08-18T16:00:00Z,673.1
2026-08-18T16:15:00Z,627.9
2026-08-18T16:30:00Z,746.7
2026-08-18T16:45:00Z,717.7
2026-08-18T17:00:00Z,899.4
2026-08-18T17:15:00Z,796.9
2026-08-18T17:30:00Z,973.6
2026-08-18T17:45:00Z,983.0
2026-08-18T18:00:00Z,1053.6
2026-08-18T18:15:00Z,865.5
2026-08-18T18:30:00Z,987.8
2026-08-18T18:45:00Z,836.3
2026-08-18T19:00:00Z,961.1
2026-08-18T19:15:00Z,1028.8
2026-08-18T19:30:00Z,945.4
2026-08-18T19:45:00Z,816.1
2026-08-18T20:00:00Z,325.7
2026-08-18T20:15:00Z,328.9
2026-08-18T20:30:00Z,314.3
2026-08-18T20:45:00Z,326.1
2026-08-18T21:00:00Z,331.9
2026-08-18T21:15:00Z,339.9
2026-08-18T21:30:00Z,331.5
2026-08-18T21:45:00Z,322.6
2026-08-18T22:00:00Z,322.2
2026-08-18T22:15:00Z,312.5
2026-08-18T22:30:00Z,335.7
2026-08-18T22:45:00Z,342.0
2026-08-18T23:00:00Z,339.4
2026-08-18T23:15:00Z,347.4
2026-08-18T23:30:00Z,342.0
2026-08-18T23:45:00Z,319.7
2026-08-19T00:00:00Z,331.5
2026-08-19T00:15:00Z,332.4
2026-08-19T00:30:00Z,329.6
2026-08-19T00:45:00Z,317.5
2026-08-19T01:00:00Z,324.7
2026-08-19T01:15:00Z,324.6
2026-08-19T01:30:00Z,342.8
2026-08-19T01:45:00Z,313.6
2026-08-19T02:00:00Z,340.9
2026-08-19T02:15:00Z,327.7
2026-08-19T02:30:00Z,313.9
2026-08-19T02:45:00Z,328.9
2026-08-19T03:00:00Z,338.6
2026-08-19T03:15:00Z,333.2
2026-08-19T03:30:00Z,349.1
2026-08-19T03:45:00Z,332.5
2026-08-19T04:00:00Z,1143.8
2026-08-19T04:15:00Z,1027.8
2026-08-19T04:30:00Z,1123.8
2026-08-19T04:45:00Z,854.2
2026-08-19T05:00:00Z,953.2
2026-08-19T05:15:00Z,728.9
2026-08-19T05:30:00Z,1154.6
2026-08-19T05:45:00Z,976.6
2026-08-19T06:00:00Z,573.9
2026-08-19T06:15:00Z,666.6
2026-08-19T06:30:00Z,647.7
2026-08-19T06:45:00Z,906.0
2026-08-19T07:00:00Z,711.5
2026-08-19T07:15:00Z,502.2
2026-08-19T07:30:00Z,650.0
2026-08-19T07:45:00Z,726.2
2026-08-19T08:00:00Z,449.9
2026-08-19T08:15:00Z,749.9
2026-08-19T08:30:00Z,219.3
2026-08-19T08:45:00Z,238.5
2026-08-19T09:00:00Z,316.2
2026-08-19T09:15:00Z,615.2
2026-08-19T09:30:00Z,519.0
2026-08-19T09:45:00Z,369.2
2026-08-19T10:00:00Z,644.0
2026-08-19T10:15:00Z,356.1
2026-08-19T10:30:00Z,465.0
2026-08-19T10:45:00Z,397.8
2026-08-19T11:00:00Z,489.0
2026-08-19T11:15:00Z,461.5
2026-08-19T11:30:00Z,80.0
2026-08-19T11:45:00Z,80.0
2026-08-19T12:00:00Z,95.4
2026-08-19T12:15:00Z,437.3
2026-08-19T12:30:00Z,80.0
2026-08-19T12:45:00Z,366.4
2026-08-19T13:00:00Z,478.1
2026-08-19T13:15:00Z,229.6
2026-08-19T13:30:00Z,648.4
2026-08-19T13:45:00Z,525.6
2026-08-19T14:00:00Z,293.9
2026-08-19T14:15:00Z,181.8
2026-08-19T14:30:00Z,170.1
2026-08-19T14:45:00Z,301.2
2026-08-19T15:00:00Z,454.4
2026-08-19T15:15:00Z,525.9
2026-08-19T15:30:00Z,537.4
2026-08-19T15:45:00Z,785.7
2026-08-19T16:00:00Z,872.3
2026-08-19T16:15:00Z,603.6
2026-08-19T16:30:00Z,618.0
2026-08-19T16:45:00Z,695.5
2026-08-19T17:00:00Z,733.5
2026-08-19T17:15:00Z,711.0
2026-08-19T17:30:00Z,984.3
2026-08-19T17:45:00Z,1027.6
2026-08-19T18:00:00Z,989.8
2026-08-19T18:15:00Z,796.3
2026-08-19T18:30:00Z,1047.6
2026-08-19T18:45:00Z,929.5
2026-08-19T19:00:00Z,917.0
2026-08-19T19:15:00Z,879.3
2026-08-19T19:30:00Z,1001.2
2026-08-19T19:45:00Z,1012.1
2026-08-19T20:00:00Z,329.9
2026-08-19T20:15:00Z,323.6
2026-08-19T20:30:00Z,335.5
2026-08-19T20:45:00Z,329.3
2026-08-19T21:00:00Z,327.5
2026-08-19T21:15:00Z,348.4
2026-08-19T21:30:00Z,323.0
2026-08-19T21:45:00Z,336.4
2026-08-19T22:00:00Z,349.0
2026-08-19T22:15:00Z,327.6
2026-08-19T22:30:00Z,332.8
2026-08-19T22:45:00Z,325.6
2026-08-19T23:00:00Z,313.4
2026-08-19T23:15:00Z,325.1
2026-08-19T23:30:00Z,342.6
2026-08-19T23:45:00Z,327.9
2026-08-20T00:00:00Z,329.9
2026-08-20T00:15:00Z,329.3
2026-08-20T00:30:00Z,317.4
2026-08-20T00:45:00Z,339.6
2026-08-20T01:00:00Z,326.9
2026-08-20T01:15:00Z,328.9
2026-08-20T01:30:00Z,357.6
2026-08-20T01:45:00Z,330.6
2026-08-20T02:00:00Z,353.7
2026-08-20T02:15:00Z,347.8
2026-08-20T02:30:00Z,339.2
2026-08-20T02:45:00Z,312.5
2026-08-20T03:00:00Z,310.6
2026-08-20T03:15:00Z,323.7
2026-08-20T03:30:00Z,329.3
2026-08-20T03:45:00Z,326.0
2026-08-20T04:00:00Z,925.9
2026-08-20T04:15:00Z,985.9
2026-08-20T04:30:00Z,986.9
2026-08-20T04:45:00Z,754.0
2026-08-20T05:00:00Z,1051.6
2026-08-20T05:15:00Z,876.1
2026-08-20T05:30:00Z,664.8
2026-08-20T05:45:00Z,881.2
2026-08-20T06:00:00Z,566.6
2026-08-20T06:15:00Z,662.6
2026-08-20T06:30:00Z,596.3
2026-08-20T06:45:00Z,567.0
2026-08-20T07:00:00Z,692.0
2026-08-20T07:15:00Z,596.6
2026-08-20T07:30:00Z,661.2
2026-08-20T07:45:00Z,563.3
2026-08-20T08:00:00Z,268.6
2026-08-20T08:15:00Z,506.1
2026-08-20T08:30:00Z,416.0
2026-08-20T08:45:00Z,386.0
2026-08-20T09:00:00Z,262.0
2026-08-20T09:15:00Z,587.5
2026-08-20T09:30:00Z,325.4
2026-08-20T09:45:00Z,449.9
2026-08-20T10:00:00Z,303.7
2026-08-20T10:15:00Z,476.1
2026-08-20T10:30:00Z,386.9
2026-08-20T10:45:00Z,331.6
2026-08-20T11:00:00Z,552.9
2026-08-20T11:15:00Z,80.0
2026-08-20T11:30:00Z,221.7
2026-08-20T11:45:00Z,435.3
2026-08-20T12:00:00Z,184.0
2026-08-20T12:15:00Z,490.4
2026-08-20T12:30:00Z,571.0
2026-08-20T12:45:00Z,623.2
2026-08-20T13:00:00Z,324.2
2026-08-20T13:15:00Z,286.3
2026-08-20T13:30:00Z,83.4
2026-08-20T13:45:00Z,640.4
2026-08-20T14:00:00Z,344.3
2026-08-20T14:15:00Z,459.6
2026-08-20T14:30:00Z,486.9
2026-08-20T14:45:00Z,613.3
2026-08-20T15:00:00Z,493.1
2026-08-20T15:15:00Z,262.1
2026-08-20T15:30:00Z,528.1
2026-08-20T15:45:00Z,802.3
2026-08-20T16:00:00Z,739.3
2026-08-20T16:15:00Z,747.8
2026-08-20T16:30:00Z,677.7
2026-08-20T16:45:00Z,841.0
2026-08-20T17:00:00Z,569.9
2026-08-20T17:15:00Z,945.2
2026-08-20T17:30:00Z,792.7
2026-08-20T17:45:00Z,999.2
2026-08-20T18:00:00Z,1080.7
2026-08-20T18:15:00Z,913.7
2026-08-20T18:30:00Z,797.9
2026-08-20T18:45:00Z,935.4
2026-08-20T19:00:00Z,1061.0
2026-08-20T19:15:00Z,886.8
2026-08-20T19:30:00Z,821.6
2026-08-20T19:45:00Z,877.7
2026-08-20T20:00:00Z,344.8
2026-08-20T20:15:00Z,338.4
2026-08-20T20:30:00Z,350.1
2026-08-20T20:45:00Z,313.1
2026-08-20T21:00:00Z,330.8
2026-08-20T21:15:00Z,329.0
2026-08-20T21:30:00Z,337.8
2026-08-20T21:45:00Z,338.7
2026-08-20T22:00:00Z,330.6
2026-08-20T22:15:00Z,327.9
2026-08-20T22:30:00Z,312.2
2026-08-20T22:45:00Z,306.9
2026-08-20T23:00:00Z,345.0
2026-08-20T23:15:00Z,331.1
2026-08-20T23:30:00Z,339.5
2026-08-20T23:45:00Z,334.0
2026-08-21T00:00:00Z,334.7
2026-08-21T00:15:00Z,337.2
2026-08-21T00:30:00Z,332.6
2026-08-21T00:45:00Z,337.3
2026-08-21T01:00:00Z,326.6
2026-08-21T01:15:00Z,321.6
2026-08-21T01:30:00Z,316.4
2026-08-21T01:45:00Z,336.8
2026-08-21T02:00:00Z,337.1
2026-08-21T02:15:00Z,329.5
2026-08-21T02:30:00Z,322.0
2026-08-21T02:45:00Z,331.0
2026-08-21T03:00:00Z,323.5
2026-08-21T03:15:00Z,332.0
2026-08-21T03:30:00Z,334.9
2026-08-21T03:45:00Z,341.1
2026-08-21T04:00:00Z,1118.1
2026-08-21T04:15:00Z,910.0
2026-08-21T04:30:00Z,1054.1
2026-08-21T04:45:00Z,941.2
2026-08-21T05:00:00Z,929.9
2026-08-21T05:15:00Z,720.2
2026-08-21T05:30:00Z,1017.6
2026-08-21T05:45:00Z,796.1
2026-08-21T06:00:00Z,602.8
2026-08-21T06:15:00Z,714.3
2026-08-21T06:30:00Z,875.6
2026-08-21T06:45:00Z,828.0
2026-08-21T07:00:00Z,569.0
2026-08-21T07:15:00Z,532.0
2026-08-21T07:30:00Z,220.3
2026-08-21T07:45:00Z,706.1
2026-08-21T08:00:00Z,731.3
2026-08-21T08:15:00Z,741.6
2026-08-21T08:30:00Z,215.9
2026-08-21T08:45:00Z,80.0
2026-08-21T09:00:00Z,354.8
2026-08-21T09:15:00Z,229.6
2026-08-21T09:30:00Z,587.9
2026-08-21T09:45:00Z,681.2
2026-08-21T10:00:00Z,193.6
2026-08-21T10:15:00Z,219.0
2026-08-21T10:30:00Z,322.3
2026-08-21T10:45:00Z,105.7
2026-08-21T11:00:00Z,308.0
2026-08-21T11:15:00Z,80.0
2026-08-21T11:30:00Z,589.9
2026-08-21T11:45:00Z,698.2
2026-08-21T12:00:00Z,465.1
2026-08-21T12:15:00Z,375.5
2026-08-21T12:30:00Z,129.8
2026-08-21T12:45:00Z,396.1
2026-08-21T13:00:00Z,509.5
2026-08-21T13:15:00Z,518.3
2026-08-21T13:30:00Z,266.2
2026-08-21T13:45:00Z,431.3
2026-08-21T14:00:00Z,585.8
2026-08-21T14:15:00Z,312.2
2026-08-21T14:30:00Z,467.6
2026-08-21T14:45:00Z,314.4
2026-08-21T15:00:00Z,671.9
2026-08-21T15:15:00Z,400.4
2026-08-21T15:30:00Z,561.2
2026-08-21T15:45:00Z,555.4
2026-08-21T16:00:00Z,404.0
2026-08-21T16:15:00Z,776.4
2026-08-21T16:30:00Z,570.7
2026-08-21T16:45:00Z,562.3
2026-08-21T17:00:00Z,916.2
2026-08-21T17:15:00Z,822.3
2026-08-21T17:30:00Z,909.6
2026-08-21T17:45:00Z,921.9
2026-08-21T18:00:00Z,931.6
2026-08-21T18:15:00Z,888.2
2026-08-21T18:30:00Z,978.7
2026-08-21T18:45:00Z,846.3
2026-08-21T19:00:00Z,901.0
2026-08-21T19:15:00Z,996.4
2026-08-21T19:30:00Z,992.9
2026-08-21T19:45:00Z,956.6
2026-08-21T20:00:00Z,329.1
2026-08-21T20:15:00Z,333.0
2026-08-21T20:30:00Z,316.6
2026-08-21T20:45:00Z,337.7
2026-08-21T21:00:00Z,335.2
2026-08-21T21:15:00Z,321.3
2026-08-21T21:30:00Z,327.5
2026-08-21T21:45:00Z,327.0
2026-08-21T22:00:00Z,339.7
2026-08-21T22:15:00Z,354.2
2026-08-21T22:30:00Z,327.9
2026-08-21T22:45:00Z,351.4
2026-08-21T23:00:00Z,331.5
2026-08-21T23:15:00Z,332.3
2026-08-21T23:30:00Z,325.4
2026-08-21T23:45:00Z,341.8
2026-08-22T00:00:00Z,329.3
2026-08-22T00:15:00Z,343.7
2026-08-22T00:30:00Z,338.1
2026-08-22T00:45:00Z,316.3
2026-08-22T01:00:00Z,321.8
2026-08-22T01:15:00Z,329.7
2026-08-22T01:30:00Z,317.9
2026-08-22T01:45:00Z,341.9
2026-08-22T02:00:00Z,316.9
2026-08-22T02:15:00Z,325.8
2026-08-22T02:30:00Z,319.7
2026-08-22T02:45:00Z,297.2
2026-08-22T03:00:00Z,326.6
2026-08-22T03:15:00Z,332.2
2026-08-22T03:30:00Z,343.9
2026-08-22T03:45:00Z,317.4
2026-08-22T04:00:00Z,332.2
2026-08-22T04:15:00Z,314.4
2026-08-22T04:30:00Z,302.2
2026-08-22T04:45:00Z,171.2
2026-08-22T05:00:00Z,260.6
2026-08-22T05:15:00Z,219.0
2026-08-22T05:30:00Z,146.5
2026-08-22T05:45:00Z,162.7
2026-08-22T06:00:00Z,86.3
2026-08-22T06:15:00Z,80.0
2026-08-22T06:30:00Z,120.4
2026-08-22T06:45:00Z,80.0
2026-08-22T07:00:00Z,80.0
2026-08-22T07:15:00Z,80.0
2026-08-22T07:30:00Z,80.0
2026-08-22T07:45:00Z,116.2
2026-08-22T08:00:00Z,80.0
2026-08-22T08:15:00Z,80.0
2026-08-22T08:30:00Z,80.0
2026-08-22T08:45:00Z,80.0
2026-08-22T09:00:00Z,80.0
2026-08-22T09:15:00Z,80.0
2026-08-22T09:30:00Z,80.0
2026-08-22T09:45:00Z,80.0
2026-08-22T10:00:00Z,80.0
2026-08-22T10:15:00Z,80.0
2026-08-22T10:30:00Z,80.0
2026-08-22T10:45:00Z,80.0
2026-08-22T11:00:00Z,80.0
2026-08-22T11:15:00Z,80.0
2026-08-22T11:30:00Z,80.0
2026-08-22T11:45:00Z,80.0
2026-08-22T12:00:00Z,80.0
2026-08-22T12:15:00Z,80.0
2026-08-22T12:30:00Z,80.0
2026-08-22T12:45:00Z,80.0
2026-08-22T13:00:00Z,80.0
2026-08-22T13:15:00Z,80.0
2026-08-22T13:30:00Z,80.0
2026-08-22T13:45:00Z,80.0
2026-08-22T14:00:00Z,80.0
2026-08-22T14:15:00Z,80.0
2026-08-22T14:30:00Z,80.0
2026-08-22T14:45:00Z,80.0
2026-08-22T15:00:00Z,80.0
2026-08-22T15:15:00Z,80.0
2026-08-22T15:30:00Z,112.6
2026-08-22T15:45:00Z,80.0
2026-08-22T16:00:00Z,80.0
2026-08-22T16:15:00Z,171.4
2026-08-22T16:30:00Z,80.0
2026-08-22T16:45:00Z,80.0
2026-08-22T17:00:00Z,260.2
2026-08-22T17:15:00Z,282.0
2026-08-22T17:30:00Z,239.0
2026-08-22T17:45:00Z,299.7
2026-08-22T18:00:00Z,346.9
2026-08-22T18:15:00Z,347.8
2026-08-22T18:30:00Z,334.2
2026-08-22T18:45:00Z,330.9
2026-08-22T19:00:00Z,342.0
2026-08-22T19:15:00Z,363.2
2026-08-22T19:30:00Z,324.5
2026-08-22T19:45:00Z,313.0
2026-08-22T20:00:00Z,319.4
2026-08-22T20:15:00Z,317.6
2026-08-22T20:30:00Z,332.7
2026-08-22T20:45:00Z,329.7
2026-08-22T21:00:00Z,315.2
2026-08-22T21:15:00Z,323.4
2026-08-22T21:30:00Z,340.4
2026-08-22T21:45:00Z,346.1
2026-08-22T22:00:00Z,330.9
2026-08-22T22:15:00Z,337.4
2026-08-22T22:30:00Z,325.0
2026-08-22T22:45:00Z,331.7
2026-08-22T23:00:00Z,329.3
2026-08-22T23:15:00Z,327.4
2026-08-22T23:30:00Z,333.0
2026-08-22T23:45:00Z,345.8
2026-08-23T00:00:00Z,322.1
2026-08-23T00:15:00Z,320.1
2026-08-23T00:30:00Z,331.5
2026-08-23T00:45:00Z,336.1
2026-08-23T01:00:00Z,360.5
2026-08-23T01:15:00Z,314.4
2026-08-23T01:30:00Z,327.3
2026-08-23T01:45:00Z,332.7
2026-08-23T02:00:00Z,343.9
2026-08-23T02:15:00Z,328.9
2026-08-23T02:30:00Z,319.1
2026-08-23T02:45:00Z,356.2
2026-08-23T03:00:00Z,332.3
2026-08-23T03:15:00Z,321.7
2026-08-23T03:30:00Z,323.7
2026-08-23T03:45:00Z,319.0
2026-08-23T04:00:00Z,343.7
2026-08-23T04:15:00Z,320.3
2026-08-23T04:30:00Z,269.7
2026-08-23T04:45:00Z,264.4
2026-08-23T05:00:00Z,161.2
2026-08-23T05:15:00Z,228.6
2026-08-23T05:30:00Z,213.0
2026-08-23T05:45:00Z,80.0
2026-08-23T06:00:00Z,80.0
2026-08-23T06:15:00Z,96.4
2026-08-23T06:30:00Z,121.0
2026-08-23T06:45:00Z,80.0
2026-08-23T07:00:00Z,80.0
2026-08-23T07:15:00Z,108.2
2026-08-23T07:30:00Z,80.0
2026-08-23T07:45:00Z,84.4
2026-08-23T08:00:00Z,80.0
2026-08-23T08:15:00Z,80.0
2026-08-23T08:30:00Z,80.0
2026-08-23T08:45:00Z,80.0
2026-08-23T09:00:00Z,80.0
2026-08-23T09:15:00Z,80.0
2026-08-23T09:30:00Z,80.0
2026-08-23T09:45:00Z,80.0
2026-08-23T10:00:00Z,80.0
2026-08-23T10:15:00Z,80.0
2026-08-23T10:30:00Z,80.0
2026-08-23T10:45:00Z,80.0
2026-08-23T11:00:00Z,80.0
2026-08-23T11:15:00Z,80.0
2026-08-23T11:30:00Z,80.0
2026-08-23T11:45:00Z,80.0
2026-08-23T12:00:00Z,80.0
2026-08-23T12:15:00Z,80.0
2026-08-23T12:30:00Z,80.0
2026-08-23T12:45:00Z,80.0
2026-08-23T13:00:00Z,80.0
2026-08-23T13:15:00Z,80.0
2026-08-23T13:30:00Z,80.0
2026-08-23T13:45:00Z,80.0
2026-08-23T14:00:00Z,80.0
2026-08-23T14:15:00Z,80.0
2026-08-23T14:30:00Z,80.0
2026-08-23T14:45:00Z,80.0
2026-08-23T15:00:00Z,80.0
2026-08-23T15:15:00Z,80.0
2026-08-23T15:30:00Z,80.0
2026-08-23T15:45:00Z,91.6
2026-08-23T16:00:00Z,140.5
2026-08-23T16:15:00Z,90.8
2026-08-23T16:30:00Z,80.0
2026-08-23T16:45:00Z,163.0
2026-08-23T17:00:00Z,181.6
2026-08-23T17:15:00Z,252.4
2026-08-23T17:30:00Z,265.1
2026-08-23T17:45:00Z,311.9
2026-08-23T18:00:00Z,316.5
2026-08-23T18:15:00Z,329.8
2026-08-23T18:30:00Z,341.4
2026-08-23T18:45:00Z,327.9
2026-08-23T19:00:00Z,342.3
2026-08-23T19:15:00Z,333.2
2026-08-23T19:30:00Z,322.7
2026-08-23T19:45:00Z,314.3
2026-08-23T20:00:00Z,334.6
2026-08-23T20:15:00Z,357.5
2026-08-23T20:30:00Z,322.1
2026-08-23T20:45:00Z,334.6
2026-08-23T21:00:00Z,342.9
2026-08-23T21:15:00Z,331.5
2026-08-23T21:30:00Z,332.7
2026-08-23T21:45:00Z,311.7
2026-08-23T22:00:00Z,313.6
2026-08-23T22:15:00Z,336.1
2026-08-23T22:30:00Z,335.9
2026-08-23T22:45:00Z,332.0
2026-08-23T23:00:00Z,354.6
2026-08-23T23:15:00Z,323.5
2026-08-23T23:30:00Z,345.2
2026-08-23T23:45:00Z,342.8
2026-08-24T00:00:00Z,320.3
2026-08-24T00:15:00Z,327.0
2026-08-24T00:30:00Z,320.5
2026-08-24T00:45:00Z,321.7
2026-08-24T01:00:00Z,320.9
2026-08-24T01:15:00Z,335.0
2026-08-24T01:30:00Z,341.1
2026-08-24T01:45:00Z,326.8
2026-08-24T02:00:00Z,346.1
2026-08-24T02:15:00Z,355.3
2026-08-24T02:30:00Z,328.8
2026-08-24T02:45:00Z,336.4
2026-08-24T03:00:00Z,319.0
2026-08-24T03:15:00Z,304.2
2026-08-24T03:30:00Z,314.3
2026-08-24T03:45:00Z,336.9
2026-08-24T04:00:00Z,1101.3
2026-08-24T04:15:00Z,1099.6
2026-08-24T04:30:00Z,1030.6
2026-08-24T04:45:00Z,935.7
2026-08-24T05:00:00Z,1005.2
2026-08-24T05:15:00Z,879.9
2026-08-24T05:30:00Z,962.9
2026-08-24T05:45:00Z,696.7
2026-08-24T06:00:00Z,456.4
2026-08-24T06:15:00Z,446.2
2026-08-24T06:30:00Z,349.5
2026-08-24T06:45:00Z,735.4
2026-08-24T07:00:00Z,628.2
2026-08-24T07:15:00Z,359.3
2026-08-24T07:30:00Z,342.0
2026-08-24T07:45:00Z,753.9
2026-08-24T08:00:00Z,551.7
2026-08-24T08:15:00Z,272.1
2026-08-24T08:30:00Z,205.8
2026-08-24T08:45:00Z,253.5
2026-08-24T09:00:00Z,148.5
2026-08-24T09:15:00Z,330.9
2026-08-24T09:30:00Z,574.5
2026-08-24T09:45:00Z,181.1
2026-08-24T10:00:00Z,383.7
2026-08-24T10:15:00Z,244.0
2026-08-24T10:30:00Z,435.2
2026-08-24T10:45:00Z,80.0
2026-08-24T11:00:00Z,558.6
2026-08-24T11:15:00Z,398.3
2026-08-24T11:30:00Z,113.3
2026-08-24T11:45:00Z,725.0
2026-08-24T12:00:00Z,596.4
2026-08-24T12:15:00Z,80.0
2026-08-24T12:30:00Z,810.4
2026-08-24T12:45:00Z,273.1
2026-08-24T13:00:00Z,722.8
2026-08-24T13:15:00Z,595.2
2026-08-24T13:30:00Z,266.4
2026-08-24T13:45:00Z,398.2
2026-08-24T14:00:00Z,592.8
2026-08-24T14:15:00Z,166.2
2026-08-24T14:30:00Z,516.9
2026-08-24T14:45:00Z,507.7
2026-08-24T15:00:00Z,637.3
2026-08-24T15:15:00Z,335.1
2026-08-24T15:30:00Z,449.2
2026-08-24T15:45:00Z,584.6
2026-08-24T16:00:00Z,888.5
2026-08-24T16:15:00Z,882.3
2026-08-24T16:30:00Z,698.7
2026-08-24T16:45:00Z,551.1
2026-08-24T17:00:00Z,870.4
2026-08-24T17:15:00Z,972.9
2026-08-24T17:30:00Z,732.8
2026-08-24T17:45:00Z,893.0
2026-08-24T18:00:00Z,962.9
2026-08-24T18:15:00Z,1013.3
2026-08-24T18:30:00Z,935.2
2026-08-24T18:45:00Z,1029.9
2026-08-24T19:00:00Z,909.3
2026-08-24T19:15:00Z,929.7
2026-08-24T19:30:00Z,869.9
2026-08-24T19:45:00Z,1015.4
2026-08-24T20:00:00Z,327.7
2026-08-24T20:15:00Z,332.5
2026-08-24T20:30:00Z,321.5
2026-08-24T20:45:00Z,332.2
2026-08-24T21:00:00Z,324.8
2026-08-24T21:15:00Z,340.7
2026-08-24T21:30:00Z,324.6
2026-08-24T21:45:00Z,319.0
2026-08-24T22:00:00Z,327.6
2026-08-24T22:15:00Z,325.3
2026-08-24T22:30:00Z,330.4
2026-08-24T22:45:00Z,335.4
2026-08-24T23:00:00Z,346.2
2026-08-24T23:15:00Z,333.9
2026-08-24T23:30:00Z,319.2
2026-08-24T23:45:00Z,330.9
2026-08-25T00:00:00Z,323.6
2026-08-25T00:15:00Z,332.2
2026-08-25T00:30:00Z,352.6
2026-08-25T00:45:00Z,329.9
2026-08-25T01:00:00Z,327.4
2026-08-25T01:15:00Z,328.1
2026-08-25T01:30:00Z,315.2
2026-08-25T01:45:00Z,324.4
2026-08-25T02:00:00Z,305.2
2026-08-25T02:15:00Z,326.5
2026-08-25T02:30:00Z,343.7
2026-08-25T02:45:00Z,331.6
2026-08-25T03:00:00Z,324.7
2026-08-25T03:15:00Z,334.3
2026-08-25T03:30:00Z,318.5
2026-08-25T03:45:00Z,353.1
2026-08-25T04:00:00Z,997.8
2026-08-25T04:15:00Z,970.1
2026-08-25T04:30:00Z,812.9
2026-08-25T04:45:00Z,920.3
2026-08-25T05:00:00Z,929.1
2026-08-25T05:15:00Z,877.2
2026-08-25T05:30:00Z,658.3
2026-08-25T05:45:00Z,763.1
2026-08-25T06:00:00Z,714.6
2026-08-25T06:15:00Z,519.8
2026-08-25T06:30:00Z,626.4
2026-08-25T06:45:00Z,726.5
2026-08-25T07:00:00Z,553.9
2026-08-25T07:15:00Z,291.7
2026-08-25T07:30:00Z,526.0
2026-08-25T07:45:00Z,493.8
2026-08-25T08:00:00Z,418.1
2026-08-25T08:15:00Z,762.2
2026-08-25T08:30:00Z,208.4
2026-08-25T08:45:00Z,723.8
2026-08-25T09:00:00Z,406.8
2026-08-25T09:15:00Z,261.0
2026-08-25T09:30:00Z,491.4
2026-08-25T09:45:00Z,304.3
2026-08-25T10:00:00Z,333.1
2026-08-25T10:15:00Z,443.3
2026-08-25T10:30:00Z,252.0
2026-08-25T10:45:00Z,80.0
2026-08-25T11:00:00Z,415.3
2026-08-25T11:15:00Z,358.6
2026-08-25T11:30:00Z,668.2
2026-08-25T11:45:00Z,397.1
2026-08-25T12:00:00Z,368.4
2026-08-25T12:15:00Z,642.0
2026-08-25T12:30:00Z,400.9
2026-08-25T12:45:00Z,352.9
2026-08-25T13:00:00Z,381.1
2026-08-25T13:15:00Z,114.7
2026-08-25T13:30:00Z,582.5
2026-08-25T13:45:00Z,282.4
2026-08-25T14:00:00Z,733.5
2026-08-25T14:15:00Z,586.5
2026-08-25T14:30:00Z,580.9
2026-08-25T14:45:00Z,642.7
2026-08-25T15:00:00Z,826.3
2026-08-25T15:15:00Z,509.8
2026-08-25T15:30:00Z,584.3
2026-08-25T15:45:00Z,404.9
2026-08-25T16:00:00Z,697.8
2026-08-25T16:15:00Z,602.9
2026-08-25T16:30:00Z,771.5
2026-08-25T16:45:00Z,833.6
2026-08-25T17:00:00Z,776.0
2026-08-25T17:15:00Z,828.0
2026-08-25T17:30:00Z,791.3
2026-08-25T17:45:00Z,940.5
2026-08-25T18:00:00Z,942.8
2026-08-25T18:15:00Z,881.8
2026-08-25T18:30:00Z,997.7
2026-08-25T18:45:00Z,877.2
2026-08-25T19:00:00Z,886.5
2026-08-25T19:15:00Z,850.7
2026-08-25T19:30:00Z,1049.2
2026-08-25T19:45:00Z,857.0
2026-08-25T20:00:00Z,326.6
2026-08-25T20:15:00Z,344.1
2026-08-25T20:30:00Z,318.1
2026-08-25T20:45:00Z,318.4
2026-08-25T21:00:00Z,348.7
2026-08-25T21:15:00Z,339.8
2026-08-25T21:30:00Z,339.9
2026-08-25T21:45:00Z,334.1
2026-08-25T22:00:00Z,332.4
2026-08-25T22:15:00Z,332.2
2026-08-25T22:30:00Z,320.4
2026-08-25T22:45:00Z,328.9
2026-08-25T23:00:00Z,311.6
2026-08-25T23:15:00Z,334.3
2026-08-25T23:30:00Z,327.2
2026-08-25T23:45:00Z,320.3
2026-08-26T00:00:00Z,325.7
2026-08-26T00:15:00Z,325.7
2026-08-26T00:30:00Z,333.2
2026-08-26T00:45:00Z,333.6
2026-08-26T01:00:00Z,337.1
2026-08-26T01:15:00Z,320.5
2026-08-26T01:30:00Z,353.7
2026-08-26T01:45:00Z,352.5
2026-08-26T02:00:00Z,320.0
2026-08-26T02:15:00Z,324.7
2026-08-26T02:30:00Z,330.1
2026-08-26T02:45:00Z,337.1
2026-08-26T03:00:00Z,316.2
2026-08-26T03:15:00Z,322.2
2026-08-26T03:30:00Z,308.2
2026-08-26T03:45:00Z,336.1
2026-08-26T04:00:00Z,928.0
2026-08-26T04:15:00Z,945.3
2026-08-26T04:30:00Z,1067.7
2026-08-26T04:45:00Z,801.9
2026-08-26T05:00:00Z,733.1
2026-08-26T05:15:00Z,883.9
2026-08-26T05:30:00Z,785.6
2026-08-26T05:45:00Z,582.1
2026-08-26T06:00:00Z,666.2
2026-08-26T06:15:00Z,609.6
2026-08-26T06:30:00Z,847.8
2026-08-26T06:45:00Z,360.2
2026-08-26T07:00:00Z,458.9
2026-08-26T07:15:00Z,456.8
2026-08-26T07:30:00Z,611.8
2026-08-26T07:45:00Z,399.7
2026-08-26T08:00:00Z,465.5
2026-08-26T08:15:00Z,473.0
2026-08-26T08:30:00Z,632.0
2026-08-26T08:45:00Z,491.8
2026-08-26T09:00:00Z,349.2
2026-08-26T09:15:00Z,657.8
2026-08-26T09:30:00Z,502.4
2026-08-26T09:45:00Z,275.8
2026-08-26T10:00:00Z,426.3
2026-08-26T10:15:00Z,80.0
2026-08-26T10:30:00Z,474.9
2026-08-26T10:45:00Z,80.0
2026-08-26T11:00:00Z,176.4
2026-08-26T11:15:00Z,80.0
2026-08-26T11:30:00Z,159.3
2026-08-26T11:45:00Z,401.5
2026-08-26T12:00:00Z,153.2
2026-08-26T12:15:00Z,421.1
2026-08-26T12:30:00Z,518.6
2026-08-26T12:45:00Z,699.0
2026-08-26T13:00:00Z,807.7
2026-08-26T13:15:00Z,475.9
2026-08-26T13:30:00Z,555.2
2026-08-26T13:45:00Z,504.3
2026-08-26T14:00:00Z,383.3
2026-08-26T14:15:00Z,295.6
2026-08-26T14:30:00Z,796.0
2026-08-26T14:45:00Z,514.4
2026-08-26T15:00:00Z,569.3
2026-08-26T15:15:00Z,753.8
2026-08-26T15:30:00Z,501.3
2026-08-26T15:45:00Z,504.9
2026-08-26T16:00:00Z,732.8
2026-08-26T16:15:00Z,693.1
2026-08-26T16:30:00Z,559.0
2026-08-26T16:45:00Z,757.9
2026-08-26T17:00:00Z,750.4
2026-08-26T17:15:00Z,977.4
2026-08-26T17:30:00Z,929.0
2026-08-26T17:45:00Z,953.5
2026-08-26T18:00:00Z,828.4
2026-08-26T18:15:00Z,1016.9
2026-08-26T18:30:00Z,824.0
2026-08-26T18:45:00Z,841.5
2026-08-26T19:00:00Z,970.0
2026-08-26T19:15:00Z,848.1
2026-08-26T19:30:00Z,990.0
2026-08-26T19:45:00Z,933.5
2026-08-26T20:00:00Z,319.6
2026-08-26T20:15:00Z,337.2
2026-08-26T20:30:00Z,336.6
2026-08-26T20:45:00Z,323.9
2026-08-26T21:00:00Z,318.4
2026-08-26T21:15:00Z,324.6
2026-08-26T21:30:00Z,320.9
2026-08-26T21:45:00Z,330.2
2026-08-26T22:00:00Z,339.5
2026-08-26T22:15:00Z,321.9
2026-08-26T22:30:00Z,319.3
2026-08-26T22:45:00Z,317.4
2026-08-26T23:00:00Z,331.1
2026-08-26T23:15:00Z,318.4
2026-08-26T23:30:00Z,318.7
2026-08-26T23:45:00Z,318.1
2026-08-27T00:00:00Z,327.2
2026-08-27T00:15:00Z,323.3
2026-08-27T00:30:00Z,321.1
2026-08-27T00:45:00Z,319.3
2026-08-27T01:00:00Z,333.1
2026-08-27T01:15:00Z,347.5
2026-08-27T01:30:00Z,334.9
2026-08-27T01:45:00Z,347.2
2026-08-27T02:00:00Z,321.5
2026-08-27T02:15:00Z,305.5
2026-08-27T02:30:00Z,357.4
2026-08-27T02:45:00Z,330.8
2026-08-27T03:00:00Z,308.2
2026-08-27T03:15:00Z,318.9
2026-08-27T03:30:00Z,340.9
2026-08-27T03:45:00Z,316.6
2026-08-27T04:00:00Z,974.9
2026-08-27T04:15:00Z,854.0
2026-08-27T04:30:00Z,829.1
2026-08-27T04:45:00Z,1067.4
2026-08-27T05:00:00Z,845.9
2026-08-27T05:15:00Z,1123.4
2026-08-27T05:30:00Z,967.0
2026-08-27T05:45:00Z,796.2
2026-08-27T06:00:00Z,587.7
2026-08-27T06:15:00Z,436.3
2026-08-27T06:30:00Z,467.6
2026-08-27T06:45:00Z,751.6
2026-08-27T07:00:00Z,714.1
2026-08-27T07:15:00Z,780.7
2026-08-27T07:30:00Z,541.1
2026-08-27T07:45:00Z,437.2
2026-08-27T08:00:00Z,741.6
2026-08-27T08:15:00Z,233.8
2026-08-27T08:30:00Z,313.3
2026-08-27T08:45:00Z,746.7
2026-08-27T09:00:00Z,480.0
2026-08-27T09:15:00Z,686.7
2026-08-27T09:30:00Z,524.0
2026-08-27T09:45:00Z,80.0
2026-08-27T10:00:00Z,191.7
2026-08-27T10:15:00Z,148.2
2026-08-27T10:30:00Z,427.3
2026-08-27T10:45:00Z,532.4
2026-08-27T11:00:00Z,403.4
2026-08-27T11:15:00Z,513.8
2026-08-27T11:30:00Z,242.8
2026-08-27T11:45:00Z,408.0
2026-08-27T12:00:00Z,164.0
2026-08-27T12:15:00Z,292.8
2026-08-27T12:30:00Z,242.8
2026-08-27T12:45:00Z,92.1
2026-08-27T13:00:00Z,326.3
2026-08-27T13:15:00Z,655.6
2026-08-27T13:30:00Z,648.2
2026-08-27T13:45:00Z,733.1
2026-08-27T14:00:00Z,583.1
2026-08-27T14:15:00Z,261.6
2026-08-27T14:30:00Z,311.1
2026-08-27T14:45:00Z,586.3
2026-08-27T15:00:00Z,634.6
2026-08-27T15:15:00Z,553.3
2026-08-27T15:30:00Z,761.3
2026-08-27T15:45:00Z,754.9
2026-08-27T16:00:00Z,917.4
2026-08-27T16:15:00Z,724.1
2026-08-27T16:30:00Z,903.6
2026-08-27T16:45:00Z,727.8
2026-08-27T17:00:00Z,884.7
2026-08-27T17:15:00Z,742.3
2026-08-27T17:30:00Z,897.3
2026-08-27T17:45:00Z,982.1
2026-08-27T18:00:00Z,951.9
2026-08-27T18:15:00Z,923.6
2026-08-27T18:30:00Z,1034.8
2026-08-27T18:45:00Z,960.7
2026-08-27T19:00:00Z,964.4
2026-08-27T19:15:00Z,1034.4
2026-08-27T19:30:00Z,1023.8
2026-08-27T19:45:00Z,862.6
2026-08-27T20:00:00Z,324.8
2026-08-27T20:15:00Z,331.6
2026-08-27T20:30:00Z,321.9
2026-08-27T20:45:00Z,332.7
2026-08-27T21:00:00Z,341.1
2026-08-27T21:15:00Z,322.2
2026-08-27T21:30:00Z,338.6
2026-08-27T21:45:00Z,347.7
2026-08-27T22:00:00Z,346.5
2026-08-27T22:15:00Z,313.0
2026-08-27T22:30:00Z,313.7
2026-08-27T22:45:00Z,325.3
2026-08-27T23:00:00Z,324.3
2026-08-27T23:15:00Z,321.4
2026-08-27T23:30:00Z,323.9
2026-08-27T23:45:00Z,349.2
2026-08-28T00:00:00Z,336.6
2026-08-28T00:15:00Z,324.5
2026-08-28T00:30:00Z,323.2
2026-08-28T00:45:00Z,335.8
2026-08-28T01:00:00Z,326.1
2026-08-28T01:15:00Z,326.7
2026-08-28T01:30:00Z,349.3
2026-08-28T01:45:00Z,311.2
2026-08-28T02:00:00Z,337.3
2026-08-28T02:15:00Z,327.6
2026-08-28T02:30:00Z,322.6
2026-08-28T02:45:00Z,297.2
2026-08-28T03:00:00Z,323.4
2026-08-28T03:15:00Z,337.9
2026-08-28T03:30:00Z,333.8
2026-08-28T03:45:00Z,313.0
2026-08-28T04:00:00Z,957.7
2026-08-28T04:15:00Z,1022.1
2026-08-28T04:30:00Z,963.5
2026-08-28T04:45:00Z,1028.0
2026-08-28T05:00:00Z,892.8
2026-08-28T05:15:00Z,982.1
2026-08-28T05:30:00Z,913.0
2026-08-28T05:45:00Z,928.3
2026-08-28T06:00:00Z,539.5
2026-08-28T06:15:00Z,632.0
2026-08-28T06:30:00Z,688.7
2026-08-28T06:45:00Z,795.0
2026-08-28T07:00:00Z,678.1
2026-08-28T07:15:00Z,681.4
2026-08-28T07:30:00Z,437.1
2026-08-28T07:45:00Z,281.7
2026-08-28T08:00:00Z,666.7
2026-08-28T08:15:00Z,333.2
2026-08-28T08:30:00Z,596.7
2026-08-28T08:45:00Z,612.0
2026-08-28T09:00:00Z,408.0
2026-08-28T09:15:00Z,87.5
2026-08-28T09:30:00Z,259.0
2026-08-28T09:45:00Z,215.7
2026-08-28T10:00:00Z,195.9
2026-08-28T10:15:00Z,367.9
2026-08-28T10:30:00Z,111.1
2026-08-28T10:45:00Z,474.3
2026-08-28T11:00:00Z,675.5
2026-08-28T11:15:00Z,478.9
2026-08-28T11:30:00Z,200.6
2026-08-28T11:45:00Z,448.8
2026-08-28T12:00:00Z,123.2
2026-08-28T12:15:00Z,93.7
2026-08-28T12:30:00Z,436.3
2026-08-28T12:45:00Z,518.1
2026-08-28T13:00:00Z,738.3
2026-08-28T13:15:00Z,329.7
2026-08-28T13:30:00Z,334.0
2026-08-28T13:45:00Z,479.0
2026-08-28T14:00:00Z,139.8
2026-08-28T14:15:00Z,732.9
2026-08-28T14:30:00Z,577.0
2026-08-28T14:45:00Z,328.1
2026-08-28T15:00:00Z,325.0
2026-08-28T15:15:00Z,393.0
2026-08-28T15:30:00Z,466.3
2026-08-28T15:45:00Z,735.2
2026-08-28T16:00:00Z,902.1
2026-08-28T16:15:00Z,713.6
2026-08-28T16:30:00Z,716.4
2026-08-28T16:45:00Z,872.4
2026-08-28T17:00:00Z,799.8
2026-08-28T17:15:00Z,852.3
2026-08-28T17:30:00Z,914.7
2026-08-28T17:45:00Z,943.4
2026-08-28T18:00:00Z,792.2
2026-08-28T18:15:00Z,820.8
2026-08-28T18:30:00Z,785.0
2026-08-28T18:45:00Z,910.2
2026-08-28T19:00:00Z,827.8
2026-08-28T19:15:00Z,910.0
2026-08-28T19:30:00Z,1034.7
2026-08-28T19:45:00Z,1010.2
2026-08-28T20:00:00Z,322.5
2026-08-28T20:15:00Z,321.1
2026-08-28T20:30:00Z,336.1
2026-08-28T20:45:00Z,330.7
2026-08-28T21:00:00Z,334.0
2026-08-28T21:15:00Z,329.2
2026-08-28T21:30:00Z,325.7
2026-08-28T21:45:00Z,323.7
2026-08-28T22:00:00Z,302.5
2026-08-28T22:15:00Z,365.9
2026-08-28T22:30:00Z,320.7
2026-08-28T22:45:00Z,316.9
2026-08-28T23:00:00Z,344.8
2026-08-28T23:15:00Z,319.8
2026-08-28T23:30:00Z,316.6
2026-08-28T23:45:00Z,330.0
2026-08-29T00:00:00Z,330.4
2026-08-29T00:15:00Z,312.8
2026-08-29T00:30:00Z,339.5
2026-08-29T00:45:00Z,323.5
2026-08-29T01:00:00Z,334.1
2026-08-29T01:15:00Z,336.9
2026-08-29T01:30:00Z,343.0
2026-08-29T01:45:00Z,312.4
2026-08-29T02:00:00Z,329.1
2026-08-29T02:15:00Z,318.6
2026-08-29T02:30:00Z,303.9
2026-08-29T02:45:00Z,313.0
2026-08-29T03:00:00Z,314.0
2026-08-29T03:15:00Z,315.1
2026-08-29T03:30:00Z,310.5
2026-08-29T03:45:00Z,311.9
2026-08-29T04:00:00Z,328.4
2026-08-29T04:15:00Z,287.3
2026-08-29T04:30:00Z,266.7
2026-08-29T04:45:00Z,264.1
2026-08-29T05:00:00Z,169.9
2026-08-29T05:15:00Z,184.1
2026-08-29T05:30:00Z,224.5
2026-08-29T05:45:00Z,199.4
2026-08-29T06:00:00Z,203.3
2026-08-29T06:15:00Z,80.0
2026-08-29T06:30:00Z,80.0
2026-08-29T06:45:00Z,80.0
2026-08-29T07:00:00Z,80.0
2026-08-29T07:15:00Z,80.0
2026-08-29T07:30:00Z,80.0
2026-08-29T07:45:00Z,80.0
2026-08-29T08:00:00Z,80.0
2026-08-29T08:15:00Z,80.0
2026-08-29T08:30:00Z,80.0
2026-08-29T08:45:00Z,80.0
2026-08-29T09:00:00Z,80.0
2026-08-29T09:15:00Z,80.0
2026-08-29T09:30:00Z,80.0
2026-08-29T09:45:00Z,80.0
2026-08-29T10:00:00Z,80.0
2026-08-29T10:15:00Z,80.0
2026-08-29T10:30:00Z,80.0
2026-08-29T10:45:00Z,80.0
2026-08-29T11:00:00Z,80.0
2026-08-29T11:15:00Z,80.0
2026-08-29T11:30:00Z,80.0
2026-08-29T11:45:00Z,80.0
2026-08-29T12:00:00Z,80.0
2026-08-29T12:15:00Z,80.0
2026-08-29T12:30:00Z,80.0
2026-08-29T12:45:00Z,80.0
2026-08-29T13:00:00Z,80.0
2026-08-29T13:15:00Z,80.0
2026-08-29T13:30:00Z,80.0
2026-08-29T13:45:00Z,85.5
2026-08-29T14:00:00Z,80.0
2026-08-29T14:15:00Z,80.0
2026-08-29T14:30:00Z,94.6
2026-08-29T14:45:00Z,80.0
2026-08-29T15:00:00Z,136.1
2026-08-29T15:15:00Z,80.0
2026-08-29T15:30:00Z,88.4
2026-08-29T15:45:00Z,154.1
2026-08-29T16:00:00Z,80.0
2026-08-29T16:15:00Z,202.6
2026-08-29T16:30:00Z,117.0
2026-08-29T16:45:00Z,124.5
2026-08-29T17:00:00Z,226.8
2026-08-29T17:15:00Z,297.8
2026-08-29T17:30:00Z,236.0
2026-08-29T17:45:00Z,276.9
2026-08-29T18:00:00Z,331.8
2026-08-29T18:15:00Z,356.1
2026-08-29T18:30:00Z,337.3
2026-08-29T18:45:00Z,311.6
2026-08-29T19:00:00Z,340.1
2026-08-29T19:15:00Z,332.7
2026-08-29T19:30:00Z,326.2
2026-08-29T19:45:00Z,343.2
2026-08-29T20:00:00Z,353.5
2026-08-29T20:15:00Z,311.2
2026-08-29T20:30:00Z,313.4
2026-08-29T20:45:00Z,338.0
2026-08-29T21:00:00Z,316.5
2026-08-29T21:15:00Z,315.5
2026-08-29T21:30:00Z,317.4
2026-08-29T21:45:00Z,316.1
2026-08-29T22:00:00Z,322.7
2026-08-29T22:15:00Z,346.5
2026-08-29T22:30:00Z,308.2
2026-08-29T22:45:00Z,326.6
2026-08-29T23:00:00Z,298.4
2026-08-29T23:15:00Z,336.6
2026-08-29T23:30:00Z,311.4
2026-08-29T23:45:00Z,299.5
2026-08-30T00:00:00Z,344.0
2026-08-30T00:15:00Z,329.9
2026-08-30T00:30:00Z,328.1
2026-08-30T00:45:00Z,320.2
2026-08-30T01:00:00Z,328.8
2026-08-30T01:15:00Z,338.9
2026-08-30T01:30:00Z,321.5
2026-08-30T01:45:00Z,333.5
2026-08-30T02:00:00Z,320.4
2026-08-30T02:15:00Z,318.8
2026-08-30T02:30:00Z,333.6
2026-08-30T02:45:00Z,332.7
2026-08-30T03:00:00Z,313.4
2026-08-30T03:15:00Z,322.5
2026-08-30T03:30:00Z,329.5
2026-08-30T03:45:00Z,333.6
2026-08-30T04:00:00Z,342.1
2026-08-30T04:15:00Z,270.5
2026-08-30T04:30:00Z,305.8
2026-08-30T04:45:00Z,161.8
2026-08-30T05:00:00Z,135.3
2026-08-30T05:15:00Z,144.0
2026-08-30T05:30:00Z,105.7
2026-08-30T05:45:00Z,80.0
2026-08-30T06:00:00Z,156.5
2026-08-30T06:15:00Z,80.0
2026-08-30T06:30:00Z,186.6
2026-08-30T06:45:00Z,80.0
2026-08-30T07:00:00Z,138.4
2026-08-30T07:15:00Z,80.0
2026-08-30T07:30:00Z,80.0
2026-08-30T07:45:00Z,80.0
2026-08-30T08:00:00Z,80.0
2026-08-30T08:15:00Z,80.0
2026-08-30T08:30:00Z,80.0
2026-08-30T08:45:00Z,80.0
2026-08-30T09:00:00Z,80.0
2026-08-30T09:15:00Z,80.0
2026-08-30T09:30:00Z,80.0
2026-08-30T09:45:00Z,80.0
2026-08-30T10:00:00Z,80.0
2026-08-30T10:15:00Z,80.0
2026-08-30T10:30:00Z,80.0
2026-08-30T10:45:00Z,80.0
2026-08-30T11:00:00Z,80.0
2026-08-30T11:15:00Z,80.0
2026-08-30T11:30:00Z,80.0
2026-08-30T11:45:00Z,80.0
2026-08-30T12:00:00Z,80.0
2026-08-30T12:15:00Z,80.0
2026-08-30T12:30:00Z,80.0
2026-08-30T12:45:00Z,80.0
2026-08-30T13:00:00Z,80.0
2026-08-30T13:15:00Z,80.0
2026-08-30T13:30:00Z,80.0
2026-08-30T13:45:00Z,80.0
2026-08-30T14:00:00Z,80.0
2026-08-30T14:15:00Z,80.0
2026-08-30T14:30:00Z,80.0
2026-08-30T14:45:00Z,80.0
2026-08-30T15:00:00Z,80.0
2026-08-30T15:15:00Z,80.0
2026-08-30T15:30:00Z,101.5
2026-08-30T15:45:00Z,80.0
2026-08-30T16:00:00Z,154.6
2026-08-30T16:15:00Z,80.0
2026-08-30T16:30:00Z,226.6
2026-08-30T16:45:00Z,130.0
2026-08-30T17:00:00Z,213.0
2026-08-30T17:15:00Z,298.0
2026-08-30T17:30:00Z,280.7
2026-08-30T17:45:00Z,307.4
2026-08-30T18:00:00Z,333.5
2026-08-30T18:15:00Z,328.6
2026-08-30T18:30:00Z,324.4
2026-08-30T18:45:00Z,314.4
2026-08-30T19:00:00Z,333.7
2026-08-30T19:15:00Z,332.6
2026-08-30T19:30:00Z,360.9
2026-08-30T19:45:00Z,320.8
2026-08-30T20:00:00Z,341.3
2026-08-30T20:15:00Z,336.1
2026-08-30T20:30:00Z,322.4
2026-08-30T20:45:00Z,335.6
2026-08-30T21:00:00Z,340.7
2026-08-30T21:15:00Z,303.4
2026-08-30T21:30:00Z,337.3
2026-08-30T21:45:00Z,340.8
2026-08-30T22:00:00Z,337.2
2026-08-30T22:15:00Z,330.2
2026-08-30T22:30:00Z,344.3
2026-08-30T22:45:00Z,340.2
2026-08-30T23:00:00Z,323.0
2026-08-30T23:15:00Z,306.2
2026-08-30T23:30:00Z,342.4
2026-08-30T23:45:00Z,317.4
2026-08-31T00:00:00Z,339.4
2026-08-31T00:15:00Z,325.4
2026-08-31T00:30:00Z,334.9
2026-08-31T00:45:00Z,332.2
2026-08-31T01:00:00Z,338.2
2026-08-31T01:15:00Z,333.6
2026-08-31T01:30:00Z,322.1
2026-08-31T01:45:00Z,313.3
2026-08-31T02:00:00Z,329.6
2026-08-31T02:15:00Z,336.1
2026-08-31T02:30:00Z,323.2
2026-08-31T02:45:00Z,332.1
2026-08-31T03:00:00Z,337.8
2026-08-31T03:15:00Z,323.2
2026-08-31T03:30:00Z,340.5
2026-08-31T03:45:00Z,340.2
2026-08-31T04:00:00Z,1182.9
2026-08-31T04:15:00Z,1002.2
2026-08-31T04:30:00Z,1181.3
2026-08-31T04:45:00Z,890.6
2026-08-31T05:00:00Z,772.6
2026-08-31T05:15:00Z,932.5
2026-08-31T05:30:00Z,860.6
2026-08-31T05:45:00Z,937.6
2026-08-31T06:00:00Z,621.4
2026-08-31T06:15:00Z,433.6
2026-08-31T06:30:00Z,488.9
2026-08-31T06:45:00Z,553.3
2026-08-31T07:00:00Z,883.6
2026-08-31T07:15:00Z,765.5
2026-08-31T07:30:00Z,434.2
2026-08-31T07:45:00Z,584.1
2026-08-31T08:00:00Z,408.8
2026-08-31T08:15:00Z,746.9
2026-08-31T08:30:00Z,612.8
2026-08-31T08:45:00Z,437.9
2026-08-31T09:00:00Z,80.0
2026-08-31T09:15:00Z,380.1
2026-08-31T09:30:00Z,632.9
2026-08-31T09:45:00Z,268.7
2026-08-31T10:00:00Z,83.9
2026-08-31T10:15:00Z,527.7
2026-08-31T10:30:00Z,550.7
2026-08-31T10:45:00Z,623.7
2026-08-31T11:00:00Z,564.5
2026-08-31T11:15:00Z,472.9
2026-08-31T11:30:00Z,331.6
2026-08-31T11:45:00Z,80.0
2026-08-31T12:00:00Z,591.9
2026-08-31T12:15:00Z,524.1
2026-08-31T12:30:00Z,325.1
2026-08-31T12:45:00Z,269.6
2026-08-31T13:00:00Z,481.4
2026-08-31T13:15:00Z,416.9
2026-08-31T13:30:00Z,560.2
2026-08-31T13:45:00Z,268.3
2026-08-31T14:00:00Z,302.5
2026-08-31T14:15:00Z,553.1
2026-08-31T14:30:00Z,504.6
2026-08-31T14:45:00Z,369.2
2026-08-31T15:00:00Z,502.0
2026-08-31T15:15:00Z,872.3
2026-08-31T15:30:00Z,589.3
2026-08-31T15:45:00Z,453.3
2026-08-31T16:00:00Z,608.6
2026-08-31T16:15:00Z,703.5
2026-08-31T16:30:00Z,567.1
2026-08-31T16:45:00Z,655.4
2026-08-31T17:00:00Z,929.3
2026-08-31T17:15:00Z,902.3
2026-08-31T17:30:00Z,907.0
2026-08-31T17:45:00Z,770.9
2026-08-31T18:00:00Z,848.2
2026-08-31T18:15:00Z,857.1
2026-08-31T18:30:00Z,891.7
2026-08-31T18:45:00Z,1021.4
2026-08-31T19:00:00Z,1026.9
2026-08-31T19:15:00Z,821.6
2026-08-31T19:30:00Z,830.7
2026-08-31T19:45:00Z,817.6
2026-08-31T20:00:00Z,314.0
2026-08-31T20:15:00Z,339.3
2026-08-31T20:30:00Z,346.8
2026-08-31T20:45:00Z,317.6
2026-08-31T21:00:00Z,317.3
2026-08-31T21:15:00Z,320.5
2026-08-31T21:30:00Z,316.3
2026-08-31T21:45:00Z,329.5
2026-08-31T22:00:00Z,320.0
2026-08-31T22:15:00Z,318.7
2026-08-31T22:30:00Z,339.4
2026-08-31T22:45:00Z,343.0
2026-08-31T23:00:00Z,334.7
2026-08-31T23:15:00Z,321.3
2026-08-31T23:30:00Z,332.5
2026-08-31T23:45:00Z,343.4
2026-09-01T00:00:00Z,329.4
2026-09-01T00:15:00Z,332.2
2026-09-01T00:30:00Z,356.3
2026-09-01T00:45:00Z,323.3
2026-09-01T01:00:00Z,301.9
2026-09-01T01:15:00Z,343.3
2026-09-01T01:30:00Z,344.1
2026-09-01T01:45:00Z,311.6
2026-09-01T02:00:00Z,338.2
2026-09-01T02:15:00Z,331.7
2026-09-01T02:30:00Z,344.7
2026-09-01T02:45:00Z,334.7
2026-09-01T03:00:00Z,322.3
2026-09-01T03:15:00Z,335.1
2026-09-01T03:30:00Z,330.1
2026-09-01T03:45:00Z,306.1
2026-09-01T04:00:00Z,842.0
2026-09-01T04:15:00Z,927.8
2026-09-01T04:30:00Z,1005.6
2026-09-01T04:45:00Z,1003.3
2026-09-01T05:00:00Z,1034.5
2026-09-01T05:15:00Z,571.3
2026-09-01T05:30:00Z,885.0
2026-09-01T05:45:00Z,808.9
2026-09-01T06:00:00Z,673.1
2026-09-01T06:15:00Z,708.6
2026-09-01T06:30:00Z,468.0
2026-09-01T06:45:00Z,545.5
2026-09-01T07:00:00Z,604.9
2026-09-01T07:15:00Z,575.1
2026-09-01T07:30:00Z,394.8
2026-09-01T07:45:00Z,635.6
2026-09-01T08:00:00Z,700.9
2026-09-01T08:15:00Z,609.3
2026-09-01T08:30:00Z,480.2
2026-09-01T08:45:00Z,598.3
2026-09-01T09:00:00Z,276.4
2026-09-01T09:15:00Z,680.2
2026-09-01T09:30:00Z,99.1
2026-09-01T09:45:00Z,531.9
2026-09-01T10:00:00Z,496.3
2026-09-01T10:15:00Z,469.4
2026-09-01T10:30:00Z,80.0
2026-09-01T10:45:00Z,419.8
2026-09-01T11:00:00Z,80.0
2026-09-01T11:15:00Z,458.2
2026-09-01T11:30:00Z,414.6
2026-09-01T11:45:00Z,215.2
2026-09-01T12:00:00Z,319.0
2026-09-01T12:15:00Z,152.4
2026-09-01T12:30:00Z,628.6
2026-09-01T12:45:00Z,644.0
2026-09-01T13:00:00Z,578.1
2026-09-01T13:15:00Z,697.0
2026-09-01T13:30:00Z,441.6
2026-09-01T13:45:00Z,581.0
2026-09-01T14:00:00Z,699.3
2026-09-01T14:15:00Z,501.2
2026-09-01T14:30:00Z,255.1
2026-09-01T14:45:00Z,395.2
2026-09-01T15:00:00Z,432.2
2026-09-01T15:15:00Z,399.4
2026-09-01T15:30:00Z,594.0
2026-09-01T15:45:00Z,577.9
2026-09-01T16:00:00Z,628.3
2026-09-01T16:15:00Z,706.9
2026-09-01T16:30:00Z,537.6
2026-09-01T16:45:00Z,970.9
2026-09-01T17:00:00Z,873.4
2026-09-01T17:15:00Z,790.7
2026-09-01T17:30:00Z,862.7
2026-09-01T17:45:00Z,733.4
2026-09-01T18:00:00Z,1057.9
2026-09-01T18:15:00Z,885.4
2026-09-01T18:30:00Z,957.0
2026-09-01T18:45:00Z,1035.1
2026-09-01T19:00:00Z,821.3
2026-09-01T19:15:00Z,910.9
2026-09-01T19:30:00Z,778.1
2026-09-01T19:45:00Z,949.8
2026-09-01T20:00:00Z,328.7
2026-09-01T20:15:00Z,332.1
2026-09-01T20:30:00Z,313.9
2026-09-01T20:45:00Z,336.9
2026-09-01T21:00:00Z,327.5
2026-09-01T21:15:00Z,319.9
2026-09-01T21:30:00Z,317.0
2026-09-01T21:45:00Z,326.5
2026-09-01T22:00:00Z,312.4
2026-09-01T22:15:00Z,360.8
2026-09-01T22:30:00Z,336.4
2026-09-01T22:45:00Z,350.8
2026-09-01T23:00:00Z,341.6
2026-09-01T23:15:00Z,325.8
2026-09-01T23:30:00Z,317.5
2026-09-01T23:45:00Z,326.1
2026-09-02T00:00:00Z,336.1
2026-09-02T00:15:00Z,320.9
2026-09-02T00:30:00Z,334.6
2026-09-02T00:45:00Z,345.6
2026-09-02T01:00:00Z,311.7
2026-09-02T01:15:00Z,325.1
2026-09-02T01:30:00Z,335.4
2026-09-02T01:45:00Z,316.6
2026-09-02T02:00:00Z,315.5
2026-09-02T02:15:00Z,343.5
2026-09-02T02:30:00Z,334.7
2026-09-02T02:45:00Z,335.8
2026-09-02T03:00:00Z,329.7
2026-09-02T03:15:00Z,331.2
2026-09-02T03:30:00Z,311.2
2026-09-02T03:45:00Z,337.6
2026-09-02T04:00:00Z,985.3
2026-09-02T04:15:00Z,1070.2
2026-09-02T04:30:00Z,977.1
2026-09-02T04:45:00Z,876.4
2026-09-02T05:00:00Z,822.1
2026-09-02T05:15:00Z,760.6
2026-09-02T05:30:00Z,642.1
2026-09-02T05:45:00Z,956.7
2026-09-02T06:00:00Z,772.3
2026-09-02T06:15:00Z,849.5
2026-09-02T06:30:00Z,580.8
2026-09-02T06:45:00Z,671.1
2026-09-02T07:00:00Z,513.9
2026-09-02T07:15:00Z,572.0
2026-09-02T07:30:00Z,631.1
2026-09-02T07:45:00Z,699.6
2026-09-02T08:00:00Z,454.2
2026-09-02T08:15:00Z,148.5
2026-09-02T08:30:00Z,603.3
2026-09-02T08:45:00Z,412.1
2026-09-02T09:00:00Z,514.3
2026-09-02T09:15:00Z,216.6
2026-09-02T09:30:00Z,718.8
2026-09-02T09:45:00Z,770.2
2026-09-02T10:00:00Z,356.7
2026-09-02T10:15:00Z,239.0
2026-09-02T10:30:00Z,447.5
2026-09-02T10:45:00Z,531.6
2026-09-02T11:00:00Z,179.7
2026-09-02T11:15:00Z,209.8
2026-09-02T11:30:00Z,594.5
2026-09-02T11:45:00Z,80.0
2026-09-02T12:00:00Z,653.1
2026-09-02T12:15:00Z,248.1
2026-09-02T12:30:00Z,136.0
2026-09-02T12:45:00Z,381.8
2026-09-02T13:00:00Z,411.5
2026-09-02T13:15:00Z,329.8
2026-09-02T13:30:00Z,283.5
2026-09-02T13:45:00Z,722.5
2026-09-02T14:00:00Z,518.3
2026-09-02T14:15:00Z,568.7
2026-09-02T14:30:00Z,454.5
2026-09-02T14:45:00Z,422.0
2026-09-02T15:00:00Z,610.1
2026-09-02T15:15:00Z,539.1
2026-09-02T15:30:00Z,504.0
2026-09-02T15:45:00Z,752.0
2026-09-02T16:00:00Z,854.3
2026-09-02T16:15:00Z,718.4
2026-09-02T16:30:00Z,714.1
2026-09-02T16:45:00Z,686.2
2026-09-02T17:00:00Z,802.7
2026-09-02T17:15:00Z,679.5
2026-09-02T17:30:00Z,887.9
2026-09-02T17:45:00Z,831.6
2026-09-02T18:00:00Z,899.9
2026-09-02T18:15:00Z,979.2
2026-09-02T18:30:00Z,874.5
2026-09-02T18:45:00Z,1037.3
2026-09-02T19:00:00Z,961.0
2026-09-02T19:15:00Z,823.8
2026-09-02T19:30:00Z,1028.4
2026-09-02T19:45:00Z,852.0
2026-09-02T20:00:00Z,331.7
2026-09-02T20:15:00Z,357.3
2026-09-02T20:30:00Z,306.9
2026-09-02T20:45:00Z,313.4
2026-09-02T21:00:00Z,327.2
2026-09-02T21:15:00Z,346.1
2026-09-02T21:30:00Z,319.7
2026-09-02T21:45:00Z,326.8
2026-09-02T22:00:00Z,329.6
2026-09-02T22:15:00Z,320.6
2026-09-02T22:30:00Z,341.0
2026-09-02T22:45:00Z,318.4
2026-09-02T23:00:00Z,322.1
2026-09-02T23:15:00Z,306.2
2026-09-02T23:30:00Z,345.3
2026-09-02T23:45:00Z,326.3
2026-09-03T00:00:00Z,334.4
2026-09-03T00:15:00Z,334.7
2026-09-03T00:30:00Z,357.4
2026-09-03T00:45:00Z,340.1
2026-09-03T01:00:00Z,325.6
2026-09-03T01:15:00Z,346.9
2026-09-03T01:30:00Z,300.4
2026-09-03T01:45:00Z,329.1
2026-09-03T02:00:00Z,337.1
2026-09-03T02:15:00Z,333.0
2026-09-03T02:30:00Z,337.0
2026-09-03T02:45:00Z,341.7
2026-09-03T03:00:00Z,337.3
2026-09-03T03:15:00Z,324.7
2026-09-03T03:30:00Z,306.7
2026-09-03T03:45:00Z,356.7
2026-09-03T04:00:00Z,907.4
2026-09-03T04:15:00Z,1039.3
2026-09-03T04:30:00Z,800.8
2026-09-03T04:45:00Z,1070.1
2026-09-03T05:00:00Z,815.1
2026-09-03T05:15:00Z,945.1
2026-09-03T05:30:00Z,767.6
2026-09-03T05:45:00Z,924.6
2026-09-03T06:00:00Z,682.0
2026-09-03T06:15:00Z,708.5
2026-09-03T06:30:00Z,652.7
2026-09-03T06:45:00Z,605.5
2026-09-03T07:00:00Z,626.2
2026-09-03T07:15:00Z,634.3
2026-09-03T07:30:00Z,548.7
2026-09-03T07:45:00Z,245.2
2026-09-03T08:00:00Z,183.4
2026-09-03T08:15:00Z,472.9
2026-09-03T08:30:00Z,633.4
2026-09-03T08:45:00Z,595.9
2026-09-03T09:00:00Z,101.2
2026-09-03T09:15:00Z,318.3
2026-09-03T09:30:00Z,550.4
2026-09-03T09:45:00Z,80.0
2026-09-03T10:00:00Z,125.3
2026-09-03T10:15:00Z,668.1
2026-09-03T10:30:00Z,352.7
2026-09-03T10:45:00Z,92.9
2026-09-03T11:00:00Z,689.9
2026-09-03T11:15:00Z,132.2
2026-09-03T11:30:00Z,80.0
2026-09-03T11:45:00Z,574.5
2026-09-03T12:00:00Z,87.0
2026-09-03T12:15:00Z,499.6
2026-09-03T12:30:00Z,236.8
2026-09-03T12:45:00Z,449.6
2026-09-03T13:00:00Z,361.6
2026-09-03T13:15:00Z,521.9
2026-09-03T13:30:00Z,361.5
2026-09-03T13:45:00Z,150.0
2026-09-03T14:00:00Z,459.2
2026-09-03T14:15:00Z,432.3
2026-09-03T14:30:00Z,848.0
2026-09-03T14:45:00Z,420.7
2026-09-03T15:00:00Z,371.4
2026-09-03T15:15:00Z,926.8
2026-09-03T15:30:00Z,555.0
2026-09-03T15:45:00Z,688.6
2026-09-03T16:00:00Z,475.8
2026-09-03T16:15:00Z,765.0
2026-09-03T16:30:00Z,539.0
2026-09-03T16:45:00Z,832.0
2026-09-03T17:00:00Z,827.2
2026-09-03T17:15:00Z,664.5
2026-09-03T17:30:00Z,981.4
2026-09-03T17:45:00Z,951.4
2026-09-03T18:00:00Z,1030.2
2026-09-03T18:15:00Z,883.7
2026-09-03T18:30:00Z,965.9
2026-09-03T18:45:00Z,869.0
2026-09-03T19:00:00Z,873.3
2026-09-03T19:15:00Z,1018.8
2026-09-03T19:30:00Z,837.5
2026-09-03T19:45:00Z,928.8
2026-09-03T20:00:00Z,320.4
2026-09-03T20:15:00Z,320.0
2026-09-03T20:30:00Z,344.3
2026-09-03T20:45:00Z,322.5
2026-09-03T21:00:00Z,320.7
2026-09-03T21:15:00Z,321.8
2026-09-03T21:30:00Z,318.3
2026-09-03T21:45:00Z,345.2
2026-09-03T22:00:00Z,327.7
2026-09-03T22:15:00Z,320.2
2026-09-03T22:30:00Z,343.7
2026-09-03T22:45:00Z,325.3
2026-09-03T23:00:00Z,344.6
2026-09-03T23:15:00Z,338.6
2026-09-03T23:30:00Z,338.6
2026-09-03T23:45:00Z,331.6
2026-09-04T00:00:00Z,317.9
2026-09-04T00:15:00Z,324.1
2026-09-04T00:30:00Z,318.5
2026-09-04T00:45:00Z,341.4
2026-09-04T01:00:00Z,314.4
2026-09-04T01:15:00Z,324.6
2026-09-04T01:30:00Z,319.8
2026-09-04T01:45:00Z,306.2
2026-09-04T02:00:00Z,327.4
2026-09-04T02:15:00Z,339.9
2026-09-04T02:30:00Z,324.9
2026-09-04T02:45:00Z,321.1
2026-09-04T03:00:00Z,333.6
2026-09-04T03:15:00Z,338.4
2026-09-04T03:30:00Z,340.0
2026-09-04T03:45:00Z,322.9
2026-09-04T04:00:00Z,991.8
2026-09-04T04:15:00Z,923.4
2026-09-04T04:30:00Z,800.1
2026-09-04T04:45:00Z,901.0
2026-09-04T05:00:00Z,865.8
2026-09-04T05:15:00Z,841.5
2026-09-04T05:30:00Z,864.1
2026-09-04T05:45:00Z,857.9
2026-09-04T06:00:00Z,668.1
2026-09-04T06:15:00Z,713.9
2026-09-04T06:30:00Z,767.6
2026-09-04T06:45:00Z,517.9
2026-09-04T07:00:00Z,345.8
2026-09-04T07:15:00Z,638.5
2026-09-04T07:30:00Z,442.2
2026-09-04T07:45:00Z,352.3
2026-09-04T08:00:00Z,808.7
2026-09-04T08:15:00Z,742.2
2026-09-04T08:30:00Z,312.0
2026-09-04T08:45:00Z,628.1
2026-09-04T09:00:00Z,623.5
2026-09-04T09:15:00Z,539.8
2026-09-04T09:30:00Z,149.4
2026-09-04T09:45:00Z,480.5
2026-09-04T10:00:00Z,236.6
2026-09-04T10:15:00Z,367.7
2026-09-04T10:30:00Z,370.1
2026-09-04T10:45:00Z,594.6
2026-09-04T11:00:00Z,658.8
2026-09-04T11:15:00Z,290.8
2026-09-04T11:30:00Z,344.2
2026-09-04T11:45:00Z,420.6
2026-09-04T12:00:00Z,88.4
2026-09-04T12:15:00Z,474.8
2026-09-04T12:30:00Z,580.8
2026-09-04T12:45:00Z,146.9
2026-09-04T13:00:00Z,341.7
2026-09-04T13:15:00Z,683.2
2026-09-04T13:30:00Z,812.0
2026-09-04T13:45:00Z,812.1
2026-09-04T14:00:00Z,446.8
2026-09-04T14:15:00Z,423.2
2026-09-04T14:30:00Z,453.7
2026-09-04T14:45:00Z,603.9
2026-09-04T15:00:00Z,477.0
2026-09-04T15:15:00Z,554.6
2026-09-04T15:30:00Z,620.1
2026-09-04T15:45:00Z,746.8
2026-09-04T16:00:00Z,728.4
2026-09-04T16:15:00Z,596.1
2026-09-04T16:30:00Z,748.0
2026-09-04T16:45:00Z,829.7
2026-09-04T17:00:00Z,596.5
2026-09-04T17:15:00Z,813.6
2026-09-04T17:30:00Z,790.7
2026-09-04T17:45:00Z,992.8
2026-09-04T18:00:00Z,863.9
2026-09-04T18:15:00Z,968.7
2026-09-04T18:30:00Z,782.5
2026-09-04T18:45:00Z,975.9
2026-09-04T19:00:00Z,964.7
2026-09-04T19:15:00Z,1078.0
2026-09-04T19:30:00Z,1050.7
2026-09-04T19:45:00Z,1062.8
2026-09-04T20:00:00Z,321.5
2026-09-04T20:15:00Z,334.0
2026-09-04T20:30:00Z,317.9
2026-09-04T20:45:00Z,320.4
2026-09-04T21:00:00Z,317.5
2026-09-04T21:15:00Z,346.2
2026-09-04T21:30:00Z,316.3
2026-09-04T21:45:00Z,324.3
2026-09-04T22:00:00Z,323.2
2026-09-04T22:15:00Z,343.9
2026-09-04T22:30:00Z,322.4
2026-09-04T22:45:00Z,337.9
2026-09-04T23:00:00Z,327.0
2026-09-04T23:15:00Z,324.1
2026-09-04T23:30:00Z,343.0
2026-09-04T23:45:00Z,339.4
2026-09-05T00:00:00Z,329.2
2026-09-05T00:15:00Z,344.6
2026-09-05T00:30:00Z,339.0
2026-09-05T00:45:00Z,324.4
2026-09-05T01:00:00Z,347.9
2026-09-05T01:15:00Z,308.1
2026-09-05T01:30:00Z,311.1
2026-09-05T01:45:00Z,353.3
2026-09-05T02:00:00Z,334.4
2026-09-05T02:15:00Z,344.3
2026-09-05T02:30:00Z,328.5
2026-09-05T02:45:00Z,332.1
2026-09-05T03:00:00Z,334.3
2026-09-05T03:15:00Z,330.9
2026-09-05T03:30:00Z,328.3
2026-09-05T03:45:00Z,305.9
2026-09-05T04:00:00Z,338.1
2026-09-05T04:15:00Z,293.8
2026-09-05T04:30:00Z,254.7
2026-09-05T04:45:00Z,276.3
2026-09-05T05:00:00Z,145.4
2026-09-05T05:15:00Z,222.5
2026-09-05T05:30:00Z,80.0
2026-09-05T05:45:00Z,144.8
2026-09-05T06:00:00Z,80.0
2026-09-05T06:15:00Z,92.0
2026-09-05T06:30:00Z,104.5
2026-09-05T06:45:00Z,80.0
2026-09-05T07:00:00Z,98.4
2026-09-05T07:15:00Z,80.0
2026-09-05T07:30:00Z,80.0
2026-09-05T07:45:00Z,80.0
2026-09-05T08:00:00Z,80.0
2026-09-05T08:15:00Z,80.0
2026-09-05T08:30:00Z,80.0
2026-09-05T08:45:00Z,80.0
2026-09-05T09:00:00Z,80.0
2026-09-05T09:15:00Z,80.0
2026-09-05T09:30:00Z,80.0
2026-09-05T09:45:00Z,80.0
2026-09-05T10:00:00Z,80.0
2026-09-05T10:15:00Z,80.0
2026-09-05T10:30:00Z,80.0
2026-09-05T10:45:00Z,80.0
2026-09-05T11:00:00Z,80.0
2026-09-05T11:15:00Z,80.0
2026-09-05T11:30:00Z,80.0
2026-09-05T11:45:00Z,80.0
2026-09-05T12:00:00Z,80.0
2026-09-05T12:15:00Z,80.0
2026-09-05T12:30:00Z,80.0
2026-09-05T12:45:00Z,80.0
2026-09-05T13:00:00Z,80.0
2026-09-05T13:15:00Z,80.0
2026-09-05T13:30:00Z,90.2
2026-09-05T13:45:00Z,80.0
2026-09-05T14:00:00Z,80.0
2026-09-05T14:15:00Z,80.0
2026-09-05T14:30:00Z,142.8
2026-09-05T14:45:00Z,80.0
2026-09-05T15:00:00Z,80.0
2026-09-05T15:15:00Z,154.0
2026-09-05T15:30:00Z,150.3
2026-09-05T15:45:00Z,161.2
2026-09-05T16:00:00Z,80.0
2026-09-05T16:15:00Z,80.0
2026-09-05T16:30:00Z,143.4
2026-09-05T16:45:00Z,103.5
2026-09-05T17:00:00Z,226.0
2026-09-05T17:15:00Z,224.8
2026-09-05T17:30:00Z,265.3
2026-09-05T17:45:00Z,302.4
2026-09-05T18:00:00Z,310.8
2026-09-05T18:15:00Z,327.6
2026-09-05T18:30:00Z,331.0
2026-09-05T18:45:00Z,336.6
2026-09-05T19:00:00Z,330.9
2026-09-05T19:15:00Z,318.9
2026-09-05T19:30:00Z,346.5
2026-09-05T19:45:00Z,327.1
2026-09-05T20:00:00Z,325.7
2026-09-05T20:15:00Z,332.4
2026-09-05T20:30:00Z,353.0
2026-09-05T20:45:00Z,326.0
2026-09-05T21:00:00Z,307.9
2026-09-05T21:15:00Z,314.1
2026-09-05T21:30:00Z,340.5
2026-09-05T21:45:00Z,351.7
2026-09-05T22:00:00Z,355.3
2026-09-05T22:15:00Z,333.5
2026-09-05T22:30:00Z,321.2
2026-09-05T22:45:00Z,354.8
2026-09-05T23:00:00Z,327.6
2026-09-05T23:15:00Z,317.3
2026-09-05T23:30:00Z,337.4
2026-09-05T23:45:00Z,343.2
2026-09-06T00:00:00Z,349.0
2026-09-06T00:15:00Z,313.0
2026-09-06T00:30:00Z,327.1
2026-09-06T00:45:00Z,325.6
2026-09-06T01:00:00Z,330.8
2026-09-06T01:15:00Z,335.4
2026-09-06T01:30:00Z,343.7
2026-09-06T01:45:00Z,322.7
2026-09-06T02:00:00Z,337.7
2026-09-06T02:15:00Z,346.0
2026-09-06T02:30:00Z,337.8
2026-09-06T02:45:00Z,337.0
2026-09-06T03:00:00Z,336.0
2026-09-06T03:15:00Z,328.3
2026-09-06T03:30:00Z,349.6
2026-09-06T03:45:00Z,321.1
2026-09-06T04:00:00Z,322.8
2026-09-06T04:15:00Z,298.7
2026-09-06T04:30:00Z,263.0
2026-09-06T04:45:00Z,197.9
2026-09-06T05:00:00Z,269.4
2026-09-06T05:15:00Z,117.9
2026-09-06T05:30:00Z,156.3
2026-09-06T05:45:00Z,167.5
2026-09-06T06:00:00Z,132.7
2026-09-06T06:15:00Z,80.0
2026-09-06T06:30:00Z,80.0
2026-09-06T06:45:00Z,80.0
2026-09-06T07:00:00Z,80.0
2026-09-06T07:15:00Z,80.0
2026-09-06T07:30:00Z,80.0
2026-09-06T07:45:00Z,80.0
2026-09-06T08:00:00Z,80.0
2026-09-06T08:15:00Z,80.0
2026-09-06T08:30:00Z,80.0
2026-09-06T08:45:00Z,80.0
2026-09-06T09:00:00Z,80.0
2026-09-06T09:15:00Z,80.0
2026-09-06T09:30:00Z,80.0
2026-09-06T09:45:00Z,80.0
2026-09-06T10:00:00Z,80.0
2026-09-06T10:15:00Z,80.0
2026-09-06T10:30:00Z,80.0
2026-09-06T10:45:00Z,80.0
2026-09-06T11:00:00Z,80.0
2026-09-06T11:15:00Z,80.0
2026-09-06T11:30:00Z,80.0
2026-09-06T11:45:00Z,80.0
2026-09-06T12:00:00Z,80.0
2026-09-06T12:15:00Z,80.0
2026-09-06T12:30:00Z,80.0
2026-09-06T12:45:00Z,80.0
2026-09-06T13:00:00Z,80.0
2026-09-06T13:15:00Z,80.0
2026-09-06T13:30:00Z,80.0
2026-09-06T13:45:00Z,80.0
2026-09-06T14:00:00Z,80.0
2026-09-06T14:15:00Z,80.0
2026-09-06T14:30:00Z,80.0
2026-09-06T14:45:00Z,141.5
2026-09-06T15:00:00Z,80.0
2026-09-06T15:15:00Z,122.8
2026-09-06T15:30:00Z,80.0
2026-09-06T15:45:00Z,170.4
2026-09-06T16:00:00Z,80.0
2026-09-06T16:15:00Z,232.6
2026-09-06T16:30:00Z,242.6
2026-09-06T16:45:00Z,89.3
2026-09-06T17:00:00Z,231.4
2026-09-06T17:15:00Z,185.9
2026-09-06T17:30:00Z,233.9
2026-09-06T17:45:00Z,281.8
2026-09-06T18:00:00Z,336.6
2026-09-06T18:15:00Z,330.2
2026-09-06T18:30:00Z,312.1
2026-09-06T18:45:00Z,333.6
2026-09-06T19:00:00Z,306.8
2026-09-06T19:15:00Z,320.7
2026-09-06T19:30:00Z,332.6
2026-09-06T19:45:00Z,338.4
2026-09-06T20:00:00Z,340.0
2026-09-06T20:15:00Z,338.2
2026-09-06T20:30:00Z,331.1
2026-09-06T20:45:00Z,340.0
2026-09-06T21:00:00Z,342.9
2026-09-06T21:15:00Z,332.1
2026-09-06T21:30:00Z,353.7
2026-09-06T21:45:00Z,332.9
2026-09-06T22:00:00Z,343.4
2026-09-06T22:15:00Z,320.0
2026-09-06T22:30:00Z,337.3
2026-09-06T22:45:00Z,335.3
2026-09-06T23:00:00Z,322.3
2026-09-06T23:15:00Z,359.0
2026-09-06T23:30:00Z,326.5
2026-09-06T23:45:00Z,328.3
2026-09-07T00:00:00Z,353.1
2026-09-07T00:15:00Z,368.4
2026-09-07T00:30:00Z,361.8
2026-09-07T00:45:00Z,336.9
2026-09-07T01:00:00Z,355.0
2026-09-07T01:15:00Z,330.9
2026-09-07T01:30:00Z,324.1
2026-09-07T01:45:00Z,354.4
2026-09-07T02:00:00Z,322.6
2026-09-07T02:15:00Z,348.4
2026-09-07T02:30:00Z,336.4
2026-09-07T02:45:00Z,313.3
2026-09-07T03:00:00Z,357.8
2026-09-07T03:15:00Z,336.3
2026-09-07T03:30:00Z,302.8
2026-09-07T03:45:00Z,325.2
2026-09-07T04:00:00Z,925.7
2026-09-07T04:15:00Z,990.4
2026-09-07T04:30:00Z,912.9
2026-09-07T04:45:00Z,931.9
2026-09-07T05:00:00Z,902.5
2026-09-07T05:15:00Z,910.2
2026-09-07T05:30:00Z,890.4
2026-09-07T05:45:00Z,972.9
2026-09-07T06:00:00Z,695.4
2026-09-07T06:15:00Z,593.1
2026-09-07T06:30:00Z,720.6
2026-09-07T06:45:00Z,471.5
2026-09-07T07:00:00Z,510.0
2026-09-07T07:15:00Z,374.1
2026-09-07T07:30:00Z,685.4
2026-09-07T07:45:00Z,512.1
2026-09-07T08:00:00Z,596.1
2026-09-07T08:15:00Z,349.8
2026-09-07T08:30:00Z,270.7
2026-09-07T08:45:00Z,608.0
2026-09-07T09:00:00Z,669.5
2026-09-07T09:15:00Z,770.5
2026-09-07T09:30:00Z,153.1
2026-09-07T09:45:00Z,493.4
2026-09-07T10:00:00Z,434.0
2026-09-07T10:15:00Z,406.8
2026-09-07T10:30:00Z,563.9
2026-09-07T10:45:00Z,423.4
2026-09-07T11:00:00Z,240.2
2026-09-07T11:15:00Z,234.3
2026-09-07T11:30:00Z,358.5
2026-09-07T11:45:00Z,80.0
2026-09-07T12:00:00Z,264.4
2026-09-07T12:15:00Z,368.5
2026-09-07T12:30:00Z,390.0
2026-09-07T12:45:00Z,689.0
2026-09-07T13:00:00Z,80.0
2026-09-07T13:15:00Z,616.9
2026-09-07T13:30:00Z,454.6
2026-09-07T13:45:00Z,611.4
2026-09-07T14:00:00Z,213.5
2026-09-07T14:15:00Z,604.4
2026-09-07T14:30:00Z,647.6
2026-09-07T14:45:00Z,565.6
2026-09-07T15:00:00Z,607.0
2026-09-07T15:15:00Z,542.3
2026-09-07T15:30:00Z,577.5
2026-09-07T15:45:00Z,754.7
2026-09-07T16:00:00Z,591.4
2026-09-07T16:15:00Z,819.8
2026-09-07T16:30:00Z,744.5
2026-09-07T16:45:00Z,551.2
2026-09-07T17:00:00Z,703.6
2026-09-07T17:15:00Z,765.7
2026-09-07T17:30:00Z,786.2
2026-09-07T17:45:00Z,991.7
2026-09-07T18:00:00Z,936.0
2026-09-07T18:15:00Z,907.0
2026-09-07T18:30:00Z,1054.6
2026-09-07T18:45:00Z,808.6
2026-09-07T19:00:00Z,931.8
2026-09-07T19:15:00Z,958.4
2026-09-07T19:30:00Z,1059.1
2026-09-07T19:45:00Z,979.1
2026-09-07T20:00:00Z,325.1
2026-09-07T20:15:00Z,340.9
2026-09-07T20:30:00Z,317.3
2026-09-07T20:45:00Z,323.9
2026-09-07T21:00:00Z,304.1
2026-09-07T21:15:00Z,320.7
2026-09-07T21:30:00Z,323.7
2026-09-07T21:45:00Z,322.3
2026-09-07T22:00:00Z,355.5
2026-09-07T22:15:00Z,333.1
2026-09-07T22:30:00Z,340.7
2026-09-07T22:45:00Z,322.4
2026-09-07T23:00:00Z,332.3
2026-09-07T23:15:00Z,333.6
2026-09-07T23:30:00Z,327.1
2026-09-07T23:45:00Z,341.3
2026-09-08T00:00:00Z,316.4
2026-09-08T00:15:00Z,314.4
2026-09-08T00:30:00Z,327.2
2026-09-08T00:45:00Z,330.4
2026-09-08T01:00:00Z,318.9
2026-09-08T01:15:00Z,317.1
2026-09-08T01:30:00Z,356.9
2026-09-08T01:45:00Z,341.9
2026-09-08T02:00:00Z,340.8
2026-09-08T02:15:00Z,330.5
2026-09-08T02:30:00Z,340.5
2026-09-08T02:45:00Z,343.4
2026-09-08T03:00:00Z,322.5
2026-09-08T03:15:00Z,323.1
2026-09-08T03:30:00Z,345.2
2026-09-08T03:45:00Z,330.0
2026-09-08T04:00:00Z,987.3
2026-09-08T04:15:00Z,939.1
2026-09-08T04:30:00Z,839.0
2026-09-08T04:45:00Z,964.5
2026-09-08T05:00:00Z,863.7
2026-09-08T05:15:00Z,863.3
2026-09-08T05:30:00Z,910.4
2026-09-08T05:45:00Z,849.1
2026-09-08T06:00:00Z,733.7
2026-09-08T06:15:00Z,676.8
2026-09-08T06:30:00Z,809.5
2026-09-08T06:45:00Z,774.2
2026-09-08T07:00:00Z,683.5
2026-09-08T07:15:00Z,339.7
2026-09-08T07:30:00Z,540.5
2026-09-08T07:45:00Z,530.7
2026-09-08T08:00:00Z,701.6
2026-09-08T08:15:00Z,493.6
2026-09-08T08:30:00Z,539.1
2026-09-08T08:45:00Z,483.2
2026-09-08T09:00:00Z,516.0
2026-09-08T09:15:00Z,743.1
2026-09-08T09:30:00Z,510.7
2026-09-08T09:45:00Z,354.9
2026-09-08T10:00:00Z,282.2
2026-09-08T10:15:00Z,140.8
2026-09-08T10:30:00Z,343.3
2026-09-08T10:45:00Z,80.0
2026-09-08T11:00:00Z,308.6
2026-09-08T11:15:00Z,80.0
2026-09-08T11:30:00Z,502.6
2026-09-08T11:45:00Z,277.1
2026-09-08T12:00:00Z,217.1
2026-09-08T12:15:00Z,799.1
2026-09-08T12:30:00Z,253.6
2026-09-08T12:45:00Z,132.3
2026-09-08T13:00:00Z,281.1
2026-09-08T13:15:00Z,467.0
2026-09-08T13:30:00Z,219.2
2026-09-08T13:45:00Z,577.7
2026-09-08T14:00:00Z,495.7
2026-09-08T14:15:00Z,497.4
2026-09-08T14:30:00Z,610.0
2026-09-08T14:45:00Z,343.4
2026-09-08T15:00:00Z,400.8
2026-09-08T15:15:00Z,789.8
2026-09-08T15:30:00Z,876.2
2026-09-08T15:45:00Z,773.1
2026-09-08T16:00:00Z,620.3
2026-09-08T16:15:00Z,707.2
2026-09-08T16:30:00Z,648.5
2026-09-08T16:45:00Z,825.9
2026-09-08T17:00:00Z,905.6
2026-09-08T17:15:00Z,714.6
2026-09-08T17:30:00Z,762.3
2026-09-08T17:45:00Z,945.3
2026-09-08T18:00:00Z,804.9
2026-09-08T18:15:00Z,1046.3
2026-09-08T18:30:00Z,826.7
2026-09-08T18:45:00Z,942.2
2026-09-08T19:00:00Z,883.5
2026-09-08T19:15:00Z,1009.2
2026-09-08T19:30:00Z,783.6
2026-09-08T19:45:00Z,887.9
2026-09-08T20:00:00Z,343.9
2026-09-08T20:15:00Z,327.9
2026-09-08T20:30:00Z,350.9
2026-09-08T20:45:00Z,336.6
2026-09-08T21:00:00Z,310.6
2026-09-08T21:15:00Z,349.1
2026-09-08T21:30:00Z,344.5
2026-09-08T21:45:00Z,334.5
2026-09-08T22:00:00Z,317.7
2026-09-08T22:15:00Z,336.8
2026-09-08T22:30:00Z,314.6
2026-09-08T22:45:00Z,306.3
2026-09-08T23:00:00Z,326.6
2026-09-08T23:15:00Z,329.0
2026-09-08T23:30:00Z,352.3
2026-09-08T23:45:00Z,320.7
2026-09-09T00:00:00Z,342.7
2026-09-09T00:15:00Z,333.2
2026-09-09T00:30:00Z,330.4
2026-09-09T00:45:00Z,312.8
2026-09-09T01:00:00Z,308.7
2026-09-09T01:15:00Z,335.8
2026-09-09T01:30:00Z,318.2
2026-09-09T01:45:00Z,310.9
2026-09-09T02:00:00Z,324.0
2026-09-09T02:15:00Z,331.1
2026-09-09T02:30:00Z,339.6
2026-09-09T02:45:00Z,325.8
2026-09-09T03:00:00Z,324.5
2026-09-09T03:15:00Z,319.8
2026-09-09T03:30:00Z,347.5
2026-09-09T03:45:00Z,345.1
2026-09-09T04:00:00Z,1127.3
2026-09-09T04:15:00Z,1095.8
2026-09-09T04:30:00Z,767.4
2026-09-09T04:45:00Z,995.8
2026-09-09T05:00:00Z,754.1
2026-09-09T05:15:00Z,797.9
2026-09-09T05:30:00Z,996.2
2026-09-09T05:45:00Z,837.1
2026-09-09T06:00:00Z,836.0
2026-09-09T06:15:00Z,559.7
2026-09-09T06:30:00Z,479.5
2026-09-09T06:45:00Z,677.9
2026-09-09T07:00:00Z,699.8
2026-09-09T07:15:00Z,609.1
2026-09-09T07:30:00Z,592.6
2026-09-09T07:45:00Z,457.2
2026-09-09T08:00:00Z,554.0
2026-09-09T08:15:00Z,575.1
2026-09-09T08:30:00Z,609.5
2026-09-09T08:45:00Z,275.1
2026-09-09T09:00:00Z,474.6
2026-09-09T09:15:00Z,515.6
2026-09-09T09:30:00Z,573.4
2026-09-09T09:45:00Z,559.6
2026-09-09T10:00:00Z,185.9
2026-09-09T10:15:00Z,487.4
2026-09-09T10:30:00Z,377.6
2026-09-09T10:45:00Z,626.4
2026-09-09T11:00:00Z,623.2
2026-09-09T11:15:00Z,80.0
2026-09-09T11:30:00Z,284.5
2026-09-09T11:45:00Z,296.8
2026-09-09T12:00:00Z,176.3
2026-09-09T12:15:00Z,680.8
2026-09-09T12:30:00Z,474.1
2026-09-09T12:45:00Z,614.4
2026-09-09T13:00:00Z,267.5
2026-09-09T13:15:00Z,639.8
2026-09-09T13:30:00Z,458.5
2026-09-09T13:45:00Z,581.4
2026-09-09T14:00:00Z,425.4
2026-09-09T14:15:00Z,426.9
2026-09-09T14:30:00Z,670.9
2026-09-09T14:45:00Z,715.3
2026-09-09T15:00:00Z,668.5
2026-09-09T15:15:00Z,444.5
2026-09-09T15:30:00Z,838.6
2026-09-09T15:45:00Z,471.7
2026-09-09T16:00:00Z,683.5
2026-09-09T16:15:00Z,644.0
2026-09-09T16:30:00Z,857.6
2026-09-09T16:45:00Z,794.3
2026-09-09T17:00:00Z,824.9
2026-09-09T17:15:00Z,868.4
2026-09-09T17:30:00Z,852.9
2026-09-09T17:45:00Z,1001.7
2026-09-09T18:00:00Z,1012.2
2026-09-09T18:15:00Z,892.1
2026-09-09T18:30:00Z,890.5
2026-09-09T18:45:00Z,967.9
2026-09-09T19:00:00Z,954.4
2026-09-09T19:15:00Z,830.8
2026-09-09T19:30:00Z,888.6
2026-09-09T19:45:00Z,828.7
2026-09-09T20:00:00Z,317.9
2026-09-09T20:15:00Z,328.2
2026-09-09T20:30:00Z,348.0
2026-09-09T20:45:00Z,334.3
2026-09-09T21:00:00Z,331.1
2026-09-09T21:15:00Z,330.1
2026-09-09T21:30:00Z,321.4
2026-09-09T21:45:00Z,333.0
2026-09-09T22:00:00Z,331.3
2026-09-09T22:15:00Z,345.0
2026-09-09T22:30:00Z,344.4
2026-09-09T22:45:00Z,312.2
2026-09-09T23:00:00Z,339.5
2026-09-09T23:15:00Z,346.4
2026-09-09T23:30:00Z,319.6
2026-09-09T23:45:00Z,331.0
2026-09-10T00:00:00Z,326.4
2026-09-10T00:15:00Z,311.3
2026-09-10T00:30:00Z,322.6
2026-09-10T00:45:00Z,339.8
2026-09-10T01:00:00Z,355.1
2026-09-10T01:15:00Z,323.7
2026-09-10T01:30:00Z,307.4
2026-09-10T01:45:00Z,344.6
2026-09-10T02:00:00Z,330.2
2026-09-10T02:15:00Z,319.8
2026-09-10T02:30:00Z,330.9
2026-09-10T02:45:00Z,347.5
2026-09-10T03:00:00Z,343.1
2026-09-10T03:15:00Z,323.1
2026-09-10T03:30:00Z,326.8
2026-09-10T03:45:00Z,335.7
2026-09-10T04:00:00Z,1017.9
2026-09-10T04:15:00Z,875.4
2026-09-10T04:30:00Z,940.0
2026-09-10T04:45:00Z,1077.6
2026-09-10T05:00:00Z,803.0
2026-09-10T05:15:00Z,958.3
2026-09-10T05:30:00Z,1072.9
2026-09-10T05:45:00Z,734.8
2026-09-10T06:00:00Z,612.8
2026-09-10T06:15:00Z,618.9
2026-09-10T06:30:00Z,874.1
2026-09-10T06:45:00Z,719.1
2026-09-10T07:00:00Z,708.7
2026-09-10T07:15:00Z,406.3
2026-09-10T07:30:00Z,592.6
2026-09-10T07:45:00Z,491.8
2026-09-10T08:00:00Z,370.4
2026-09-10T08:15:00Z,612.8
2026-09-10T08:30:00Z,506.6
2026-09-10T08:45:00Z,397.8
2026-09-10T09:00:00Z,425.6
2026-09-10T09:15:00Z,185.4
2026-09-10T09:30:00Z,110.4
2026-09-10T09:45:00Z,590.0
2026-09-10T10:00:00Z,552.4
2026-09-10T10:15:00Z,236.7
2026-09-10T10:30:00Z,205.7
2026-09-10T10:45:00Z,288.6
2026-09-10T11:00:00Z,371.0
2026-09-10T11:15:00Z,290.5
2026-09-10T11:30:00Z,90.8
2026-09-10T11:45:00Z,252.1
2026-09-10T12:00:00Z,399.3
2026-09-10T12:15:00Z,80.0
2026-09-10T12:30:00Z,265.6
2026-09-10T12:45:00Z,224.3
2026-09-10T13:00:00Z,633.6
2026-09-10T13:15:00Z,232.1
2026-09-10T13:30:00Z,718.2
2026-09-10T13:45:00Z,306.8
2026-09-10T14:00:00Z,717.8
2026-09-10T14:15:00Z,529.7
2026-09-10T14:30:00Z,478.7
2026-09-10T14:45:00Z,730.5
2026-09-10T15:00:00Z,533.3
2026-09-10T15:15:00Z,415.7
2026-09-10T15:30:00Z,632.0
2026-09-10T15:45:00Z,391.8
2026-09-10T16:00:00Z,590.2
2026-09-10T16:15:00Z,727.4
2026-09-10T16:30:00Z,696.8
2026-09-10T16:45:00Z,793.2
2026-09-10T17:00:00Z,735.6
2026-09-10T17:15:00Z,979.2
2026-09-10T17:30:00Z,909.4
2026-09-10T17:45:00Z,804.5
2026-09-10T18:00:00Z,966.7
2026-09-10T18:15:00Z,787.4
2026-09-10T18:30:00Z,933.6
2026-09-10T18:45:00Z,823.9
2026-09-10T19:00:00Z,894.1
2026-09-10T19:15:00Z,1048.1
2026-09-10T19:30:00Z,858.6
2026-09-10T19:45:00Z,1046.4
2026-09-10T20:00:00Z,314.9
2026-09-10T20:15:00Z,346.3
2026-09-10T20:30:00Z,303.5
2026-09-10T20:45:00Z,338.6
2026-09-10T21:00:00Z,330.7
2026-09-10T21:15:00Z,324.2
2026-09-10T21:30:00Z,318.5
2026-09-10T21:45:00Z,331.2
2026-09-10T22:00:00Z,316.9
2026-09-10T22:15:00Z,317.0
2026-09-10T22:30:00Z,326.3
2026-09-10T22:45:00Z,325.0
2026-09-10T23:00:00Z,347.3
2026-09-10T23:15:00Z,324.6
2026-09-10T23:30:00Z,331.8
2026-09-10T23:45:00Z,350.5
2026-09-11T00:00:00Z,327.6
2026-09-11T00:15:00Z,331.3
2026-09-11T00:30:00Z,345.8
2026-09-11T00:45:00Z,355.3
2026-09-11T01:00:00Z,341.5
2026-09-11T01:15:00Z,327.5
2026-09-11T01:30:00Z,315.0
2026-09-11T01:45:00Z,337.6
2026-09-11T02:00:00Z,349.1
2026-09-11T02:15:00Z,332.6
2026-09-11T02:30:00Z,324.3
2026-09-11T02:45:00Z,324.8
2026-09-11T03:00:00Z,318.1
2026-09-11T03:15:00Z,339.5
2026-09-11T03:30:00Z,323.2
2026-09-11T03:45:00Z,324.9
2026-09-11T04:00:00Z,1147.3
2026-09-11T04:15:00Z,1188.0
2026-09-11T04:30:00Z,811.5
2026-09-11T04:45:00Z,760.5
2026-09-11T05:00:00Z,800.6
2026-09-11T05:15:00Z,853.5
2026-09-11T05:30:00Z,795.4
2026-09-11T05:45:00Z,655.5
2026-09-11T06:00:00Z,619.1
2026-09-11T06:15:00Z,672.7
2026-09-11T06:30:00Z,696.8
2026-09-11T06:45:00Z,667.1
2026-09-11T07:00:00Z,600.7
2026-09-11T07:15:00Z,631.3
2026-09-11T07:30:00Z,472.6
2026-09-11T07:45:00Z,562.9
2026-09-11T08:00:00Z,751.6
2026-09-11T08:15:00Z,730.7
2026-09-11T08:30:00Z,307.8
2026-09-11T08:45:00Z,672.6
2026-09-11T09:00:00Z,670.8
2026-09-11T09:15:00Z,371.9
2026-09-11T09:30:00Z,243.8
2026-09-11T09:45:00Z,418.9
2026-09-11T10:00:00Z,428.0
2026-09-11T10:15:00Z,335.8
2026-09-11T10:30:00Z,729.2
2026-09-11T10:45:00Z,532.0
2026-09-11T11:00:00Z,176.3
2026-09-11T11:15:00Z,665.7
2026-09-11T11:30:00Z,512.3
2026-09-11T11:45:00Z,80.0
2026-09-11T12:00:00Z,211.9
2026-09-11T12:15:00Z,80.0
2026-09-11T12:30:00Z,709.8
2026-09-11T12:45:00Z,395.8
2026-09-11T13:00:00Z,401.4
2026-09-11T13:15:00Z,430.8
2026-09-11T13:30:00Z,270.3
2026-09-11T13:45:00Z,370.2
2026-09-11T14:00:00Z,408.5
2026-09-11T14:15:00Z,425.3
2026-09-11T14:30:00Z,511.3
2026-09-11T14:45:00Z,434.3
2026-09-11T15:00:00Z,367.7
2026-09-11T15:15:00Z,811.4
2026-09-11T15:30:00Z,613.1
2026-09-11T15:45:00Z,395.1
2026-09-11T16:00:00Z,753.3
2026-09-11T16:15:00Z,809.0
2026-09-11T16:30:00Z,958.7
2026-09-11T16:45:00Z,582.6
2026-09-11T17:00:00Z,973.4
2026-09-11T17:15:00Z,868.7
2026-09-11T17:30:00Z,882.3
2026-09-11T17:45:00Z,905.6
2026-09-11T18:00:00Z,1024.2
2026-09-11T18:15:00Z,874.8
2026-09-11T18:30:00Z,1079.9
2026-09-11T18:45:00Z,807.7
2026-09-11T19:00:00Z,871.2
2026-09-11T19:15:00Z,1080.4
2026-09-11T19:30:00Z,866.3
2026-09-11T19:45:00Z,823.6
2026-09-11T20:00:00Z,331.3
2026-09-11T20:15:00Z,333.8
2026-09-11T20:30:00Z,317.1
2026-09-11T20:45:00Z,324.0
2026-09-11T21:00:00Z,324.3
2026-09-11T21:15:00Z,332.5
2026-09-11T21:30:00Z,333.3
2026-09-11T21:45:00Z,306.4
2026-09-11T22:00:00Z,330.3
2026-09-11T22:15:00Z,331.5
2026-09-11T22:30:00Z,321.7
2026-09-11T22:45:00Z,320.8
2026-09-11T23:00:00Z,322.6
2026-09-11T23:15:00Z,307.6
2026-09-11T23:30:00Z,331.7
2026-09-11T23:45:00Z,335.4
2026-09-12T00:00:00Z,339.8
2026-09-12T00:15:00Z,325.7
2026-09-12T00:30:00Z,325.3
2026-09-12T00:45:00Z,329.2
2026-09-12T01:00:00Z,339.6
2026-09-12T01:15:00Z,340.3
2026-09-12T01:30:00Z,338.1
2026-09-12T01:45:00Z,320.1
2026-09-12T02:00:00Z,350.5
2026-09-12T02:15:00Z,308.6
2026-09-12T02:30:00Z,325.3
2026-09-12T02:45:00Z,317.6
2026-09-12T03:00:00Z,322.3
2026-09-12T03:15:00Z,332.8
2026-09-12T03:30:00Z,340.5
2026-09-12T03:45:00Z,348.3
2026-09-12T04:00:00Z,320.3
2026-09-12T04:15:00Z,307.5
2026-09-12T04:30:00Z,276.3
2026-09-12T04:45:00Z,246.9
2026-09-12T05:00:00Z,239.7
2026-09-12T05:15:00Z,179.7
2026-09-12T05:30:00Z,214.8
2026-09-12T05:45:00Z,80.0
2026-09-12T06:00:00Z,80.0
2026-09-12T06:15:00Z,80.0
2026-09-12T06:30:00Z,80.0
2026-09-12T06:45:00Z,80.0
2026-09-12T07:00:00Z,80.0
2026-09-12T07:15:00Z,80.0
2026-09-12T07:30:00Z,80.0
2026-09-12T07:45:00Z,120.5
2026-09-12T08:00:00Z,80.0
2026-09-12T08:15:00Z,114.1
2026-09-12T08:30:00Z,80.0
2026-09-12T08:45:00Z,80.0
2026-09-12T09:00:00Z,80.0
2026-09-12T09:15:00Z,80.0
2026-09-12T09:30:00Z,80.0
2026-09-12T09:45:00Z,80.0
2026-09-12T10:00:00Z,80.0
2026-09-12T10:15:00Z,80.0
2026-09-12T10:30:00Z,80.0
2026-09-12T10:45:00Z,80.0
2026-09-12T11:00:00Z,80.0
2026-09-12T11:15:00Z,80.0
2026-09-12T11:30:00Z,80.0
2026-09-12T11:45:00Z,80.0
2026-09-12T12:00:00Z,80.0
2026-09-12T12:15:00Z,80.0
2026-09-12T12:30:00Z,80.0
2026-09-12T12:45:00Z,80.0
2026-09-12T13:00:00Z,80.0
2026-09-12T13:15:00Z,80.0
2026-09-12T13:30:00Z,126.0
2026-09-12T13:45:00Z,80.0
2026-09-12T14:00:00Z,80.0
2026-09-12T14:15:00Z,80.0
2026-09-12T14:30:00Z,80.0
2026-09-12T14:45:00Z,80.0
2026-09-12T15:00:00Z,80.0
2026-09-12T15:15:00Z,80.0
2026-09-12T15:30:00Z,102.8
2026-09-12T15:45:00Z,142.3
2026-09-12T16:00:00Z,106.2
2026-09-12T16:15:00Z,80.0
2026-09-12T16:30:00Z,159.0
2026-09-12T16:45:00Z,136.6
2026-09-12T17:00:00Z,216.1
2026-09-12T17:15:00Z,271.8
2026-09-12T17:30:00Z,291.2
2026-09-12T17:45:00Z,294.9
2026-09-12T18:00:00Z,315.0
2026-09-12T18:15:00Z,332.4
2026-09-12T18:30:00Z,326.5
2026-09-12T18:45:00Z,348.3
2026-09-12T19:00:00Z,328.6
2026-09-12T19:15:00Z,327.6
2026-09-12T19:30:00Z,334.7
2026-09-12T19:45:00Z,338.6
2026-09-12T20:00:00Z,354.4
2026-09-12T20:15:00Z,327.5
2026-09-12T20:30:00Z,340.1
2026-09-12T20:45:00Z,349.4
2026-09-12T21:00:00Z,332.5
2026-09-12T21:15:00Z,347.9
2026-09-12T21:30:00Z,328.4
2026-09-12T21:45:00Z,303.7
2026-09-12T22:00:00Z,346.6
2026-09-12T22:15:00Z,322.9
2026-09-12T22:30:00Z,322.8
2026-09-12T22:45:00Z,319.6
2026-09-12T23:00:00Z,333.6
2026-09-12T23:15:00Z,335.6
2026-09-12T23:30:00Z,329.3
2026-09-12T23:45:00Z,334.3
2026-09-13T00:00:00Z,331.7
2026-09-13T00:15:00Z,305.1
2026-09-13T00:30:00Z,342.9
2026-09-13T00:45:00Z,323.3
2026-09-13T01:00:00Z,339.9
2026-09-13T01:15:00Z,343.7
2026-09-13T01:30:00Z,327.2
2026-09-13T01:45:00Z,329.1
2026-09-13T02:00:00Z,329.0
2026-09-13T02:15:00Z,340.7
2026-09-13T02:30:00Z,329.9
2026-09-13T02:45:00Z,335.1
2026-09-13T03:00:00Z,317.4
2026-09-13T03:15:00Z,342.3
2026-09-13T03:30:00Z,325.7
2026-09-13T03:45:00Z,329.8
2026-09-13T04:00:00Z,317.9
2026-09-13T04:15:00Z,276.0
2026-09-13T04:30:00Z,296.8
2026-09-13T04:45:00Z,277.5
2026-09-13T05:00:00Z,264.0
2026-09-13T05:15:00Z,112.8
2026-09-13T05:30:00Z,182.2
2026-09-13T05:45:00Z,80.0
2026-09-13T06:00:00Z,80.0
2026-09-13T06:15:00Z,212.9
2026-09-13T06:30:00Z,80.0
2026-09-13T06:45:00Z,80.0
2026-09-13T07:00:00Z,80.0
2026-09-13T07:15:00Z,80.0
2026-09-13T07:30:00Z,80.0
2026-09-13T07:45:00Z,80.0
2026-09-13T08:00:00Z,120.5
2026-09-13T08:15:00Z,80.0
2026-09-13T08:30:00Z,80.0
2026-09-13T08:45:00Z,80.0
2026-09-13T09:00:00Z,80.0
2026-09-13T09:15:00Z,80.0
2026-09-13T09:30:00Z,83.3
2026-09-13T09:45:00Z,80.0
2026-09-13T10:00:00Z,80.0
2026-09-13T10:15:00Z,80.0
2026-09-13T10:30:00Z,80.0
2026-09-13T10:45:00Z,80.0
2026-09-13T11:00:00Z,80.0
2026-09-13T11:15:00Z,80.0
2026-09-13T11:30:00Z,80.0
2026-09-13T11:45:00Z,80.0
2026-09-13T12:00:00Z,80.0
2026-09-13T12:15:00Z,80.0
2026-09-13T12:30:00Z,80.0
2026-09-13T12:45:00Z,80.0
2026-09-13T13:00:00Z,80.0
2026-09-13T13:15:00Z,80.0
2026-09-13T13:30:00Z,80.0
2026-09-13T13:45:00Z,80.0
2026-09-13T14:00:00Z,80.0
2026-09-13T14:15:00Z,80.0
2026-09-13T14:30:00Z,80.0
2026-09-13T14:45:00Z,80.0
2026-09-13T15:00:00Z,144.3
2026-09-13T15:15:00Z,80.0
2026-09-13T15:30:00Z,186.6
2026-09-13T15:45:00Z,137.5
2026-09-13T16:00:00Z,80.0
2026-09-13T16:15:00Z,80.0
2026-09-13T16:30:00Z,133.6
2026-09-13T16:45:00Z,136.7
2026-09-13T17:00:00Z,266.8
2026-09-13T17:15:00Z,222.0
2026-09-13T17:30:00Z,297.8
2026-09-13T17:45:00Z,304.1
2026-09-13T18:00:00Z,328.6
2026-09-13T18:15:00Z,326.2
2026-09-13T18:30:00Z,336.5
2026-09-13T18:45:00Z,335.3
2026-09-13T19:00:00Z,336.7
2026-09-13T19:15:00Z,337.1
2026-09-13T19:30:00Z,345.5
2026-09-13T19:45:00Z,344.3
2026-09-13T20:00:00Z,317.8
2026-09-13T20:15:00Z,310.6
2026-09-13T20:30:00Z,321.0
2026-09-13T20:45:00Z,327.9
2026-09-13T21:00:00Z,336.6
2026-09-13T21:15:00Z,308.1
2026-09-13T21:30:00Z,330.8
2026-09-13T21:45:00Z,328.8
2026-09-13T22:00:00Z,320.0
2026-09-13T22:15:00Z,316.9
2026-09-13T22:30:00Z,330.1
2026-09-13T22:45:00Z,326.5
2026-09-13T23:00:00Z,332.9
2026-09-13T23:15:00Z,331.5
2026-09-13T23:30:00Z,317.9
2026-09-13T23:45:00Z,325.0
2026-09-14T00:00:00Z,320.8
2026-09-14T00:15:00Z,320.7
2026-09-14T00:30:00Z,319.6
2026-09-14T00:45:00Z,329.7
2026-09-14T01:00:00Z,348.1
2026-09-14T01:15:00Z,337.1
2026-09-14T01:30:00Z,334.1
2026-09-14T01:45:00Z,349.6
2026-09-14T02:00:00Z,333.1
2026-09-14T02:15:00Z,320.2
2026-09-14T02:30:00Z,322.5
2026-09-14T02:45:00Z,325.3
2026-09-14T03:00:00Z,332.4
2026-09-14T03:15:00Z,307.0
2026-09-14T03:30:00Z,339.6
2026-09-14T03:45:00Z,334.5
2026-09-14T04:00:00Z,1023.4
2026-09-14T04:15:00Z,1006.5
2026-09-14T04:30:00Z,911.1
2026-09-14T04:45:00Z,999.0
2026-09-14T05:00:00Z,1008.6
2026-09-14T05:15:00Z,1006.6
2026-09-14T05:30:00Z,780.6
2026-09-14T05:45:00Z,733.4
2026-09-14T06:00:00Z,608.3
2026-09-14T06:15:00Z,762.9
2026-09-14T06:30:00Z,777.0
2026-09-14T06:45:00Z,832.3
2026-09-14T07:00:00Z,682.0
2026-09-14T07:15:00Z,673.5
2026-09-14T07:30:00Z,388.0
2026-09-14T07:45:00Z,596.8
2026-09-14T08:00:00Z,589.8
2026-09-14T08:15:00Z,352.8
2026-09-14T08:30:00Z,701.9
2026-09-14T08:45:00Z,764.1
2026-09-14T09:00:00Z,237.1
2026-09-14T09:15:00Z,513.7
2026-09-14T09:30:00Z,796.9
2026-09-14T09:45:00Z,282.8
2026-09-14T10:00:00Z,267.7
2026-09-14T10:15:00Z,296.7
2026-09-14T10:30:00Z,118.1
2026-09-14T10:45:00Z,220.3
2026-09-14T11:00:00Z,238.9
2026-09-14T11:15:00Z,273.0
2026-09-14T11:30:00Z,346.0
2026-09-14T11:45:00Z,682.0
2026-09-14T12:00:00Z,552.7
2026-09-14T12:15:00Z,421.9
2026-09-14T12:30:00Z,424.3
2026-09-14T12:45:00Z,500.0
2026-09-14T13:00:00Z,408.4
2026-09-14T13:15:00Z,456.2
2026-09-14T13:30:00Z,324.0
2026-09-14T13:45:00Z,370.0
2026-09-14T14:00:00Z,164.5
2026-09-14T14:15:00Z,580.0
2026-09-14T14:30:00Z,513.8
2026-09-14T14:45:00Z,486.4
2026-09-14T15:00:00Z,901.8
2026-09-14T15:15:00Z,706.8
2026-09-14T15:30:00Z,504.9
2026-09-14T15:45:00Z,725.1
2026-09-14T16:00:00Z,571.4
2026-09-14T16:15:00Z,910.8
2026-09-14T16:30:00Z,819.1
2026-09-14T16:45:00Z,832.9
2026-09-14T17:00:00Z,734.0
2026-09-14T17:15:00Z,769.1
2026-09-14T17:30:00Z,898.2
2026-09-14T17:45:00Z,935.7
2026-09-14T18:00:00Z,924.6
2026-09-14T18:15:00Z,960.9
2026-09-14T18:30:00Z,971.0
2026-09-14T18:45:00Z,1058.9
2026-09-14T19:00:00Z,913.8
2026-09-14T19:15:00Z,796.3
2026-09-14T19:30:00Z,1073.9
2026-09-14T19:45:00Z,925.9
2026-09-14T20:00:00Z,332.3
2026-09-14T20:15:00Z,340.1
2026-09-14T20:30:00Z,321.9
2026-09-14T20:45:00Z,346.1
2026-09-14T21:00:00Z,329.7
2026-09-14T21:15:00Z,322.7
2026-09-14T21:30:00Z,329.4
2026-09-14T21:45:00Z,353.5
2026-09-14T22:00:00Z,342.0
2026-09-14T22:15:00Z,362.2
2026-09-14T22:30:00Z,329.5
2026-09-14T22:45:00Z,316.2
2026-09-14T23:00:00Z,333.1
2026-09-14T23:15:00Z,344.4
2026-09-14T23:30:00Z,333.8
2026-09-14T23:45:00Z,333.4
2026-09-15T00:00:00Z,316.0
2026-09-15T00:15:00Z,321.2
2026-09-15T00:30:00Z,323.6
2026-09-15T00:45:00Z,330.8
2026-09-15T01:00:00Z,333.5
2026-09-15T01:15:00Z,351.8
2026-09-15T01:30:00Z,325.7
2026-09-15T01:45:00Z,328.5
2026-09-15T02:00:00Z,311.0
2026-09-15T02:15:00Z,314.7
2026-09-15T02:30:00Z,324.1
2026-09-15T02:45:00Z,341.3
2026-09-15T03:00:00Z,338.8
2026-09-15T03:15:00Z,319.6
2026-09-15T03:30:00Z,345.0
2026-09-15T03:45:00Z,324.3
2026-09-15T04:00:00Z,1009.6
2026-09-15T04:15:00Z,1025.5
2026-09-15T04:30:00Z,1188.0
2026-09-15T04:45:00Z,788.6
2026-09-15T05:00:00Z,842.3
2026-09-15T05:15:00Z,676.3
2026-09-15T05:30:00Z,798.7
2026-09-15T05:45:00Z,889.9
2026-09-15T06:00:00Z,780.1
2026-09-15T06:15:00Z,647.6
2026-09-15T06:30:00Z,822.7
2026-09-15T06:45:00Z,781.0
2026-09-15T07:00:00Z,661.7
2026-09-15T07:15:00Z,581.7
2026-09-15T07:30:00Z,541.0
2026-09-15T07:45:00Z,667.4
2026-09-15T08:00:00Z,529.5
2026-09-15T08:15:00Z,547.0
2026-09-15T08:30:00Z,434.0
2026-09-15T08:45:00Z,583.3
2026-09-15T09:00:00Z,366.9
2026-09-15T09:15:00Z,453.1
2026-09-15T09:30:00Z,488.7
2026-09-15T09:45:00Z,363.7
2026-09-15T10:00:00Z,441.0
2026-09-15T10:15:00Z,250.6
2026-09-15T10:30:00Z,564.4
2026-09-15T10:45:00Z,615.1
2026-09-15T11:00:00Z,559.0
2026-09-15T11:15:00Z,284.7
2026-09-15T11:30:00Z,232.3
2026-09-15T11:45:00Z,420.8
2026-09-15T12:00:00Z,389.3
2026-09-15T12:15:00Z,633.4
2026-09-15T12:30:00Z,726.5
2026-09-15T12:45:00Z,252.8
2026-09-15T13:00:00Z,255.9
2026-09-15T13:15:00Z,670.3
2026-09-15T13:30:00Z,316.3
2026-09-15T13:45:00Z,598.9
2026-09-15T14:00:00Z,687.7
2026-09-15T14:15:00Z,380.1
2026-09-15T14:30:00Z,442.1
2026-09-15T14:45:00Z,567.9
2026-09-15T15:00:00Z,841.9
2026-09-15T15:15:00Z,806.9
2026-09-15T15:30:00Z,484.7
2026-09-15T15:45:00Z,605.4
2026-09-15T16:00:00Z,707.8
2026-09-15T16:15:00Z,683.8
2026-09-15T16:30:00Z,813.8
2026-09-15T16:45:00Z,767.1
2026-09-15T17:00:00Z,776.9
2026-09-15T17:15:00Z,659.3
2026-09-15T17:30:00Z,872.5
2026-09-15T17:45:00Z,843.8
2026-09-15T18:00:00Z,912.5
2026-09-15T18:15:00Z,1038.0
2026-09-15T18:30:00Z,944.7
2026-09-15T18:45:00Z,1023.5
2026-09-15T19:00:00Z,824.0
2026-09-15T19:15:00Z,1015.3
2026-09-15T19:30:00Z,883.5
2026-09-15T19:45:00Z,1063.0
2026-09-15T20:00:00Z,332.9
2026-09-15T20:15:00Z,332.1
2026-09-15T20:30:00Z,334.8
2026-09-15T20:45:00Z,314.8
2026-09-15T21:00:00Z,334.8
2026-09-15T21:15:00Z,333.4
2026-09-15T21:30:00Z,306.6
2026-09-15T21:45:00Z,320.5
2026-09-15T22:00:00Z,330.4
2026-09-15T22:15:00Z,312.6
2026-09-15T22:30:00Z,336.2
2026-09-15T22:45:00Z,319.6
2026-09-15T23:00:00Z,314.6
2026-09-15T23:15:00Z,310.2
2026-09-15T23:30:00Z,328.9
2026-09-15T23:45:00Z,335.5
2026-09-16T00:00:00Z,348.9
2026-09-16T00:15:00Z,326.5
2026-09-16T00:30:00Z,344.0
2026-09-16T00:45:00Z,319.9
2026-09-16T01:00:00Z,333.3
2026-09-16T01:15:00Z,321.3
2026-09-16T01:30:00Z,331.3
2026-09-16T01:45:00Z,344.0
2026-09-16T02:00:00Z,320.6
2026-09-16T02:15:00Z,320.3
2026-09-16T02:30:00Z,304.7
2026-09-16T02:45:00Z,351.7
2026-09-16T03:00:00Z,318.1
2026-09-16T03:15:00Z,335.0
2026-09-16T03:30:00Z,325.5
2026-09-16T03:45:00Z,339.4
2026-09-16T04:00:00Z,840.0
2026-09-16T04:15:00Z,1121.0
2026-09-16T04:30:00Z,880.6
2026-09-16T04:45:00Z,840.1
2026-09-16T05:00:00Z,756.6
2026-09-16T05:15:00Z,642.8
2026-09-16T05:30:00Z,1109.6
2026-09-16T05:45:00Z,982.6
2026-09-16T06:00:00Z,656.0
2026-09-16T06:15:00Z,640.2
2026-09-16T06:30:00Z,862.2
2026-09-16T06:45:00Z,589.7
2026-09-16T07:00:00Z,483.4
2026-09-16T07:15:00Z,622.8
2026-09-16T07:30:00Z,684.1
2026-09-16T07:45:00Z,608.7
2026-09-16T08:00:00Z,496.1
2026-09-16T08:15:00Z,668.2
2026-09-16T08:30:00Z,767.8
2026-09-16T08:45:00Z,370.7
2026-09-16T09:00:00Z,237.6
2026-09-16T09:15:00Z,522.0
2026-09-16T09:30:00Z,644.7
2026-09-16T09:45:00Z,651.2
2026-09-16T10:00:00Z,205.8
2026-09-16T10:15:00Z,439.1
2026-09-16T10:30:00Z,715.9
2026-09-16T10:45:00Z,690.0
2026-09-16T11:00:00Z,703.9
2026-09-16T11:15:00Z,335.8
2026-09-16T11:30:00Z,460.0
2026-09-16T11:45:00Z,255.1
2026-09-16T12:00:00Z,189.5
2026-09-16T12:15:00Z,467.8
2026-09-16T12:30:00Z,623.4
2026-09-16T12:45:00Z,576.1
2026-09-16T13:00:00Z,92.3
2026-09-16T13:15:00Z,184.7
2026-09-16T13:30:00Z,533.3
2026-09-16T13:45:00Z,627.8
2026-09-16T14:00:00Z,530.1
2026-09-16T14:15:00Z,684.9
2026-09-16T14:30:00Z,350.4
2026-09-16T14:45:00Z,543.9
2026-09-16T15:00:00Z,322.6
2026-09-16T15:15:00Z,734.7
2026-09-16T15:30:00Z,737.1
2026-09-16T15:45:00Z,635.0
2026-09-16T16:00:00Z,760.1
2026-09-16T16:15:00Z,759.1
2026-09-16T16:30:00Z,865.6
2026-09-16T16:45:00Z,906.2
2026-09-16T17:00:00Z,714.7
2026-09-16T17:15:00Z,862.3
2026-09-16T17:30:00Z,929.7
2026-09-16T17:45:00Z,877.0
2026-09-16T18:00:00Z,942.4
2026-09-16T18:15:00Z,900.2
2026-09-16T18:30:00Z,1027.7
2026-09-16T18:45:00Z,1041.8
2026-09-16T19:00:00Z,869.1
2026-09-16T19:15:00Z,871.1
2026-09-16T19:30:00Z,766.0
2026-09-16T19:45:00Z,822.7
2026-09-16T20:00:00Z,315.1
2026-09-16T20:15:00Z,329.8
2026-09-16T20:30:00Z,318.5
2026-09-16T20:45:00Z,319.6
2026-09-16T21:00:00Z,333.9
2026-09-16T21:15:00Z,328.1
2026-09-16T21:30:00Z,331.2
2026-09-16T21:45:00Z,341.0
2026-09-16T22:00:00Z,323.3
2026-09-16T22:15:00Z,322.8
2026-09-16T22:30:00Z,333.1
2026-09-16T22:45:00Z,316.3
2026-09-16T23:00:00Z,344.0
2026-09-16T23:15:00Z,327.7
2026-09-16T23:30:00Z,309.9
2026-09-16T23:45:00Z,304.0
2026-09-17T00:00:00Z,303.2
2026-09-17T00:15:00Z,345.8
2026-09-17T00:30:00Z,341.2
2026-09-17T00:45:00Z,321.6
2026-09-17T01:00:00Z,318.4
2026-09-17T01:15:00Z,351.7
2026-09-17T01:30:00Z,330.4
2026-09-17T01:45:00Z,328.9
2026-09-17T02:00:00Z,363.3
2026-09-17T02:15:00Z,310.8
2026-09-17T02:30:00Z,348.4
2026-09-17T02:45:00Z,328.7
2026-09-17T03:00:00Z,311.9
2026-09-17T03:15:00Z,326.7
2026-09-17T03:30:00Z,339.8
2026-09-17T03:45:00Z,347.8
2026-09-17T04:00:00Z,982.9
2026-09-17T04:15:00Z,1081.7
2026-09-17T04:30:00Z,1044.3
2026-09-17T04:45:00Z,920.1
2026-09-17T05:00:00Z,939.9
2026-09-17T05:15:00Z,1037.0
2026-09-17T05:30:00Z,842.5
2026-09-17T05:45:00Z,934.5
2026-09-17T06:00:00Z,577.7
2026-09-17T06:15:00Z,654.1
2026-09-17T06:30:00Z,637.1
2026-09-17T06:45:00Z,666.2
2026-09-17T07:00:00Z,623.3
2026-09-17T07:15:00Z,514.8
2026-09-17T07:30:00Z,414.5
2026-09-17T07:45:00Z,754.0
2026-09-17T08:00:00Z,664.2
2026-09-17T08:15:00Z,771.5
2026-09-17T08:30:00Z,457.7
2026-09-17T08:45:00Z,153.0
2026-09-17T09:00:00Z,653.7
2026-09-17T09:15:00Z,752.3
2026-09-17T09:30:00Z,441.9
2026-09-17T09:45:00Z,795.6
2026-09-17T10:00:00Z,638.2
2026-09-17T10:15:00Z,480.5
2026-09-17T10:30:00Z,588.6
2026-09-17T10:45:00Z,94.3
2026-09-17T11:00:00Z,621.2
2026-09-17T11:15:00Z,616.4
2026-09-17T11:30:00Z,501.9
2026-09-17T11:45:00Z,115.2
2026-09-17T12:00:00Z,396.3
2026-09-17T12:15:00Z,495.5
2026-09-17T12:30:00Z,402.8
2026-09-17T12:45:00Z,382.7
2026-09-17T13:00:00Z,527.7
2026-09-17T13:15:00Z,634.5
2026-09-17T13:30:00Z,442.6
2026-09-17T13:45:00Z,647.8
2026-09-17T14:00:00Z,685.3
2026-09-17T14:15:00Z,629.3
2026-09-17T14:30:00Z,718.5
2026-09-17T14:45:00Z,507.7
2026-09-17T15:00:00Z,685.4
2026-09-17T15:15:00Z,655.7
2026-09-17T15:30:00Z,719.2
2026-09-17T15:45:00Z,492.8
2026-09-17T16:00:00Z,867.2
2026-09-17T16:15:00Z,848.3
2026-09-17T16:30:00Z,937.9
2026-09-17T16:45:00Z,833.4
2026-09-17T17:00:00Z,836.2
2026-09-17T17:15:00Z,723.9
2026-09-17T17:30:00Z,819.6
2026-09-17T17:45:00Z,925.6
2026-09-17T18:00:00Z,1074.6
2026-09-17T18:15:00Z,1055.4
2026-09-17T18:30:00Z,1022.2
2026-09-17T18:45:00Z,839.1
2026-09-17T19:00:00Z,996.8
2026-09-17T19:15:00Z,1037.1
2026-09-17T19:30:00Z,782.1
2026-09-17T19:45:00Z,981.9
2026-09-17T20:00:00Z,321.8
2026-09-17T20:15:00Z,308.5
2026-09-17T20:30:00Z,338.0
2026-09-17T20:45:00Z,333.6
2026-09-17T21:00:00Z,353.3
2026-09-17T21:15:00Z,329.9
2026-09-17T21:30:00Z,309.6
2026-09-17T21:45:00Z,323.8
2026-09-17T22:00:00Z,332.8
2026-09-17T22:15:00Z,333.7
2026-09-17T22:30:00Z,356.4
2026-09-17T22:45:00Z,336.4
2026-09-17T23:00:00Z,332.8
2026-09-17T23:15:00Z,334.2
2026-09-17T23:30:00Z,347.2
2026-09-17T23:45:00Z,313.0
2026-09-18T00:00:00Z,329.5
2026-09-18T00:15:00Z,312.0
2026-09-18T00:30:00Z,329.0
2026-09-18T00:45:00Z,324.5
2026-09-18T01:00:00Z,324.5
2026-09-18T01:15:00Z,330.0
2026-09-18T01:30:00Z,319.9
2026-09-18T01:45:00Z,327.2
2026-09-18T02:00:00Z,308.2
2026-09-18T02:15:00Z,322.1
2026-09-18T02:30:00Z,321.0
2026-09-18T02:45:00Z,349.0
2026-09-18T03:00:00Z,324.3
2026-09-18T03:15:00Z,336.6
2026-09-18T03:30:00Z,330.6
2026-09-18T03:45:00Z,327.8
2026-09-18T04:00:00Z,967.5
2026-09-18T04:15:00Z,1108.3
2026-09-18T04:30:00Z,927.5
2026-09-18T04:45:00Z,1081.6
2026-09-18T05:00:00Z,826.4
2026-09-18T05:15:00Z,903.4
2026-09-18T05:30:00Z,940.9
2026-09-18T05:45:00Z,579.2
2026-09-18T06:00:00Z,507.8
2026-09-18T06:15:00Z,677.3
2026-09-18T06:30:00Z,696.3
2026-09-18T06:45:00Z,630.0
2026-09-18T07:00:00Z,711.9
2026-09-18T07:15:00Z,436.5
2026-09-18T07:30:00Z,434.8
2026-09-18T07:45:00Z,301.8
2026-09-18T08:00:00Z,540.7
2026-09-18T08:15:00Z,511.5
2026-09-18T08:30:00Z,331.0
2026-09-18T08:45:00Z,134.9
2026-09-18T09:00:00Z,740.1
2026-09-18T09:15:00Z,196.6
2026-09-18T09:30:00Z,553.3
2026-09-18T09:45:00Z,81.5
2026-09-18T10:00:00Z,482.9
2026-09-18T10:15:00Z,622.8
2026-09-18T10:30:00Z,494.5
2026-09-18T10:45:00Z,716.3
2026-09-18T11:00:00Z,792.5
2026-09-18T11:15:00Z,125.4
2026-09-18T11:30:00Z,474.3
2026-09-18T11:45:00Z,504.2
2026-09-18T12:00:00Z,572.2
2026-09-18T12:15:00Z,562.5
2026-09-18T12:30:00Z,260.4
2026-09-18T12:45:00Z,387.7
2026-09-18T13:00:00Z,297.0
2026-09-18T13:15:00Z,775.8
2026-09-18T13:30:00Z,669.5
2026-09-18T13:45:00Z,426.5
2026-09-18T14:00:00Z,372.4
2026-09-18T14:15:00Z,522.1
2026-09-18T14:30:00Z,757.7
2026-09-18T14:45:00Z,562.6
2026-09-18T15:00:00Z,475.0
2026-09-18T15:15:00Z,498.8
2026-09-18T15:30:00Z,612.3
2026-09-18T15:45:00Z,525.2
2026-09-18T16:00:00Z,768.4
2026-09-18T16:15:00Z,622.4
2026-09-18T16:30:00Z,785.1
2026-09-18T16:45:00Z,871.9
2026-09-18T17:00:00Z,806.8
2026-09-18T17:15:00Z,716.1
2026-09-18T17:30:00Z,875.9
2026-09-18T17:45:00Z,792.2
2026-09-18T18:00:00Z,932.1
2026-09-18T18:15:00Z,795.2
2026-09-18T18:30:00Z,826.9
2026-09-18T18:45:00Z,815.4
2026-09-18T19:00:00Z,981.8
2026-09-18T19:15:00Z,916.9
2026-09-18T19:30:00Z,852.4
2026-09-18T19:45:00Z,877.7
2026-09-18T20:00:00Z,326.7
2026-09-18T20:15:00Z,358.3
2026-09-18T20:30:00Z,328.0
2026-09-18T20:45:00Z,332.6
2026-09-18T21:00:00Z,328.7
2026-09-18T21:15:00Z,312.1
2026-09-18T21:30:00Z,330.9
2026-09-18T21:45:00Z,337.3
2026-09-18T22:00:00Z,336.8
2026-09-18T22:15:00Z,312.2
2026-09-18T22:30:00Z,326.3
2026-09-18T22:45:00Z,329.0
2026-09-18T23:00:00Z,312.6
2026-09-18T23:15:00Z,320.4
2026-09-18T23:30:00Z,329.5
2026-09-18T23:45:00Z,331.2
2026-09-19T00:00:00Z,331.0
2026-09-19T00:15:00Z,338.9
2026-09-19T00:30:00Z,320.2
2026-09-19T00:45:00Z,330.6
2026-09-19T01:00:00Z,324.7
2026-09-19T01:15:00Z,331.3
2026-09-19T01:30:00Z,356.2
2026-09-19T01:45:00Z,316.8
2026-09-19T02:00:00Z,348.0
2026-09-19T02:15:00Z,332.5
2026-09-19T02:30:00Z,334.7
2026-09-19T02:45:00Z,339.0
2026-09-19T03:00:00Z,328.9
2026-09-19T03:15:00Z,325.5
2026-09-19T03:30:00Z,327.5
2026-09-19T03:45:00Z,343.6
2026-09-19T04:00:00Z,327.3
2026-09-19T04:15:00Z,290.6
2026-09-19T04:30:00Z,258.7
2026-09-19T04:45:00Z,319.2
2026-09-19T05:00:00Z,216.6
2026-09-19T05:15:00Z,231.1
2026-09-19T05:30:00Z,159.9
2026-09-19T05:45:00Z,126.8
2026-09-19T06:00:00Z,80.0
2026-09-19T06:15:00Z,80.0
2026-09-19T06:30:00Z,80.0
2026-09-19T06:45:00Z,80.0
2026-09-19T07:00:00Z,126.0
2026-09-19T07:15:00Z,80.0
2026-09-19T07:30:00Z,101.2
2026-09-19T07:45:00Z,80.0
2026-09-19T08:00:00Z,121.1
2026-09-19T08:15:00Z,80.0
2026-09-19T08:30:00Z,80.0
2026-09-19T08:45:00Z,80.0
2026-09-19T09:00:00Z,80.0
2026-09-19T09:15:00Z,80.0
2026-09-19T09:30:00Z,80.0
2026-09-19T09:45:00Z,80.0
2026-09-19T10:00:00Z,80.0
2026-09-19T10:15:00Z,80.0
2026-09-19T10:30:00Z,80.0
2026-09-19T10:45:00Z,80.0
2026-09-19T11:00:00Z,80.0
2026-09-19T11:15:00Z,80.0
2026-09-19T11:30:00Z,80.0
2026-09-19T11:45:00Z,80.0
2026-09-19T12:00:00Z,80.0
2026-09-19T12:15:00Z,80.0
2026-09-19T12:30:00Z,80.0
2026-09-19T12:45:00Z,80.0
2026-09-19T13:00:00Z,80.0
2026-09-19T13:15:00Z,80.0
2026-09-19T13:30:00Z,80.0
2026-09-19T13:45:00Z,80.0
2026-09-19T14:00:00Z,96.7
2026-09-19T14:15:00Z,80.0
2026-09-19T14:30:00Z,80.0
2026-09-19T14:45:00Z,80.0
2026-09-19T15:00:00Z,91.8
2026-09-19T15:15:00Z,80.0
2026-09-19T15:30:00Z,80.0
2026-09-19T15:45:00Z,88.3
2026-09-19T16:00:00Z,129.2
2026-09-19T16:15:00Z,80.0
2026-09-19T16:30:00Z,183.4
2026-09-19T16:45:00Z,189.2
2026-09-19T17:00:00Z,252.0
2026-09-19T17:15:00Z,227.1
2026-09-19T17:30:00Z,252.3
2026-09-19T17:45:00Z,266.0
2026-09-19T18:00:00Z,344.8
2026-09-19T18:15:00Z,349.7
2026-09-19T18:30:00Z,333.8
2026-09-19T18:45:00Z,339.6
2026-09-19T19:00:00Z,323.9
2026-09-19T19:15:00Z,306.8
2026-09-19T19:30:00Z,321.1
2026-09-19T19:45:00Z,330.5
2026-09-19T20:00:00Z,327.6
2026-09-19T20:15:00Z,333.1
2026-09-19T20:30:00Z,327.7
2026-09-19T20:45:00Z,312.6
2026-09-19T21:00:00Z,311.5
2026-09-19T21:15:00Z,331.2
2026-09-19T21:30:00Z,321.1
2026-09-19T21:45:00Z,313.3
2026-09-19T22:00:00Z,331.8
2026-09-19T22:15:00Z,313.0
2026-09-19T22:30:00Z,331.8
2026-09-19T22:45:00Z,317.8
2026-09-19T23:00:00Z,320.7
2026-09-19T23:15:00Z,330.9
2026-09-19T23:30:00Z,334.8
2026-09-19T23:45:00Z,336.8
2026-09-20T00:00:00Z,304.7
2026-09-20T00:15:00Z,320.5
2026-09-20T00:30:00Z,321.7
2026-09-20T00:45:00Z,318.6
2026-09-20T01:00:00Z,330.1
2026-09-20T01:15:00Z,337.4
2026-09-20T01:30:00Z,326.0
2026-09-20T01:45:00Z,306.2
2026-09-20T02:00:00Z,321.7
2026-09-20T02:15:00Z,350.7
2026-09-20T02:30:00Z,324.6
2026-09-20T02:45:00Z,333.0
2026-09-20T03:00:00Z,336.8
2026-09-20T03:15:00Z,334.8
2026-09-20T03:30:00Z,327.2
2026-09-20T03:45:00Z,336.4
2026-09-20T04:00:00Z,329.6
2026-09-20T04:15:00Z,308.2
2026-09-20T04:30:00Z,267.9
2026-09-20T04:45:00Z,231.3
2026-09-20T05:00:00Z,163.9
2026-09-20T05:15:00Z,113.4
2026-09-20T05:30:00Z,124.1
2026-09-20T05:45:00Z,209.8
2026-09-20T06:00:00Z,91.6
2026-09-20T06:15:00Z,116.9
2026-09-20T06:30:00Z,80.0
2026-09-20T06:45:00Z,118.9
2026-09-20T07:00:00Z,80.0
2026-09-20T07:15:00Z,80.0
2026-09-20T07:30:00Z,128.2
2026-09-20T07:45:00Z,80.0
2026-09-20T08:00:00Z,80.0
2026-09-20T08:15:00Z,80.0
2026-09-20T08:30:00Z,80.0
2026-09-20T08:45:00Z,80.0
2026-09-20T09:00:00Z,80.0
2026-09-20T09:15:00Z,80.0
2026-09-20T09:30:00Z,80.0
2026-09-20T09:45:00Z,80.0
2026-09-20T10:00:00Z,80.0
2026-09-20T10:15:00Z,80.0
2026-09-20T10:30:00Z,80.0
2026-09-20T10:45:00Z,80.0
2026-09-20T11:00:00Z,80.0
2026-09-20T11:15:00Z,80.0
2026-09-20T11:30:00Z,80.0
2026-09-20T11:45:00Z,80.0
2026-09-20T12:00:00Z,80.0
2026-09-20T12:15:00Z,80.0
2026-09-20T12:30:00Z,80.0
2026-09-20T12:45:00Z,80.0
2026-09-20T13:00:00Z,80.0
2026-09-20T13:15:00Z,80.0
2026-09-20T13:30:00Z,80.0
2026-09-20T13:45:00Z,80.0
2026-09-20T14:00:00Z,80.0
2026-09-20T14:15:00Z,80.0
2026-09-20T14:30:00Z,80.0
2026-09-20T14:45:00Z,80.0
2026-09-20T15:00:00Z,80.0
2026-09-20T15:15:00Z,80.0
2026-09-20T15:30:00Z,80.0
2026-09-20T15:45:00Z,80.0
2026-09-20T16:00:00Z,174.7
2026-09-20T16:15:00Z,85.6
2026-09-20T16:30:00Z,135.1
2026-09-20T16:45:00Z,151.1
2026-09-20T17:00:00Z,224.6
2026-09-20T17:15:00Z,284.1
2026-09-20T17:30:00Z,250.4
2026-09-20T17:45:00Z,286.7
2026-09-20T18:00:00Z,342.0
2026-09-20T18:15:00Z,342.9
2026-09-20T18:30:00Z,349.7
2026-09-20T18:45:00Z,350.7
2026-09-20T19:00:00Z,323.9
2026-09-20T19:15:00Z,342.4
2026-09-20T19:30:00Z,340.5
2026-09-20T19:45:00Z,356.6
2026-09-20T20:00:00Z,328.1
2026-09-20T20:15:00Z,349.5
2026-09-20T20:30:00Z,338.6
2026-09-20T20:45:00Z,303.6
2026-09-20T21:00:00Z,333.1
2026-09-20T21:15:00Z,322.2
2026-09-20T21:30:00Z,322.0
2026-09-20T21:45:00Z,314.2
2026-09-20T22:00:00Z,316.0
2026-09-20T22:15:00Z,319.3
2026-09-20T22:30:00Z,330.8
2026-09-20T22:45:00Z,327.2
2026-09-20T23:00:00Z,334.7
2026-09-20T23:15:00Z,320.8
2026-09-20T23:30:00Z,331.7
2026-09-20T23:45:00Z,344.1
2026-09-21T00:00:00Z,320.8
2026-09-21T00:15:00Z,322.8
2026-09-21T00:30:00Z,347.7
2026-09-21T00:45:00Z,341.5
2026-09-21T01:00:00Z,359.9
2026-09-21T01:15:00Z,326.4
2026-09-21T01:30:00Z,330.9
2026-09-21T01:45:00Z,308.6
2026-09-21T02:00:00Z,339.8
2026-09-21T02:15:00Z,327.3
2026-09-21T02:30:00Z,318.1
2026-09-21T02:45:00Z,318.8
2026-09-21T03:00:00Z,340.1
2026-09-21T03:15:00Z,312.0
2026-09-21T03:30:00Z,337.4
2026-09-21T03:45:00Z,332.8
2026-09-21T04:00:00Z,1112.0
2026-09-21T04:15:00Z,881.3
2026-09-21T04:30:00Z,940.5
2026-09-21T04:45:00Z,1028.8
2026-09-21T05:00:00Z,1009.5
2026-09-21T05:15:00Z,1040.5
2026-09-21T05:30:00Z,750.4
2026-09-21T05:45:00Z,861.2
2026-09-21T06:00:00Z,834.1
2026-09-21T06:15:00Z,649.2
2026-09-21T06:30:00Z,429.2
2026-09-21T06:45:00Z,638.0
2026-09-21T07:00:00Z,862.4
2026-09-21T07:15:00Z,569.6
2026-09-21T07:30:00Z,651.3
2026-09-21T07:45:00Z,602.6
2026-09-21T08:00:00Z,654.3
2026-09-21T08:15:00Z,619.5
2026-09-21T08:30:00Z,301.6
2026-09-21T08:45:00Z,656.2
2026-09-21T09:00:00Z,537.0
2026-09-21T09:15:00Z,422.3
2026-09-21T09:30:00Z,222.6
2026-09-21T09:45:00Z,230.0
2026-09-21T10:00:00Z,348.2
2026-09-21T10:15:00Z,431.4
2026-09-21T10:30:00Z,80.0
2026-09-21T10:45:00Z,160.0
2026-09-21T11:00:00Z,454.2
2026-09-21T11:15:00Z,560.0
2026-09-21T11:30:00Z,382.8
2026-09-21T11:45:00Z,240.2
2026-09-21T12:00:00Z,146.0
2026-09-21T12:15:00Z,627.7
2026-09-21T12:30:00Z,452.2
2026-09-21T12:45:00Z,323.9
2026-09-21T13:00:00Z,206.1
2026-09-21T13:15:00Z,502.6
2026-09-21T13:30:00Z,515.1
2026-09-21T13:45:00Z,380.9
2026-09-21T14:00:00Z,845.2
2026-09-21T14:15:00Z,525.2
2026-09-21T14:30:00Z,662.7
2026-09-21T14:45:00Z,706.3
2026-09-21T15:00:00Z,595.3
2026-09-21T15:15:00Z,602.6
2026-09-21T15:30:00Z,700.1
2026-09-21T15:45:00Z,910.5
2026-09-21T16:00:00Z,934.1
2026-09-21T16:15:00Z,701.8
2026-09-21T16:30:00Z,901.8
2026-09-21T16:45:00Z,832.1
2026-09-21T17:00:00Z,737.8
2026-09-21T17:15:00Z,900.2
2026-09-21T17:30:00Z,720.6
2026-09-21T17:45:00Z,903.3
2026-09-21T18:00:00Z,1042.5
2026-09-21T18:15:00Z,933.0
2026-09-21T18:30:00Z,1003.4
2026-09-21T18:45:00Z,1041.1
2026-09-21T19:00:00Z,1002.7
2026-09-21T19:15:00Z,913.1
2026-09-21T19:30:00Z,975.3
2026-09-21T19:45:00Z,1018.8
2026-09-21T20:00:00Z,341.8
2026-09-21T20:15:00Z,332.2
2026-09-21T20:30:00Z,334.1
2026-09-21T20:45:00Z,340.3
2026-09-21T21:00:00Z,313.5
2026-09-21T21:15:00Z,305.6
2026-09-21T21:30:00Z,338.7
2026-09-21T21:45:00Z,334.5
2026-09-21T22:00:00Z,341.6
2026-09-21T22:15:00Z,340.0
2026-09-21T22:30:00Z,333.2
2026-09-21T22:45:00Z,344.7
2026-09-21T23:00:00Z,330.2
2026-09-21T23:15:00Z,355.2
2026-09-21T23:30:00Z,332.1
2026-09-21T23:45:00Z,317.4
2026-09-22T00:00:00Z,329.6
2026-09-22T00:15:00Z,319.3
2026-09-22T00:30:00Z,314.8
2026-09-22T00:45:00Z,331.7
2026-09-22T01:00:00Z,329.6
2026-09-22T01:15:00Z,330.8
2026-09-22T01:30:00Z,334.6
2026-09-22T01:45:00Z,331.6
2026-09-22T02:00:00Z,315.8
2026-09-22T02:15:00Z,324.6
2026-09-22T02:30:00Z,320.7
2026-09-22T02:45:00Z,320.0
2026-09-22T03:00:00Z,339.5
2026-09-22T03:15:00Z,340.5
2026-09-22T03:30:00Z,357.1
2026-09-22T03:45:00Z,322.2
2026-09-22T04:00:00Z,970.9
2026-09-22T04:15:00Z,927.6
2026-09-22T04:30:00Z,943.7
2026-09-22T04:45:00Z,829.6
2026-09-22T05:00:00Z,904.1
2026-09-22T05:15:00Z,1101.1
2026-09-22T05:30:00Z,857.1
2026-09-22T05:45:00Z,709.9
2026-09-22T06:00:00Z,767.5
2026-09-22T06:15:00Z,468.6
2026-09-22T06:30:00Z,669.6
2026-09-22T06:45:00Z,760.7
2026-09-22T07:00:00Z,567.7
2026-09-22T07:15:00Z,533.2
2026-09-22T07:30:00Z,678.1
2026-09-22T07:45:00Z,503.9
2026-09-22T08:00:00Z,446.1
2026-09-22T08:15:00Z,475.1
2026-09-22T08:30:00Z,786.7
2026-09-22T08:45:00Z,336.6
2026-09-22T09:00:00Z,197.1
2026-09-22T09:15:00Z,603.9
2026-09-22T09:30:00Z,767.8
2026-09-22T09:45:00Z,426.1
2026-09-22T10:00:00Z,306.2
2026-09-22T10:15:00Z,287.4
2026-09-22T10:30:00Z,126.9
2026-09-22T10:45:00Z,312.0
2026-09-22T11:00:00Z,464.1
2026-09-22T11:15:00Z,600.2
2026-09-22T11:30:00Z,343.9
2026-09-22T11:45:00Z,397.5
2026-09-22T12:00:00Z,627.5
2026-09-22T12:15:00Z,324.7
2026-09-22T12:30:00Z,310.1
2026-09-22T12:45:00Z,356.8
2026-09-22T13:00:00Z,517.9
2026-09-22T13:15:00Z,594.3
2026-09-22T13:30:00Z,698.0
2026-09-22T13:45:00Z,638.0
2026-09-22T14:00:00Z,556.9
2026-09-22T14:15:00Z,795.8
2026-09-22T14:30:00Z,380.6
2026-09-22T14:45:00Z,556.8
2026-09-22T15:00:00Z,409.0
2026-09-22T15:15:00Z,536.8
2026-09-22T15:30:00Z,800.5
2026-09-22T15:45:00Z,565.1
2026-09-22T16:00:00Z,631.0
2026-09-22T16:15:00Z,585.6
2026-09-22T16:30:00Z,887.1
2026-09-22T16:45:00Z,685.9
2026-09-22T17:00:00Z,818.3
2026-09-22T17:15:00Z,981.9
2026-09-22T17:30:00Z,989.4
2026-09-22T17:45:00Z,890.9
2026-09-22T18:00:00Z,1049.2
2026-09-22T18:15:00Z,829.5
2026-09-22T18:30:00Z,1001.4
2026-09-22T18:45:00Z,1093.8
2026-09-22T19:00:00Z,811.1
2026-09-22T19:15:00Z,885.3
2026-09-22T19:30:00Z,881.2
2026-09-22T19:45:00Z,794.5
2026-09-22T20:00:00Z,312.9
2026-09-22T20:15:00Z,317.2
2026-09-22T20:30:00Z,332.7
2026-09-22T20:45:00Z,325.4
2026-09-22T21:00:00Z,327.0
2026-09-22T21:15:00Z,319.6
2026-09-22T21:30:00Z,330.4
2026-09-22T21:45:00Z,321.6
2026-09-22T22:00:00Z,332.6
2026-09-22T22:15:00Z,350.2
2026-09-22T22:30:00Z,306.6
2026-09-22T22:45:00Z,333.5
2026-09-22T23:00:00Z,328.0
2026-09-22T23:15:00Z,330.7
2026-09-22T23:30:00Z,336.9
2026-09-22T23:45:00Z,321.4
2026-09-23T00:00:00Z,331.9
2026-09-23T00:15:00Z,314.7
2026-09-23T00:30:00Z,326.5
2026-09-23T00:45:00Z,324.6
2026-09-23T01:00:00Z,337.7
2026-09-23T01:15:00Z,324.7
2026-09-23T01:30:00Z,326.9
2026-09-23T01:45:00Z,320.5
2026-09-23T02:00:00Z,335.6
2026-09-23T02:15:00Z,330.0
2026-09-23T02:30:00Z,330.4
2026-09-23T02:45:00Z,337.4
2026-09-23T03:00:00Z,344.0
2026-09-23T03:15:00Z,328.6
2026-09-23T03:30:00Z,327.2
2026-09-23T03:45:00Z,327.3
2026-09-23T04:00:00Z,1113.7
2026-09-23T04:15:00Z,1002.2
2026-09-23T04:30:00Z,847.2
2026-09-23T04:45:00Z,803.2
2026-09-23T05:00:00Z,885.4
2026-09-23T05:15:00Z,1077.1
2026-09-23T05:30:00Z,1064.8
2026-09-23T05:45:00Z,781.7
2026-09-23T06:00:00Z,782.7
2026-09-23T06:15:00Z,627.9
2026-09-23T06:30:00Z,421.7
2026-09-23T06:45:00Z,386.2
2026-09-23T07:00:00Z,386.7
2026-09-23T07:15:00Z,699.0
2026-09-23T07:30:00Z,306.3
2026-09-23T07:45:00Z,473.9
2026-09-23T08:00:00Z,555.3
2026-09-23T08:15:00Z,631.1
2026-09-23T08:30:00Z,180.4
2026-09-23T08:45:00Z,473.1
2026-09-23T09:00:00Z,478.1
2026-09-23T09:15:00Z,206.8
2026-09-23T09:30:00Z,261.9
2026-09-23T09:45:00Z,543.6
2026-09-23T10:00:00Z,647.2
2026-09-23T10:15:00Z,318.7
2026-09-23T10:30:00Z,450.0
2026-09-23T10:45:00Z,237.6
2026-09-23T11:00:00Z,454.5
2026-09-23T11:15:00Z,465.8
2026-09-23T11:30:00Z,382.3
2026-09-23T11:45:00Z,384.5
2026-09-23T12:00:00Z,475.3
2026-09-23T12:15:00Z,429.8
2026-09-23T12:30:00Z,616.1
2026-09-23T12:45:00Z,623.3
2026-09-23T13:00:00Z,446.1
2026-09-23T13:15:00Z,242.8
2026-09-23T13:30:00Z,573.5
2026-09-23T13:45:00Z,589.0
2026-09-23T14:00:00Z,846.5
2026-09-23T14:15:00Z,347.5
2026-09-23T14:30:00Z,490.2
2026-09-23T14:45:00Z,582.8
2026-09-23T15:00:00Z,621.8
2026-09-23T15:15:00Z,818.9
2026-09-23T15:30:00Z,739.1
2026-09-23T15:45:00Z,526.6
2026-09-23T16:00:00Z,754.0
2026-09-23T16:15:00Z,733.7
2026-09-23T16:30:00Z,670.7
2026-09-23T16:45:00Z,820.0
2026-09-23T17:00:00Z,754.4
2026-09-23T17:15:00Z,779.1
2026-09-23T17:30:00Z,830.0
2026-09-23T17:45:00Z,956.6
2026-09-23T18:00:00Z,952.5
2026-09-23T18:15:00Z,991.6
2026-09-23T18:30:00Z,914.6
2026-09-23T18:45:00Z,798.3
2026-09-23T19:00:00Z,958.8
2026-09-23T19:15:00Z,937.4
2026-09-23T19:30:00Z,1057.7
2026-09-23T19:45:00Z,1029.4
2026-09-23T20:00:00Z,307.2
2026-09-23T20:15:00Z,327.2
2026-09-23T20:30:00Z,309.5
2026-09-23T20:45:00Z,341.4
2026-09-23T21:00:00Z,324.9
2026-09-23T21:15:00Z,321.0
2026-09-23T21:30:00Z,319.9
2026-09-23T21:45:00Z,322.7
2026-09-23T22:00:00Z,322.4
2026-09-23T22:15:00Z,341.1
2026-09-23T22:30:00Z,323.3
2026-09-23T22:45:00Z,310.7
2026-09-23T23:00:00Z,336.0
2026-09-23T23:15:00Z,353.8
2026-09-23T23:30:00Z,350.2
2026-09-23T23:45:00Z,323.1
2026-09-24T00:00:00Z,351.3
2026-09-24T00:15:00Z,324.5
2026-09-24T00:30:00Z,337.8
2026-09-24T00:45:00Z,320.7
2026-09-24T01:00:00Z,323.9
2026-09-24T01:15:00Z,331.5
2026-09-24T01:30:00Z,332.2
2026-09-24T01:45:00Z,326.5
2026-09-24T02:00:00Z,337.7
2026-09-24T02:15:00Z,341.8
2026-09-24T02:30:00Z,336.0
2026-09-24T02:45:00Z,322.7
2026-09-24T03:00:00Z,329.0
2026-09-24T03:15:00Z,329.9
2026-09-24T03:30:00Z,327.5
2026-09-24T03:45:00Z,341.8
2026-09-24T04:00:00Z,853.6
2026-09-24T04:15:00Z,991.0
2026-09-24T04:30:00Z,888.3
2026-09-24T04:45:00Z,770.8
2026-09-24T05:00:00Z,845.5
2026-09-24T05:15:00Z,800.9
2026-09-24T05:30:00Z,741.6
2026-09-24T05:45:00Z,850.1
2026-09-24T06:00:00Z,791.6
2026-09-24T06:15:00Z,568.5
2026-09-24T06:30:00Z,539.6
2026-09-24T06:45:00Z,710.8
2026-09-24T07:00:00Z,822.4
2026-09-24T07:15:00Z,464.9
2026-09-24T07:30:00Z,593.3
2026-09-24T07:45:00Z,499.4
2026-09-24T08:00:00Z,568.2
2026-09-24T08:15:00Z,552.7
2026-09-24T08:30:00Z,432.8
2026-09-24T08:45:00Z,267.7
2026-09-24T09:00:00Z,705.2
2026-09-24T09:15:00Z,753.5
2026-09-24T09:30:00Z,435.6
2026-09-24T09:45:00Z,540.8
2026-09-24T10:00:00Z,619.6
2026-09-24T10:15:00Z,439.2
2026-09-24T10:30:00Z,648.3
2026-09-24T10:45:00Z,625.0
2026-09-24T11:00:00Z,565.2
2026-09-24T11:15:00Z,475.7
2026-09-24T11:30:00Z,471.8
2026-09-24T11:45:00Z,561.2
2026-09-24T12:00:00Z,445.9
2026-09-24T12:15:00Z,510.3
2026-09-24T12:30:00Z,234.3
2026-09-24T12:45:00Z,363.2
2026-09-24T13:00:00Z,487.0
2026-09-24T13:15:00Z,721.7
2026-09-24T13:30:00Z,577.8
2026-09-24T13:45:00Z,650.4
2026-09-24T14:00:00Z,631.5
2026-09-24T14:15:00Z,476.8
2026-09-24T14:30:00Z,640.1
2026-09-24T14:45:00Z,673.4
2026-09-24T15:00:00Z,407.8
2026-09-24T15:15:00Z,593.5
2026-09-24T15:30:00Z,799.9
2026-09-24T15:45:00Z,819.5
2026-09-24T16:00:00Z,691.9
2026-09-24T16:15:00Z,716.3
2026-09-24T16:30:00Z,848.0
2026-09-24T16:45:00Z,774.5
2026-09-24T17:00:00Z,794.6
2026-09-24T17:15:00Z,736.8
2026-09-24T17:30:00Z,864.0
2026-09-24T17:45:00Z,888.3
2026-09-24T18:00:00Z,907.3
2026-09-24T18:15:00Z,886.7
2026-09-24T18:30:00Z,1059.5
2026-09-24T18:45:00Z,1065.0
2026-09-24T19:00:00Z,966.6
2026-09-24T19:15:00Z,805.9
2026-09-24T19:30:00Z,905.6
2026-09-24T19:45:00Z,960.2
2026-09-24T20:00:00Z,334.6
2026-09-24T20:15:00Z,337.1
2026-09-24T20:30:00Z,318.1
2026-09-24T20:45:00Z,328.7
2026-09-24T21:00:00Z,324.8
2026-09-24T21:15:00Z,298.5
2026-09-24T21:30:00Z,322.2
2026-09-24T21:45:00Z,317.9
2026-09-24T22:00:00Z,325.6
2026-09-24T22:15:00Z,323.7
2026-09-24T22:30:00Z,322.8
2026-09-24T22:45:00Z,320.9
2026-09-24T23:00:00Z,307.2
2026-09-24T23:15:00Z,310.2
2026-09-24T23:30:00Z,351.9
2026-09-24T23:45:00Z,310.0
2026-09-25T00:00:00Z,355.0
2026-09-25T00:15:00Z,305.5
2026-09-25T00:30:00Z,309.7
2026-09-25T00:45:00Z,346.2
2026-09-25T01:00:00Z,353.4
2026-09-25T01:15:00Z,328.5
2026-09-25T01:30:00Z,326.0
2026-09-25T01:45:00Z,327.3
2026-09-25T02:00:00Z,348.9
2026-09-25T02:15:00Z,317.7
2026-09-25T02:30:00Z,330.5
2026-09-25T02:45:00Z,332.4
2026-09-25T03:00:00Z,337.0
2026-09-25T03:15:00Z,327.8
2026-09-25T03:30:00Z,308.7
2026-09-25T03:45:00Z,330.7
2026-09-25T04:00:00Z,1027.4
2026-09-25T04:15:00Z,946.6
2026-09-25T04:30:00Z,874.7
2026-09-25T04:45:00Z,1023.4
2026-09-25T05:00:00Z,929.3
2026-09-25T05:15:00Z,1042.2
2026-09-25T05:30:00Z,954.3
2026-09-25T05:45:00Z,578.3
2026-09-25T06:00:00Z,654.8
2026-09-25T06:15:00Z,491.9
2026-09-25T06:30:00Z,701.9
2026-09-25T06:45:00Z,780.7
2026-09-25T07:00:00Z,678.1
2026-09-25T07:15:00Z,434.7
2026-09-25T07:30:00Z,672.1
2026-09-25T07:45:00Z,766.6
2026-09-25T08:00:00Z,754.0
2026-09-25T08:15:00Z,299.7
2026-09-25T08:30:00Z,431.5
2026-09-25T08:45:00Z,398.8
2026-09-25T09:00:00Z,456.7
2026-09-25T09:15:00Z,702.9
2026-09-25T09:30:00Z,435.4
2026-09-25T09:45:00Z,486.7
2026-09-25T10:00:00Z,306.6
2026-09-25T10:15:00Z,648.4
2026-09-25T10:30:00Z,806.2
2026-09-25T10:45:00Z,188.8
2026-09-25T11:00:00Z,224.9
2026-09-25T11:15:00Z,471.8
2026-09-25T11:30:00Z,646.1
2026-09-25T11:45:00Z,473.5
2026-09-25T12:00:00Z,435.9
2026-09-25T12:15:00Z,728.2
2026-09-25T12:30:00Z,160.7
2026-09-25T12:45:00Z,325.0
2026-09-25T13:00:00Z,485.4
2026-09-25T13:15:00Z,460.7
2026-09-25T13:30:00Z,662.4
2026-09-25T13:45:00Z,518.0
2026-09-25T14:00:00Z,687.4
2026-09-25T14:15:00Z,572.2
2026-09-25T14:30:00Z,692.1
2026-09-25T14:45:00Z,721.8
2026-09-25T15:00:00Z,546.1
2026-09-25T15:15:00Z,515.9
2026-09-25T15:30:00Z,634.7
2026-09-25T15:45:00Z,559.7
2026-09-25T16:00:00Z,475.8
2026-09-25T16:15:00Z,796.8
2026-09-25T16:30:00Z,759.1
2026-09-25T16:45:00Z,636.3
2026-09-25T17:00:00Z,770.6
2026-09-25T17:15:00Z,967.4
2026-09-25T17:30:00Z,780.5
2026-09-25T17:45:00Z,965.5
2026-09-25T18:00:00Z,882.5
2026-09-25T18:15:00Z,1077.5
2026-09-25T18:30:00Z,822.4
2026-09-25T18:45:00Z,1029.5
2026-09-25T19:00:00Z,890.9
2026-09-25T19:15:00Z,846.2
2026-09-25T19:30:00Z,796.2
2026-09-25T19:45:00Z,1059.2
2026-09-25T20:00:00Z,348.9
2026-09-25T20:15:00Z,328.7
2026-09-25T20:30:00Z,319.3
2026-09-25T20:45:00Z,348.8
2026-09-25T21:00:00Z,331.8
2026-09-25T21:15:00Z,328.6
2026-09-25T21:30:00Z,330.1
2026-09-25T21:45:00Z,319.9
2026-09-25T22:00:00Z,336.5
2026-09-25T22:15:00Z,328.5
2026-09-25T22:30:00Z,345.3
2026-09-25T22:45:00Z,333.5
2026-09-25T23:00:00Z,327.3
2026-09-25T23:15:00Z,314.8
2026-09-25T23:30:00Z,344.5
2026-09-25T23:45:00Z,342.2
2026-09-26T00:00:00Z,326.9
2026-09-26T00:15:00Z,347.6
2026-09-26T00:30:00Z,345.8
2026-09-26T00:45:00Z,341.4
2026-09-26T01:00:00Z,312.2
2026-09-26T01:15:00Z,332.9
2026-09-26T01:30:00Z,325.7
2026-09-26T01:45:00Z,316.4
2026-09-26T02:00:00Z,334.1
2026-09-26T02:15:00Z,343.7
2026-09-26T02:30:00Z,346.0
2026-09-26T02:45:00Z,308.5
2026-09-26T03:00:00Z,313.9
2026-09-26T03:15:00Z,324.3
2026-09-26T03:30:00Z,322.9
2026-09-26T03:45:00Z,321.2
2026-09-26T04:00:00Z,333.6
2026-09-26T04:15:00Z,308.3
2026-09-26T04:30:00Z,290.1
2026-09-26T04:45:00Z,294.0
2026-09-26T05:00:00Z,221.2
2026-09-26T05:15:00Z,170.4
2026-09-26T05:30:00Z,102.1
2026-09-26T05:45:00Z,173.6
2026-09-26T06:00:00Z,80.0
2026-09-26T06:15:00Z,193.6
2026-09-26T06:30:00Z,80.0
2026-09-26T06:45:00Z,162.2
2026-09-26T07:00:00Z,89.9
2026-09-26T07:15:00Z,80.0
2026-09-26T07:30:00Z,80.0
2026-09-26T07:45:00Z,80.0
2026-09-26T08:00:00Z,149.6
2026-09-26T08:15:00Z,80.0
2026-09-26T08:30:00Z,80.0
2026-09-26T08:45:00Z,80.0
2026-09-26T09:00:00Z,80.0
2026-09-26T09:15:00Z,80.0
2026-09-26T09:30:00Z,80.0
2026-09-26T09:45:00Z,80.0
2026-09-26T10:00:00Z,80.0
2026-09-26T10:15:00Z,80.0
2026-09-26T10:30:00Z,80.0
2026-09-26T10:45:00Z,80.0
2026-09-26T11:00:00Z,80.0
2026-09-26T11:15:00Z,80.0
2026-09-26T11:30:00Z,80.0
2026-09-26T11:45:00Z,80.0
2026-09-26T12:00:00Z,80.0
2026-09-26T12:15:00Z,80.0
2026-09-26T12:30:00Z,80.0
2026-09-26T12:45:00Z,80.0
2026-09-26T13:00:00Z,80.0
2026-09-26T13:15:00Z,80.0
2026-09-26T13:30:00Z,80.0
2026-09-26T13:45:00Z,80.0
2026-09-26T14:00:00Z,80.0
2026-09-26T14:15:00Z,80.0
2026-09-26T14:30:00Z,80.0
2026-09-26T14:45:00Z,80.0
2026-09-26T15:00:00Z,80.0
2026-09-26T15:15:00Z,80.0
2026-09-26T15:30:00Z,80.0
2026-09-26T15:45:00Z,80.0
2026-09-26T16:00:00Z,80.0
2026-09-26T16:15:00Z,151.2
2026-09-26T16:30:00Z,156.5
2026-09-26T16:45:00Z,270.9
2026-09-26T17:00:00Z,234.5
2026-09-26T17:15:00Z,247.5
2026-09-26T17:30:00Z,297.9
2026-09-26T17:45:00Z,297.0
2026-09-26T18:00:00Z,324.8
2026-09-26T18:15:00Z,299.4
2026-09-26T18:30:00Z,339.5
2026-09-26T18:45:00Z,327.7
2026-09-26T19:00:00Z,329.7
2026-09-26T19:15:00Z,334.3
2026-09-26T19:30:00Z,349.3
2026-09-26T19:45:00Z,338.6
2026-09-26T20:00:00Z,323.9
2026-09-26T20:15:00Z,309.3
2026-09-26T20:30:00Z,314.0
2026-09-26T20:45:00Z,330.5
2026-09-26T21:00:00Z,326.1
2026-09-26T21:15:00Z,324.2
2026-09-26T21:30:00Z,329.4
2026-09-26T21:45:00Z,321.2
2026-09-26T22:00:00Z,329.2
2026-09-26T22:15:00Z,330.3
2026-09-26T22:30:00Z,330.7
2026-09-26T22:45:00Z,358.3
2026-09-26T23:00:00Z,308.0
2026-09-26T23:15:00Z,351.7
2026-09-26T23:30:00Z,334.9
2026-09-26T23:45:00Z,341.7
2026-09-27T00:00:00Z,311.9
2026-09-27T00:15:00Z,317.3
2026-09-27T00:30:00Z,318.8
2026-09-27T00:45:00Z,319.6
2026-09-27T01:00:00Z,349.5
2026-09-27T01:15:00Z,333.5
2026-09-27T01:30:00Z,310.8
2026-09-27T01:45:00Z,321.2
2026-09-27T02:00:00Z,343.3
2026-09-27T02:15:00Z,322.3
2026-09-27T02:30:00Z,334.8
2026-09-27T02:45:00Z,329.9
2026-09-27T03:00:00Z,323.5
2026-09-27T03:15:00Z,327.0
2026-09-27T03:30:00Z,325.0
2026-09-27T03:45:00Z,327.6
2026-09-27T04:00:00Z,316.8
2026-09-27T04:15:00Z,286.3
2026-09-27T04:30:00Z,242.5
2026-09-27T04:45:00Z,233.5
2026-09-27T05:00:00Z,279.4
2026-09-27T05:15:00Z,212.4
2026-09-27T05:30:00Z,244.3
2026-09-27T05:45:00Z,118.1
2026-09-27T06:00:00Z,232.1
2026-09-27T06:15:00Z,80.0
2026-09-27T06:30:00Z,118.5
2026-09-27T06:45:00Z,181.6
2026-09-27T07:00:00Z,80.0
2026-09-27T07:15:00Z,143.8
2026-09-27T07:30:00Z,80.0
2026-09-27T07:45:00Z,80.0
2026-09-27T08:00:00Z,80.0
2026-09-27T08:15:00Z,80.0
2026-09-27T08:30:00Z,80.0
2026-09-27T08:45:00Z,80.0
2026-09-27T09:00:00Z,80.0
2026-09-27T09:15:00Z,80.0
2026-09-27T09:30:00Z,80.0
2026-09-27T09:45:00Z,80.0
2026-09-27T10:00:00Z,80.0
2026-09-27T10:15:00Z,80.0
2026-09-27T10:30:00Z,80.0
2026-09-27T10:45:00Z,80.0
2026-09-27T11:00:00Z,80.0
2026-09-27T11:15:00Z,80.0
2026-09-27T11:30:00Z,80.0
2026-09-27T11:45:00Z,80.0
2026-09-27T12:00:00Z,80.0
2026-09-27T12:15:00Z,80.0
2026-09-27T12:30:00Z,92.1
2026-09-27T12:45:00Z,96.2
2026-09-27T13:00:00Z,80.0
2026-09-27T13:15:00Z,80.0
2026-09-27T13:30:00Z,80.0
2026-09-27T13:45:00Z,80.0
2026-09-27T14:00:00Z,80.0
2026-09-27T14:15:00Z,156.9
2026-09-27T14:30:00Z,80.0
2026-09-27T14:45:00Z,80.0
2026-09-27T15:00:00Z,80.0
2026-09-27T15:15:00Z,171.9
2026-09-27T15:30:00Z,218.2
2026-09-27T15:45:00Z,108.2
2026-09-27T16:00:00Z,80.0
2026-09-27T16:15:00Z,122.4
2026-09-27T16:30:00Z,177.9
2026-09-27T16:45:00Z,161.4
2026-09-27T17:00:00Z,192.9
2026-09-27T17:15:00Z,289.7
2026-09-27T17:30:00Z,283.5
2026-09-27T17:45:00Z,322.7
2026-09-27T18:00:00Z,331.1
2026-09-27T18:15:00Z,360.6
2026-09-27T18:30:00Z,321.0
2026-09-27T18:45:00Z,342.2
2026-09-27T19:00:00Z,323.7
2026-09-27T19:15:00Z,325.0
2026-09-27T19:30:00Z,297.5
2026-09-27T19:45:00Z,330.1
2026-09-27T20:00:00Z,320.2
2026-09-27T20:15:00Z,344.0
2026-09-27T20:30:00Z,326.0
2026-09-27T20:45:00Z,315.7
2026-09-27T21:00:00Z,347.1
2026-09-27T21:15:00Z,303.8
2026-09-27T21:30:00Z,352.7
2026-09-27T21:45:00Z,339.8
2026-09-27T22:00:00Z,332.8
2026-09-27T22:15:00Z,314.0
2026-09-27T22:30:00Z,322.5
2026-09-27T22:45:00Z,330.8
2026-09-27T23:00:00Z,336.2
2026-09-27T23:15:00Z,327.3
2026-09-27T23:30:00Z,347.9
2026-09-27T23:45:00Z,309.3
2026-09-28T00:00:00Z,339.8
2026-09-28T00:15:00Z,326.7
2026-09-28T00:30:00Z,351.5
2026-09-28T00:45:00Z,320.6
2026-09-28T01:00:00Z,319.4
2026-09-28T01:15:00Z,340.1
2026-09-28T01:30:00Z,335.2
2026-09-28T01:45:00Z,341.1
2026-09-28T02:00:00Z,307.1
2026-09-28T02:15:00Z,325.2
2026-09-28T02:30:00Z,324.0
2026-09-28T02:45:00Z,335.1
2026-09-28T03:00:00Z,332.2
2026-09-28T03:15:00Z,325.5
2026-09-28T03:30:00Z,336.7
2026-09-28T03:45:00Z,347.4
2026-09-28T04:00:00Z,931.1
2026-09-28T04:15:00Z,882.2
2026-09-28T04:30:00Z,968.9
2026-09-28T04:45:00Z,987.1
2026-09-28T05:00:00Z,1054.4
2026-09-28T05:15:00Z,873.0
2026-09-28T05:30:00Z,917.9
2026-09-28T05:45:00Z,1016.0
2026-09-28T06:00:00Z,668.2
2026-09-28T06:15:00Z,600.1
2026-09-28T06:30:00Z,548.3
2026-09-28T06:45:00Z,830.1
2026-09-28T07:00:00Z,616.2
2026-09-28T07:15:00Z,554.0
2026-09-28T07:30:00Z,353.1
2026-09-28T07:45:00Z,512.5
2026-09-28T08:00:00Z,358.7
2026-09-28T08:15:00Z,559.4
2026-09-28T08:30:00Z,431.6
2026-09-28T08:45:00Z,436.3
2026-09-28T09:00:00Z,469.0
2026-09-28T09:15:00Z,433.4
2026-09-28T09:30:00Z,521.2
2026-09-28T09:45:00Z,453.3
2026-09-28T10:00:00Z,746.6
2026-09-28T10:15:00Z,434.8
2026-09-28T10:30:00Z,544.2
2026-09-28T10:45:00Z,448.3
2026-09-28T11:00:00Z,403.3
2026-09-28T11:15:00Z,449.2
2026-09-28T11:30:00Z,622.6
2026-09-28T11:45:00Z,589.3
2026-09-28T12:00:00Z,617.7
2026-09-28T12:15:00Z,441.5
2026-09-28T12:30:00Z,247.8
2026-09-28T12:45:00Z,491.3
2026-09-28T13:00:00Z,739.4
2026-09-28T13:15:00Z,580.6
2026-09-28T13:30:00Z,282.4
2026-09-28T13:45:00Z,702.6
2026-09-28T14:00:00Z,607.6
2026-09-28T14:15:00Z,377.4
2026-09-28T14:30:00Z,350.2
2026-09-28T14:45:00Z,767.4
2026-09-28T15:00:00Z,469.2
2026-09-28T15:15:00Z,616.7
2026-09-28T15:30:00Z,653.4
2026-09-28T15:45:00Z,805.4
2026-09-28T16:00:00Z,760.2
2026-09-28T16:15:00Z,916.0
2026-09-28T16:30:00Z,833.4
2026-09-28T16:45:00Z,966.0
2026-09-28T17:00:00Z,895.4
2026-09-28T17:15:00Z,874.1
2026-09-28T17:30:00Z,942.5
2026-09-28T17:45:00Z,793.9
2026-09-28T18:00:00Z,925.0
2026-09-28T18:15:00Z,948.1
2026-09-28T18:30:00Z,875.4
2026-09-28T18:45:00Z,790.3
2026-09-28T19:00:00Z,1066.5
2026-09-28T19:15:00Z,1003.5
2026-09-28T19:30:00Z,1037.3
2026-09-28T19:45:00Z,1073.1
2026-09-28T20:00:00Z,315.0
2026-09-28T20:15:00Z,344.5
2026-09-28T20:30:00Z,337.5
2026-09-28T20:45:00Z,325.7
2026-09-28T21:00:00Z,326.6
2026-09-28T21:15:00Z,328.9
2026-09-28T21:30:00Z,333.9
2026-09-28T21:45:00Z,317.5
2026-09-28T22:00:00Z,322.7
2026-09-28T22:15:00Z,334.2
2026-09-28T22:30:00Z,325.2
2026-09-28T22:45:00Z,338.1
2026-09-28T23:00:00Z,341.5
2026-09-28T23:15:00Z,344.8
2026-09-28T23:30:00Z,332.2
2026-09-28T23:45:00Z,328.9
2026-09-29T00:00:00Z,326.3
2026-09-29T00:15:00Z,336.5
2026-09-29T00:30:00Z,334.1
2026-09-29T00:45:00Z,329.8
2026-09-29T01:00:00Z,314.0
2026-09-29T01:15:00Z,325.5
2026-09-29T01:30:00Z,330.8
2026-09-29T01:45:00Z,326.4
2026-09-29T02:00:00Z,324.7
2026-09-29T02:15:00Z,325.9
2026-09-29T02:30:00Z,323.3
2026-09-29T02:45:00Z,329.3
2026-09-29T03:00:00Z,334.6
2026-09-29T03:15:00Z,327.4
2026-09-29T03:30:00Z,326.4
2026-09-29T03:45:00Z,325.7
2026-09-29T04:00:00Z,913.2
2026-09-29T04:15:00Z,905.9
2026-09-29T04:30:00Z,1140.7
2026-09-29T04:45:00Z,1000.6
2026-09-29T05:00:00Z,1053.9
2026-09-29T05:15:00Z,985.0
2026-09-29T05:30:00Z,697.5
2026-09-29T05:45:00Z,876.4
2026-09-29T06:00:00Z,622.2
2026-09-29T06:15:00Z,779.6
2026-09-29T06:30:00Z,544.7
2026-09-29T06:45:00Z,479.4
2026-09-29T07:00:00Z,602.9
2026-09-29T07:15:00Z,516.4
2026-09-29T07:30:00Z,699.8
2026-09-29T07:45:00Z,571.9
2026-09-29T08:00:00Z,524.3
2026-09-29T08:15:00Z,716.7
2026-09-29T08:30:00Z,445.4
2026-09-29T08:45:00Z,701.0
2026-09-29T09:00:00Z,341.2
2026-09-29T09:15:00Z,239.6
2026-09-29T09:30:00Z,332.5
2026-09-29T09:45:00Z,321.1
2026-09-29T10:00:00Z,531.3
2026-09-29T10:15:00Z,251.6
2026-09-29T10:30:00Z,380.0
2026-09-29T10:45:00Z,449.3
2026-09-29T11:00:00Z,604.3
2026-09-29T11:15:00Z,258.7
2026-09-29T11:30:00Z,656.2
2026-09-29T11:45:00Z,681.9
2026-09-29T12:00:00Z,723.9
2026-09-29T12:15:00Z,388.4
2026-09-29T12:30:00Z,741.5
2026-09-29T12:45:00Z,342.4
2026-09-29T13:00:00Z,702.1
2026-09-29T13:15:00Z,674.5
2026-09-29T13:30:00Z,262.0
2026-09-29T13:45:00Z,487.4
2026-09-29T14:00:00Z,612.8
2026-09-29T14:15:00Z,329.2
2026-09-29T14:30:00Z,616.0
2026-09-29T14:45:00Z,706.1
2026-09-29T15:00:00Z,637.6
2026-09-29T15:15:00Z,487.5
2026-09-29T15:30:00Z,642.2
2026-09-29T15:45:00Z,830.6
2026-09-29T16:00:00Z,640.7
2026-09-29T16:15:00Z,816.6
2026-09-29T16:30:00Z,862.5
2026-09-29T16:45:00Z,951.1
2026-09-29T17:00:00Z,747.6
2026-09-29T17:15:00Z,859.6
2026-09-29T17:30:00Z,759.8
2026-09-29T17:45:00Z,893.4
2026-09-29T18:00:00Z,811.6
2026-09-29T18:15:00Z,946.4
2026-09-29T18:30:00Z,917.3
2026-09-29T18:45:00Z,822.5
2026-09-29T19:00:00Z,903.0
2026-09-29T19:15:00Z,911.1
2026-09-29T19:30:00Z,1031.4
2026-09-29T19:45:00Z,958.3
2026-09-29T20:00:00Z,344.7
2026-09-29T20:15:00Z,339.5
2026-09-29T20:30:00Z,329.3
2026-09-29T20:45:00Z,371.0
2026-09-29T21:00:00Z,322.9
2026-09-29T21:15:00Z,328.4
2026-09-29T21:30:00Z,339.8
2026-09-29T21:45:00Z,332.6
2026-09-29T22:00:00Z,340.1
2026-09-29T22:15:00Z,317.5
2026-09-29T22:30:00Z,339.8
2026-09-29T22:45:00Z,350.0
2026-09-29T23:00:00Z,337.6
2026-09-29T23:15:00Z,326.7
2026-09-29T23:30:00Z,353.3
2026-09-29T23:45:00Z,330.0
2026-09-30T00:00:00Z,320.2
2026-09-30T00:15:00Z,328.8
2026-09-30T00:30:00Z,326.8
2026-09-30T00:45:00Z,335.4
2026-09-30T01:00:00Z,320.2
2026-09-30T01:15:00Z,304.6
2026-09-30T01:30:00Z,339.4
2026-09-30T01:45:00Z,301.0
2026-09-30T02:00:00Z,348.4
2026-09-30T02:15:00Z,319.6
2026-09-30T02:30:00Z,340.7
2026-09-30T02:45:00Z,337.4
2026-09-30T03:00:00Z,305.1
2026-09-30T03:15:00Z,331.1
2026-09-30T03:30:00Z,306.3
2026-09-30T03:45:00Z,304.3
2026-09-30T04:00:00Z,1121.7
2026-09-30T04:15:00Z,960.9
2026-09-30T04:30:00Z,1019.6
2026-09-30T04:45:00Z,1069.2
2026-09-30T05:00:00Z,1077.5
2026-09-30T05:15:00Z,787.9
2026-09-30T05:30:00Z,925.6
2026-09-30T05:45:00Z,674.6
2026-09-30T06:00:00Z,604.9
2026-09-30T06:15:00Z,631.1
2026-09-30T06:30:00Z,468.2
2026-09-30T06:45:00Z,408.0
2026-09-30T07:00:00Z,632.8
2026-09-30T07:15:00Z,540.7
2026-09-30T07:30:00Z,478.1
2026-09-30T07:45:00Z,730.0
2026-09-30T08:00:00Z,346.2
2026-09-30T08:15:00Z,494.5
2026-09-30T08:30:00Z,245.1
2026-09-30T08:45:00Z,770.1
2026-09-30T09:00:00Z,249.0
2026-09-30T09:15:00Z,160.5
2026-09-30T09:30:00Z,440.7
2026-09-30T09:45:00Z,240.9
2026-09-30T10:00:00Z,580.2
2026-09-30T10:15:00Z,733.6
2026-09-30T10:30:00Z,115.5
2026-09-30T10:45:00Z,403.0
2026-09-30T11:00:00Z,573.1
2026-09-30T11:15:00Z,248.1
2026-09-30T11:30:00Z,435.6
2026-09-30T11:45:00Z,605.7
2026-09-30T12:00:00Z,599.4
2026-09-30T12:15:00Z,423.5
2026-09-30T12:30:00Z,639.0
2026-09-30T12:45:00Z,360.4
2026-09-30T13:00:00Z,564.2
2026-09-30T13:15:00Z,209.2
2026-09-30T13:30:00Z,401.8
2026-09-30T13:45:00Z,481.7
2026-09-30T14:00:00Z,420.0
2026-09-30T14:15:00Z,515.1
2026-09-30T14:30:00Z,363.5
2026-09-30T14:45:00Z,367.9
2026-09-30T15:00:00Z,701.4
2026-09-30T15:15:00Z,572.6
2026-09-30T15:30:00Z,595.3
2026-09-30T15:45:00Z,623.8
2026-09-30T16:00:00Z,835.8
2026-09-30T16:15:00Z,732.5
2026-09-30T16:30:00Z,751.7
2026-09-30T16:45:00Z,956.7
2026-09-30T17:00:00Z,837.5
2026-09-30T17:15:00Z,810.0
2026-09-30T17:30:00Z,891.5
2026-09-30T17:45:00Z,758.5
2026-09-30T18:00:00Z,816.9
2026-09-30T18:15:00Z,965.0
2026-09-30T18:30:00Z,1052.4
2026-09-30T18:45:00Z,800.1
2026-09-30T19:00:00Z,1076.0
2026-09-30T19:15:00Z,820.4
2026-09-30T19:30:00Z,931.7
2026-09-30T19:45:00Z,1038.1
2026-09-30T20:00:00Z,333.7
2026-09-30T20:15:00Z,348.4
2026-09-30T20:30:00Z,325.5
2026-09-30T20:45:00Z,342.0
2026-09-30T21:00:00Z,337.8
2026-09-30T21:15:00Z,350.9
2026-09-30T21:30:00Z,325.9
2026-09-30T21:45:00Z,322.0
